name,oldest_mya,youngest_mya,lat,lng,country_code
Chaoyangsaurus youngi,152.21,132.6,42.93,123.97,CN
Protarchaeopteryx robusta,125.77,119.57,41.8,120.73,CN
Caudipteryx zoui,125.77,119.57,41.8,120.73,CN
Gorgosaurus libratus,83.6,72.2,50.74,-111.53,CA
Gorgosaurus libratus,83.6,72.2,50.74,-111.55,CA
Centrosaurus apertus,83.6,72.2,50.74,-111.53,CA
Gorgosaurus libratus,83.6,72.2,50.72,-111.56,CA
Gorgosaurus libratus,83.6,72.2,50.74,-111.53,CA
Gorgosaurus libratus,83.6,72.2,50.79,-111.6,CA
Albertosaurus sarcophagus,72.2,66.0,51.8,-112.98,CA
Albertosaurus sarcophagus,72.2,66.0,51.82,-112.98,CA
Albertosaurus sarcophagus,72.2,66.0,51.54,-112.82,CA
Albertosaurus sarcophagus,72.2,66.0,51.47,-112.84,CA
Albertosaurus sarcophagus,72.2,66.0,51.44,-112.7,CA
Isisaurus colberti,72.2,66.0,21.18,80.37,IN
Daspletosaurus torosus,83.6,72.2,49.08,-110.68,CA
Daspletosaurus torosus,83.6,72.2,50.75,-111.49,CA
Albertosaurus sarcophagus,72.2,66.0,51.93,-112.93,CA
Tyrannosaurus rex,72.2,66.0,51.91,-113.03,CA
Tyrannosaurus rex,72.2,66.0,51.93,-113.23,CA
Gryposaurus notabilis,83.6,72.2,50.77,-111.53,CA
Amygdalodon patagonicus,192.9,182.9,-43.97,-69.52,AR
Camarasaurus grandis,154.8,143.1,39.07,-108.7,US
Camarasaurus supremus,154.8,149.2,39.11,-108.72,US
Ankylosaurus magniventris,72.2,66.0,47.64,-106.57,US
Saurornitholestes,72.2,66.0,45.55,22.92,RO
Bistahieversor sealeyi,83.6,72.2,36.06,-107.97,US
Pachycephalosaurus wyomingensis,72.2,66.0,47.7,-106.23,US
Sonorasaurus thompsoni,106.3,93.9,31.81,-110.42,US
Mononykus olecranus,72.2,66.0,43.54,99.6,MN
Tarbosaurus bataar,72.2,66.0,43.54,99.6,MN
Allosaurus fragilis,154.8,143.1,41.89,-106.04,US
Allosaurus fragilis,154.8,143.1,42.04,-106.39,US
Allosaurus fragilis,154.8,143.1,42.04,-106.39,US
Diplodocus,154.8,143.1,42.04,-106.39,US
Stegosaurus,154.8,143.1,42.04,-106.39,US
Camarasaurus grandis,154.8,143.1,42.04,-106.39,US
Allosaurus fragilis,154.8,143.1,42.04,-106.39,US
Hypsilophodon,125.77,119.57,50.65,-1.47,UK
Lewisuchus admixtus,241.464,237.0,-29.82,-67.82,AR
Scutellosaurus lawleri,199.5,184.2,35.68,-111.03,US
Scutellosaurus lawleri,199.5,184.2,35.74,-111.07,US
Orodromeus makelai,83.6,72.2,47.81,-112.18,US
Goyocephale lattimorei,85.7,66.0,48.58,102.07,MN
Efraasia minor,227.3,205.7,49.02,8.98,DE
Tethyshadros insularis,83.6,72.2,45.78,13.59,IT
Ichthyornis dispar,89.8,83.6,39.0,-101.0,US
Hesperornis,89.8,83.6,39.0,-101.0,US
Alexornis antecedens,85.7,83.6,30.05,-115.73,MX
Massospondylus carinatus,201.4,192.9,-28.51,28.62,ZA
Massospondylus,201.4,192.9,-28.51,28.62,ZA
Amargasaurus cazaui,125.77,121.4,-39.48,-70.19,AR
Telmatosaurus transsylvanicus,72.2,66.0,45.6,22.85,RO
Owenodon,143.1,137.05,46.95,22.4,RO
Owenodon,143.1,137.05,46.95,22.4,RO
Styracosaurus albertensis,83.6,72.2,50.74,-111.57,CA
Centrosaurus apertus,83.6,72.2,50.73,-111.8,CA
Apatosaurus louisae,154.8,143.1,39.65,-105.19,US
Diplodocus carnegii,154.8,143.1,42.15,-105.92,US
Patagopteryx deferrariisi,85.7,83.6,-38.95,-68.23,AR
Neuquenornis volans,85.7,83.6,-38.95,-68.23,AR
Dilophosaurus wetherilli,199.5,184.2,36.15,-110.32,US
Dilophosaurus wetherilli,199.5,184.2,36.1,-110.3,US
Graciliceratops mongoliensis,100.5,83.6,43.94,101.33,MN
Bagaceratops rozhdestvenskyi,83.6,72.2,43.25,99.75,MN
Gobipteryx minuta,83.6,72.2,43.49,101.12,MN
Eolambia caroljonesa,100.5,93.9,38.8,-111.17,US
Iguanodon bernissartensis,125.77,119.57,50.48,3.65,BE
Diplodocus longus,154.8,143.1,42.02,-106.05,US
Camarasaurus,154.8,143.1,42.02,-106.05,US
Stegosaurus stenops,154.8,143.1,42.02,-106.05,US
Brontosaurus excelsus,154.8,143.1,42.02,-106.05,US
Allosaurus fragilis,154.8,143.1,42.02,-106.05,US
Camarasaurus lentus,152.21,149.2,43.38,-108.12,US
Prosaurolophus maximus,83.6,72.2,48.63,-113.75,US
Maiasaura peeblesorum,83.6,72.2,48.63,-113.75,US
Orodromeus makelai,83.6,72.2,48.63,-113.75,US
Nodosaurus,83.6,72.2,50.73,-111.53,CA
Chasmosaurus,83.6,72.2,50.73,-111.51,CA
Tyrannosaurus rex,83.6,72.2,50.73,-111.52,CA
Centrosaurus apertus,83.6,72.2,50.73,-111.52,CA
Velociraptor,83.6,72.2,50.73,-111.52,CA
Chasmosaurus,83.6,72.2,50.75,-111.48,CA
Gorgosaurus libratus,83.6,72.2,50.75,-111.48,CA
Megapnosaurus rhodesiensis,201.4,192.9,-16.22,30.1,ZW
Kotasaurus yamanpalliensis,199.5,184.2,19.11,79.85,IN
Diplodocus,152.21,143.1,43.63,-108.2,US
Camarasaurus,152.21,143.1,43.63,-108.2,US
Stegosaurus,152.21,143.1,43.63,-108.2,US
Allosaurus,152.21,143.1,43.63,-108.2,US
Camptosaurus,152.21,143.1,43.63,-108.2,US
Barosaurus,152.21,143.1,43.63,-108.2,US
Plateosaurus trossingensis,227.3,205.7,47.5,8.02,CH
Liliensternus,227.3,205.7,47.5,8.02,CH
Plateosaurus trossingensis,227.3,205.7,48.07,8.65,DE
Liliensternus,227.3,205.7,48.07,8.65,DE
Liliensternus,205.7,201.4,51.9,11.07,DE
Velociraptor mongoliensis,83.6,72.2,44.25,103.33,MN
Protoceratops andrewsi,83.6,72.2,44.25,103.33,MN
Hypsilophodon foxii,125.77,121.4,50.7,-1.25,UK
Prosaurolophus maximus,83.6,72.2,48.63,-113.75,US
Hypacrosaurus stebingeri,83.6,72.2,48.63,-113.75,US
Gryposaurus,83.6,72.2,48.63,-113.75,US
Troodon formosus,83.6,72.2,48.63,-113.75,US
Daspletosaurus horneri,83.6,72.2,48.63,-113.75,US
Maiasaura peeblesorum,83.6,72.2,48.48,-112.7,US
Pachyrhinosaurus lakustai,83.6,72.2,55.06,-119.11,CA
Allosaurus,149.2,143.1,40.42,-109.21,US
Diplodocus,149.2,143.1,40.42,-109.21,US
Stegosaurus,149.2,143.1,40.42,-109.21,US
Dryosaurus,149.2,143.1,40.42,-109.21,US
Camptosaurus,149.2,143.1,40.42,-109.21,US
Convolosaurus marri,119.57,113.2,31.97,-98.48,US
Iguanodon bernissartensis,125.77,119.57,51.43,8.63,DE
Mantellisaurus atherfieldensis,125.77,119.57,51.43,8.63,DE
Iguanodon bernissartensis,125.77,119.57,51.43,8.63,DE
Styracosaurus albertensis,83.6,72.2,50.74,-111.49,CA
Centrosaurus apertus,83.6,72.2,50.75,-111.48,CA
Diplodocus longus,149.2,145.06,40.44,-109.3,US
Apatosaurus,149.2,145.06,40.44,-109.3,US
Camarasaurus,149.2,145.06,40.44,-109.3,US
Stegosaurus,149.2,145.06,40.44,-109.3,US
Hypacrosaurus stebingeri,83.6,72.2,48.63,-113.75,US
Prosaurolophus maximus,83.6,72.2,48.91,-112.64,US
Einiosaurus procurvicornis,83.6,72.2,48.97,-112.65,US
Einiosaurus procurvicornis,83.6,72.2,48.97,-112.65,US
Agujaceratops mariscalensis,83.6,72.2,29.14,-103.2,US
Potamornis skutchi,72.2,66.0,43.12,-104.64,US
Sauroposeidon proteles,121.4,100.5,34.16,-95.82,US
Dromaeosaurus albertensis,83.6,72.2,46.47,-109.3,US
Saurornitholestes langstoni,83.6,72.2,46.47,-109.3,US
Troodon formosus,83.6,72.2,46.47,-109.3,US
Richardoestesia gilmorei,83.6,72.2,46.47,-109.3,US
Dromaeosaurus albertensis,83.6,72.2,46.46,-109.41,US
Saurornitholestes langstoni,83.6,72.2,46.46,-109.41,US
Troodon formosus,83.6,72.2,46.46,-109.41,US
Richardoestesia gilmorei,83.6,72.2,46.46,-109.41,US
Avaceratops lammersi,83.6,72.2,46.46,-109.41,US
Latirhinus uitstlani,83.6,72.2,25.47,-101.7,MX
Edmontosaurus annectens,72.2,66.0,47.68,-106.43,US
Edmontosaurus annectens,72.2,66.0,45.14,-102.5,US
Dryptosaurus,83.6,72.2,40.3,-74.3,US
Hadrosaurus,83.6,72.2,40.3,-74.3,US
Triceratops prorsus,72.2,66.0,46.47,-104.02,US
Emausaurus ernsti,184.2,182.9,54.13,13.05,DE
Mamenchisaurus constructus,154.8,143.1,28.7,104.52,CN
Eoraptor lunensis,233.6,227.3,-31.1,-68.9,AR
Herrerasaurus ischigualastensis,233.6,227.3,-31.1,-68.9,AR
Herrerasaurus ischigualastensis,237.0,227.3,-30.13,-68.28,AR
Protohadros byrdi,100.5,93.9,33.01,-97.1,US
Vagaceratops irvinensis,83.6,72.2,49.95,-110.27,CA
Vagaceratops irvinensis,83.6,72.2,50.73,-111.3,CA
Iguanodon,125.77,119.57,50.62,-1.37,UK
Mantellisaurus atherfieldensis,125.77,119.57,50.62,-1.35,UK
Haestasaurus becklesii,139.1,132.6,50.85,0.6,UK
Wannanosaurus yansiensis,72.2,66.0,29.82,118.34,CN
Menefeeceratops sealeyi,83.6,72.2,35.7,-107.2,US
Saurornitholestes,83.6,72.2,35.7,-107.2,US
Agujaceratops mavericus,83.6,72.2,29.2,-103.55,US
Vorona berivotrensis,72.2,66.0,-15.9,46.58,MG
Tenontosaurus tilletti,110.1,93.9,45.44,-108.14,US
Tenontosaurus tilletti,121.4,110.1,45.44,-108.16,US
Sinosaurus triassicus,201.4,192.9,24.67,102.59,CN
Yunnanosaurus,201.4,192.9,24.67,102.59,CN
Tameryraptor markgrafi,100.5,93.9,28.33,29.12,EG
Spinosaurus aegyptiacus,100.5,93.9,28.43,28.91,EG
Carcharodontosaurus saharicus,143.1,100.5,28.5,9.57,DZ
Carcharodontosaurus saharicus,143.1,100.5,27.03,1.08,DZ
Acrocanthosaurus atokensis,121.4,113.2,33.9,-94.83,US
Acrocanthosaurus atokensis,121.4,113.2,34.18,-95.81,US
Acrocanthosaurus atokensis,121.4,113.2,34.18,-95.79,US
Carcharodontosaurus saharicus,113.2,93.9,28.15,8.18,DZ
Carcharodontosaurus saharicus,121.4,113.2,16.63,9.51,NE
Carcharodontosaurus saharicus,113.2,100.5,16.13,10.22,NE
Carcharodontosaurus saharicus,113.2,100.5,16.45,9.23,NE
Carcharodontosaurus saharicus,119.57,110.1,32.95,10.28,TN
Bahariasaurus ingens,113.2,93.9,16.79,5.85,NE
Aegyptosaurus baharijensis,113.2,93.9,16.79,5.85,NE
Bahariasaurus ingens,106.3,93.9,17.71,5.8,NE
Carcharodontosaurus saharicus,106.3,93.9,17.71,5.8,NE
Spinostropheus gautieri,106.3,93.9,17.71,5.8,NE
Aegyptosaurus baharijensis,106.3,93.9,17.71,5.8,NE
Aegyptosaurus baharijensis,143.1,132.6,16.8,6.93,NE
Spinostropheus gautieri,143.1,121.4,19.32,6.38,NE
Carcharodontosaurus saharicus,143.1,121.4,19.32,6.38,NE
Agnosphitys cromhallensis,237.0,227.3,51.62,-2.43,UK
Segisaurus halli,192.9,174.7,36.78,-110.53,US
Saturnalia tupiniquim,237.0,205.7,-29.67,-53.75,BR
Deltadromeus agilis,100.5,93.9,30.51,-4.84,MA
Rebbachisaurus garasbae,100.5,93.9,30.51,-4.84,MA
Spinosaurus aegyptiacus,100.5,93.9,30.51,-4.84,MA
Carcharodontosaurus saharicus,121.4,100.5,17.97,9.54,NE
Ouranosaurus nigeriensis,113.2,100.5,32.27,10.33,TN
Polacanthus foxii,125.77,119.57,50.66,-1.47,UK
Carnotaurus sastrei,72.2,66.0,-43.0,-67.55,AR
Saurornitholestes,83.6,72.2,48.65,-112.97,US
Troodon formosus,83.6,72.2,48.65,-112.97,US
Orodromeus makelai,83.6,72.2,48.65,-112.97,US
Psittacosaurus,125.77,119.57,41.8,120.73,CN
Scelidosaurus,205.7,192.9,50.75,-2.92,UK
Lewisuchus admixtus,239.48,72.2,-29.85,-67.78,AR
Lametasaurus indicus,72.2,66.0,23.17,79.97,IN
Indosuchus raptorius,72.2,66.0,23.17,79.97,IN
Indosaurus matleyi,72.2,66.0,23.17,79.97,IN
Laevisuchus indicus,72.2,66.0,23.17,79.97,IN
Laevisuchus indicus,72.2,66.0,23.17,79.97,IN
Jainosaurus septentrionalis,72.2,66.0,23.17,79.97,IN
Pisanosaurus mertii,233.6,227.3,-30.0,-68.0,AR
Edmontosaurus annectens,72.2,66.0,43.49,-104.46,US
Troodon,72.2,66.0,43.49,-104.46,US
Tyrannosaurus rex,72.2,66.0,43.49,-104.46,US
Nanotyrannus,72.2,66.0,43.49,-104.46,US
Acheroraptor,72.2,66.0,43.49,-104.46,US
Richardoestesia,72.2,66.0,43.49,-104.46,US
Dromaeosaurus,72.2,66.0,43.49,-104.46,US
Gryposaurus,83.6,72.2,45.82,-109.13,US
Panoplosaurus,83.6,72.2,45.82,-109.13,US
Maiasaura peeblesorum,83.6,72.2,47.77,-112.29,US
Brachylophosaurus canadensis,83.6,72.2,48.95,-110.62,US
Troodon formosus,83.6,72.2,47.81,-112.18,US
Hylaeosaurus,132.6,119.57,50.63,-1.38,UK
Cumnoria prestwichii,152.21,149.2,51.74,-1.31,UK
Hypsilophodon foxii,125.77,121.4,50.62,-1.37,UK
Iguanodon,132.6,119.57,50.63,-1.38,UK
Duriatitan humerocristatus,152.21,149.2,50.59,-2.47,UK
Ornithopsis hulkei,132.6,119.57,50.64,-1.42,UK
Polacanthus foxii,125.77,121.4,50.62,-1.38,UK
Histriasaurus boscarollii,132.6,121.4,45.04,13.78,HR
Plateosaurus longiceps,227.3,205.7,71.83,-23.51,GL
Issi saaneq,227.3,205.7,71.38,-22.57,GL
Parvicursor remotus,83.6,72.2,43.47,101.52,MN
Pantydraco caducus,237.0,227.3,51.46,-3.38,UK
Utahraptor ostrommaysi,137.05,132.6,38.83,-109.57,US
Gastonia burgei,137.05,132.6,38.83,-109.57,US
Utahraptor ostrommaysi,137.05,132.6,38.72,-109.69,US
Moabosaurus utahensis,137.05,132.6,38.72,-109.69,US
Moabosaurus utahensis,137.05,132.6,38.72,-109.69,US
Gastonia burgei,137.05,132.6,38.72,-109.69,US
Eolambia caroljonesa,121.4,100.5,39.16,-110.86,US
Animantarx ramaljonesi,121.4,100.5,39.16,-110.86,US
Albertosaurus,72.2,66.0,43.3,-104.37,US
Paronychodon,72.2,66.0,43.3,-104.37,US
Thescelosaurus,72.2,66.0,43.3,-104.37,US
Edmontosaurus,72.2,66.0,43.3,-104.37,US
Triceratops,72.2,66.0,43.3,-104.37,US
Saurornitholestes langstoni,83.6,72.2,29.32,-103.52,US
Richardoestesia gilmorei,83.6,72.2,29.32,-103.52,US
Tenontosaurus,119.57,110.1,33.28,-97.62,US
Tenontosaurus,119.57,110.1,33.5,-97.58,US
Tyrannosaurus rex,72.2,66.0,40.39,-104.49,US
Thescelosaurus,72.2,66.0,40.39,-104.49,US
Triceratops,72.2,66.0,40.39,-104.49,US
Cetiosaurus oxoniensis,168.6,168.2,52.63,-0.67,UK
Stegopelta landerensis,100.5,93.9,42.83,-108.02,US
Epidendrosaurus ningchengensis,165.3,161.5,41.32,119.24,CN
Telmatosaurus,72.2,66.0,45.57,22.87,RO
Struthiosaurus,72.2,66.0,45.57,22.87,RO
Richardoestesia,72.2,66.0,45.57,22.87,RO
Paronychodon,72.2,66.0,45.57,22.87,RO
Paronychodon,72.2,66.0,45.57,22.87,RO
Fuscinapedis woodbinensis,100.5,93.9,33.0,-97.09,US
Iberomesornis romerali,125.77,121.4,40.06,-1.88,ES
Mirischia asymmetrica,119.57,113.2,-7.55,-40.57,BR
Irritator challengeri,119.57,113.2,-7.22,-39.27,BR
Mamenchisaurus hochuanensis,168.2,161.5,28.83,104.13,CN
Xuanhanosaurus qilixiaensis,170.9,168.2,31.42,107.63,CN
Shunosaurus lii,168.2,161.5,29.41,104.85,CN
Dystrophaeus viaemalae,157.9,154.8,38.12,-109.32,US
Diplodocus longus,152.21,145.06,38.54,-105.22,US
Claosaurus agilis,89.8,83.6,38.89,-101.1,US
Stegosaurus,152.21,145.06,39.68,-105.19,US
Coelurus,119.57,113.2,39.03,-76.87,US
Nodosaurus textilis,100.5,93.9,42.89,-105.92,US
Dubreuillosaurus valesdunensis,168.2,165.3,49.42,0.4,FR
Variraptor mechinorum,83.6,72.2,43.61,6.11,FR
Rhabdodon,83.6,72.2,43.61,6.11,FR
Variraptor mechinorum,83.6,66.0,43.53,5.57,FR
Tarascosaurus salluvicus,83.6,72.2,43.2,5.8,FR
Ilokelesia aguadagrandensis,110.1,106.3,-39.2,-69.15,AR
Quilmesaurus curriei,72.2,66.0,-39.43,-67.29,AR
Giganotosaurus carolinii,113.2,110.1,-39.52,-68.75,AR
Aucasaurus garridoi,83.6,72.2,-37.88,-68.52,AR
Piatnitzkysaurus floresi,182.9,180.4,-43.42,-69.16,AR
Patagosaurus fariasi,182.9,180.4,-43.42,-69.16,AR
Volkheimeria chubutensis,182.9,180.4,-43.42,-69.16,AR
Patagosaurus fariasi,182.9,180.4,-43.36,-69.19,AR
Anchiceratops ornatus,83.6,66.0,51.84,-112.78,CA
Rhabdodon,83.6,72.2,42.66,-2.63,ES
Lurdusaurus arenatus,113.2,100.5,16.7,9.33,NE
Lesothosaurus diagnosticus,201.4,192.9,-29.85,27.25,LS
Lesothosaurus diagnosticus,201.4,192.9,-31.29,27.75,LS
Lirainosaurus astibiae,83.6,72.2,42.66,-2.63,ES
Bactrosaurus,83.6,72.2,43.83,112.43,CN
Psittacosaurus mongoliensis,137.05,100.5,46.1,85.67,CN
Enantiornis leali,72.2,66.0,-26.07,-65.37,AR
Nuthetes destructor,143.1,139.1,50.6,-1.97,UK
Echinodon becklesii,143.1,139.1,50.6,-1.97,UK
Nuthetes destructor,143.1,139.1,50.6,-1.97,UK
Cetiosaurus,168.2,165.3,51.99,-1.8,UK
Megalosaurus,168.2,165.3,51.99,-1.8,UK
Tenontosaurus,113.2,100.5,31.84,-110.68,US
Tenontosaurus,113.2,100.5,31.84,-110.49,US
Sarcosaurus woodi,199.5,192.9,57.19,-5.9,UK
Iguanodon,121.4,119.57,38.8,-9.38,PT
Albalophosaurus yamaguchiorum,125.77,121.4,36.17,136.63,JP
Pycnonemosaurus nevesi,100.5,66.0,-15.47,-54.58,BR
Abelisaurus comahuensis,72.2,66.0,-38.76,-67.98,AR
Shamosaurus scutatus,121.4,100.5,43.88,111.43,MN
Majungasaurus crenatissimus,72.2,66.0,-15.91,46.58,MG
Traukutitan eocaudata,85.7,83.6,-38.5,-68.71,AR
Aeolosaurus,72.2,66.0,-39.3,-67.53,AR
Zupaysaurus rougieri,227.3,205.7,-29.85,-68.07,AR
Baptornis,83.6,72.2,49.12,-110.47,CA
Saurornitholestes langstoni,83.6,72.2,49.12,-110.47,CA
Saurornitholestes langstoni,83.6,72.2,49.12,-110.47,CA
Troodon formosus,83.6,72.2,49.12,-110.47,CA
Saurornitholestes langstoni,83.6,72.2,49.12,-110.47,CA
Troodon formosus,83.6,72.2,49.12,-110.47,CA
Baptornis,83.6,72.2,49.12,-110.47,CA
Baptornis,83.6,72.2,49.12,-110.47,CA
Baptornis,83.6,72.2,49.12,-110.47,CA
Saurornitholestes langstoni,83.6,72.2,49.12,-110.47,CA
Richardoestesia gilmorei,83.6,72.2,49.12,-110.47,CA
Podokesaurus holyokensis,201.4,192.9,42.26,-72.57,US
Rajasaurus narmadensis,72.2,66.0,23.06,73.34,IN
Silvisaurus condrayi,106.3,100.5,39.2,-97.45,US
Perijasaurus lapaz,180.4,170.9,10.39,-73.06,CO
Pachyrhinosaurus canadensis,83.6,66.0,51.55,-112.87,CA
Edmontosaurus,83.6,66.0,51.55,-112.87,CA
Latenivenatrix mcmasterae,83.6,72.2,50.81,-111.33,CA
Deinonychus antirrhopus,121.4,110.1,45.44,-108.16,US
Leptoceratops gracilis,72.2,66.0,44.95,-108.87,US
Ichthyornis dispar,89.8,85.7,33.54,-96.36,US
Ichthyornis dispar,83.6,72.2,30.27,-97.74,US
Ichthyornis dispar,83.6,72.2,33.47,-96.09,US
Vulcanodon karibaensis,199.5,184.2,-16.81,28.28,ZW
Massospondylus carinatus,201.4,174.7,-16.23,30.1,ZW
Megapnosaurus rhodesiensis,237.0,201.4,-19.8,28.58,ZW
Pentaceratops,83.6,72.2,36.29,-108.23,US
Albertosaurus,83.6,72.2,36.29,-108.23,US
Pentaceratops,83.6,72.2,36.27,-108.21,US
Bisticeratops froeseorum,83.6,72.2,36.31,-108.08,US
Syntarsus kayentakatae,199.5,184.2,35.69,-111.01,US
Syntarsus kayentakatae,199.5,184.2,35.69,-111.01,US
Syntarsus kayentakatae,199.5,184.2,35.68,-111.03,US
Compsognathus longipes,149.2,145.06,43.71,6.37,FR
Barapasaurus tagorei,199.5,184.2,18.85,79.97,IN
Austrosaurus mckillopi,106.3,100.5,-20.37,142.23,AU
Mendozasaurus neguyelap,89.8,85.7,-37.06,-69.38,AR
Appalachiosaurus montgomeriensis,85.7,72.2,32.16,-85.03,US
Rhabdodon,83.6,66.0,43.35,2.93,FR
Struthiosaurus austriacus,83.6,72.2,42.66,-2.63,ES
Camarasaurus lewisi,154.8,149.2,38.81,-108.39,US
Blikanasaurus cromptoni,227.3,201.4,-30.57,27.62,ZA
Massospondylus,201.4,192.9,-19.89,28.92,ZW
Thecodontosaurus,201.4,192.9,-19.89,28.92,ZW
Pawpawsaurus campbelli,106.3,100.5,32.87,-97.3,US
Chasmosaurus,83.6,72.2,50.63,-111.62,CA
Styracosaurus albertensis,83.6,72.2,50.73,-111.8,CA
Kritosaurus navajovius,83.6,72.2,36.27,-108.17,US
Monoclonius,83.6,72.2,36.27,-108.17,US
Piveteausaurus,165.3,154.8,49.3,-0.07,FR
Pinacosaurus grangeri,89.8,83.6,36.92,120.62,CN
Tanius sinensis,89.8,83.6,36.92,120.62,CN
Dryosaurus,154.8,152.21,49.53,-1.35,FR
Phuwiangosaurus sirindhornae,125.77,121.4,16.7,102.25,TH
Phuwiangosaurus sirindhornae,125.77,121.4,16.72,102.25,TH
Phuwiangosaurus sirindhornae,125.77,121.4,16.68,102.25,TH
Phuwiangosaurus sirindhornae,125.77,121.4,16.68,102.25,TH
Kinnareemimus khonkaenensis,125.77,121.4,16.68,102.25,TH
Phuwiangosaurus sirindhornae,125.77,121.4,16.68,102.25,TH
Phuwiangosaurus sirindhornae,125.77,121.4,16.68,103.57,TH
Phuwiangosaurus sirindhornae,125.77,121.4,16.7,102.25,TH
Phuwiangosaurus sirindhornae,125.77,121.4,16.7,102.25,TH
Phuwiangosaurus sirindhornae,125.77,121.4,16.54,104.14,TH
Phuwiangosaurus sirindhornae,125.77,121.4,16.43,104.09,TH
Phuwiangosaurus,125.77,121.4,17.25,102.67,TH
Siamotyrannus isanensis,125.77,121.4,16.7,102.25,TH
Allosaurus,154.8,143.1,34.94,-107.13,US
Camptosaurus,154.8,143.1,43.43,-103.69,US
Naashoibitosaurus ostromi,83.6,72.2,36.27,-108.17,US
Albertosaurus,83.6,72.2,36.27,-108.17,US
Saurornitholestes,83.6,72.2,36.27,-108.17,US
Aragosaurus ischiaticus,154.8,143.1,40.66,-0.88,ES
Gideonmantellia amosanjuanae,125.77,121.4,40.65,-0.88,ES
Abditosaurus kuehnei,72.2,66.0,42.16,0.97,ES
Hesperornis,83.6,72.2,79.75,-85.6,CA
Hesperornis,83.6,72.2,69.72,-129.0,CA
Hesperornis,83.6,66.0,69.72,-129.0,CA
Hesperornis,83.6,72.2,49.18,-98.1,CA
Paronychodon,83.6,72.2,36.49,-108.51,US
Kritosaurus navajovius,83.6,72.2,36.49,-108.51,US
Paronychodon,83.6,72.2,36.49,-108.49,US
Hesperornis regalis,83.6,72.2,53.25,-105.08,CA
Mamenchisaurus sinocanadorum,161.5,159.0,44.8,90.05,CN
Brontosaurus excelsus,154.8,143.1,39.13,-108.73,US
Ornithopsis,132.6,119.57,50.65,-1.46,UK
Saurornitholestes,83.6,72.2,47.81,-112.18,US
Daspletosaurus,83.6,72.2,47.81,-112.18,US
Melanorosaurus readi,227.3,201.4,-31.23,27.0,ZA
Massospondylus carinatus,192.9,184.2,-29.2,27.45,ZA
Melanorosaurus readi,227.3,201.4,-30.62,27.35,ZA
Hesperornis regalis,89.8,72.2,49.48,-98.44,CA
Pyroraptor olympius,72.2,66.0,42.05,-0.22,ES
Richardoestesia,72.2,66.0,42.05,-0.22,ES
Richardoestesia,72.2,66.0,42.53,1.22,ES
Richardoestesia,72.2,66.0,42.16,0.96,ES
Eucnemesaurus fortis,227.3,201.4,-28.5,28.23,ZA
Plateosauravus cullingworthi,227.3,205.7,-30.53,27.42,ZA
Plateosauravus cullingworthi,227.3,201.4,-30.7,27.23,ZA
Massospondylus carinatus,201.4,192.9,-28.52,29.17,ZA
Hesperornis regalis,83.6,72.2,49.22,-98.2,CA
Massospondylus carinatus,192.9,184.2,-28.52,27.93,ZA
Euhelopus,121.4,100.5,41.81,121.99,CN
Opisthocoelicaudia skarzynskii,72.2,66.0,43.6,100.46,MN
Tarbosaurus bataar,72.2,66.0,43.57,100.48,MN
Tarbosaurus,72.2,66.0,43.44,100.37,MN
Protoceratops andrewsi,83.6,72.2,44.16,103.69,MN
Tarbosaurus bataar,72.2,66.0,43.48,100.36,MN
Protoceratops andrewsi,83.6,72.2,44.16,103.69,MN
Pinacosaurus grangeri,83.6,72.2,44.16,103.69,MN
Protoceratops andrewsi,83.6,72.2,44.16,103.69,MN
Pinacosaurus,83.6,72.2,44.16,103.69,MN
Tarbosaurus bataar,72.2,66.0,43.6,100.46,MN
Saurolophus angustirostris,72.2,66.0,43.6,100.46,MN
Gallimimus bullatus,72.2,66.0,43.6,100.46,MN
Protoceratops,83.6,72.2,43.5,101.07,MN
Paronychodon,83.6,72.2,42.66,-2.63,ES
Lirainosaurus astibiae,83.6,72.2,42.66,-2.63,ES
Rhabdodon,83.6,72.2,42.66,-2.63,ES
Struthiosaurus,83.6,72.2,42.66,-2.63,ES
Lirainosaurus astibiae,83.6,72.2,42.66,-2.63,ES
Rhabdodon,83.6,72.2,42.66,-2.63,ES
Struthiosaurus,83.6,72.2,42.66,-2.63,ES
Bagaceratops,83.6,72.2,43.66,100.9,MN
Velociraptor mongoliensis,83.6,72.2,43.66,100.9,MN
Velociraptor,83.6,72.2,43.66,100.9,MN
Shuvuuia deserti,83.6,72.2,43.66,100.9,MN
Gobipteryx minuta,83.6,72.2,43.66,100.9,MN
Byronosaurus jaffei,83.6,72.2,43.66,100.9,MN
Citipati osmolskae,83.6,72.2,43.66,100.9,MN
Khaan mckennai,83.6,72.2,43.66,100.9,MN
Khaan mckennai,83.6,72.2,43.66,100.9,MN
Ferganocephale adenticulatum,165.3,161.5,41.33,72.25,KG
Gettyia gloriae,83.6,72.2,48.63,-113.75,US
Richardoestesia,83.6,72.2,48.63,-113.75,US
Saurornitholestes,83.6,72.2,48.63,-113.75,US
Protoceratops hellenikorhinus,83.6,72.2,41.74,106.75,CN
Eopinacosaurus mephistocephalus,83.6,72.2,41.79,106.73,CN
Charonosaurus jiayinensis,72.2,66.0,48.86,130.24,CN
Tarbosaurus bataar,72.2,66.0,48.86,130.24,CN
Sarcosaurus woodi,201.4,199.5,52.22,-1.75,UK
Dromaeosaurus albertensis,83.6,72.2,50.75,-111.48,CA
Saurornitholestes langstoni,83.6,72.2,50.75,-111.48,CA
Troodon formosus,83.6,72.2,50.75,-111.48,CA
Fukuiraptor kitadaniensis,121.4,113.2,36.12,136.54,JP
Fukuisaurus tetoriensis,121.4,113.2,36.12,136.54,JP
Bagaraatan ostromi,72.2,66.0,43.52,101.05,MN
Tarbosaurus bataar,72.2,66.0,43.52,101.03,MN
Tarbosaurus bataar,72.2,66.0,43.58,100.44,MN
Tarbosaurus,72.2,66.0,43.5,101.05,MN
Tyrannosaurus,72.2,66.0,48.63,44.06,RU
Olorotitan arharensis,72.2,66.0,49.08,130.86,RU
Tarbosaurus,72.2,66.0,49.08,130.86,RU
Dromaeosaurus,72.2,66.0,49.08,130.86,RU
Nipponosaurus sachalinensis,85.7,72.2,47.17,142.5,RU
Tyrannotitan chubutensis,113.2,100.5,-43.78,-68.83,AR
Tyrannotitan,113.2,100.5,-43.84,-68.58,AR
Chubutisaurus insignis,119.57,110.1,-43.4,-68.29,AR
Timimus hermani,113.2,110.1,-38.78,143.4,AU
Serendipaceratops arthurcclarkei,121.4,119.57,-38.55,145.46,AU
Leaellynasaura amicagraphica,113.2,110.1,-38.78,143.4,AU
Atlascopcosaurus loadsi,113.2,110.1,-38.78,143.4,AU
Leaellynasaura amicagraphica,113.2,110.1,-38.78,143.4,AU
Atlascopcosaurus loadsi,113.2,110.1,-38.78,143.4,AU
Atlascopcosaurus loadsi,113.2,110.1,-38.84,143.58,AU
Atlascopcosaurus loadsi,113.2,110.1,-36.7,143.4,AU
Leaellynasaura amicagraphica,113.2,110.1,-36.7,143.4,AU
Rapator ornitholestoides,100.5,93.9,-29.43,147.98,AU
Fulgurotherium australe,100.5,93.9,-29.43,147.98,AU
Tyrannosaurus rex,72.2,66.0,47.54,-107.08,US
Triceratops,72.2,66.0,47.54,-107.08,US
Hexinlusaurus multidens,170.9,154.8,29.41,104.85,CN
Agilisaurus louderbacki,170.9,154.8,29.41,104.85,CN
Huayangosaurus taibaii,170.9,154.8,29.41,104.85,CN
Yangchuanosaurus zigongensis,170.9,154.8,29.41,104.85,CN
Shunosaurus lii,170.9,154.8,29.41,104.85,CN
Xiaosaurus dashanpensis,170.9,154.8,29.41,104.85,CN
Gasosaurus constructus,170.9,154.8,29.41,104.85,CN
Datousaurus bashanensis,170.9,154.8,29.41,104.85,CN
Megalosaurus,154.8,152.21,50.72,-2.77,UK
Richardoestesia,72.2,66.0,42.17,0.9,ES
Allosaurus europaeus,152.21,145.06,39.85,-8.62,PT
Iguanodon,83.6,66.0,16.7,31.14,SD
Compsognathus,154.8,149.2,39.7,-8.8,PT
Ceratosaurus,154.8,149.2,39.7,-8.8,PT
Richardoestesia,154.8,149.2,39.7,-8.8,PT
Aviatyrannis jurassica,154.8,149.2,39.7,-8.8,PT
Aviatyrannis jurassica,154.8,149.2,39.7,-8.8,PT
Paronychodon,154.8,149.2,39.7,-8.8,PT
Ouranosaurus,83.6,66.0,16.7,31.14,SD
Deinocheirus mirificus,72.2,66.0,43.57,100.48,MN
Tarbosaurus,72.2,66.0,43.57,100.48,MN
Tarbosaurus bataar,72.2,66.0,43.6,100.46,MN
Tarbosaurus,72.2,66.0,43.44,100.37,MN
Gallimimus bullatus,72.2,66.0,43.44,100.37,MN
Barsboldia sicinskii,72.2,66.0,43.53,101.04,MN
Gallimimus bullatus,72.2,66.0,43.53,101.04,MN
Breviceratops kozlowskii,83.6,72.2,43.49,101.12,MN
Protoceratops,83.6,72.2,43.32,99.83,MN
Saichania chulsanensis,83.6,72.2,43.32,99.83,MN
Conchoraptor gracilis,83.6,72.2,43.25,99.75,MN
Borogovia gracilicrus,72.2,66.0,43.6,100.46,MN
Protoceratops hellenikorhinus,83.6,72.2,41.74,106.75,CN
Protoceratops hellenikorhinus,83.6,72.2,41.8,106.74,CN
Protoceratops hellenikorhinus,83.6,72.2,41.79,106.72,CN
Protoceratops hellenikorhinus,83.6,72.2,41.77,106.72,CN
Bactrosaurus johnsoni,83.6,72.2,43.74,112.18,CN
Suuwassea emilieae,152.21,149.2,45.25,-108.75,US
Apatosaurus,154.8,143.1,36.21,-103.63,US
Allosaurus,154.8,149.2,35.32,-106.94,US
Diplodocus carnegii,154.8,143.1,35.56,-106.77,US
Apatosaurus,152.21,143.1,38.45,-107.4,US
Allosaurus,152.21,143.1,38.45,-107.4,US
Allosaurus,154.8,149.2,41.98,-106.14,US
Pararhabdodon isonensis,72.2,66.0,42.16,1.06,ES
Malawisaurus dixeyi,121.4,113.2,-10.28,34.03,MW
Malawisaurus dixeyi,121.4,113.2,-10.28,34.03,MW
Ouranosaurus,121.4,100.5,8.35,14.79,CM
Epachthosaurus sciuttoi,100.5,89.8,-45.32,-69.62,AR
Rapetosaurus krausei,72.2,66.0,-15.9,46.58,MG
Rapetosaurus krausei,72.2,66.0,-15.9,46.58,MG
Megalosaurus,168.2,165.3,51.87,-1.27,UK
Camposaurus arizonensis,227.3,205.7,34.44,-109.46,US
Pentaceratops sternbergii,83.6,72.2,36.15,-107.98,US
Pentaceratops sternbergii,83.6,72.2,36.19,-107.89,US
Rhoetosaurus brownei,159.0,157.9,-26.08,149.05,AU
Stegosaurus ungulatus,154.8,143.1,41.91,-105.96,US
Stegosaurus sulcatus,154.8,143.1,41.91,-105.96,US
Diracodon laticeps,154.8,143.1,41.91,-105.96,US
Camptosaurus dispar,154.8,143.1,41.91,-105.96,US
Camptosaurus dispar,154.8,143.1,41.91,-105.96,US
Camptosaurus dispar,154.8,143.1,41.91,-105.96,US
Camptosaurus dispar,154.8,143.1,41.91,-105.96,US
Stegosaurus stenops,154.8,143.1,41.91,-105.96,US
Osmakasaurus depressus,154.8,143.1,41.91,-105.96,US
Dryosaurus altus,154.8,143.1,41.91,-105.96,US
Coelurus fragilis,154.8,143.1,41.91,-105.96,US
Camarasaurus lentus,154.8,143.1,41.91,-105.96,US
Camarasaurus,154.8,143.1,41.91,-105.96,US
Allosaurus,154.8,143.1,41.91,-105.96,US
Camptosaurus,154.8,143.1,41.91,-105.96,US
Camptosaurus,154.8,143.1,41.91,-105.96,US
Camarasaurus,154.8,143.1,41.91,-105.96,US
Stegosaurus,154.8,143.1,41.91,-105.96,US
Brachiosaurus,154.8,143.1,41.91,-105.96,US
Stegosaurus,154.8,143.1,41.91,-105.96,US
Ceratosaurus nasicornis,152.21,145.06,38.54,-105.22,US
Stegosaurus stenops,152.21,145.06,38.54,-105.22,US
Stegosaurus,152.21,145.06,38.54,-105.22,US
Smitanosaurus agilis,152.21,145.06,38.54,-105.22,US
Haplocanthosaurus priscus,152.21,145.06,38.54,-105.22,US
Haplocanthosaurus priscus,152.21,145.06,38.54,-105.22,US
Allosaurus fragilis,152.21,145.06,38.54,-105.22,US
Brontosaurus,152.21,145.06,38.54,-105.22,US
Coelurus fragilis,152.21,145.06,38.54,-105.22,US
Nanosaurus agilis,152.21,145.06,38.54,-105.22,US
Camptosaurus dispar,152.21,145.06,38.54,-105.22,US
Brachiosaurus,152.21,145.06,38.54,-105.22,US
Diplodocus,154.8,143.1,41.89,-106.04,US
Camarasaurus grandis,154.8,143.1,41.89,-106.04,US
Camarasaurus grandis,154.8,143.1,41.89,-106.04,US
Camarasaurus grandis,154.8,143.1,41.89,-106.04,US
Camarasaurus grandis,154.8,143.1,41.89,-106.04,US
Coelurus fragilis,154.8,143.1,41.91,-105.96,US
Diplodocus,154.8,143.1,41.91,-105.96,US
Stegosaurus,154.8,143.1,41.91,-105.96,US
Camarasaurus,154.8,143.1,41.88,-106.08,US
Allosaurus,154.8,143.1,41.88,-106.08,US
Allosaurus amplus,154.8,143.1,41.88,-106.08,US
Allosaurus fragilis,154.8,143.1,41.89,-106.08,US
Apatosaurus,154.8,143.1,41.88,-106.06,US
Allosaurus fragilis,154.8,143.1,41.89,-106.02,US
Camarasaurus grandis,154.8,143.1,41.89,-106.02,US
Dryosaurus,154.8,143.1,41.89,-106.02,US
Apatosaurus,154.8,143.1,41.91,-105.98,US
Camarasaurus,154.8,143.1,41.91,-105.98,US
Barosaurus,154.8,143.1,41.91,-105.98,US
Allosaurus fragilis,154.8,143.1,41.91,-105.98,US
Stegosaurus,154.8,143.1,41.91,-105.98,US
Diplodocus,154.8,143.1,41.88,-106.08,US
Dryosaurus altus,154.8,143.1,41.88,-106.08,US
Nanosaurus agilis,149.2,143.1,41.88,-106.1,US
Diplodocus,149.2,143.1,41.89,-106.02,US
Camarasaurus,149.2,143.1,41.89,-106.02,US
Allosaurus,149.2,143.1,41.89,-106.02,US
Coelurus fragilis,149.2,143.1,41.89,-106.02,US
Stegosaurus,149.2,143.1,41.89,-106.02,US
Camarasaurus,154.8,143.1,41.89,-106.0,US
Coelurus fragilis,154.8,143.1,41.89,-106.0,US
Allosaurus fragilis,154.8,143.1,41.89,-106.0,US
Nanosaurus agilis,154.8,143.1,41.89,-106.0,US
Nanosaurus agilis,154.8,143.1,41.89,-106.0,US
Camptosaurus,154.8,143.1,41.89,-106.0,US
Brontosaurus excelsus,154.8,143.1,41.89,-106.0,US
Brontosaurus excelsus,154.8,143.1,41.89,-106.0,US
Stegosaurus duplex,154.8,143.1,41.89,-106.0,US
Camarasaurus,154.8,143.1,41.88,-106.11,US
Allosaurus,154.8,143.1,41.88,-106.11,US
Coelurus,154.8,143.1,41.88,-106.11,US
Diplodocus,154.8,143.1,41.88,-106.11,US
Stegosaurus ungulatus,154.8,143.1,41.88,-106.11,US
Allosaurus fragilis,154.8,143.1,41.89,-106.0,US
Stegosaurus,154.8,143.1,41.91,-105.96,US
Allosaurus,154.8,143.1,41.91,-105.96,US
Allosaurus,154.8,143.1,41.91,-105.96,US
Apatosaurus ajax,154.8,143.1,39.65,-105.19,US
Allosaurus,154.8,143.1,39.65,-105.19,US
Allosaurus,152.21,145.06,39.68,-105.19,US
Apatosaurus ajax,154.8,143.1,39.68,-105.19,US
Diplodocus longus,154.8,143.1,38.54,-105.22,US
Allosaurus,154.8,143.1,38.54,-105.22,US
Hesperornis,83.6,72.2,44.0,-103.25,US
Mymoorapelta maysi,154.8,143.1,39.24,-109.0,US
Apatosaurus louisae,154.8,143.1,39.24,-109.0,US
Camarasaurus lentus,154.8,143.1,39.24,-109.0,US
Allosaurus fragilis,154.8,143.1,39.24,-109.0,US
Ceratosaurus nasicornis,154.8,143.1,39.24,-109.0,US
Losillasaurus giganteus,154.8,143.1,38.67,-0.82,ES
Antetonitrus ingenipes,201.4,192.9,-29.11,27.32,ZA
Sibirotitan astrosacralis,121.4,113.2,55.9,87.96,RU
Sibirotitan astrosacralis,121.4,113.2,55.9,87.96,RU
Psittacosaurus sibiricus,121.4,113.2,55.9,87.96,RU
Saltasaurus loricatus,72.2,66.0,-26.07,-65.37,AR
Noasaurus leali,72.2,66.0,-26.07,-65.37,AR
Martinavis vincei,72.2,66.0,-26.07,-65.37,AR
Huallasaurus australis,72.2,66.0,-41.95,-66.33,AR
Huallasaurus australis,72.2,66.0,-41.95,-66.33,AR
Saurornithoides mongoliensis,83.6,72.2,43.66,100.9,MN
Tangvayosaurus hoffeti,121.4,100.5,16.4,105.65,LA
Tangvayosaurus hoffeti,121.4,100.5,16.4,105.65,LA
Salfitichnus mentoor,72.2,66.0,-25.5,-66.0,AR
Thescelosaurus neglectus,72.2,66.0,45.95,-103.96,US
Tyrannosaurus rex,72.2,66.0,45.95,-103.96,US
Saurornitholestes,72.2,66.0,45.95,-103.96,US
Paronychodon,72.2,66.0,45.95,-103.96,US
Richardoestesia isosceles,72.2,66.0,45.95,-103.96,US
Thescelosaurus neglectus,72.2,66.0,45.95,-103.96,US
Troodon,72.2,66.0,45.95,-103.96,US
Tyrannosaurus rex,72.2,66.0,45.95,-103.96,US
Saurornitholestes,72.2,66.0,45.95,-103.96,US
Paronychodon,72.2,66.0,45.95,-103.96,US
Richardoestesia isosceles,72.2,66.0,45.95,-103.96,US
Thescelosaurus neglectus,72.2,66.0,46.1,-103.3,US
Avisaurus archibaldi,72.2,66.0,46.1,-103.3,US
Troodon,72.2,66.0,46.1,-103.3,US
Tyrannosaurus rex,72.2,66.0,46.1,-103.3,US
Saurornitholestes,72.2,66.0,46.1,-103.3,US
Paronychodon,72.2,66.0,46.1,-103.3,US
Richardoestesia isosceles,72.2,66.0,46.1,-103.3,US
Thescelosaurus neglectus,72.2,66.0,45.98,-103.75,US
Tyrannosaurus rex,72.2,66.0,45.98,-103.75,US
Saurornitholestes,72.2,66.0,45.98,-103.75,US
Paronychodon,72.2,66.0,45.98,-103.75,US
Richardoestesia isosceles,72.2,66.0,45.98,-103.75,US
Torosaurus latus,72.2,66.0,46.01,-103.75,US
Tyrannosaurus rex,72.2,66.0,46.03,-103.77,US
Paronychodon,72.2,66.0,46.03,-103.77,US
Richardoestesia isosceles,72.2,66.0,46.03,-103.77,US
Richardoestesia isosceles,72.2,66.0,46.03,-103.77,US
Tyrannosaurus rex,72.2,66.0,46.03,-103.77,US
Saurornitholestes,72.2,66.0,46.03,-103.77,US
Paronychodon,72.2,66.0,46.03,-103.77,US
Richardoestesia isosceles,72.2,66.0,46.03,-103.77,US
Tyrannosaurus rex,72.2,66.0,46.03,-103.77,US
Richardoestesia isosceles,72.2,66.0,46.03,-103.77,US
Richardoestesia isosceles,72.2,66.0,46.03,-103.77,US
Tyrannosaurus rex,72.2,66.0,46.03,-103.77,US
Richardoestesia isosceles,72.2,66.0,46.03,-103.77,US
Tyrannosaurus rex,72.2,66.0,46.03,-103.77,US
Saurornitholestes,72.2,66.0,46.03,-103.77,US
Paronychodon,72.2,66.0,46.03,-103.77,US
Richardoestesia isosceles,72.2,66.0,46.03,-103.77,US
Richardoestesia isosceles,72.2,66.0,46.03,-103.77,US
Richardoestesia isosceles,72.2,66.0,46.18,-103.84,US
Triceratops horridus,72.2,66.0,46.3,-103.98,US
Tyrannosaurus rex,72.2,66.0,46.14,-103.8,US
Thescelosaurus neglectus,72.2,66.0,46.41,-103.94,US
Tyrannosaurus rex,72.2,66.0,46.41,-103.94,US
Saurornitholestes,72.2,66.0,46.41,-103.94,US
Paronychodon,72.2,66.0,46.41,-103.94,US
Richardoestesia isosceles,72.2,66.0,46.38,-103.96,US
Richardoestesia isosceles,72.2,66.0,46.38,-103.96,US
Tyrannosaurus rex,72.2,66.0,46.38,-103.96,US
Thescelosaurus neglectus,72.2,66.0,46.38,-103.96,US
Paronychodon,72.2,66.0,46.45,-104.02,US
Tyrannosaurus rex,72.2,66.0,46.45,-103.02,US
Tyrannosaurus rex,72.2,66.0,46.46,-104.02,US
Richardoestesia isosceles,72.2,66.0,46.33,-103.9,US
Tyrannosaurus rex,72.2,66.0,46.33,-103.9,US
Paronychodon,72.2,66.0,46.33,-103.9,US
Thescelosaurus neglectus,72.2,66.0,46.33,-103.9,US
Tyrannosaurus rex,72.2,66.0,46.33,-103.9,US
Paronychodon,72.2,66.0,46.33,-103.9,US
Saurornitholestes,72.2,66.0,46.33,-103.9,US
Tyrannosaurus rex,72.2,66.0,46.33,-103.9,US
Iguanodon bernissartensis,125.77,121.4,40.61,-0.11,ES
Iguanodon bernissartensis,125.77,121.4,40.6,-0.12,ES
Iguanodon bernissartensis,121.4,119.57,40.59,-0.14,ES
Iguanodon bernissartensis,125.77,121.4,40.64,-0.12,ES
Iguanodon bernissartensis,121.4,119.57,40.62,-0.06,ES
Sinornithoides,113.2,110.1,41.58,97.58,CN
Psittacosaurus,113.2,110.1,41.47,97.97,CN
Gongpoquansaurus mazongshanensis,113.2,110.1,41.58,97.58,CN
Psittacosaurus,113.2,110.1,41.58,97.58,CN
Archaeoceratops oshimai,113.2,110.1,41.58,97.58,CN
Nanshiungosaurus bohlini,113.2,110.1,41.73,97.65,CN
Archaeoceratops oshimai,113.2,110.1,41.72,97.62,CN
Hudiesaurus sinojapanorum,152.21,143.1,42.87,90.17,CN
Sinraptor dongi,161.5,154.8,44.8,90.05,CN
Baryonyx walkeri,125.77,121.4,51.13,-0.35,UK
Iguanodon,125.77,121.4,51.13,-0.35,UK
Baryonyx walkeri,125.77,121.4,51.13,0.43,UK
Saurornitholestes langstoni,83.6,72.2,50.74,-111.49,CA
Saurornitholestes langstoni,83.6,72.2,50.75,-111.51,CA
Troodon formosus,83.6,72.2,50.75,-111.51,CA
Thescelosaurus neglectus,83.6,72.2,50.75,-111.51,CA
Saurornitholestes langstoni,83.6,72.2,50.74,-111.48,CA
Saurornitholestes langstoni,83.6,72.2,50.75,-111.46,CA
Thescelosaurus neglectus,83.6,72.2,50.75,-111.46,CA
Saurornitholestes langstoni,83.6,72.2,50.75,-111.51,CA
Thescelosaurus neglectus,83.6,72.2,50.75,-111.51,CA
Saurornitholestes langstoni,83.6,72.2,50.75,-111.5,CA
Troodon formosus,83.6,72.2,50.75,-111.5,CA
Thescelosaurus neglectus,83.6,72.2,50.75,-111.5,CA
Richardoestesia isosceles,72.2,66.0,46.46,-104.0,US
Tyrannosaurus rex,72.2,66.0,46.46,-104.0,US
Paronychodon,72.2,66.0,46.46,-104.0,US
Tyrannosaurus rex,72.2,66.0,46.46,-104.0,US
Byronosaurus,83.6,72.2,43.66,100.9,MN
Apsaravis ukhaana,83.6,72.2,43.66,100.9,MN
Echinodon becklesii,141.0,139.1,50.6,-1.97,UK
Unquillosaurus ceibalii,83.6,72.2,-24.3,-65.27,AR
Tyrannosaurus rex,72.2,66.0,46.36,-103.9,US
Tyrannosaurus rex,72.2,66.0,45.94,-103.95,US
Tyrannosaurus rex,72.2,66.0,45.94,-103.95,US
Richardoestesia isosceles,72.2,66.0,45.94,-103.95,US
Tyrannosaurus rex,72.2,66.0,45.94,-103.95,US
Paronychodon,72.2,66.0,45.94,-103.95,US
Thescelosaurus neglectus,72.2,66.0,45.94,-103.95,US
Richardoestesia isosceles,72.2,66.0,45.94,-103.95,US
Bonitasaura salgadoi,85.7,83.6,-39.63,-68.35,AR
Huabeisaurus allocotus,100.5,72.2,40.19,114.04,CN
Shantungosaurus,100.5,72.2,40.19,114.04,CN
Saichania chulsanensis,100.5,72.2,40.19,114.04,CN
Andesaurus delgadoi,113.2,110.1,-39.28,-68.76,AR
Equijubus normani,113.2,110.1,41.58,97.58,CN
Blasisaurus canudoi,72.2,66.0,42.27,0.73,ES
Paronychodon,72.2,66.0,42.27,0.73,ES
Arenysaurus ardevoli,72.2,66.0,42.27,0.73,ES
Unaysaurus tolentinoi,227.3,205.7,-29.6,-53.86,BR
Dracovenator regenti,201.4,192.9,-27.0,26.98,ZA
Megapnosaurus rhodesiensis,201.4,192.9,-28.35,25.68,ZA
Massospondylus,201.4,174.7,-22.14,29.51,ZW
Massospondylus,201.4,174.7,-22.17,29.49,ZW
Massospondylus,201.4,174.7,-22.17,29.48,ZW
Massospondylus,201.4,174.7,-22.14,29.56,ZW
Massospondylus,201.4,174.7,-22.14,29.49,ZW
Massospondylus,201.4,174.7,-22.16,29.49,ZW
Massospondylus,201.4,174.7,-22.16,29.48,ZW
Massospondylus,201.4,174.7,-22.15,29.54,ZW
Saurornitholestes langstoni,83.6,72.2,50.07,-111.14,CA
Paronychodon,83.6,72.2,50.07,-111.14,CA
Saurornitholestes langstoni,83.6,72.2,49.13,-110.87,CA
Richardoestesia gilmorei,83.6,72.2,49.13,-110.87,CA
Paronychodon,83.6,72.2,49.13,-110.87,CA
Saurornitholestes langstoni,83.6,72.2,49.13,-110.87,CA
Richardoestesia gilmorei,83.6,72.2,49.13,-110.87,CA
Saurornitholestes langstoni,83.6,72.2,49.1,-110.94,CA
Richardoestesia gilmorei,83.6,72.2,49.1,-110.94,CA
Saurornitholestes langstoni,83.6,72.2,49.1,-110.94,CA
Paronychodon,83.6,72.2,49.1,-110.94,CA
Saurornitholestes langstoni,83.6,72.2,49.1,-110.94,CA
Saurornitholestes langstoni,83.6,72.2,49.08,-110.84,CA
Paronychodon,83.6,72.2,49.08,-110.84,CA
Saurornitholestes langstoni,83.6,72.2,49.08,-110.68,CA
Troodon formosus,83.6,72.2,49.08,-110.68,CA
Richardoestesia gilmorei,83.6,72.2,49.08,-110.68,CA
Paronychodon,83.6,72.2,49.08,-110.68,CA
Dromaeosaurus albertensis,83.6,72.2,49.08,-110.68,CA
Saurornitholestes langstoni,83.6,72.2,49.08,-110.68,CA
Richardoestesia gilmorei,83.6,72.2,49.08,-110.68,CA
Paronychodon,83.6,72.2,49.08,-110.68,CA
Edmontosaurus annectens,72.2,66.0,49.04,-106.6,CA
Thescelosaurus neglectus,72.2,66.0,49.04,-106.6,CA
Triceratops prorsus,72.2,66.0,49.04,-106.6,CA
Triceratops,72.2,66.0,49.04,-106.6,CA
Ornithomimus,72.2,66.0,49.04,-106.6,CA
Edmontosaurus annectens,72.2,66.0,51.51,-112.66,CA
Hypacrosaurus altispinus,72.2,66.0,51.91,-112.97,CA
Hypacrosaurus altispinus,72.2,66.0,51.8,-112.96,CA
Panoplosaurus rugosidens,83.6,72.2,48.96,-112.66,US
Oohkotokia horneri,83.6,72.2,48.94,-112.64,US
Rubeosaurus ovatus,83.6,72.2,48.96,-112.71,US
Chirostenotes pergracilis,83.6,72.2,50.79,-111.48,CA
Richardoestesia gilmorei,83.6,72.2,50.73,-111.51,CA
Alamosaurus sanjuanensis,72.2,66.0,39.2,-111.24,US
Torosaurus utahensis,72.2,66.0,39.23,-111.25,US
Alamosaurus sanjuanensis,72.2,66.0,39.17,-111.27,US
Alamosaurus sanjuanensis,72.2,66.0,39.18,-111.31,US
Chasmosaurus belli,83.6,72.2,50.78,-111.6,CA
Chasmosaurus russelli,83.6,72.2,50.75,-111.49,CA
Ornithomimus edmontonicus,72.2,66.0,51.62,-112.87,CA
Anodontosaurus lambei,72.2,66.0,51.63,-112.93,CA
Stenonychosaurus inequalis,83.6,72.2,50.8,-111.6,CA
Chirostenotes pergracilis,83.6,72.2,50.81,-111.63,CA
Thescelosaurus,83.6,66.0,51.71,-112.91,CA
Hylaeosaurus,139.1,137.05,52.26,7.03,DE
Saurornitholestes langstoni,83.6,72.2,49.16,-110.72,CA
Richardoestesia gilmorei,83.6,72.2,49.16,-110.72,CA
Paronychodon,83.6,72.2,49.16,-110.72,CA
Saurornitholestes langstoni,83.6,72.2,49.14,-110.85,CA
Paronychodon,83.6,72.2,49.14,-110.85,CA
Saurornitholestes langstoni,83.6,72.2,49.16,-110.72,CA
Troodon formosus,83.6,72.2,49.16,-110.72,CA
Richardoestesia gilmorei,83.6,72.2,49.16,-110.72,CA
Paronychodon,83.6,72.2,49.16,-110.72,CA
Saurornitholestes langstoni,83.6,72.2,49.08,-110.7,CA
Paronychodon,83.6,72.2,49.08,-110.7,CA
Thescelosaurus,72.2,66.0,43.12,-104.64,US
Paronychodon,72.2,66.0,47.8,-106.1,US
Orodromeus makelai,72.2,66.0,47.8,-106.1,US
Edmontosaurus,72.2,66.0,47.8,-106.1,US
Triceratops,72.2,66.0,47.8,-106.1,US
Dromaeosaurus,72.2,66.0,41.57,-108.67,US
Paronychodon,72.2,66.0,41.57,-108.67,US
Ankylosaurus magniventris,72.2,66.0,41.57,-108.67,US
Pectinodon bakkeri,72.2,66.0,43.13,-104.49,US
Thescelosaurus,72.2,66.0,43.13,-104.49,US
Ankylosaurus magniventris,72.2,66.0,47.57,-107.1,US
Paronychodon,72.2,66.0,47.52,-106.4,US
Zapsalis,72.2,66.0,43.12,-104.64,US
Pectinodon bakkeri,72.2,66.0,43.12,-104.64,US
Saurolophus,83.6,72.2,41.87,-109.14,US
Ankylosaurus magniventris,72.2,66.0,51.86,-113.01,CA
Ankylosaurus magniventris,72.2,66.0,51.88,-113.01,CA
Tyrannosaurus rex,72.2,66.0,43.44,-104.41,US
Ankylosaurus magniventris,72.2,66.0,43.44,-104.41,US
Ankylosaurus magniventris,72.2,66.0,45.55,-105.11,US
Proceratosaurus bradleyi,168.2,165.3,51.7,-2.19,UK
Saurornitholestes langstoni,83.6,72.2,49.08,-110.7,CA
Troodon formosus,83.6,72.2,49.08,-110.7,CA
Richardoestesia gilmorei,83.6,72.2,49.08,-110.7,CA
Paronychodon,83.6,72.2,49.08,-110.7,CA
Saurornitholestes langstoni,83.6,72.2,49.07,-110.72,CA
Troodon formosus,83.6,72.2,49.07,-110.72,CA
Dromaeosaurus albertensis,83.6,72.2,49.08,-110.7,CA
Saurornitholestes langstoni,83.6,72.2,49.08,-110.7,CA
Richardoestesia gilmorei,83.6,72.2,49.08,-110.7,CA
Paronychodon,83.6,72.2,49.08,-110.7,CA
Saurornitholestes langstoni,83.6,72.2,49.19,-110.73,CA
Troodon formosus,83.6,72.2,49.19,-110.73,CA
Richardoestesia gilmorei,83.6,72.2,49.19,-110.73,CA
Dromaeosaurus albertensis,83.6,72.2,49.19,-110.73,CA
Saurornitholestes langstoni,83.6,72.2,49.19,-110.73,CA
Troodon formosus,83.6,72.2,49.19,-110.73,CA
Richardoestesia gilmorei,83.6,72.2,49.19,-110.73,CA
Saurornitholestes langstoni,83.6,72.2,49.07,-110.66,CA
Paronychodon,83.6,72.2,49.07,-110.66,CA
Mantellisaurus,132.6,121.4,50.7,-1.3,UK
Paranthodon africanus,143.1,132.6,-33.55,26.18,ZA
Atlasaurus imelakei,168.2,165.3,32.04,-6.28,MA
Rebbachisaurus garasbae,106.3,93.9,32.21,-6.24,MA
Cetiosaurus,168.2,165.3,33.43,-4.42,MA
Cetiosaurus,168.2,165.3,33.45,-4.46,MA
Cetiosaurus,168.2,165.3,33.46,-4.43,MA
Cetiosaurus,168.2,165.3,33.47,-4.43,MA
Cetiosaurus,168.2,165.3,33.47,-4.45,MA
Cetiosaurus,168.2,165.3,33.48,-4.33,MA
Diplodocus,152.21,145.06,38.58,-108.4,US
Supersaurus vivianae,152.21,145.06,38.58,-108.4,US
Supersaurus vivianae,152.21,145.06,38.58,-108.4,US
Supersaurus vivianae,152.21,145.06,38.58,-108.4,US
Torvosaurus tanneri,152.21,145.06,38.58,-108.4,US
Genyodectes serus,113.2,100.5,-44.48,-70.01,AR
Comahuesaurus windhauseni,119.57,110.1,-39.58,-70.09,AR
Ornithomimus,72.2,66.0,54.92,-115.41,CA
Leptoceratops,72.2,66.0,52.33,-113.12,CA
Thescelosaurus,72.2,66.0,52.33,-113.12,CA
Triceratops horridus,72.2,66.0,42.2,-104.46,US
Edmontosaurus annectens,72.2,66.0,42.58,-105.39,US
Monoclonius,83.6,72.2,47.77,-108.95,US
Triceratops horridus,72.2,66.0,43.12,-104.65,US
Triceratops prorsus,72.2,66.0,43.12,-104.65,US
Edmontosaurus annectens,72.2,66.0,43.17,-104.91,US
Triceratops prorsus,72.2,66.0,43.14,-104.91,US
Triceratops horridus,72.2,66.0,43.24,-104.61,US
Triceratops horridus,72.2,66.0,43.16,-104.55,US
Triceratops horridus,72.2,66.0,43.19,-104.64,US
Triceratops horridus,72.2,66.0,43.23,-104.57,US
Torosaurus latus,72.2,66.0,43.23,-104.65,US
Torosaurus latus,72.2,66.0,43.24,-104.63,US
Triceratops horridus,72.2,66.0,43.18,-104.55,US
Triceratops,72.2,66.0,43.18,-104.61,US
Notoceratops bonarelli,72.2,66.0,-45.62,-68.59,AR
Protoceratops andrewsi,83.6,72.2,44.0,104.0,MN
Monoclonius crassus,83.6,72.2,47.74,-109.62,US
Edmontosaurus annectens,72.2,66.0,43.27,-104.59,US
Edmontosaurus,72.2,66.0,40.91,-104.76,US
Sarahsaurus aurifontanalis,199.5,184.2,35.69,-111.29,US
Corythosaurus casuarius,83.6,72.2,50.81,-111.63,CA
Lambeosaurus clavinitialis,83.6,72.2,50.79,-111.61,CA
Corythosaurus casuarius,83.6,72.2,50.81,-111.62,CA
Edmontosaurus annectens,83.6,72.2,51.61,-112.75,CA
Gryposaurus notabilis,83.6,72.2,50.75,-111.48,CA
Dyoplosaurus acutosquameus,83.6,72.2,50.75,-111.47,CA
Parasaurolophus walkeri,83.6,72.2,50.75,-111.49,CA
Ornithomimus edmontonicus,83.6,72.2,50.81,-111.6,CA
Dromiceiomimus brevitertius,72.2,66.0,51.54,-112.87,CA
Lambeosaurus lambei,83.6,72.2,50.74,-111.49,CA
Corythosaurus casuarius,83.6,72.2,50.69,-111.62,CA
Triceratops,72.2,66.0,47.68,-106.43,US
Richardoestesia isosceles,72.2,66.0,47.68,-106.43,US
Pachycephalosaurus,72.2,66.0,47.68,-106.43,US
Barosaurus,154.8,149.2,44.54,-107.78,US
Camarasaurus,154.8,149.2,44.54,-107.78,US
Camptosaurus,154.8,149.2,44.54,-107.78,US
Allosaurus,154.8,149.2,44.54,-107.78,US
Diplodocus,154.8,149.2,44.65,-107.82,US
Brachiosaurus,154.8,149.2,44.65,-107.82,US
Allosaurus jimmadseni,154.8,149.2,44.65,-107.82,US
Hesperosaurus mjosi,154.8,149.2,44.65,-107.82,US
Nanosaurus agilis,154.8,149.2,44.65,-107.82,US
Nanosaurus,154.8,149.2,44.65,-107.82,US
Apatosaurus,154.8,149.2,44.65,-107.82,US
Camarasaurus,154.8,149.2,44.65,-107.82,US
Kaatedocus siberi,154.8,149.2,44.54,-107.78,US
Allosaurus,154.8,149.2,44.54,-107.78,US
Allosaurus jimmadseni,154.8,149.2,44.54,-107.78,US
Diplodocus,154.8,149.2,44.54,-107.78,US
Ferganocephale adenticulatum,165.3,161.5,41.33,72.11,KG
Ferganocephale adenticulatum,165.3,161.5,41.32,72.24,KG
Condorraptor currumili,180.4,168.6,-43.42,-69.19,AR
Patagosaurus,180.4,168.6,-43.42,-69.19,AR
Avisaurus archibaldi,72.2,66.0,47.6,-107.0,US
Deinonychus antirrhopus,119.57,110.1,34.15,-95.82,US
Tenontosaurus,119.57,110.1,34.15,-95.82,US
Acrocanthosaurus,119.57,110.1,34.15,-95.82,US
Troodon formosus,83.6,72.2,47.81,-109.59,US
Paronychodon,83.6,72.2,47.81,-109.59,US
Stegoceras validum,83.6,72.2,47.81,-109.59,US
Orodromeus makelai,83.6,72.2,47.81,-109.59,US
Edmontonia longiceps,83.6,72.2,47.81,-109.59,US
Neovenator salerii,125.77,121.4,50.64,-1.41,UK
Mantellisaurus atherfieldensis,125.77,121.4,50.64,-1.41,UK
Monolophosaurus jiangi,165.3,161.5,44.84,90.06,CN
Alxasaurus elesitaiensis,121.4,113.2,41.17,106.08,CN
Psittacosaurus,121.4,113.2,41.17,106.08,CN
Rahonavis ostromi,72.2,66.0,-15.9,46.58,MG
Jingshanosaurus xinwaensis,201.4,199.5,25.13,102.08,CN
Psittacosaurus neimongoliensis,137.05,100.5,39.12,109.98,CN
Psittacosaurus,137.05,100.5,39.03,109.98,CN
Psittacosaurus,137.05,100.5,39.88,108.34,CN
Psittacosaurus,137.05,100.5,39.7,108.74,CN
Psittacosaurus,137.05,125.77,38.92,108.08,CN
Psittacosaurus,137.05,100.5,39.36,108.41,CN
Sinornithoides youngi,137.05,100.5,39.36,108.41,CN
Psittacosaurus,137.05,100.5,39.36,108.41,CN
Stenonychosaurus inequalis,83.6,72.2,50.75,-111.51,CA
Citipes elegans,83.6,72.2,50.73,-111.51,CA
Caenagnathus collinsi,83.6,72.2,50.74,-111.51,CA
Chirostenotes pergracilis,83.6,72.2,50.74,-111.49,CA
Citipes elegans,83.6,72.2,50.74,-111.49,CA
Citipes elegans,83.6,72.2,50.13,-111.69,CA
Citipes elegans,83.6,72.2,50.76,-110.02,CA
Caenagnathasia martinsoni,93.9,89.8,42.12,62.66,UZ
Saurornithoides mongoliensis,83.6,72.2,41.76,106.74,CN
Kritosaurus navajovius,83.6,72.2,36.26,-108.17,US
Alamosaurus sanjuanensis,72.2,66.0,36.31,-108.05,US
Alamosaurus sanjuanensis,72.2,66.0,36.31,-108.03,US
Struthiomimus altus,83.6,72.2,36.15,-107.92,US
Struthiomimus altus,83.6,72.2,36.29,-108.1,US
Alamosaurus sanjuanensis,72.2,66.0,36.34,-108.1,US
Ornithomimus edmontonicus,83.6,72.2,36.27,-108.24,US
Struthiomimus altus,83.6,72.2,36.3,-108.19,US
Amurosaurus riabinini,72.2,66.0,50.27,127.48,RU
Mandschurosaurus amurensis,72.2,66.0,48.86,130.24,CN
Massospondylus kaalae,201.4,192.9,-30.57,27.43,ZA
Massospondylus,201.4,192.9,-30.57,27.43,ZA
Massospondylus,201.4,192.9,-29.5,27.45,ZA
Edmontosaurus annectens,72.2,66.0,45.53,-101.63,US
Herrerasaurus,233.6,227.3,-30.14,-67.88,AR
Kerberosaurus manakini,72.2,66.0,50.27,127.48,RU
Kunbarrasaurus ieversi,106.3,100.5,-20.87,143.58,AU
Muttaburrasaurus,106.3,93.9,-20.88,143.8,AU
Antarctopelta oliveroi,83.6,72.2,-63.93,-57.81,AQ
Camarasaurus grandis,152.21,145.06,41.97,-106.29,US
Diplodocus,152.21,145.06,41.97,-106.29,US
Dryosaurus,152.21,145.06,41.97,-106.29,US
Apatosaurus louisae,149.2,145.06,40.44,-109.3,US
Euhelopus zdanskyi,143.1,132.6,35.87,117.95,CN
Omeisaurus junghsiensis,168.2,161.5,29.48,104.37,CN
Omeisaurus junghsiensis,170.9,168.2,29.52,104.41,CN
Omeisaurus junghsiensis,149.2,143.1,32.4,105.81,CN
Omeisaurus junghsiensis,149.2,143.1,32.47,105.8,CN
Gyposaurus sinensis,199.5,192.9,25.68,104.08,CN
Orodromeus makelai,83.6,72.2,48.63,-113.75,US
Euoplocephalus,83.6,72.2,48.97,-112.65,US
Giraffatitan brancai,149.2,143.1,-9.7,39.23,TZ
Triceratops horridus,72.2,66.0,51.89,-113.01,CA
Triceratops horridus,72.2,66.0,51.91,-113.03,CA
Torosaurus latus,72.2,66.0,51.91,-112.96,CA
Mamenchisaurus,168.2,161.5,32.37,106.9,CN
Cryolophosaurus ellioti,199.5,184.2,-84.33,166.45,AQ
Glacialisaurus hammeri,199.5,184.2,-84.33,166.45,AQ
Paralititan stromeri,100.5,93.9,28.34,28.98,EG
Carcharodontosaurus,100.5,93.9,28.34,28.98,EG
Giraffatitan brancai,149.2,143.1,-9.7,39.24,TZ
Dicraeosaurus sattleri,149.2,143.1,-9.7,39.23,TZ
Janenschia robusta,149.2,143.1,-9.69,39.23,TZ
Tornieria africana,149.2,143.1,-9.71,39.23,TZ
Dicraeosaurus sattleri,149.2,143.1,-9.69,39.23,TZ
Giraffatitan brancai,149.2,143.1,-9.69,39.23,TZ
Giraffatitan brancai,149.2,143.1,-9.69,39.25,TZ
Kentrosaurus aethiopicus,149.2,143.1,-9.71,39.23,TZ
Kentrosaurus aethiopicus,149.2,143.1,-9.7,39.24,TZ
Giraffatitan brancai,149.2,143.1,-9.7,39.24,TZ
Kentrosaurus aethiopicus,149.2,143.1,-9.7,39.24,TZ
Dysalotosaurus lettowvorbecki,152.21,149.2,-9.68,39.22,TZ
Giraffatitan brancai,152.21,143.1,-9.71,39.22,TZ
Giraffatitan brancai,152.21,149.2,-9.68,39.23,TZ
Dicraeosaurus hansemanni,152.21,149.2,-9.68,39.23,TZ
Elaphrosaurus bambergi,152.21,149.2,-9.68,39.22,TZ
Veterupristisaurus milneri,152.21,149.2,-9.68,39.21,TZ
Ceratosaurus,152.21,149.2,-9.68,39.21,TZ
Elaphrosaurus bambergi,152.21,149.2,-9.68,39.23,TZ
Dicraeosaurus hansemanni,152.21,149.2,-9.68,39.23,TZ
Giraffatitan brancai,152.21,149.2,-9.68,39.23,TZ
Torvosaurus,149.2,143.1,-9.7,39.23,TZ
Torvosaurus,149.2,143.1,-9.71,39.22,TZ
Kentrosaurus aethiopicus,152.21,149.2,-9.68,39.21,TZ
Giraffatitan brancai,152.21,149.2,-9.68,39.21,TZ
Giraffatitan brancai,152.21,149.2,-9.68,39.22,TZ
Janenschia robusta,149.2,143.1,-9.7,39.23,TZ
Giraffatitan brancai,149.2,143.1,-9.7,39.23,TZ
Giraffatitan brancai,149.2,143.1,-9.71,39.23,TZ
Giraffatitan brancai,149.2,143.1,-9.7,39.23,TZ
Tornieria africana,149.2,143.1,-9.71,39.23,TZ
Giraffatitan brancai,149.2,143.1,-9.7,39.23,TZ
Dicraeosaurus hansemanni,152.21,149.2,-9.68,39.21,TZ
Giraffatitan brancai,149.2,143.1,-9.71,39.22,TZ
Dicraeosaurus sattleri,149.2,143.1,-9.7,39.23,TZ
Giraffatitan brancai,149.2,143.1,-9.7,39.23,TZ
Dicraeosaurus sattleri,149.2,143.1,-9.71,39.23,TZ
Dicraeosaurus sattleri,149.2,143.1,-9.7,39.23,TZ
Dicraeosaurus sattleri,149.2,143.1,-9.71,39.22,TZ
Dicraeosaurus,149.2,143.1,-9.71,39.22,TZ
Kentrosaurus aethiopicus,149.2,143.1,-9.7,39.23,TZ
Kentrosaurus aethiopicus,152.21,143.1,-9.71,39.22,TZ
Kentrosaurus aethiopicus,152.21,149.2,-9.68,39.22,TZ
Tornieria africana,149.2,143.1,-9.7,39.24,TZ
Saurornitholestes sullivani,83.6,72.2,36.34,-108.08,US
Yaverlandia bitholus,132.6,121.4,50.67,-1.13,UK
Parasaurolophus,83.6,72.2,36.1,-108.09,US
Nanosaurus agilis,154.8,143.1,38.73,-111.27,US
Camarasaurus,154.8,143.1,38.73,-111.27,US
Allosaurus,154.8,143.1,38.73,-111.27,US
Camptosaurus,154.8,143.1,38.73,-111.27,US
Anchisaurus polyzelus,201.4,192.9,41.81,-72.55,US
Anchisaurus polyzelus,201.4,192.9,41.81,-72.55,US
Anchisaurus polyzelus,201.4,192.9,41.81,-72.55,US
Coelophysis,201.4,199.5,41.4,-72.77,US
Anchisaurus polyzelus,201.4,192.9,42.1,-72.59,US
Parasaurolophus tubicen,83.6,72.2,36.5,-108.08,US
Osmakasaurus depressus,125.77,121.4,43.44,-103.39,US
Osmakasaurus depressus,125.77,121.4,43.51,-103.34,US
Hoplitosaurus marshi,125.77,121.4,43.51,-103.34,US
Tenontosaurus tilletti,110.1,93.9,46.34,-109.69,US
Tenontosaurus,119.57,113.2,39.17,-76.79,US
Sarcolestes leedsi,165.3,161.5,52.55,-0.24,UK
Lexovisaurus phillipsi,161.5,154.8,54.0,-1.5,UK
Dracopelta zbyszewskii,145.06,143.1,39.06,-9.42,PT
Dacentrurus,152.21,149.2,49.56,0.09,FR
Dacentrurus armatus,152.21,149.2,51.55,-1.8,UK
Loricatosaurus priscus,165.3,161.5,49.13,-0.17,FR
Dacentrurus,152.21,149.2,49.57,0.1,FR
Sarcolestes leedsi,165.3,161.5,52.33,-0.08,UK
Pachycephalosaurus wyomingensis,72.2,66.0,47.88,-106.2,US
Pachycephalosaurus wyomingensis,72.2,66.0,45.76,-104.95,US
Pachycephalosaurus wyomingensis,72.2,66.0,45.67,-101.48,US
Stegoceras validum,83.6,72.2,50.41,-110.29,CA
Dryosaurus elderae,149.2,145.06,40.44,-109.3,US
Dryosaurus elderae,149.2,145.06,40.44,-109.3,US
Nanosaurus agilis,154.8,143.1,41.89,-106.0,US
Rhabdodon priscus,83.6,72.2,43.49,3.61,FR
Struthiosaurus languedocensis,83.6,72.2,43.49,3.61,FR
Eucnemesaurus fortis,227.3,201.4,-30.95,26.62,ZA
Saurornitholestes langstoni,83.6,72.2,50.79,-111.62,CA
Troodon formosus,83.6,72.2,50.79,-111.62,CA
Saurornitholestes langstoni,83.6,72.2,50.75,-111.46,CA
Saurornitholestes langstoni,83.6,72.2,50.76,-111.53,CA
Thescelosaurus neglectus,83.6,72.2,50.76,-111.53,CA
Saurornitholestes langstoni,83.6,72.2,50.83,-111.32,CA
Troodon formosus,83.6,72.2,50.83,-111.32,CA
Thescelosaurus neglectus,83.6,72.2,50.83,-111.32,CA
Velocisaurus unicus,85.7,83.6,-38.94,-68.06,AR
Efraasia minor,215.38,211.18,49.06,8.98,DE
Gresslyosaurus ingens,211.18,205.7,47.47,7.73,CH
Plateosaurus,227.3,205.7,47.74,8.49,CH
Saurornitholestes langstoni,83.6,72.2,50.77,-111.51,CA
Troodon formosus,83.6,72.2,50.77,-111.51,CA
Saurornitholestes langstoni,83.6,72.2,50.77,-111.52,CA
Troodon formosus,83.6,72.2,50.77,-111.52,CA
Thescelosaurus neglectus,83.6,72.2,50.77,-111.52,CA
Saurornitholestes langstoni,83.6,72.2,50.75,-111.51,CA
Troodon formosus,83.6,72.2,50.75,-111.51,CA
Saurornitholestes langstoni,83.6,72.2,50.75,-111.52,CA
Troodon formosus,83.6,72.2,50.75,-111.52,CA
Iguanodon,132.6,125.77,47.98,-3.98,FR
Saurornitholestes langstoni,83.6,72.2,29.2,-103.2,US
Richardoestesia gilmorei,83.6,72.2,29.2,-103.2,US
Richardoestesia isosceles,83.6,72.2,29.2,-103.2,US
Saurornitholestes langstoni,83.6,72.2,50.81,-111.58,CA
Alamosaurus sanjuanensis,72.2,66.0,36.27,-108.22,US
Alamosaurus sanjuanensis,72.2,66.0,36.33,-108.07,US
Alamosaurus sanjuanensis,83.6,72.2,36.34,-108.08,US
Saurornitholestes langstoni,83.6,72.2,50.75,-111.47,CA
Thescelosaurus neglectus,83.6,72.2,50.75,-111.47,CA
Alamosaurus sanjuanensis,72.2,66.0,36.34,-108.1,US
Prenocephale,83.6,72.2,36.34,-108.08,US
Saurornitholestes langstoni,83.6,72.2,50.75,-111.51,CA
Troodon formosus,83.6,72.2,50.75,-111.51,CA
Saurornitholestes langstoni,83.6,72.2,50.75,-111.4,CA
Troodon formosus,83.6,72.2,50.75,-111.4,CA
Saurornitholestes langstoni,83.6,72.2,50.81,-111.63,CA
Saurornitholestes langstoni,83.6,72.2,50.81,-111.63,CA
Troodon formosus,83.6,72.2,50.81,-111.63,CA
Orodromeus makelai,83.6,72.2,47.82,-112.66,US
Troodon formosus,83.6,72.2,47.82,-112.66,US
Mymoorapelta maysi,149.2,143.1,38.85,-108.48,US
Allosaurus fragilis,152.21,145.06,38.54,-105.22,US
Camarasaurus supremus,154.8,143.1,38.55,-105.23,US
Allosaurus fragilis,154.8,143.1,38.55,-105.23,US
Apatosaurus louisae,154.8,143.1,38.55,-105.23,US
Camarasaurus supremus,149.2,143.1,38.55,-105.23,US
Maraapunisaurus fragillimus,149.2,143.1,38.55,-105.23,US
Camarasaurus supremus,149.2,143.1,38.55,-105.23,US
Allosaurus fragilis,149.2,143.1,38.55,-105.23,US
Hypsirophus discurus,149.2,143.1,38.55,-105.23,US
Camptosaurus dispar,154.8,143.1,38.55,-105.23,US
Camarasaurus,154.8,143.1,38.55,-105.23,US
Camarasaurus,154.8,143.1,38.55,-105.23,US
Camarasaurus,154.8,143.1,38.55,-105.23,US
Camarasaurus supremus,154.8,143.1,38.55,-105.23,US
Camarasaurus supremus,154.8,143.1,38.55,-105.23,US
Amphicoelias altus,149.2,145.06,38.55,-105.24,US
Haplocanthosaurus delfsi,152.21,145.06,38.53,-105.22,US
Dryosaurus,154.8,152.21,38.53,-105.22,US
Camarasaurus supremus,154.8,143.1,38.52,-105.21,US
Allosaurus,152.21,145.06,38.54,-105.21,US
Stegosaurus stenops,152.21,145.06,38.54,-105.21,US
Brontosaurus excelsus,149.2,143.1,38.54,-105.21,US
Dryosaurus,149.2,143.1,38.54,-105.21,US
Stegosaurus stenops,149.2,143.1,38.54,-105.21,US
Camarasaurus grandis,149.2,143.1,38.54,-105.19,US
Allosaurus fragilis,149.2,143.1,38.54,-105.19,US
Diplodocus longus,149.2,143.1,38.54,-105.19,US
Stegosaurus,154.8,143.1,38.54,-105.19,US
Diplodocus,149.2,143.1,38.55,-105.23,US
Nanosaurus agilis,149.2,143.1,38.55,-105.23,US
Nanosaurus agilis,149.2,143.1,38.55,-105.23,US
Diplodocus,154.8,143.1,38.52,-105.21,US
Stegosaurus stenops,154.8,149.2,38.52,-105.21,US
Torvosaurus tanneri,154.8,149.2,38.52,-105.21,US
Allosaurus,152.21,145.06,38.52,-105.21,US
Neuquenraptor argentinus,93.9,85.7,-38.9,-69.55,AR
Byronosaurus jaffei,83.6,72.2,43.66,100.9,MN
Cedarosaurus weiskopfae,137.05,132.6,38.85,-109.56,US
Kentrosaurus aethiopicus,149.2,143.1,-9.7,39.23,TZ
Dicraeosaurus sattleri,149.2,143.1,-9.7,39.23,TZ
Kentrosaurus aethiopicus,149.2,143.1,-9.7,39.23,TZ
Kentrosaurus aethiopicus,149.2,143.1,-9.7,39.23,TZ
Dicraeosaurus sattleri,149.2,143.1,-9.7,39.23,TZ
Kentrosaurus aethiopicus,149.2,143.1,-9.7,39.23,TZ
Giraffatitan brancai,149.2,143.1,-9.7,39.23,TZ
Kentrosaurus aethiopicus,149.2,143.1,-9.7,39.23,TZ
Kentrosaurus aethiopicus,149.2,143.1,-9.7,39.23,TZ
Kentrosaurus aethiopicus,149.2,143.1,-9.71,39.24,TZ
Kentrosaurus aethiopicus,149.2,143.1,-9.71,39.23,TZ
Wamweracaudia keranjei,149.2,143.1,-9.71,39.23,TZ
Dicraeosaurus sattleri,149.2,143.1,-9.71,39.23,TZ
Kentrosaurus aethiopicus,149.2,143.1,-9.7,39.23,TZ
Giraffatitan brancai,149.2,143.1,-9.7,39.23,TZ
Kentrosaurus aethiopicus,149.2,143.1,-9.7,39.23,TZ
Kentrosaurus aethiopicus,152.21,143.1,-9.7,39.23,TZ
Kentrosaurus aethiopicus,152.21,143.1,-9.7,39.23,TZ
Kentrosaurus aethiopicus,152.21,143.1,-9.7,39.23,TZ
Giraffatitan brancai,152.21,143.1,-9.7,39.23,TZ
Kentrosaurus aethiopicus,152.21,143.1,-9.7,39.23,TZ
Kentrosaurus aethiopicus,152.21,143.1,-9.7,39.23,TZ
Kentrosaurus aethiopicus,152.21,143.1,-9.7,39.23,TZ
Giraffatitan brancai,149.2,143.1,-9.66,39.25,TZ
Kentrosaurus aethiopicus,149.2,143.1,-9.66,39.25,TZ
Giraffatitan brancai,149.2,143.1,-9.7,39.23,TZ
Wamweracaudia keranjei,149.2,143.1,-9.79,39.12,TZ
Tendaguria tanzaniensis,149.2,143.1,-9.7,39.23,TZ
Giraffatitan brancai,149.2,143.1,-9.7,39.23,TZ
Giraffatitan brancai,149.2,143.1,-9.7,39.23,TZ
Giraffatitan brancai,149.2,143.1,-9.7,39.23,TZ
Giraffatitan brancai,152.21,143.1,-9.7,39.23,TZ
Dicraeosaurus sattleri,149.2,143.1,-9.7,39.23,TZ
Dicraeosaurus sattleri,152.21,143.1,-9.7,39.23,TZ
Giraffatitan brancai,149.2,143.1,-9.7,39.23,TZ
Giraffatitan brancai,152.21,143.1,-9.7,39.23,TZ
Kentrosaurus aethiopicus,152.21,143.1,-9.7,39.23,TZ
Giraffatitan brancai,152.21,143.1,-9.7,39.23,TZ
Giraffatitan brancai,152.21,143.1,-9.7,39.23,TZ
Giraffatitan brancai,152.21,143.1,-9.7,39.23,TZ
Giraffatitan brancai,152.21,143.1,-9.7,39.23,TZ
Dicraeosaurus sattleri,152.21,143.1,-9.7,39.23,TZ
Giraffatitan brancai,152.21,143.1,-9.7,39.23,TZ
Giraffatitan brancai,149.2,143.1,-9.7,39.23,TZ
Dicraeosaurus hansemanni,149.2,143.1,-9.7,39.23,TZ
Tornieria africana,149.2,143.1,-9.7,39.23,TZ
Dicraeosaurus hansemanni,161.5,154.8,-9.7,39.23,TZ
Kentrosaurus aethiopicus,161.5,154.8,-9.7,39.23,TZ
Giraffatitan brancai,161.5,154.8,-9.7,39.23,TZ
Chirostenotes,72.2,66.0,47.55,-107.12,US
Richardoestesia gilmorei,72.2,66.0,47.55,-107.12,US
Richardoestesia,72.2,66.0,47.55,-107.13,US
Paronychodon,72.2,66.0,47.62,-107.32,US
Richardoestesia,72.2,66.0,43.18,-104.53,US
Triceratops,72.2,66.0,43.18,-104.53,US
Pectinodon bakkeri,72.2,66.0,43.18,-104.53,US
Edmontosaurus,72.2,66.0,43.18,-104.53,US
Saurornitholestes,83.6,72.2,48.93,-110.58,US
Stegoceras validum,83.6,72.2,48.93,-110.58,US
Albertosaurus,83.6,72.2,48.93,-110.58,US
Euoplocephalus,83.6,72.2,48.93,-110.58,US
Majungasaurus crenatissimus,72.2,66.0,-15.91,46.58,MG
Majungasaurus crenatissimus,72.2,66.0,-15.91,46.58,MG
Masiakasaurus knopfleri,72.2,66.0,-15.9,46.58,MG
Majungasaurus crenatissimus,72.2,66.0,-15.9,46.58,MG
Massospondylus,201.4,192.9,-19.97,28.4,ZW
Syntarsus,201.4,192.9,-28.98,27.37,ZA
Massospondylus,201.4,192.9,-28.98,27.37,ZA
Megapnosaurus rhodesiensis,201.4,192.9,-19.97,28.41,ZW
Coelophysis bauri,205.7,201.4,36.33,-106.47,US
Saturnalia,237.0,227.3,-16.23,30.33,ZW
Patagonykus puertai,93.9,85.7,-38.9,-69.55,AR
Chindesaurus bryansmalli,227.3,205.7,35.09,-109.79,US
Miragaia longispinus,154.8,143.1,42.55,-106.69,US
Galeamopus hayi,154.8,143.1,43.65,-106.78,US
Dryptosaurus aquilunguis,72.2,66.0,39.73,-75.16,US
Triceratops,72.2,66.0,37.58,-111.83,US
Stegoceras validum,83.6,72.2,50.4,-111.1,CA
Stegoceras validum,83.6,72.2,50.69,-111.62,CA
Stegoceras,83.6,72.2,47.78,-109.38,US
Thescelosaurus garbanii,72.2,66.0,47.57,-106.31,US
Parksosaurus warreni,72.2,66.0,50.9,-111.8,CA
Thescelosaurus neglectus,72.2,66.0,43.27,-104.57,US
Thescelosaurus edmontonensis,72.2,66.0,50.87,-112.99,CA
Thescelosaurus assiniboiensis,72.2,66.0,49.36,-108.46,CA
Thescelosaurus neglectus,72.2,66.0,47.94,-106.19,US
Plateosaurus engelhardti,227.3,205.7,46.9,5.77,FR
Plateosaurus engelhardti,227.3,205.7,46.84,5.66,FR
Plateosaurus,205.7,201.4,48.62,6.33,FR
Plateosaurus,227.3,205.7,46.67,5.55,FR
Gresslyosaurus plieningeri,227.3,205.7,46.67,5.55,FR
Camelotia borealis,205.7,201.4,51.22,-2.82,UK
Staurikosaurus pricei,237.0,227.3,-29.68,-53.8,BR
Appalachiosaurus montgomeriensis,83.6,72.2,32.15,-86.02,US
Plateosaurus engelhardti,227.3,205.7,49.52,11.13,DE
Liliensternus,227.3,205.7,49.52,11.13,DE
Plateosaurus,205.7,201.4,48.53,9.05,DE
Juratyrant langhami,145.06,143.1,50.6,-2.09,UK
Plateosaurus,227.3,205.7,48.75,9.17,DE
Plateosaurus erlenbergiensis,205.7,201.4,48.73,9.1,DE
Gresslyosaurus plieningeri,227.3,205.7,48.75,9.17,DE
Plateosaurus longiceps,205.7,201.4,51.9,11.07,DE
Ruehleia bedheimensis,227.3,205.7,50.38,10.55,DE
Liliensternus liliensterni,227.3,205.7,50.38,10.55,DE
Rhabdodon suessi,83.6,72.2,47.82,16.24,AT
Zalmoxes,83.6,72.2,47.82,16.24,AT
Struthiosaurus austriacus,83.6,72.2,47.82,16.24,AT
Struthiosaurus austriacus,83.6,72.2,47.82,16.24,AT
Struthiosaurus austriacus,83.6,72.2,47.82,16.24,AT
Struthiosaurus austriacus,83.6,72.2,47.82,16.24,AT
Zalmoxes,83.6,72.2,47.82,16.24,AT
Struthiosaurus austriacus,83.6,72.2,47.82,16.24,AT
Rhabdodon priscus,83.6,72.2,47.82,16.24,AT
Rhabdodon priscus,83.6,72.2,47.82,16.24,AT
Hungarosaurus tormai,85.7,83.6,47.22,17.6,HU
Hadrosaurus foulkii,83.6,72.2,39.91,-75.03,US
Mamenchisaurus,161.5,143.1,46.35,94.12,MN
Massospondylus carinatus,201.4,192.9,-30.6,27.62,ZA
Massospondylus carinatus,201.4,192.9,-28.95,27.43,ZA
Ngwevu intloko,201.4,192.9,-28.53,28.5,ZA
Massospondylus carinatus,192.9,184.2,-30.83,27.75,ZA
Lycorhinus angustidens,201.4,192.9,-28.5,28.62,ZA
Lapampasaurus cholinoi,72.2,66.0,-38.03,-67.82,AR
Kritosaurus,85.7,83.6,49.08,-111.44,CA
Edmontosaurus annectens,72.2,66.0,48.06,-105.4,US
Allosaurus fragilis,154.8,143.1,42.16,-105.91,US
Saurolophus,83.6,72.2,36.18,-107.89,US
Parasaurolophus,83.6,72.2,36.37,-108.26,US
Pachycephalosaurus wyomingensis,72.2,66.0,46.35,-103.9,US
Pachycephalosaurus wyomingensis,72.2,66.0,47.67,-106.37,US
Pachycephalosaurus wyomingensis,72.2,66.0,47.53,-106.92,US
Pachycephalosaurus wyomingensis,72.2,66.0,45.85,-104.83,US
Tyrannosaurus rex,72.2,66.0,47.96,-106.46,US
Pachycephalosaurus wyomingensis,72.2,66.0,47.96,-106.46,US
Tyrannosaurus rex,72.2,66.0,47.96,-106.46,US
Rhabdodon priscus,83.6,72.2,43.43,5.72,FR
Pyroraptor olympius,83.6,72.2,43.43,5.72,FR
Ampelosaurus atacis,72.2,66.0,42.91,2.2,FR
Variraptor mechinorum,72.2,66.0,42.91,2.2,FR
Rhabdodon priscus,72.2,66.0,42.91,2.2,FR
Gargantuavis philoinos,72.2,66.0,42.91,2.2,FR
Carcharodontosaurus,106.3,93.9,30.9,-3.97,MA
Obelignathus septimanicus,83.6,66.0,43.35,2.95,FR
Ampelosaurus atacis,83.6,66.0,43.35,2.95,FR
Isanosaurus attavipachi,192.9,174.7,16.33,101.98,TH
Fenestrosaurus philoceratops,83.6,72.2,44.16,103.69,MN
Mongolosaurus haplodon,121.4,100.5,41.42,102.07,CN
Archaeornithomimus asiaticus,83.6,72.2,43.83,112.43,CN
Bactrosaurus johnsoni,83.6,72.2,43.74,112.18,CN
Archaeornithomimus asiaticus,83.6,72.2,43.74,112.18,CN
Psittacosaurus mongoliensis,143.1,100.5,44.24,102.73,MN
Psittacosaurus,143.1,100.5,44.24,102.73,MN
Psittacosaurus mongoliensis,143.1,100.5,44.24,102.73,MN
Psittacosaurus mongoliensis,143.1,100.5,44.75,101.87,MN
Psittacosaurus,143.1,100.5,44.75,101.87,MN
Ovoraptor djadochtari,83.6,72.2,44.16,103.69,MN
Ornithoides oshiensis,83.6,72.2,44.16,103.69,MN
Agujaceratops mariscalensis,83.6,72.2,29.13,-103.2,US
Gilmoreosaurus mongoliensis,83.6,72.2,43.77,111.93,CN
Ornithomimus velox,72.2,66.0,39.68,-105.1,US
Ornithomimus tenuis,83.6,72.2,47.77,-108.95,US
Tyrannosaurus rex,72.2,66.0,48.29,-105.84,US
Triceratops horridus,72.2,66.0,47.84,-106.16,US
Niobrarasaurus coleii,89.8,85.7,38.75,-100.21,US
Silvisaurus,100.5,66.0,38.99,-98.77,US
Niobrarasaurus coleii,85.7,83.6,38.68,-100.28,US
Tugulusaurus faciles,137.05,100.5,46.04,85.79,CN
Xinjiangovenator parvus,137.05,100.5,46.1,85.67,CN
Allosaurus fragilis,154.8,143.1,42.02,-106.05,US
Ornitholestes hermanni,154.8,143.1,42.02,-106.05,US
Paronychodon,72.2,66.0,43.15,-104.57,US
Thescelosaurus,72.2,66.0,43.15,-104.57,US
Richardoestesia isosceles,72.2,66.0,47.52,-106.98,US
Chirostenotes,72.2,66.0,47.57,-107.1,US
Paronychodon,72.2,66.0,47.57,-107.1,US
Chirostenotes,72.2,66.0,47.55,-107.1,US
Thescelosaurus,72.2,66.0,47.55,-107.1,US
Richardoestesia isosceles,72.2,66.0,47.55,-107.1,US
Chirostenotes,72.2,66.0,47.57,-107.1,US
Chirostenotes,72.2,66.0,47.57,-107.1,US
Paronychodon,72.2,66.0,47.57,-107.1,US
Richardoestesia isosceles,72.2,66.0,47.52,-106.4,US
Edmontosaurus,72.2,66.0,47.52,-106.4,US
Chirostenotes,72.2,66.0,47.52,-106.42,US
Richardoestesia gilmorei,72.2,66.0,47.52,-106.42,US
Edmontosaurus,72.2,66.0,47.52,-106.4,US
Paronychodon,72.2,66.0,47.52,-106.4,US
Richardoestesia,72.2,66.0,47.52,-106.4,US
Richardoestesia isosceles,72.2,66.0,47.52,-106.4,US
Pectinodon,72.2,66.0,47.52,-106.4,US
Thescelosaurus,72.2,66.0,47.52,-106.4,US
Stegoceras validum,83.6,72.2,48.93,-110.58,US
Euoplocephalus,83.6,72.2,48.93,-110.58,US
Edmontonia,83.6,72.2,48.93,-110.58,US
Troodon,72.2,66.0,47.65,-106.65,US
Richardoestesia,72.2,66.0,47.65,-106.65,US
Pachycephalosaurus wyomingensis,72.2,66.0,47.6,-106.38,US
Triceratops,72.2,66.0,47.6,-106.38,US
Richardoestesia gilmorei,72.2,66.0,47.55,-107.25,US
Chirostenotes,72.2,66.0,47.55,-107.25,US
Troodon,72.2,66.0,43.13,-104.49,US
Richardoestesia,72.2,66.0,43.13,-104.49,US
Paronychodon,72.2,66.0,43.13,-104.49,US
Dryptosaurus,72.2,66.0,43.13,-104.49,US
Richardoestesia,72.2,66.0,47.52,-107.18,US
Troodon,72.2,66.0,47.52,-107.18,US
Paronychodon,72.2,66.0,47.52,-107.18,US
Chirostenotes,72.2,66.0,47.53,-106.92,US
Thescelosaurus,72.2,66.0,47.53,-106.92,US
Richardoestesia gilmorei,72.2,66.0,47.53,-106.92,US
Richardoestesia,72.2,66.0,43.23,-104.58,US
Troodon,72.2,66.0,47.07,-106.92,US
Chirostenotes,72.2,66.0,47.07,-106.92,US
Paronychodon,72.2,66.0,47.07,-106.92,US
Edmontonia,72.2,66.0,47.07,-106.92,US
Thescelosaurus,72.2,66.0,47.07,-106.92,US
Richardoestesia gilmorei,72.2,66.0,47.07,-106.92,US
Paronychodon,72.2,66.0,43.12,-104.64,US
Triceratops,72.2,66.0,43.12,-104.64,US
Saurornithoides,72.2,66.0,43.12,-104.64,US
Pachycephalosaurus wyomingensis,72.2,66.0,43.12,-104.64,US
Edmontosaurus,72.2,66.0,43.12,-104.64,US
Ankylosaurus magniventris,72.2,66.0,43.12,-104.64,US
Richardoestesia isosceles,72.2,66.0,43.12,-104.64,US
Ornithomimus,72.2,66.0,43.12,-104.64,US
Tyrannosaurus rex,72.2,66.0,43.12,-104.64,US
Paronychodon,72.2,66.0,47.6,-106.27,US
Thescelosaurus,72.2,66.0,47.6,-106.27,US
Richardoestesia,72.2,66.0,47.6,-106.28,US
Hypacrosaurus altispinus,72.2,66.0,51.91,-113.01,CA
Chirostenotes,72.2,66.0,47.52,-107.05,US
Thescelosaurus,72.2,66.0,47.52,-107.05,US
Richardoestesia,72.2,66.0,47.52,-107.05,US
Triceratops,72.2,66.0,47.53,-106.88,US
Patagopelta cristata,72.2,66.0,-39.3,-67.53,AR
Anabisetia saldiviai,93.9,89.8,-39.07,-69.15,AR
Anabisetia saldiviai,93.9,89.8,-39.07,-69.15,AR
Xenotarsosaurus bonapartei,100.5,89.8,-45.32,-69.62,AR
Brachiosaurus,149.2,143.1,-16.27,30.8,ZW
Dicraeosaurus,149.2,143.1,-16.27,30.8,ZW
Camarasaurus,149.2,143.1,-16.27,30.8,ZW
Barosaurus,149.2,143.1,-16.27,30.8,ZW
Camarasaurus,149.2,143.1,-16.26,30.69,ZW
Ornithomimus,72.2,66.0,43.23,-104.53,US
Richardoestesia,72.2,66.0,47.73,-106.5,US
Richardoestesia,72.2,66.0,43.15,-104.57,US
Richardoestesia,72.2,66.0,47.8,-106.1,US
Richardoestesia,72.2,66.0,47.65,-106.2,US
Chirostenotes,72.2,66.0,47.87,-106.18,US
Triceratops,72.2,66.0,47.8,-106.1,US
Paronychodon,72.2,66.0,47.8,-106.1,US
Troodon,72.2,66.0,47.8,-106.1,US
Richardoestesia,72.2,66.0,47.63,-106.2,US
Richardoestesia,72.2,66.0,47.63,-106.2,US
Richardoestesia isosceles,72.2,66.0,47.63,-106.2,US
Zapsalis,72.2,66.0,47.63,-106.2,US
Richardoestesia,72.2,66.0,47.62,-106.18,US
Triceratops,72.2,66.0,47.62,-106.18,US
Richardoestesia,72.2,66.0,47.62,-106.18,US
Paronychodon,72.2,66.0,47.62,-106.18,US
Troodon,72.2,66.0,47.62,-106.18,US
Paronychodon,72.2,66.0,47.62,-106.18,US
Euoplocephalus tutus,83.6,72.2,50.4,-111.1,CA
Dacentrurus,154.8,149.2,39.5,-9.09,PT
Lourinhasaurus alenquerensis,152.21,149.2,39.04,-9.01,PT
Dacentrurus,152.21,145.06,39.45,-9.21,PT
Dacentrurus,152.21,149.2,39.37,-9.33,PT
Lusotitan atalaiensis,152.21,145.06,39.24,-9.34,PT
Morosaurus marchei,152.21,149.2,39.66,-8.58,PT
Lourinhasaurus alenquerensis,152.21,149.2,39.66,-8.58,PT
Lourinhasaurus alenquerensis,152.21,145.06,39.22,-9.34,PT
Hypacrosaurus altispinus,83.6,66.0,51.96,-112.91,CA
Edmontosaurus regalis,72.2,66.0,51.65,-112.91,CA
Lambeosaurus lambei,83.6,72.2,50.73,-111.56,CA
Lambeosaurus lambei,83.6,72.2,50.79,-111.49,CA
Lambeosaurus lambei,83.6,72.2,50.75,-111.47,CA
Edmontosaurus annectens,72.2,66.0,43.34,-104.53,US
Duriatitan humerocristatus,152.21,145.06,39.29,-9.34,PT
Lourinhasaurus alenquerensis,152.21,149.2,39.55,-8.98,PT
Iguanodon,125.77,121.4,38.42,-9.21,PT
Lourinhanosaurus antunesi,152.21,149.2,39.14,-9.19,PT
Draconyx loureiroi,149.2,145.06,39.28,-9.33,PT
Ceratosaurus,152.21,149.2,39.11,-9.21,PT
Torvosaurus gurneyi,152.21,149.2,39.4,-9.13,PT
Lourinhanosaurus antunesi,152.21,145.06,39.28,-9.33,PT
Paronychodon,72.2,66.0,40.2,-8.5,PT
Dinheirosaurus lourinhanensis,152.21,149.2,39.22,-9.34,PT
Spinosaurus aegyptiacus,100.5,93.9,28.38,28.93,EG
Poekilopleuron bucklandii,168.2,165.3,49.19,-0.4,FR
Allosaurus fragilis,152.21,143.1,36.9,-102.83,US
Streptospondylus altdorfensis,165.3,159.0,49.42,0.23,FR
Psittacosaurus mongoliensis,121.4,113.2,41.5,106.98,CN
Sauroplites scutiger,121.4,113.2,41.5,106.98,CN
Alectrosaurus olseni,83.6,72.2,43.73,112.02,CN
Alectrosaurus olseni,83.6,72.2,43.72,112.03,CN
Bactrosaurus johnsoni,83.6,72.2,43.74,112.18,CN
Dakotadon lakotaensis,137.05,132.6,44.47,-103.62,US
Ekrixinatosaurus novasi,113.2,110.1,-39.4,-69.2,AR
Unenlagia paynemili,93.9,85.7,-38.45,-68.72,AR
Megaraptor namunhuaiquii,93.9,85.7,-38.45,-68.72,AR
Futalognkosaurus dukei,93.9,85.7,-38.45,-68.72,AR
Gojirasaurus quayi,227.3,205.7,35.37,-103.38,US
Lufengosaurus huenei,201.4,199.5,25.17,102.08,CN
Lufengosaurus magnus,201.4,199.5,25.17,102.08,CN
Lufengosaurus huenei,201.4,199.5,25.18,102.09,CN
Gyposaurus sinensis,201.4,199.5,25.18,102.09,CN
Lufengosaurus magnus,201.4,199.5,25.18,102.09,CN
Sinosaurus triassicus,201.4,199.5,25.18,102.09,CN
Ornitholestes,152.21,145.06,38.58,-108.4,US
Coelurus,152.21,145.06,38.58,-108.4,US
Ceratosaurus,152.21,145.06,38.58,-108.4,US
Stokesosaurus,152.21,145.06,38.58,-108.4,US
Marshosaurus,152.21,145.06,38.58,-108.4,US
Apatosaurus,152.21,145.06,38.58,-108.4,US
Barosaurus,152.21,145.06,38.58,-108.4,US
Camarasaurus,152.21,145.06,38.58,-108.4,US
Dryosaurus altus,152.21,145.06,38.58,-108.4,US
Camptosaurus,152.21,145.06,38.58,-108.4,US
Stegosaurus,152.21,145.06,38.58,-108.4,US
Allosaurus jimmadseni,152.21,145.06,38.58,-108.4,US
Archaeornithoides deinosauriscus,83.6,72.2,44.16,103.69,MN
Tyrannosaurus rex,72.2,66.0,39.75,-105.2,US
Edmontosaurus regalis,72.2,66.0,40.29,-106.86,US
Tyrannosaurus,72.2,66.0,39.75,-105.2,US
Triceratops,72.2,66.0,39.81,-105.01,US
Edmontonia,72.2,66.0,39.79,-105.02,US
Ornithomimus velox,72.2,66.0,39.79,-105.02,US
Triceratops horridus,72.2,66.0,40.67,-104.33,US
Tyrannosaurus rex,72.2,66.0,39.87,-105.11,US
Torosaurus latus,72.2,66.0,39.84,-105.18,US
Tyrannosaurus rex,72.2,66.0,39.61,-105.02,US
Dromaeosaurus,72.2,66.0,39.84,-105.04,US
Tyrannosaurus rex,72.2,66.0,39.84,-105.04,US
Pachycephalosaurus wyomingensis,72.2,66.0,39.84,-105.04,US
Edmontonia,72.2,66.0,39.84,-105.04,US
Tyrannosaurus rex,72.2,66.0,39.87,-105.11,US
Ornithomimus velox,72.2,66.0,39.93,-105.04,US
Ornithomimus velox,72.2,66.0,39.62,-104.04,US
Bonatitan reigi,72.2,66.0,-40.06,-66.8,AR
Allosaurus,154.8,143.1,40.53,-109.39,US
Diplodocus,152.21,143.1,36.9,-102.83,US
Apatosaurus,152.21,143.1,36.9,-102.83,US
Stegosaurus,152.21,143.1,36.9,-102.83,US
Camptosaurus,152.21,143.1,36.9,-102.83,US
Allosaurus,152.21,143.1,36.93,-102.97,US
Camarasaurus,152.21,143.1,36.93,-102.97,US
Apatosaurus,152.21,143.1,36.93,-102.97,US
Diplodocus,152.21,143.1,36.93,-102.97,US
Stegosaurus,152.21,143.1,36.93,-102.97,US
Camptosaurus,152.21,143.1,36.93,-102.97,US
Saurophaganax,152.21,143.1,36.93,-102.98,US
Camarasaurus,152.21,143.1,36.93,-102.98,US
Diplodocus,152.21,143.1,36.93,-102.98,US
Apatosaurus,152.21,143.1,36.93,-102.98,US
Camptosaurus,152.21,143.1,36.93,-102.98,US
Camptosaurus,149.2,143.1,36.92,-102.98,US
Diplodocus,154.8,143.1,39.13,-108.73,US
Allosaurus fragilis,152.21,145.06,41.97,-106.29,US
Barosaurus,152.21,145.06,41.97,-106.29,US
Camarasaurus grandis,152.21,145.06,41.97,-106.29,US
Diplodocus,152.21,145.06,41.97,-106.29,US
Apatosaurus,152.21,145.06,41.97,-106.29,US
Stegosaurus stenops,152.21,145.06,41.97,-106.29,US
Gargoyleosaurus parkpinorum,152.21,145.06,41.97,-106.29,US
Dryosaurus,152.21,145.06,41.97,-106.29,US
Camptosaurus,152.21,145.06,41.97,-106.29,US
Hesperosaurus mjosi,154.8,149.2,41.98,-106.14,US
Dryosaurus altus,154.8,143.1,42.02,-106.05,US
Allosaurus fragilis,154.8,143.1,39.17,-109.25,US
Paronychodon,100.5,93.9,39.05,-111.04,US
Sauropelta,121.4,113.2,38.76,-109.74,US
Apatosaurus,154.8,149.2,38.54,-106.81,US
Allosaurus,149.2,143.1,38.85,-108.48,US
Allosaurus,154.8,143.1,38.58,-108.4,US
Barosaurus,154.8,143.1,38.58,-108.4,US
Camptosaurus,154.8,143.1,38.58,-108.4,US
Brachiosaurus altithorax,154.8,143.1,38.64,-108.19,US
Allosaurus,154.8,149.2,45.54,-110.62,US
Apatosaurus,149.2,143.1,44.47,-103.31,US
Allosaurus,154.8,143.1,39.01,-110.37,US
Camarasaurus,154.8,143.1,39.01,-110.37,US
Stegosaurus,154.8,143.1,39.01,-110.37,US
Torvosaurus tanneri,154.8,143.1,41.89,-106.0,US
Torvosaurus tanneri,154.8,143.1,41.89,-106.0,US
Allosaurus,154.8,143.1,41.89,-106.0,US
Camarasaurus,154.8,143.1,41.89,-106.0,US
Apatosaurus,154.8,143.1,41.89,-106.0,US
Stegosaurus,154.8,143.1,41.89,-106.0,US
Allosaurus,154.8,143.1,41.89,-106.0,US
Camarasaurus,154.8,143.1,41.89,-106.0,US
Diplodocus,154.8,143.1,41.89,-106.0,US
Brontosaurus excelsus,154.8,143.1,41.89,-106.0,US
Stegosaurus,154.8,143.1,41.89,-106.0,US
Nanosaurus agilis,149.2,143.1,41.91,-105.96,US
Camarasaurus,149.2,143.1,44.53,-103.83,US
Apatosaurus,149.2,143.1,44.53,-103.83,US
Allosaurus,149.2,143.1,44.53,-103.83,US
Barosaurus lentus,154.8,143.1,44.18,-103.34,US
Allosaurus,154.8,143.1,44.18,-103.34,US
Camarasaurus,154.8,143.1,43.41,-103.41,US
Barosaurus,154.8,143.1,44.46,-104.73,US
Camarasaurus,154.8,143.1,44.46,-104.73,US
Nanosaurus agilis,154.8,143.1,44.46,-104.73,US
Nanosaurus agilis,154.8,143.1,44.46,-104.73,US
Barosaurus,154.8,143.1,44.25,-104.41,US
Nanosaurus agilis,154.8,143.1,44.46,-104.73,US
Nanosaurus agilis,154.8,143.1,44.46,-104.73,US
Ceratosaurus nasicornis,154.8,143.1,39.15,-108.77,US
Lophostropheus airelensis,205.7,199.5,49.22,1.08,FR
Allosaurus fragilis,149.2,143.1,39.32,-110.69,US
Marshosaurus bicentesimus,149.2,143.1,39.32,-110.69,US
Stokesosaurus clevelandi,149.2,143.1,39.32,-110.69,US
Gyposaurus sinensis,199.5,192.9,25.17,102.1,CN
Lufengosaurus huenei,199.5,192.9,25.17,102.1,CN
Lufengosaurus magnus,199.5,192.9,25.17,102.1,CN
Chinshakiangosaurus chunghoensis,201.4,199.5,26.17,101.42,CN
Gyposaurus sinensis,201.4,174.7,27.0,107.0,CN
Yangchuanosaurus shangyouensis,168.2,161.5,29.33,105.68,CN
Mamenchisaurus hochuanensis,161.5,143.1,36.34,102.85,CN
Psittacosaurus mongoliensis,143.1,100.5,41.02,110.08,CN
Tarbosaurus bataar,72.2,66.0,33.93,111.77,CN
Wuerhosaurus homheni,137.05,100.5,46.04,85.79,CN
Kelmayisaurus petrolicus,137.05,100.5,46.1,85.67,CN
Wuerhosaurus homheni,137.05,100.5,46.1,85.67,CN
Megalosaurus,149.2,143.1,-9.7,39.24,TZ
Falcarius utahensis,143.1,132.6,38.91,-110.1,US
Triceratops,72.2,66.0,45.75,-101.2,US
Thescelosaurus neglectus,72.2,66.0,45.0,-103.18,US
Thescelosaurus neglectus,72.2,66.0,43.27,-104.57,US
Triceratops,72.2,66.0,42.65,-105.24,US
Triceratops horridus,72.2,66.0,43.27,-104.6,US
Edmontosaurus,72.2,66.0,47.64,-106.7,US
Polacanthus,132.6,121.4,42.02,-3.23,ES
Rhabdodon,83.6,72.2,41.08,-4.32,ES
Iberomesornis,125.77,121.4,40.06,-1.88,ES
Eoalulavis hoyasi,125.77,121.4,40.06,-1.88,ES
Tenontosaurus tilletti,121.4,110.1,45.44,-108.16,US
Tenontosaurus tilletti,110.1,93.9,45.49,-108.52,US
Sauropelta edwardsorum,121.4,93.9,45.49,-108.52,US
Tenontosaurus,110.1,93.9,44.49,-107.86,US
Deinonychus antirrhopus,121.4,110.1,44.51,-107.9,US
Sauropelta edwardsorum,110.1,93.9,44.54,-108.01,US
Tenontosaurus tilletti,121.4,110.1,44.96,-108.3,US
Deinonychus antirrhopus,121.4,110.1,44.98,-108.32,US
Tenontosaurus tilletti,121.4,110.1,44.98,-108.32,US
Psittacosaurus,125.77,119.57,41.6,120.87,CN
Sinosauropteryx prima,125.77,119.57,41.6,120.87,CN
Psittacosaurus,125.77,119.57,41.6,120.87,CN
Psittacosaurus,125.77,119.57,41.6,120.87,CN
Sinosauropteryx prima,125.77,119.57,41.6,120.87,CN
Tenontosaurus,110.1,93.9,45.44,-108.08,US
Sauropelta edwardsorum,110.1,93.9,45.44,-108.08,US
Sauropelta edwardsorum,110.1,93.9,45.42,-108.08,US
Tenontosaurus,110.1,93.9,45.42,-108.08,US
Tenontosaurus tilletti,110.1,93.9,45.41,-108.2,US
Deinonychus antirrhopus,110.1,93.9,45.42,-108.18,US
Sauropelta edwardsorum,110.1,93.9,45.42,-108.18,US
Tenontosaurus tilletti,110.1,93.9,45.4,-108.22,US
Tenontosaurus tilletti,110.1,93.9,45.38,-108.2,US
Tenontosaurus,110.1,93.9,45.38,-108.24,US
Microvenator celer,110.1,93.9,46.34,-109.69,US
Deinonychus antirrhopus,110.1,93.9,46.34,-109.69,US
Tenontosaurus tilletti,113.2,100.5,45.12,-108.71,US
Sauropelta edwardsorum,113.2,100.5,45.12,-108.71,US
Tenontosaurus tilletti,113.2,100.5,45.15,-108.73,US
Deinonychus antirrhopus,113.2,100.5,45.2,-108.81,US
Tenontosaurus tilletti,113.2,100.5,45.2,-108.81,US
Deinonychus antirrhopus,113.2,100.5,45.36,-108.75,US
Deinonychus,113.2,100.5,43.22,-107.57,US
Tenontosaurus,113.2,100.5,43.19,-107.69,US
Deinonychus,113.2,100.5,45.36,-108.81,US
Tenontosaurus tilletti,113.2,100.5,45.36,-108.81,US
Sauropelta edwardsorum,113.2,100.5,45.36,-108.81,US
Tenontosaurus tilletti,110.1,93.9,45.34,-108.81,US
Deinonychus antirrhopus,113.2,100.5,45.34,-108.81,US
Tenontosaurus tilletti,113.2,100.5,45.34,-108.81,US
Tenontosaurus tilletti,113.2,100.5,45.24,-108.81,US
Sauropelta,110.1,93.9,44.69,-108.24,US
Deinonychus antirrhopus,110.1,93.9,44.98,-108.32,US
Sauroposeidon proteles,110.1,93.9,44.98,-108.32,US
Sauropelta edwardsorum,110.1,93.9,44.98,-108.32,US
Sauropelta,110.1,93.9,44.98,-108.32,US
Sauropelta edwardsorum,113.2,100.5,44.98,-108.32,US
Deinonychus antirrhopus,110.1,93.9,44.98,-108.32,US
Acrocanthosaurus atokensis,110.1,93.9,44.98,-108.32,US
Microvenator celer,110.1,93.9,44.98,-108.32,US
Sauroposeidon proteles,110.1,93.9,44.98,-108.32,US
Tenontosaurus tilletti,110.1,93.9,44.98,-108.32,US
Sauropelta edwardsorum,110.1,93.9,44.98,-108.32,US
Sauropelta,110.1,93.9,44.98,-108.32,US
Sauropelta edwardsorum,110.1,93.9,44.98,-108.32,US
Sauropelta,110.1,93.9,44.98,-108.32,US
Tenontosaurus tilletti,113.2,100.5,44.98,-108.34,US
Tenontosaurus,110.1,93.9,45.45,-108.1,US
Sauropelta edwardsorum,110.1,93.9,45.45,-108.1,US
Sauropelta edwardsorum,113.2,100.5,45.44,-108.16,US
Tenontosaurus tilletti,113.2,100.5,45.44,-108.14,US
Tenontosaurus tilletti,113.2,100.5,45.38,-108.26,US
Deinonychus antirrhopus,113.2,100.5,45.38,-108.26,US
Tenontosaurus tilletti,113.2,100.5,45.38,-108.29,US
Tenontosaurus tilletti,113.2,100.5,45.38,-108.29,US
Sauropelta edwardsorum,113.2,100.5,45.38,-108.29,US
Tenontosaurus tilletti,113.2,100.5,45.41,-108.04,US
Sauropelta edwardsorum,113.2,100.5,45.41,-108.04,US
Deinonychus antirrhopus,113.2,100.5,45.41,-108.04,US
Tenontosaurus tilletti,113.2,100.5,45.41,-108.04,US
Sauropelta edwardsorum,113.2,100.5,44.98,-108.32,US
Sauropelta,113.2,100.5,44.98,-108.32,US
Sauropelta,113.2,100.5,45.35,-108.1,US
Tenontosaurus,113.2,100.5,45.35,-108.1,US
Tenontosaurus tilletti,113.2,100.5,45.35,-108.1,US
Deinonychus antirrhopus,113.2,100.5,45.35,-108.1,US
Tenontosaurus tilletti,113.2,100.5,45.35,-108.1,US
Deinonychus antirrhopus,113.2,100.5,45.28,-108.81,US
Tenontosaurus tilletti,113.2,100.5,45.28,-108.81,US
Tenontosaurus tilletti,110.1,93.9,45.28,-108.81,US
Tenontosaurus tilletti,121.4,100.5,46.27,-109.89,US
Tenontosaurus tilletti,121.4,100.5,45.44,-108.14,US
Tenontosaurus tilletti,121.4,100.5,45.44,-108.14,US
Deinonychus antirrhopus,121.4,100.5,45.44,-108.14,US
Tenontosaurus tilletti,121.4,100.5,45.44,-108.14,US
Tenontosaurus tilletti,121.4,100.5,45.44,-108.14,US
Deinonychus antirrhopus,121.4,100.5,45.44,-108.16,US
Sauropelta,121.4,100.5,45.37,-108.26,US
Tenontosaurus tilletti,121.4,100.5,45.45,-108.1,US
Tenontosaurus tilletti,121.4,100.5,46.34,-109.71,US
Tenontosaurus,121.4,100.5,45.44,-108.16,US
Sauropelta edwardsorum,113.2,100.5,45.44,-108.16,US
Tenontosaurus,113.2,100.5,45.44,-108.16,US
Tenontosaurus tilletti,113.2,100.5,45.44,-108.14,US
Deinonychus antirrhopus,110.1,93.9,45.44,-108.14,US
Tenontosaurus,110.1,93.9,45.44,-108.14,US
Tenontosaurus,110.1,93.9,45.44,-108.14,US
Deinonychus,113.2,100.5,45.23,-108.81,US
Tenontosaurus tilletti,113.2,100.5,45.23,-108.81,US
Tenontosaurus tilletti,113.2,100.5,45.23,-108.81,US
Deinonychus,113.2,100.5,45.23,-108.81,US
Tenontosaurus tilletti,113.2,100.5,45.23,-108.81,US
Deinonychus antirrhopus,113.2,100.5,45.23,-108.81,US
Tenontosaurus tilletti,113.2,100.5,45.23,-108.81,US
Tenontosaurus tilletti,121.4,100.5,45.23,-108.81,US
Sauropelta edwardsorum,121.4,100.5,45.47,-108.12,US
Tenontosaurus tilletti,121.4,100.5,45.47,-108.12,US
Diplodocus,154.8,143.1,45.45,-108.1,US
Sauropelta edwardsorum,121.4,100.5,45.47,-108.12,US
Tenontosaurus tilletti,113.2,100.5,46.32,-109.71,US
Tenontosaurus tilletti,121.4,100.5,46.32,-109.71,US
Tenontosaurus tilletti,121.4,100.5,46.32,-109.71,US
Sauropelta,121.4,100.5,46.32,-109.71,US
Psittacosaurus mongoliensis,121.4,113.2,41.5,106.98,CN
Velociraptor mongoliensis,83.6,66.0,41.5,106.98,CN
Sinocephale bexelli,83.6,66.0,41.43,103.54,CN
Ohmdenosaurus liasicus,182.9,180.4,48.65,9.52,DE
Megapnosaurus rhodesiensis,201.4,192.9,-16.12,29.5,ZW
Megapnosaurus rhodesiensis,201.4,192.9,-16.22,30.1,ZW
Stegoceras validum,83.6,72.2,48.97,-110.55,US
Hesperornis,83.6,72.2,48.97,-110.55,US
Stegoceras validum,83.6,72.2,48.97,-110.93,US
Stegoceras validum,83.6,72.2,48.93,-110.58,US
Stegoceras,83.6,72.2,48.93,-110.58,US
Stegoceras validum,83.6,72.2,48.95,-110.62,US
Stegoceras validum,83.6,72.2,48.98,-110.45,US
Malawisaurus dixeyi,121.4,113.2,-10.28,34.03,MW
Malawisaurus dixeyi,121.4,113.2,-10.28,34.03,MW
Malawisaurus dixeyi,121.4,113.2,-10.28,34.03,MW
Malawisaurus dixeyi,121.4,113.2,-10.28,34.03,MW
Malawisaurus dixeyi,121.4,113.2,-10.28,34.02,MW
Karongasaurus gittelmani,121.4,113.2,-10.28,34.03,MW
Karongasaurus gittelmani,121.4,113.2,-10.28,34.03,MW
Chirostenotes,83.6,72.2,46.46,-109.41,US
Chirostenotes,83.6,72.2,46.46,-109.41,US
Gryposaurus,83.6,72.2,46.46,-109.41,US
Stegoceras,83.6,72.2,46.46,-109.41,US
Euoplocephalus,83.6,72.2,46.46,-109.41,US
Centrosaurus,83.6,72.2,46.46,-109.41,US
Saurornitholestes langstoni,83.6,72.2,46.1,-109.1,US
Troodon formosus,83.6,72.2,46.1,-109.1,US
Stegoceras,83.6,72.2,46.46,-109.41,US
Troodon formosus,83.6,72.2,46.4,-109.66,US
Stegoceras,83.6,72.2,46.4,-109.66,US
Chasmosaurus,83.6,72.2,46.4,-109.66,US
Centrosaurus,83.6,72.2,46.1,-109.11,US
Triceratops horridus,72.2,66.0,43.14,-104.71,US
Shuvuuia deserti,83.6,72.2,44.22,103.27,MN
Demandasaurus darwini,125.77,119.57,42.02,-3.4,ES
Jiangshanosaurus lixianensis,100.5,89.8,28.6,118.52,CN
Narindasaurus thevenini,168.2,165.3,-14.62,48.02,MG
Majungasaurus crenatissimus,72.2,66.0,-15.93,46.52,MG
Brachytrachelopan mesai,154.8,145.06,-43.22,-69.1,AR
Edmontosaurus regalis,72.2,66.0,51.53,-112.88,CA
Vagaceratops irvinensis,83.6,72.2,49.14,-110.42,CA
Vagaceratops irvinensis,83.6,72.2,49.2,-110.6,CA
Craspedodon lonzeensis,89.8,83.6,50.55,4.73,BE
Parasaurolophus cyrtocristatus,83.6,72.2,35.95,-108.0,US
Lectavis bretincola,72.2,66.0,-26.07,-65.37,AR
Soroavisaurus australis,72.2,66.0,-26.07,-65.37,AR
Yungavolucris brevipedalis,72.2,66.0,-26.07,-65.37,AR
Neuquensaurus,85.7,83.6,-38.95,-68.23,AR
Neuquensaurus australis,85.7,83.6,-38.95,-68.23,AR
Antarctosaurus,89.8,83.6,-36.94,-70.28,AR
Neuquensaurus australis,83.6,72.2,-38.84,-68.04,AR
Laplatasaurus araukanicus,83.6,72.2,-38.84,-68.04,AR
Neuquensaurus,83.6,72.2,-37.87,-67.83,AR
Pellegrinisaurus powelli,72.2,66.0,-38.76,-67.98,AR
Antarctosaurus wichmannianus,83.6,72.2,-39.12,-67.65,AR
Neuquensaurus,85.7,83.6,-39.73,-68.52,AR
Bonitasaura,85.7,83.6,-39.73,-68.52,AR
Argyrosaurus superbus,83.6,66.0,-45.45,-69.22,AR
Elaltitan lilloi,89.8,85.7,-45.97,-69.43,AR
Nullotitan glaciaris,72.2,66.0,-50.48,-72.56,AR
Antarctosaurus,83.6,66.0,-20.8,-49.38,BR
Baurutitan britoi,72.2,66.0,-19.72,-47.74,BR
Baurutitan britoi,72.2,66.0,-19.72,-47.74,BR
Saurornitholestes langstoni,83.6,72.2,46.1,-109.1,US
Troodon formosus,83.6,72.2,46.1,-109.1,US
Richardoestesia gilmorei,83.6,72.2,46.1,-109.1,US
Dromaeosaurus albertensis,83.6,72.2,46.42,-109.27,US
Saurornitholestes langstoni,83.6,72.2,46.42,-109.27,US
Richardoestesia gilmorei,83.6,72.2,46.42,-109.27,US
Dromaeosaurus albertensis,83.6,72.2,46.44,-109.83,US
Arcovenator,72.2,66.0,43.46,5.79,FR
Angaturama limai,119.57,113.2,-7.22,-39.27,BR
Piveteausaurus divesensis,165.3,161.5,49.3,-0.09,FR
Acrocanthosaurus atokensis,119.57,113.2,32.75,-97.78,US
Deltadromeus agilis,100.5,93.9,28.43,28.91,EG
Carcharodontosaurus saharicus,100.5,93.9,28.43,28.91,EG
Erectopus sauvagei,100.5,93.9,28.43,28.91,EG
Bahariasaurus ingens,100.5,93.9,28.42,28.92,EG
Deltadromeus agilis,100.5,93.9,28.43,28.96,EG
Erectopus sauvagei,100.5,93.9,28.36,28.9,EG
Bahariasaurus ingens,100.5,93.9,28.48,29.04,EG
Spinosaurus aegyptiacus,100.5,93.9,28.42,28.9,EG
Deltadromeus agilis,100.5,93.9,28.43,28.9,EG
Erectopus sauvagei,100.5,93.9,28.41,28.91,EG
Spinosaurus aegyptiacus,100.5,93.9,28.33,29.12,EG
Deltadromeus agilis,100.5,93.9,28.43,28.92,EG
Europasaurus holgeri,152.21,149.2,51.9,10.48,DE
Burianosaurus augustai,100.5,93.9,49.93,15.18,CZ
Lambeosaurus clavinitialis,83.6,72.2,50.75,-111.51,CA
Lambeosaurus clavinitialis,83.6,72.2,50.73,-111.51,CA
Lambeosaurus magnicristatus,83.6,72.2,50.74,-111.56,CA
Dromaeosaurus albertensis,110.1,93.9,69.15,-153.25,US
Dromaeosaurus albertensis,72.2,66.0,69.83,-151.52,US
Nanuqsaurus hoglundi,72.2,66.0,69.83,-151.52,US
Dromaeosaurus albertensis,72.2,66.0,70.07,-151.58,US
Troodon formosus,72.2,66.0,70.07,-151.58,US
Saurornitholestes langstoni,72.2,66.0,69.6,-151.8,US
Troodon formosus,72.2,66.0,69.6,-151.8,US
Dromaeosaurus albertensis,72.2,66.0,70.09,-151.54,US
Troodon formosus,72.2,66.0,70.09,-151.54,US
Scutellosaurus lawleri,199.5,184.2,35.75,-111.08,US
Dilophosaurus,199.5,184.2,35.67,-111.17,US
Scutellosaurus lawleri,199.5,184.2,35.73,-111.07,US
Kayentavenator elysiae,199.5,184.2,35.73,-111.07,US
Kotasaurus yamanpalliensis,199.5,184.2,19.11,79.85,IN
Coelophysis,237.0,201.4,33.5,-101.13,US
Nqwebasaurus thwazi,143.1,132.6,-33.38,25.25,ZA
Saichania chulsanensis,100.5,72.2,40.27,114.25,CN
Eshanosaurus deguchiianus,201.4,199.5,24.17,102.4,CN
Lapparentosaurus madagascariensis,168.2,165.3,-16.5,47.13,MG
Venenosaurus dicrocei,121.4,113.2,38.83,-109.47,US
Planicoxa venenica,121.4,113.2,38.83,-109.47,US
Patagosaurus fariasi,182.9,180.4,-43.41,-69.18,AR
Tehuelchesaurus benitezii,157.9,143.1,-43.17,-69.25,AR
Nopcsaspondylus alarconensis,113.2,110.1,-39.51,-69.25,AR
Giganotosaurus carolinii,113.2,110.1,-39.2,-69.6,AR
Giganotosaurus,113.2,110.1,-39.21,-68.72,AR
Choconsaurus baileywillisi,110.1,106.3,-39.26,-68.78,AR
Limaysaurus tessonei,113.2,110.1,-39.31,-68.8,AR
Limaysaurus tessonei,113.2,110.1,-39.31,-68.8,AR
Limaysaurus tessonei,113.2,110.1,-39.38,-68.72,AR
Limaysaurus tessonei,113.2,110.1,-39.32,-68.72,AR
Gondwanatitan faustoi,83.6,66.0,-21.94,-51.37,BR
Qantassaurus intrepidus,125.77,121.4,-38.66,145.68,AU
Montanoceratops cerorhynchus,83.6,66.0,51.79,-113.01,CA
Anodontosaurus lambei,83.6,66.0,51.79,-113.01,CA
Rocasaurus muniozi,72.2,66.0,-39.3,-67.53,AR
Rocasaurus,72.2,66.0,-39.3,-67.53,AR
Thecodontosaurus antiquus,205.7,201.4,51.47,-2.62,UK
Quaesitosaurus orientalis,83.6,72.2,43.57,103.52,MN
Gallimimus,83.6,72.2,43.57,103.52,MN
Avimimus portentosus,83.6,72.2,43.57,103.52,MN
Tochisaurus nemegtensis,72.2,66.0,43.49,101.28,MN
Talarurus plicatospineus,93.9,83.6,43.14,107.52,MN
Gongxianosaurus shibeiensis,184.2,174.7,28.35,104.78,CN
Argentinosaurus huinculensis,110.1,106.3,-38.92,-69.06,AR
Camarasaurus,154.8,143.1,35.32,-106.31,US
Camarasaurus,154.8,143.1,35.32,-106.31,US
Diplodocus hallorum,154.8,143.1,35.58,-106.94,US
Aegyptosaurus baharijensis,100.5,93.9,28.43,28.92,EG
Aegyptosaurus,100.5,93.9,28.42,28.92,EG
Aegyptosaurus,100.5,93.9,28.43,28.91,EG
Aegyptosaurus baharijensis,100.5,93.9,28.43,28.93,EG
Harpymimus okladnikovi,110.1,100.5,45.85,108.4,MN
Anserimimus planinychus,72.2,66.0,43.54,99.6,MN
Zanabazar junior,72.2,66.0,43.54,99.6,MN
Coloradisaurus brevis,227.3,205.7,-29.73,-68.22,AR
Mussaurus patagonicus,199.5,192.9,-48.08,-68.31,AR
Neuquensaurus,72.2,66.0,-38.82,-68.07,AR
Riojasaurus incertus,227.3,205.7,-29.78,-67.93,AR
Nothronychus mckinleyi,93.9,89.8,35.07,-108.85,US
Zuniceratops christopheri,93.9,89.8,35.07,-108.85,US
Dryptosaurus,113.2,100.5,31.41,-100.63,US
Thescelosaurus,83.6,72.2,36.27,-108.26,US
Lophorhothon atopus,85.7,83.6,32.42,-87.18,US
Pentaceratops sternbergii,83.6,72.2,36.21,-108.08,US
Parasaurolophus cyrtocristatus,83.6,72.2,37.68,-111.78,US
Pachyrhinosaurus canadensis,83.6,66.0,49.92,-112.99,CA
Pachyrhinosaurus canadensis,83.6,66.0,49.92,-112.99,CA
Anchiceratops,83.6,66.0,49.92,-112.99,CA
Troodon,83.6,66.0,49.92,-112.99,CA
Edmontonia longiceps,72.2,66.0,49.91,-112.99,CA
Edmontosaurus regalis,83.6,66.0,49.91,-112.99,CA
Edmontonia,83.6,66.0,62.5,-150.01,US
Sauropelta edwardsorum,110.1,93.9,45.44,-108.14,US
Claosaurus,83.6,72.2,43.67,-102.9,US
Syntarsus,205.7,199.5,35.93,-111.3,US
Alamosaurus sanjuanensis,72.2,66.0,29.4,-103.2,US
Triceratops,72.2,66.0,42.16,-106.91,US
Triceratops,72.2,66.0,42.09,-106.88,US
Alamosaurus sanjuanensis,72.2,66.0,29.4,-103.2,US
Alamosaurus sanjuanensis,72.2,66.0,29.4,-103.2,US
Balaur bondoc,72.2,66.0,45.6,22.85,RO
Pachycephalosaurus wyomingensis,72.2,66.0,43.15,-104.62,US
Triceratops horridus,72.2,66.0,41.91,-104.2,US
Camptosaurus,149.2,143.1,40.44,-109.32,US
Texasetes,106.3,100.5,32.73,-97.32,US
Psittacosaurus mongoliensis,121.4,113.2,45.4,101.73,MN
Psittacosaurus xinjiangensis,137.05,100.5,46.13,86.32,CN
Pachyrhinosaurus canadensis,83.6,66.0,49.92,-113.0,CA
Nuthetes destructor,141.0,139.1,50.6,-1.97,UK
Barilium dawsoni,137.05,132.6,50.87,-0.56,UK
Hylaeosaurus armatus,125.77,121.4,50.98,-0.2,UK
Hylaeosaurus armatus,137.05,132.6,51.09,-0.17,UK
Iguanodon,121.4,110.1,50.59,-1.31,UK
Iguanodon,132.6,119.57,50.64,-1.44,UK
Iguanodon,139.1,132.6,51.05,-0.35,UK
Iguanodon,143.1,137.05,50.63,-1.97,UK
Owenodon hoggii,141.0,139.1,50.6,-1.95,UK
Owenodon hoggii,141.0,139.1,50.62,-2.25,UK
Owenodon hoggii,149.2,143.1,51.8,-0.85,UK
Hypselospinus fittoni,139.1,137.05,54.27,-0.4,UK
Echinodon becklesii,141.0,139.1,50.61,-2.03,UK
Echinodon,141.0,139.1,50.61,-2.03,UK
Duriavenator hesperis,168.6,168.2,50.96,-2.52,UK
Brontosaurus yahnahpin,152.21,145.06,38.54,-105.22,US
Nedcolbertia justinhoffmanni,137.05,132.6,38.83,-109.57,US
Texasetes pleurohalio,106.3,100.5,32.93,-97.33,US
Eolambia caroljonesa,100.5,93.9,39.0,-111.0,US
Zuniceratops christopheri,93.9,89.8,35.07,-108.85,US
Zuniceratops christopheri,93.9,89.8,35.07,-108.85,US
Suskityrannus hazelae,93.9,89.8,35.07,-108.85,US
Jeyawati rugoculus,93.9,89.8,35.07,-108.85,US
Tenontosaurus tilletti,113.2,100.5,45.34,-108.81,US
Deinonychus,113.2,100.5,45.34,-108.81,US
Gasparinisaura cincosaltensis,83.6,72.2,-38.84,-68.03,AR
Psittacosaurus meileyingensis,121.4,113.2,41.25,120.03,CN
Psittacosaurus meileyingensis,121.4,113.2,41.25,120.03,CN
Psittacosaurus meileyingensis,121.4,113.2,41.25,120.03,CN
Psittacosaurus mongoliensis,121.4,113.2,41.25,120.03,CN
Agujaceratops mariscalensis,83.6,72.2,29.17,-103.2,US
Agujaceratops mariscalensis,83.6,72.2,29.25,-103.55,US
Agujaceratops mariscalensis,83.6,72.2,29.23,-103.64,US
Dromiceiomimus brevitertius,72.2,66.0,51.69,-112.91,CA
Ornithomimus edmontonicus,72.2,66.0,51.56,-112.87,CA
Dromiceiomimus brevitertius,72.2,66.0,51.95,-112.9,CA
Dromiceiomimus brevitertius,72.2,66.0,51.94,-112.96,CA
Struthiomimus,72.2,66.0,51.75,-112.96,CA
Struthiomimus altus,83.6,72.2,50.77,-111.49,CA
Rativates evadens,83.6,72.2,50.81,-111.63,CA
Corythosaurus casuarius,83.6,72.2,50.82,-111.6,CA
Struthiomimus altus,83.6,72.2,50.6,-111.62,CA
Struthiomimus altus,83.6,72.2,50.6,-111.62,CA
Struthiomimus altus,83.6,72.2,50.6,-111.62,CA
Struthiomimus altus,83.6,72.2,50.9,-111.8,CA
Struthiomimus altus,83.6,72.2,50.72,-111.48,CA
Ornithomimus edmontonicus,72.2,66.0,51.56,-112.87,CA
Ornithomimus edmontonicus,83.6,72.2,50.79,-111.59,CA
Daspletosaurus torosus,83.6,72.2,50.69,-111.62,CA
Daspletosaurus torosus,83.6,72.2,50.65,-111.62,CA
Albertosaurus sarcophagus,83.6,72.2,50.69,-111.62,CA
Styracosaurus albertensis,83.6,72.2,50.75,-111.4,CA
Coelophysis bauri,227.3,205.7,36.21,-106.34,US
Krzyzanowskisaurus hunti,227.3,205.7,34.53,-109.32,US
Coelophysis bauri,227.3,205.7,36.21,-106.34,US
Coelophysis bauri,227.3,205.7,36.21,-106.34,US
Cetiosaurus,168.2,165.3,51.88,-1.28,UK
Cetiosaurus oxoniensis,168.2,165.3,52.19,-0.95,UK
Magnosaurus nethercombensis,170.9,168.6,50.97,-2.52,UK
Megalosaurus bucklandii,170.9,168.2,52.24,-0.94,UK
Megalosaurus bucklandii,170.9,168.2,51.73,-2.24,UK
Megalosaurus bucklandii,168.2,165.3,51.91,-1.58,UK
Megalosaurus bucklandii,168.2,165.3,52.01,-1.9,UK
Megalosaurus,168.2,165.3,51.92,-1.46,UK
Eustreptospondylus oxoniensis,165.3,161.5,51.78,-1.29,UK
Metriacanthosaurus parkeri,161.5,159.0,50.64,-2.43,UK
Amanzia greppini,154.8,152.21,47.29,7.38,CH
Mantellisaurus atherfieldensis,121.4,119.57,51.19,0.73,UK
Iguanodon,132.6,119.57,50.66,-1.16,UK
Iguanodon,132.6,121.4,50.91,0.49,UK
Becklespinax altispinax,139.1,132.6,50.91,0.49,UK
Megalosaurus,170.9,168.2,51.91,-1.63,UK
Megalosaurus,170.9,168.2,51.95,-1.7,UK
Oplosaurus armatus,137.05,121.4,50.63,-1.4,UK
Barilium dawsoni,137.05,132.6,50.87,0.57,UK
Cetiosaurus oxoniensis,168.2,165.3,51.76,-1.83,UK
Cetiosaurus,132.6,119.57,50.65,-1.46,UK
Megalosaurus,165.3,161.5,49.33,0.0,FR
Iguanodon bernissartensis,143.1,100.5,50.66,-1.16,UK
Hypselospinus fittoni,137.05,132.6,50.88,0.56,UK
Iguanodon,139.1,132.6,51.07,0.52,UK
Iguanodon,132.6,121.4,50.85,0.53,UK
Iguanodon,132.6,121.4,50.87,0.56,UK
Iguanodon,137.05,125.77,50.83,0.44,UK
Hypselospinus fittoni,137.05,132.6,50.87,-0.56,UK
Barilium dawsoni,132.6,121.4,50.85,0.57,UK
Megalosaurus,137.05,132.6,50.88,0.56,UK
Duriatitan humerocristatus,143.1,137.05,51.8,-0.85,UK
Triceratops horridus,72.2,66.0,43.3,-104.66,US
Triceratops horridus,72.2,66.0,43.26,-104.62,US
Triceratops horridus,72.2,66.0,43.2,-104.66,US
Triceratops horridus,72.2,66.0,43.22,-104.55,US
Triceratops horridus,72.2,66.0,43.22,-104.55,US
Triceratops horridus,72.2,66.0,43.21,-104.55,US
Triceratops horridus,72.2,66.0,43.21,-104.55,US
Triceratops horridus,72.2,66.0,43.16,-104.55,US
Triceratops horridus,72.2,66.0,43.13,-104.56,US
Triceratops horridus,72.2,66.0,43.16,-104.48,US
Triceratops,72.2,66.0,43.16,-104.48,US
Triceratops prorsus,72.2,66.0,43.21,-104.47,US
Triceratops horridus,72.2,66.0,43.19,-104.46,US
Triceratops horridus,72.2,66.0,43.19,-104.47,US
Triceratops horridus,72.2,66.0,43.16,-104.54,US
Triceratops prorsus,72.2,66.0,43.31,-104.42,US
Triceratops horridus,72.2,66.0,43.18,-104.51,US
Duriatitan humerocristatus,154.8,143.1,52.4,0.26,UK
Herrerasaurus ischigualastensis,237.0,227.3,-29.22,-68.7,AR
Herrerasaurus ischigualastensis,237.0,227.3,-29.22,-68.7,AR
Herrerasaurus ischigualastensis,237.0,227.3,-29.22,-68.7,AR
Herrerasaurus ischigualastensis,237.0,227.3,-29.22,-68.7,AR
Herrerasaurus ischigualastensis,237.0,227.3,-29.22,-68.7,AR
Herrerasaurus ischigualastensis,237.0,227.3,-29.22,-68.7,AR
Scelidosaurus harrisonii,199.5,192.9,50.74,-2.9,UK
Camarasaurus,154.8,143.1,42.15,-105.91,US
Camarasaurus,154.8,143.1,42.15,-105.91,US
Brontosaurus parvus,154.8,143.1,42.15,-105.91,US
Camptosaurus dispar,152.21,143.1,36.9,-102.83,US
Cedarosaurus weiskopfae,113.2,110.1,33.06,-97.6,US
Sauroposeidon proteles,119.57,113.2,32.28,-97.95,US
Ornithomimus,72.2,66.0,43.13,-104.07,US
Ornithomimus minutus,72.2,66.0,43.14,-104.58,US
Allosaurus fragilis,154.8,143.1,40.09,-105.94,US
Apatosaurus,154.8,143.1,42.15,-105.91,US
Tyrannosaurus rex,72.2,66.0,43.13,-104.07,US
Sinornithosaurus millenii,125.77,119.57,41.6,120.87,CN
Psittacosaurus,125.77,119.57,41.6,120.87,CN
Spinosaurus aegyptiacus,106.3,93.9,30.9,-3.98,MA
Spinosaurus aegyptiacus,106.3,93.9,30.9,-3.98,MA
Spinosaurus aegyptiacus,106.3,93.9,30.9,-3.98,MA
Carcharodontosaurus saharicus,106.3,93.9,30.9,-3.98,MA
Spinosaurus,106.3,93.9,30.9,-3.98,MA
Rebbachisaurus garasbae,106.3,93.9,30.9,-3.98,MA
Rebbachisaurus,106.3,93.9,30.9,-3.98,MA
Pachyrhinosaurus,72.2,66.0,64.56,-125.83,CA
Ceratosaurus,152.21,143.1,36.9,-102.83,US
Tenontosaurus dossi,119.57,113.2,32.76,-97.89,US
Stegoceras,72.2,66.0,47.67,-106.27,US
Pachycephalosaurus wyomingensis,72.2,66.0,47.67,-106.3,US
Edmontosaurus,89.8,66.0,69.37,-152.14,US
Herrerasaurus ischigualastensis,237.0,227.3,-30.08,-67.92,AR
Aeolosaurus colhuehuapensis,83.6,66.0,-45.6,-68.62,AR
Sektensaurus sanjuanboscoi,83.6,66.0,-45.6,-68.62,AR
Tanius,83.6,72.2,36.89,120.66,CN
Tsintaosaurus spinorhinus,83.6,72.2,36.89,120.66,CN
Brachiosaurus,152.21,143.1,36.9,-102.83,US
Anchisaurus,201.4,192.9,42.59,-72.6,US
Talenkauen santacrucensis,83.6,72.2,-49.85,-72.11,AR
Pasquiaornis hardiei,100.5,93.9,53.21,-103.52,CA
Pasquiaornis tankei,100.5,93.9,53.21,-103.52,CA
Ichthyornis,100.5,93.9,53.21,-103.52,CA
Archaeopteryx lithographica,149.2,145.06,48.99,11.2,DE
Archaeopteryx lithographica,149.2,145.06,48.89,10.96,DE
Archaeopteryx lithographica,149.2,145.06,48.89,10.96,DE
Archaeopteryx lithographica,149.2,145.06,49.0,11.7,DE
Jurapteryx recurva,149.2,145.06,48.93,11.15,DE
Dryosaurus altus,149.2,143.1,38.32,-108.83,US
Dryosaurus,152.21,145.06,39.15,-108.77,US
Hypacrosaurus stebingeri,83.6,72.2,48.91,-112.64,US
Hypacrosaurus stebingeri,83.6,72.2,48.91,-112.64,US
Hypacrosaurus stebingeri,83.6,72.2,48.91,-112.64,US
Hypacrosaurus stebingeri,83.6,72.2,48.91,-112.64,US
Hypacrosaurus stebingeri,83.6,72.2,48.91,-112.64,US
Hypacrosaurus stebingeri,83.6,72.2,48.91,-112.64,US
Hypacrosaurus stebingeri,83.6,72.2,48.63,-113.75,US
Hypacrosaurus stebingeri,83.6,72.2,49.28,-112.2,CA
Hypacrosaurus stebingeri,83.6,72.2,49.28,-112.2,CA
Hypacrosaurus stebingeri,83.6,72.2,49.28,-112.2,CA
Hypacrosaurus stebingeri,83.6,72.2,48.48,-112.58,US
Brontosaurus parvus,154.8,143.1,42.15,-105.91,US
Troodon,83.6,72.2,47.81,-112.18,US
Troodon,83.6,72.2,47.81,-112.18,US
Maiasaura,83.6,72.2,47.81,-112.18,US
Orodromeus,83.6,72.2,47.81,-112.18,US
Torosaurus latus,72.2,66.0,45.46,-103.84,US
Jaxartosaurus aralensis,89.8,83.6,42.76,68.54,KZ
Bactrosaurus,89.8,83.6,42.76,68.54,KZ
Kazaklambia convincens,89.8,83.6,41.7,69.39,KZ
Aralosaurus tuberiferus,85.7,72.2,45.95,64.65,KZ
Brachylophosaurus canadensis,83.6,72.2,46.45,-109.47,US
Sibirotitan astrosacralis,121.4,113.2,55.9,87.96,RU
Psittacosaurus sibiricus,125.77,113.2,55.88,88.0,RU
Psittacosaurus,125.77,113.2,55.88,88.0,RU
Paronychodon,125.77,113.2,56.53,91.81,RU
Psittacosaurus,125.77,113.2,56.53,91.81,RU
Ferganasaurus verzilini,165.3,161.5,41.33,72.12,KG
Riabininohadros weberae,72.2,66.0,44.75,33.86,UA
Saurolophus angustirostris,72.2,66.0,43.49,101.28,MN
Pinacosaurus grangeri,83.6,72.2,44.16,103.69,MN
Protoceratops andrewsi,83.6,72.2,44.16,103.69,MN
Deinonychus,119.57,110.1,34.15,-95.82,US
Deinonychus antirrhopus,119.57,110.1,34.4,-96.1,US
Tenontosaurus,119.57,110.1,34.4,-96.1,US
Edmontosaurus annectens,72.2,66.0,46.9,-101.5,US
Tenontosaurus,106.3,93.9,42.99,-111.29,US
Panoplosaurus,83.6,72.2,49.1,-109.5,CA
Albertosaurus,83.6,72.2,49.1,-109.5,CA
Troodon,83.6,72.2,49.1,-109.5,CA
Edmontonia,83.6,72.2,49.1,-109.5,CA
Stegoceras,83.6,72.2,49.1,-109.5,CA
Triceratops,72.2,66.0,49.4,-107.4,CA
Alaskacephale gangloffi,72.2,66.0,69.92,-151.19,US
Pinacosaurus hilwitnorum,83.6,72.2,43.66,100.9,MN
Stegoceras novomexicanum,83.6,72.2,36.49,-108.57,US
Sphaerotholus goodwini,83.6,72.2,36.27,-108.17,US
Sphaerotholus buchholtzae,72.2,66.0,45.78,-104.95,US
Cetiosaurus oxoniensis,168.2,165.3,51.86,-1.3,UK
Tienshanosaurus,161.5,154.8,45.26,89.5,CN
Mamenchisaurus hochuanensis,168.2,161.5,30.1,103.8,CN
Omeisaurus luoquanensis,161.5,154.8,29.8,104.85,CN
Bellusaurus sui,159.0,157.9,44.88,89.18,CN
Omeisaurus junghsiensis,161.5,143.1,33.18,104.48,CN
Mantellisaurus atherfieldensis,132.6,125.77,48.5,4.95,FR
Iguanodon bernissartensis,125.77,121.4,48.7,5.02,FR
Iguanodon bernissartensis,125.77,121.4,48.63,4.95,FR
Cetiosauriscus stewarti,165.3,161.5,52.54,-0.24,UK
Leptoceratops,72.2,66.0,44.06,-110.38,US
Plateosaurus,205.7,201.4,53.03,-0.81,UK
Probactrosaurus gobiensis,121.4,100.5,40.27,105.75,CN
Probactrosaurus gobiensis,121.4,100.5,40.27,105.75,CN
Baryonyx,132.6,121.4,50.65,-1.46,UK
Galvesaurus herreroi,152.21,145.06,40.66,-0.88,ES
Polacanthus,139.1,137.05,50.63,-1.42,UK
Parasaurolophus,83.6,72.2,36.28,-108.26,US
Parasaurolophus,83.6,72.2,36.5,-108.08,US
Rhabdodon priscus,83.6,66.0,39.6,-0.97,ES
Struthiosaurus,83.6,66.0,39.6,-0.97,ES
Lirainosaurus astibiae,83.6,66.0,39.6,-0.97,ES
Erectopus superbus,113.2,110.1,48.87,5.07,FR
Polacanthus foxii,106.3,100.5,50.6,-1.34,UK
Megalosaurus,149.2,143.1,50.71,1.57,FR
Stegoceras validum,83.6,72.2,50.82,-111.6,CA
Allosaurus fragilis,149.2,145.06,40.44,-109.3,US
Camarasaurus lentus,149.2,145.06,40.44,-109.3,US
Camptosaurus aphanoecetes,149.2,145.06,40.44,-109.3,US
Ahshislesaurus wimani,83.6,72.2,36.18,-107.89,US
Pentaceratops,83.6,72.2,36.29,-108.23,US
Hypacrosaurus stebingeri,83.6,72.2,48.46,-112.47,US
Cerasinops hodgskissi,83.6,72.2,48.46,-112.47,US
Cerasinops hodgskissi,83.6,72.2,48.46,-112.47,US
Nanotyrannus lancensis,72.2,66.0,45.5,-104.16,US
Chenanisaurus barbaricus,72.2,66.0,32.87,-6.57,MA
Phuwiangosaurus sirindhornae,125.77,121.4,16.54,104.15,TH
Coelophysis,227.3,205.7,36.31,-106.45,US
Eucoelophysis baldwini,227.3,205.7,36.31,-106.45,US
Coelophysis,227.3,205.7,36.31,-106.45,US
Coelophysis,227.3,205.7,36.31,-106.45,US
Coelophysis,227.3,205.7,36.31,-106.45,US
Coelophysis,227.3,205.7,36.31,-106.45,US
Coelophysis,227.3,205.7,36.31,-106.45,US
Coelophysis,227.3,205.7,36.31,-106.45,US
Coelophysis,227.3,205.7,36.31,-106.45,US
Labocania anomala,85.7,72.2,30.03,-115.73,MX
Thescelosaurus neglectus,72.2,66.0,47.81,-106.28,US
Thescelosaurus neglectus,72.2,66.0,47.68,-105.98,US
Nemegtomaia barsboldi,72.2,66.0,43.49,101.28,MN
Daspletosaurus,72.2,66.0,36.17,-107.8,US
Alamosaurus sanjuanensis,72.2,66.0,36.17,-107.8,US
Nodocephalosaurus kirtlandensis,83.6,72.2,36.34,-108.21,US
Dromaeosaurus,72.2,66.0,49.52,-108.82,CA
Tyrannosaurus rex,72.2,66.0,49.52,-108.82,CA
Triceratops,72.2,66.0,49.52,-108.82,CA
Triceratops,72.2,66.0,49.52,-108.82,CA
Appalachiosaurus montgomeriensis,85.7,72.2,32.13,-85.32,US
Coelophysis bauri,227.3,205.7,36.21,-106.34,US
Coelophysis bauri,227.3,205.7,36.34,-106.87,US
Edmontosaurus annectens,72.2,66.0,43.49,-104.61,US
Triceratops,72.2,66.0,43.49,-104.61,US
Edmontosaurus annectens,72.2,66.0,43.49,-104.61,US
Triceratops,72.2,66.0,43.3,-104.37,US
Heyuannia huangi,72.2,66.0,23.77,114.73,CN
Stokesosaurus clevelandi,149.2,143.1,39.32,-110.69,US
Deinonychus,110.1,93.9,45.26,-108.41,US
Microvenator,110.1,93.9,45.26,-108.41,US
Sauropelta,110.1,93.9,45.26,-108.41,US
Choyrodon barsboldi,110.1,100.5,45.85,108.4,MN
Protoceratops,83.6,72.2,45.1,110.36,MN
Protoceratops andrewsi,83.6,72.2,44.23,103.3,MN
Gallimimus,72.2,66.0,43.87,100.01,MN
Saurolophus,72.2,66.0,43.87,100.01,MN
Tarbosaurus,72.2,66.0,43.87,100.01,MN
Nedcolbertia justinhoffmanni,137.05,132.6,38.72,-109.69,US
Megaraptor namunhuaiquii,93.9,85.7,-38.9,-69.55,AR
Montanoceratops cerorhynchus,72.2,66.0,48.86,-112.74,US
Montanoceratops cerorhynchus,72.2,66.0,48.7,-112.43,US
Unenlagia comahuensis,93.9,85.7,-38.9,-69.55,AR
Triceratops,83.6,66.0,33.15,-107.19,US
Tyrannosaurus mcraeensis,83.6,66.0,33.24,-107.15,US
Alamosaurus,83.6,66.0,33.15,-107.19,US
Laquintasaura venezuelae,201.4,199.5,8.14,-71.99,VE
Parasaurolophus tubicen,83.6,72.2,36.31,-108.05,US
Torvosaurus,161.5,143.1,40.28,113.1,CN
Hypsilophodon,125.77,121.4,40.82,-0.28,ES
Lesothosaurus diagnosticus,201.4,192.9,-30.62,27.8,ZA
Plateosaurus,205.7,201.4,52.07,10.68,DE
Choyrodon barsboldi,110.1,100.5,45.83,108.45,MN
Camarasaurus,149.2,143.1,39.17,-108.77,US
Stegosaurus,149.2,143.1,39.17,-108.77,US
Barosaurus,154.8,149.2,44.65,-107.82,US
Allosaurus,154.8,143.1,41.8,-106.59,US
Asylosaurus yalensis,205.7,201.4,51.47,-2.62,UK
Peloroplites cedrimontanus,121.4,100.5,39.18,-110.11,US
Erectopus superbus,113.2,110.1,49.33,4.87,FR
Erectopus superbus,113.2,100.5,48.78,5.17,FR
Erectopus superbus,113.2,100.5,49.47,1.87,FR
Stormbergia,201.4,192.9,-30.62,27.8,ZA
Lesothosaurus diagnosticus,201.4,192.9,-30.35,27.75,LS
Lesothosaurus diagnosticus,201.4,192.9,-28.98,27.37,ZA
Lesothosaurus,201.4,192.9,-30.4,27.65,LS
Lesothosaurus,201.4,192.9,-30.4,27.52,LS
Massospondylus,201.4,192.9,-30.4,27.52,LS
Hesperosaurus mjosi,154.8,149.2,44.35,-106.7,US
Marshosaurus bicentesimus,154.8,143.1,40.44,-109.28,US
Mapusaurus roseae,110.1,106.3,-39.06,-69.29,AR
Centrosaurus apertus,83.6,72.2,50.74,-111.51,CA
Triceratops,72.2,66.0,47.57,-107.08,US
Triceratops,72.2,66.0,47.6,-106.22,US
Triceratops,72.2,66.0,47.68,-106.22,US
Piveteausaurus,165.3,161.5,49.32,-0.03,FR
Thescelosaurus,72.2,66.0,47.57,-106.31,US
Augustynolophus morrisi,72.2,66.0,36.59,-120.69,US
Augustynolophus morrisi,72.2,66.0,36.59,-120.69,US
Lesothosaurus,201.4,192.9,-29.85,27.25,LS
Albertosaurus sarcophagus,72.2,66.0,52.0,-112.88,CA
Buitreraptor gonzalezorum,113.2,110.1,-39.63,-68.7,AR
Magnapaulia laticaudus,83.6,72.2,30.17,-115.67,MX
Edmontosaurus annectens,72.2,66.0,47.54,-107.17,US
Rhabdodon priscus,72.2,66.0,43.38,5.3,FR
Tsagantegia longicranialis,100.5,83.6,44.48,110.03,MN
Gryposaurus notabilis,83.6,72.2,50.74,-111.51,CA
Edmontonia longiceps,72.2,66.0,45.67,-101.48,US
Huaxiagnathus orientalis,125.77,119.57,42.02,125.06,CN
Microraptor zhaoianus,121.4,113.2,41.5,121.22,CN
Sacisaurus agudoensis,227.3,205.7,-29.63,-53.23,BR
Macrogryphosaurus gondwanicus,89.8,85.7,-38.61,-68.64,AR
Muyelensaurus pecheni,89.8,83.6,-37.39,-69.03,AR
Guaibasaurus candelariensis,227.3,205.7,-29.56,-53.45,BR
Brasilotitan nemophagus,83.6,66.0,-22.12,-51.44,BR
Coelurus fragilis,149.2,143.1,39.32,-110.69,US
Tanycolagreus topwilsoni,154.8,143.1,42.02,-106.05,US
Tanycolagreus topwilsoni,149.2,143.1,39.32,-110.69,US
Tanycolagreus topwilsoni,152.21,145.06,41.97,-106.29,US
Tsintaosaurus spinorhinus,83.6,72.2,36.89,120.66,CN
Tanius chingkankouensis,83.6,72.2,36.89,120.66,CN
Tsintaosaurus,83.6,72.2,36.89,120.66,CN
Tsintaosaurus spinorhinus,83.6,72.2,36.89,120.66,CN
Tanius sinensis,83.6,72.2,36.6,120.77,CN
Psittacosaurus sinensis,121.4,113.2,37.07,119.67,CN
Psittacosaurus sinensis,121.4,113.2,36.98,120.71,CN
Ceratosaurus,152.21,145.06,41.97,-106.29,US
Stegosaurus,154.8,143.1,41.92,-106.36,US
Stegosaurus,154.8,143.1,41.95,-106.31,US
Diplodocus,154.8,143.1,41.95,-106.31,US
Camarasaurus,154.8,143.1,41.95,-106.31,US
Camptosaurus,154.8,143.1,41.98,-106.15,US
Apatosaurus,154.8,143.1,41.91,-105.97,US
Brontosaurus yahnahpin,154.8,143.1,41.89,-105.98,US
Stegosaurus stenops,149.2,143.1,39.32,-110.69,US
Mei long,125.77,119.57,41.6,120.91,CN
Valdosaurus,132.6,121.4,50.63,-1.4,UK
Eotyrannus lengi,132.6,121.4,50.63,-1.4,UK
Sinornithomimus dongi,93.9,89.8,41.29,103.88,CN
Arkansaurus fridayi,113.2,100.5,33.97,-94.17,US
Incisivosaurus gauthieri,125.77,119.57,41.6,120.91,CN
Microraptor gui,121.4,113.2,41.42,120.18,CN
Jeholosaurus shangyuanensis,125.77,119.57,41.6,120.91,CN
Sinovenator changii,125.77,119.57,41.6,120.91,CN
Caudipteryx dongi,125.77,119.57,41.62,120.9,CN
Liaoningosaurus paradoxus,125.77,119.57,39.88,123.44,CN
Liaoceratops yanzigouensis,125.77,119.57,41.6,120.91,CN
Sinovenator changii,125.77,119.57,41.37,124.68,CN
Liaoceratops yanzigouensis,125.77,119.57,41.37,124.68,CN
Nanyangosaurus zhugeii,93.9,72.2,33.5,112.88,CN
Microraptor zhaoianus,121.4,113.2,41.49,120.23,CN
Dilong paradoxus,125.77,119.57,41.6,120.91,CN
Dilong,125.77,119.57,41.62,120.9,CN
Neimongosaurus yangi,83.6,72.2,43.84,113.72,CN
Pedopenna daohugouensis,165.3,161.5,41.32,119.24,CN
Neuquensaurus australis,83.6,72.2,-38.82,-68.07,AR
Achillobator giganticus,100.5,83.6,44.34,109.86,MN
Troodon formosus,83.6,72.2,49.28,-112.58,CA
Saurornitholestes,83.6,72.2,49.28,-112.58,CA
Kritosaurus,83.6,72.2,36.27,-108.21,US
Archaeodontosaurus descouensi,168.2,165.3,-16.42,47.13,MG
Archaeopteryx lithographica,149.2,145.06,48.9,11.9,DE
Kholumolumo ellenbergerorum,227.3,205.7,-30.22,27.52,LS
Tazoudasaurus naimi,192.9,174.7,31.26,-6.59,MA
Tazoudasaurus naimi,192.9,174.7,31.26,-6.59,MA
Berberosaurus liassicus,192.9,174.7,31.26,-6.59,MA
Yimenosaurus youngi,201.4,199.5,24.36,102.54,CN
Lessemsaurus sauropoides,227.3,205.7,-30.42,-66.08,AR
Rinconsaurus caudamirus,85.7,83.6,-37.38,-68.9,AR
Camarasaurus,154.8,143.1,44.18,-103.34,US
Nanosaurus,154.8,143.1,44.46,-104.73,US
Saturnalia tupiniquim,237.0,205.7,-29.7,-53.77,BR
Kritosaurus,83.6,72.2,36.29,-108.1,US
Kritosaurus,83.6,72.2,36.27,-108.14,US
Camarasaurus,154.8,143.1,42.16,-105.91,US
Apatosaurus,154.8,143.1,42.16,-105.91,US
Haplocanthosaurus,154.8,143.1,42.16,-105.91,US
Stegosaurus,154.8,143.1,42.16,-105.91,US
Diplodocus,149.2,143.1,38.54,-105.19,US
Camarasaurus grandis,149.2,143.1,38.54,-105.21,US
Limaysaurus tessonei,100.5,93.9,-2.48,-44.46,BR
Parasaurolophus,83.6,72.2,36.24,-108.19,US
Diplodocus,154.8,143.1,39.68,-105.19,US
Camarasaurus,154.8,143.1,45.45,-108.1,US
Camarasaurus,154.8,143.1,35.2,-107.13,US
Stegosaurus,152.21,143.1,36.92,-102.83,US
Apatosaurus,152.21,143.1,36.92,-102.98,US
Ceratosaurus,149.2,145.06,40.44,-109.3,US
Torvosaurus tanneri,149.2,145.06,40.44,-109.3,US
Barosaurus lentus,149.2,145.06,40.44,-109.3,US
Kritosaurus,83.6,72.2,36.27,-108.14,US
Stegosaurus ungulatus,154.8,143.1,39.2,-109.04,US
Camptosaurus,154.8,149.2,39.2,-109.04,US
Camarasaurus,154.8,143.1,39.2,-109.04,US
Supersaurus,154.8,143.1,39.2,-109.04,US
Allosaurus,154.8,143.1,39.2,-109.04,US
Allosaurus,154.8,149.2,39.2,-109.04,US
Diplodocus,154.8,149.2,39.2,-109.04,US
Albertosaurus,83.6,66.0,38.37,-105.2,US
Paronychodon,83.6,72.2,36.29,-108.24,US
Kritosaurus,83.6,72.2,36.84,-107.77,US
Brachiosaurus altithorax,154.8,143.1,39.07,-108.65,US
Stegosaurus,154.8,143.1,39.08,-108.65,US
Allosaurus,154.8,143.1,39.08,-108.65,US
Brachiosaurus,154.8,143.1,39.08,-108.65,US
Allosaurus,154.8,143.1,41.89,-105.98,US
Nanosaurus agilis,154.8,143.1,41.91,-105.97,US
Stegosaurus,154.8,143.1,42.15,-105.91,US
Diplodocus,154.8,149.2,44.54,-107.78,US
Stegosaurus,154.8,149.2,44.54,-107.78,US
Stegosaurus,154.8,143.1,41.89,-106.02,US
Camptosaurus,154.8,143.1,41.88,-106.08,US
Camarasaurus,154.8,143.1,41.88,-106.08,US
Nanosaurus,154.8,143.1,41.88,-106.08,US
Antarctosaurus,72.2,66.0,20.9,79.28,IN
Huehuecanauhtlus tiquichensis,85.7,83.6,19.05,-100.7,MX
Alwalkeria maleriensis,237.0,227.3,19.07,79.63,IN
Yandusaurus hongheensis,170.9,168.2,29.4,104.78,CN
Dryptosaurus,72.2,66.0,43.12,-104.64,US
Dryptosaurus,72.2,66.0,43.25,-104.65,US
Edmontosaurus,72.2,66.0,43.0,-104.5,US
Triceratops,72.2,66.0,43.0,-104.5,US
Edmontosaurus,72.2,66.0,43.23,-104.53,US
Triceratops,72.2,66.0,43.23,-104.53,US
Ornithomimus,72.2,66.0,43.17,-104.53,US
Tyrannosaurus rex,72.2,66.0,43.17,-104.53,US
Triceratops,72.2,66.0,43.17,-104.53,US
Megalosaurus,168.2,165.3,51.02,-3.25,UK
Megalosaurus,168.2,165.3,51.9,-1.83,UK
Cetiosaurus,168.2,165.3,51.95,-1.74,UK
Edmontosaurus,72.2,66.0,43.0,-104.5,US
Triceratops,72.2,66.0,43.0,-104.5,US
Cetiosaurus,168.2,165.3,51.91,-1.58,UK
Megalosaurus,168.2,165.3,51.9,-1.83,UK
Dryptosaurus,72.2,66.0,43.23,-104.5,US
Dryptosaurus,72.2,66.0,43.07,-104.6,US
Triceratops,72.2,66.0,43.07,-104.57,US
Edmontosaurus,72.2,66.0,43.12,-104.58,US
Triceratops,72.2,66.0,43.12,-104.58,US
Edmontosaurus,72.2,66.0,43.27,-104.62,US
Paronychodon,72.2,66.0,43.27,-104.65,US
Tyrannosaurus rex,72.2,66.0,43.27,-104.65,US
Edmontosaurus,72.2,66.0,43.27,-104.65,US
Triceratops,72.2,66.0,43.27,-104.65,US
Dryptosaurus,72.2,66.0,43.27,-104.65,US
Edmontosaurus,72.2,66.0,43.28,-104.53,US
Triceratops,72.2,66.0,43.28,-104.53,US
Edmontosaurus,72.2,66.0,43.15,-104.58,US
Edmontosaurus,72.2,66.0,43.27,-104.6,US
Shantungosaurus giganteus,83.6,72.2,35.96,119.33,CN
Compsognathus longipes,152.21,149.2,49.02,11.98,DE
Coelophysis,227.3,205.7,35.11,-109.83,US
Edmontosaurus annectens,72.2,66.0,42.97,-105.53,US
Edmontosaurus,72.2,66.0,47.57,-106.76,US
Mamenchisaurus constructus,161.5,143.1,36.34,102.82,CN
Omeisaurus changshouensis,168.2,161.5,30.0,107.25,CN
Mamenchisaurus constructus,161.5,143.1,30.47,106.6,CN
Tienshanosaurus,161.5,154.8,44.02,89.47,CN
Velociraptor mongoliensis,89.8,83.6,42.76,68.54,KZ
Archaeornithomimus asiaticus,89.8,83.6,42.76,68.54,KZ
Oviraptor,89.8,83.6,42.76,68.54,KZ
Alectrosaurus,89.8,83.6,42.76,68.54,KZ
Camarasaurus,154.8,143.1,42.04,-106.39,US
Allosaurus,154.8,143.1,42.04,-106.39,US
Apatosaurus,154.8,143.1,42.04,-106.39,US
Camarasaurus,154.8,143.1,42.04,-106.39,US
Apatosaurus,154.8,143.1,42.04,-106.39,US
Stegosaurus,154.8,143.1,42.04,-106.39,US
Diplodocus carnegii,154.8,143.1,42.15,-105.92,US
Brontosaurus excelsus,154.8,143.1,42.15,-105.89,US
Stegosaurus,154.8,143.1,42.15,-105.89,US
Brontosaurus excelsus,154.8,143.1,42.15,-105.91,US
Stegosaurus,154.8,143.1,42.15,-105.91,US
Camarasaurus,154.8,143.1,42.15,-105.91,US
Brontosaurus excelsus,154.8,143.1,42.15,-105.91,US
Allosaurus,154.8,149.2,41.91,-105.96,US
Camarasaurus,154.8,149.2,41.91,-105.96,US
Apatosaurus,154.8,149.2,41.91,-105.96,US
Diplodocus,154.8,149.2,41.91,-105.96,US
Diplodocus,154.8,143.1,44.18,-103.34,US
Barosaurus lentus,154.8,143.1,44.23,-103.38,US
Allosaurus,154.8,143.1,44.23,-103.38,US
Allosaurus,154.8,143.1,34.94,-107.6,US
Allosaurus,149.2,143.1,40.5,-109.17,US
Camarasaurus,149.2,143.1,40.5,-109.17,US
Dryosaurus,149.2,143.1,40.5,-109.17,US
Camptosaurus,149.2,143.1,40.5,-109.17,US
Stegosaurus,149.2,143.1,40.5,-109.17,US
Edmontosaurus,72.2,66.0,47.6,-107.0,US
Dryptosaurus,72.2,66.0,40.31,-74.22,US
Hadrosaurus,72.2,66.0,40.31,-74.22,US
Ornithomimus,83.6,72.2,34.57,-78.5,US
Edmontosaurus,72.2,66.0,46.09,-100.63,US
Triceratops,72.2,66.0,46.09,-100.63,US
Saltopus elginensis,237.0,205.7,57.72,-3.29,UK
Camelotia,205.7,201.4,51.6,-2.63,UK
Thecodontosaurus antiquus,237.0,227.3,51.6,-2.49,UK
Megalosaurus bucklandii,168.2,165.3,51.02,-3.25,UK
Cetiosaurus,168.2,165.3,51.87,-1.27,UK
Iguanodon,143.1,137.05,51.8,-0.85,UK
Iguanodon bernissartensis,125.77,121.4,51.13,-0.35,UK
Mantellisaurus atherfieldensis,125.77,121.4,51.13,-0.35,UK
Hypselospinus fittoni,137.05,132.6,50.94,0.61,UK
Iguanodon,137.05,132.6,50.94,0.61,UK
Bagaceratops,83.6,72.2,43.52,109.12,MN
Gobipteryx minuta,83.6,72.2,43.52,109.12,MN
Coelophysis,227.3,205.7,36.33,-106.47,US
Gallimimus,93.9,89.8,42.12,62.66,UZ
Alectrosaurus,93.9,89.8,42.12,62.66,UZ
Turanoceratops tardabilis,93.9,89.8,42.12,62.66,UZ
Alectrosaurus,93.9,89.8,42.12,62.66,UZ
Alectrosaurus,93.9,89.8,42.12,62.66,UZ
Alectrosaurus,93.9,89.8,42.12,62.66,UZ
Turanoceratops tardabilis,93.9,89.8,42.12,62.66,UZ
Alectrosaurus,93.9,89.8,40.7,72.6,UZ
Alectrosaurus,93.9,89.8,42.12,62.66,UZ
Levnesovia transoxiana,93.9,89.8,42.12,62.66,UZ
Turanoceratops tardabilis,93.9,89.8,42.12,62.66,UZ
Dzharacursor bissektensis,93.9,89.8,42.12,62.66,UZ
Sazavis prisca,93.9,89.8,42.12,62.66,UZ
Alectrosaurus,93.9,89.8,42.12,62.66,UZ
Zhyraornis logunovi,93.9,89.8,42.12,62.66,UZ
Alectrosaurus,93.9,89.8,42.12,62.66,UZ
Turanoceratops tardabilis,93.9,89.8,42.12,62.66,UZ
Paronychodon,93.9,89.8,42.12,62.66,UZ
Levnesovia transoxiana,93.9,89.8,42.12,62.66,UZ
Turanoceratops tardabilis,93.9,89.8,42.12,62.66,UZ
Alectrosaurus,93.9,89.8,42.12,62.66,UZ
Asiamericana asiatica,93.9,89.8,42.12,62.66,UZ
Kuszholia,93.9,89.8,42.12,62.66,UZ
Turanoceratops tardabilis,93.9,89.8,42.12,62.66,UZ
Alectrosaurus,93.9,89.8,42.12,62.66,UZ
Tastavinsaurus sanzi,121.4,119.57,40.71,0.06,ES
Hadrosaurus,72.2,66.0,49.0,-110.55,CA
Dromaeosaurus explanatus,100.5,93.9,40.1,65.8,UZ
Chilantaisaurus zheziangensis,85.7,83.6,29.02,119.34,CN
Nanshiungosaurus brevispinus,72.2,66.0,23.48,114.86,CN
Alectrosaurus,100.5,93.9,42.1,62.6,UZ
Guanlong wucaii,161.5,154.8,45.17,88.92,CN
Asiaceratops salsopaludalis,100.5,93.9,40.1,65.8,UZ
Alectrosaurus,100.5,93.9,40.1,65.8,UZ
Camarasaurus,154.8,143.1,44.02,-104.24,US
Camarasaurus,154.8,143.1,44.84,-109.21,US
Allosaurus,154.8,143.1,43.65,-106.78,US
Haplocanthosaurus,154.8,143.1,43.65,-106.78,US
Allosaurus,154.8,149.2,44.09,-106.78,US
Elaphrosaurus,154.8,149.2,44.09,-106.78,US
Camarasaurus,154.8,149.2,44.09,-106.78,US
Apatosaurus,154.8,149.2,44.09,-106.78,US
Diplodocus,154.8,149.2,44.09,-106.78,US
Haplocanthosaurus,154.8,149.2,44.09,-106.78,US
Stegosaurus,154.8,149.2,44.09,-106.78,US
Camptosaurus,154.8,149.2,44.09,-106.78,US
Camarasaurus,154.8,143.1,44.68,-104.61,US
Apatosaurus,154.8,143.1,42.18,-106.32,US
Diplodocus,154.8,143.1,42.18,-106.32,US
Apatosaurus,154.8,143.1,38.25,-110.81,US
Stegosaurus,154.8,149.2,40.46,-109.52,US
Allosaurus,154.8,143.1,38.71,-109.74,US
Camarasaurus,154.8,143.1,38.71,-109.74,US
Stegosaurus,154.8,143.1,38.71,-109.74,US
Camptosaurus,154.8,143.1,38.71,-109.74,US
Camarasaurus,154.8,143.1,38.92,-109.94,US
Diplodocus,154.8,143.1,38.97,-109.32,US
Spinosaurus aegyptiacus,100.5,93.9,30.03,-5.2,MA
Hagryphus giganteus,83.6,72.2,37.65,-111.86,US
Allosaurus,154.8,143.1,38.84,-111.15,US
Allosaurus fragilis,154.8,143.1,38.55,-105.23,US
Riojasaurus incertus,227.3,205.7,-30.0,-68.11,AR
Ligabueino andesi,125.77,119.57,-39.51,-70.07,AR
Rayososaurus agrioensis,113.2,110.1,-38.35,-69.92,AR
Aeolosaurus rionegrinus,83.6,66.0,-41.22,-68.46,AR
Secernosaurus koerneri,72.2,66.0,-45.62,-68.51,AR
Rugops primus,100.5,93.9,17.93,5.62,NE
Carcharodontosaurus iguidensis,100.5,93.9,17.93,5.62,NE
Spinosaurus,100.5,93.9,17.93,5.62,NE
Alectrosaurus,93.9,85.7,46.22,64.15,KZ
Alectrosaurus,85.7,83.6,40.49,69.7,TJ
Technosaurus smalli,227.3,205.7,33.52,-101.32,US
Protoavis texensis,227.3,205.7,33.52,-101.32,US
Centrosaurus,83.6,72.2,50.75,-111.47,CA
Prosaurolophus maximus,83.6,72.2,50.74,-111.49,CA
Corythosaurus,83.6,72.2,50.74,-111.53,CA
Troodon formosus,83.6,72.2,50.72,-111.4,CA
Allosaurus,149.2,145.06,41.98,-106.15,US
Camarasaurus,149.2,145.06,41.98,-106.15,US
Diplodocus,149.2,145.06,41.98,-106.15,US
Nanosaurus,149.2,145.06,41.98,-106.15,US
Panoplosaurus mirus,83.6,72.2,50.73,-111.51,CA
Panoplosaurus rugosidens,83.6,72.2,50.74,-111.5,CA
Corythosaurus casuarius,83.6,72.2,50.75,-111.49,CA
Corythosaurus intermedius,83.6,72.2,50.74,-111.48,CA
Corythosaurus intermedius,83.6,72.2,50.75,-111.44,CA
Corythosaurus intermedius,83.6,72.2,50.75,-111.44,CA
Chasmosaurus belli,83.6,72.2,50.81,-111.59,CA
Centrosaurus apertus,83.6,72.2,50.76,-111.43,CA
Lambeosaurus lambei,83.6,72.2,50.76,-111.43,CA
Chasmosaurus,83.6,72.2,50.8,-111.63,CA
Gorgosaurus libratus,83.6,72.2,50.81,-111.62,CA
Corythosaurus casuarius,83.6,72.2,50.8,-111.61,CA
Gorgosaurus libratus,83.6,72.2,50.8,-111.61,CA
Centrosaurus apertus,83.6,72.2,50.79,-111.61,CA
Gryposaurus notabilis,83.6,72.2,50.79,-111.61,CA
Gryposaurus notabilis,83.6,72.2,50.79,-111.6,CA
Centrosaurus apertus,83.6,72.2,50.73,-111.51,CA
Panoplosaurus mirus,83.6,72.2,50.73,-111.51,CA
Centrosaurus apertus,83.6,72.2,50.75,-111.47,CA
Prosaurolophus,83.6,72.2,50.76,-111.57,CA
Chasmosaurus belli,83.6,72.2,50.73,-111.57,CA
Lambeosaurus lambei,83.6,72.2,50.82,-111.63,CA
Platypelta coombsi,83.6,72.2,50.73,-111.43,CA
Centrosaurus apertus,83.6,72.2,50.82,-111.6,CA
Mamenchisaurus youngi,168.2,161.5,29.41,104.77,CN
Mamenchisaurus hochuanensis,168.2,161.5,29.4,104.78,CN
Mamenchisaurus anyuensis,161.5,143.1,30.15,105.3,CN
Mamenchisaurus anyuensis,119.57,113.2,30.15,105.3,CN
Limaysaurus tessonei,110.1,106.3,-39.31,-68.8,AR
Euoplocephalus tutus,83.6,72.2,50.83,-111.59,CA
Chasmosaurus,83.6,72.2,50.79,-111.61,CA
Corythosaurus casuarius,83.6,72.2,50.79,-111.61,CA
Corythosaurus intermedius,83.6,72.2,50.57,-111.51,CA
Corythosaurus intermedius,83.6,72.2,50.73,-111.51,CA
Gryposaurus notabilis,83.6,72.2,50.78,-111.36,CA
Gryposaurus notabilis,83.6,72.2,50.78,-111.36,CA
Chasmosaurus belli,83.6,72.2,50.82,-111.6,CA
Scolosaurus cutleri,83.6,72.2,50.75,-111.41,CA
Centrosaurus apertus,83.6,72.2,50.75,-111.4,CA
Corythosaurus casuarius,83.6,72.2,50.76,-111.4,CA
Centrosaurus apertus,83.6,72.2,50.75,-111.41,CA
Parasaurolophus walkeri,83.6,72.2,50.74,-111.57,CA
Prosaurolophus maximus,83.6,72.2,50.74,-111.49,CA
Lambeosaurus lambei,83.6,72.2,50.73,-111.55,CA
Scolosaurus cutleri,83.6,72.2,50.76,-111.5,CA
Gorgosaurus libratus,83.6,72.2,50.76,-111.5,CA
Centrosaurus apertus,83.6,72.2,50.75,-111.52,CA
Chasmosaurus,83.6,72.2,50.74,-111.51,CA
Camarasaurus lentus,149.2,145.06,40.44,-109.3,US
Panoplosaurus rugosidens,83.6,72.2,50.74,-111.56,CA
Centrosaurus apertus,83.6,72.2,50.74,-111.51,CA
Brachylophosaurus canadensis,83.6,72.2,50.75,-111.51,CA
Centrosaurus apertus,83.6,72.2,50.74,-111.57,CA
Chasmosaurus belli,83.6,72.2,50.74,-111.57,CA
Corythosaurus casuarius,83.6,72.2,50.75,-111.49,CA
Prosaurolophus maximus,83.6,72.2,50.73,-111.48,CA
Corythosaurus casuarius,83.6,72.2,50.73,-111.52,CA
Prosaurolophus maximus,83.6,72.2,50.75,-111.47,CA
Corythosaurus casuarius,83.6,72.2,50.75,-111.48,CA
Glyptodontopelta mimus,72.2,66.0,36.24,-108.89,US
Richardoestesia,72.2,66.0,36.24,-108.89,US
Magnamanus soriaensis,132.6,121.4,41.77,-2.53,ES
Austroraptor cabazai,72.2,66.0,-40.06,-66.8,AR
Hypsilophodon,154.8,143.1,40.66,-0.88,ES
Iguanodon,125.77,121.4,40.67,-0.67,ES
Iguanodon,125.77,121.4,40.67,-0.67,ES
Iguanodon galvensis,125.77,121.4,40.65,-0.88,ES
Iguanodon galvensis,125.77,121.4,40.65,-0.88,ES
Dacentrurus armatus,154.8,143.1,38.67,-0.82,ES
Dacentrurus,152.21,143.1,39.93,-1.0,ES
Gryposaurus notabilis,83.6,72.2,50.74,-111.52,CA
Corythosaurus intermedius,83.6,72.2,50.74,-111.5,CA
Stegoceras validum,83.6,72.2,50.81,-111.33,CA
Centrosaurus apertus,83.6,72.2,50.75,-111.49,CA
Centrosaurus apertus,83.6,72.2,50.81,-111.58,CA
Edmontonia,83.6,72.2,50.74,-111.51,CA
Saurornitholestes langstoni,83.6,72.2,50.81,-111.6,CA
Stenonychosaurus inequalis,83.6,72.2,50.79,-111.63,CA
Chirostenotes pergracilis,83.6,72.2,50.74,-111.49,CA
Centrosaurus apertus,83.6,72.2,50.75,-111.41,CA
Gryposaurus notabilis,83.6,72.2,50.75,-111.48,CA
Cedarosaurus weiskopfae,137.05,132.6,38.72,-109.69,US
Corythosaurus casuarius,83.6,72.2,50.74,-111.5,CA
Megalosaurus,165.3,161.5,52.55,-0.24,UK
Stenonychosaurus inequalis,83.6,72.2,50.79,-111.59,CA
Chasmosaurus,83.6,72.2,50.79,-111.58,CA
Latenivenatrix mcmasterae,83.6,72.2,50.74,-111.51,CA
Saurornitholestes langstoni,83.6,72.2,50.75,-111.48,CA
Corythosaurus casuarius,83.6,72.2,50.77,-111.46,CA
Lambeosaurus lambei,83.6,72.2,50.8,-111.4,CA
Neuquensaurus australis,72.2,66.0,-33.87,-57.49,UY
Antarctosaurus wichmannianus,72.2,66.0,-33.87,-57.49,UY
Juravenator starki,152.21,149.2,48.92,11.58,DE
Gryposaurus notabilis,83.6,72.2,50.75,-111.48,CA
Styracosaurus albertensis,83.6,72.2,50.74,-111.58,CA
Pachycephalosaurus wyomingensis,83.6,72.2,50.74,-111.58,CA
Saurornitholestes langstoni,83.6,72.2,50.75,-111.48,CA
Lambeosaurus clavinitialis,83.6,72.2,50.82,-111.58,CA
Rhabdodon,83.6,72.2,44.43,5.93,FR
Richardoestesia,83.6,72.2,43.47,5.72,FR
Paronychodon,83.6,72.2,43.47,5.72,FR
Zalmoxes robustus,83.6,72.2,43.47,5.72,FR
Struthiosaurus,83.6,72.2,43.47,5.72,FR
Erketu ellisoni,100.5,83.6,44.58,109.44,MN
Meroktenos thabanensis,227.3,201.4,-29.93,27.4,LS
Muttaburrasaurus langdoni,106.3,93.9,-22.67,144.6,AU
Heterodontosaurus tucki,199.5,192.9,-30.53,27.53,ZA
Carcharodontosaurus saharicus,100.5,93.9,32.72,0.83,DZ
Gyposaurus sinensis,199.5,192.9,25.14,101.96,CN
Lufengosaurus magnus,199.5,192.9,25.16,102.1,CN
Lufengosaurus magnus,199.5,192.9,25.18,102.12,CN
Polacanthus rudgwickensis,125.77,121.4,51.1,-0.45,UK
Polacanthus,132.6,121.4,50.65,-1.16,UK
Megalosaurus bucklandii,168.2,165.3,51.85,-1.43,UK
Megalosaurus,168.2,165.3,51.38,-2.36,UK
Massospondylus,201.4,192.9,-29.22,27.34,ZA
Adeopapposaurus mognai,201.4,174.7,-30.5,-68.5,AR
Albertosaurus,83.6,66.0,51.55,-112.87,CA
Pinacosaurus,83.6,72.2,44.26,103.3,MN
Leptorhynchos,83.6,72.2,48.94,-112.64,US
Citipes elegans,72.2,66.0,47.1,-104.66,US
Tyrannosaurus rex,72.2,66.0,45.65,-103.62,US
Colepiocephale lambei,83.6,72.2,49.48,-111.37,CA
Colepiocephale lambei,83.6,72.2,49.83,-111.7,CA
Hadrosaurus,72.2,66.0,52.46,64.63,KZ
Troodon formosus,72.2,66.0,62.87,177.07,RU
Anoplosaurus curtonotus,100.5,93.9,51.95,-0.65,UK
Telmatosaurus transsylvanicus,72.2,66.0,45.55,22.92,RO
Carcharodontosaurus,106.3,93.9,29.67,1.92,DZ
Nigersaurus taqueti,121.4,100.5,16.45,9.13,NE
Jobaria tiguidensis,161.5,143.1,16.77,7.16,NE
Jobaria tiguidensis,161.5,143.1,16.63,7.31,NE
Iguanodon,132.6,121.4,51.13,-0.32,UK
Carcharodontosaurus saharicus,113.2,100.5,29.25,0.25,DZ
Carcharodontosaurus saharicus,113.2,100.5,29.25,0.25,DZ
Majungasaurus crenatissimus,72.2,66.0,-15.92,46.56,MG
Alectrosaurus,100.5,93.9,40.1,67.0,UZ
Alectrosaurus,85.7,72.2,45.95,64.65,KZ
Neimongosaurus,85.7,72.2,46.57,63.87,KZ
Megalosaurus,168.6,165.3,51.94,-1.61,UK
Cetiosaurus oxoniensis,168.2,165.3,51.86,-1.43,UK
Rebbachisaurus garasbae,100.5,93.9,30.51,-4.84,MA
Rhabdodon,83.6,66.0,43.35,2.95,FR
Triceratops,72.2,66.0,43.44,-104.41,US
Atacamatitan chilensis,100.5,66.0,-21.93,-68.73,CL
Spinosaurus aegyptiacus,100.5,93.9,30.91,-3.86,MA
Suchomimus tenerensis,121.4,100.5,16.42,9.1,NE
Omeisaurus fuxiensis,168.2,161.5,28.35,104.78,CN
Mamenchisaurus hochuanensis,168.2,161.5,29.48,104.37,CN
Yangchuanosaurus shangyouensis,168.2,161.5,29.33,105.68,CN
Gongbusaurus shiyii,168.2,161.5,29.48,104.37,CN
Tuojiangosaurus multispinus,168.2,161.5,28.35,104.78,CN
Chungkingosaurus jiangbeiensis,168.2,161.5,27.79,105.29,CN
Chungkingosaurus jiangbeiensis,168.2,161.5,29.56,106.55,CN
Chungkingosaurus jiangbeiensis,168.2,161.5,29.56,106.55,CN
Chungkingosaurus,168.2,161.5,30.14,106.45,CN
Tyrannosaurus,72.2,66.0,47.57,-107.08,US
Nanotyrannus lethaeus,72.2,66.0,45.89,-104.55,US
Isisaurus,72.2,66.0,23.09,70.02,IN
Chebsaurus algeriensis,165.3,161.5,32.74,-1.07,DZ
Tyrannosaurus,72.2,66.0,43.37,-104.7,US
Saurexallopus zerbsti,72.2,66.0,43.37,-104.7,US
Unescoceratops koppelhusae,83.6,72.2,50.81,-111.57,CA
Coronosaurus brinkmani,83.6,72.2,50.75,-111.52,CA
Coronosaurus brinkmani,83.6,72.2,49.29,-112.21,CA
Psittacosaurus xinjiangensis,137.05,100.5,46.1,85.67,CN
Pararhabdodon isonensis,72.2,66.0,42.08,0.8,ES
Paronychodon,72.2,66.0,51.54,-112.88,CA
Richardoestesia,72.2,66.0,51.54,-112.88,CA
Albertavenator curriei,72.2,66.0,51.54,-112.88,CA
Minmi paravertebrata,132.6,119.57,-26.42,148.79,AU
Tyrannosaurus rex,72.2,66.0,47.54,-107.08,US
Tyrannosaurus rex,72.2,66.0,47.54,-107.08,US
Wintonotitan wattsi,100.5,89.8,-22.68,143.57,AU
Wintonotitan wattsi,100.5,93.9,-22.25,142.48,AU
Aletopelta coombsi,83.6,72.2,33.13,-117.3,US
Tenontosaurus,121.4,100.5,39.18,-110.11,US
Struthiosaurus austriacus,83.6,72.2,47.87,16.13,AT
Struthiosaurus austriacus,83.6,72.2,47.83,16.1,AT
Allosaurus,152.21,145.06,39.68,-105.19,US
Chasmosaurus belli,83.6,72.2,50.82,-111.61,CA
Chasmosaurus,83.6,72.2,50.81,-111.61,CA
Hypacrosaurus altispinus,83.6,66.0,51.95,-112.95,CA
Stegoceras validum,83.6,72.2,50.82,-111.6,CA
Foraminacephale brevis,83.6,72.2,50.82,-111.6,CA
Richardoestesia,72.2,66.0,42.27,0.73,ES
Richardoestesia,72.2,66.0,42.27,0.73,ES
Paronychodon,125.77,121.4,40.22,-1.98,ES
Richardoestesia,125.77,121.4,40.22,-1.98,ES
Paronychodon,72.2,66.0,41.98,-3.52,ES
Iguanodon,125.77,121.4,40.49,0.42,ES
Dacentrurus armatus,152.21,143.1,39.93,-1.0,ES
Iguanodon,125.77,121.4,40.63,-0.1,ES
Cetiosaurus,125.77,121.4,40.62,-0.1,ES
Iguanodon,143.1,121.4,40.24,-0.74,ES
Polacanthus,125.77,121.4,40.49,0.42,ES
Polacanthus,125.77,113.2,42.02,-3.23,ES
Ligabuesaurus leanzai,113.2,110.1,-39.59,-69.4,AR
Troodon,72.2,66.0,49.08,130.86,RU
Tarbosaurus bataar,72.2,66.0,49.08,130.86,RU
Saurornitholestes,72.2,66.0,49.08,130.86,RU
Richardoestesia,72.2,66.0,49.08,130.86,RU
Richardoestesia,72.2,66.0,49.08,130.86,RU
Silesaurus opolensis,233.6,227.3,50.67,18.25,PL
Silesaurus opolensis,237.0,205.7,50.67,18.25,PL
Stegoceras validum,83.6,72.2,46.24,-109.59,US
Daspletosaurus horneri,83.6,72.2,47.82,-112.66,US
Achelousaurus horneri,83.6,72.2,48.63,-113.75,US
Daspletosaurus horneri,83.6,72.2,48.63,-113.75,US
Daspletosaurus,83.6,72.2,48.63,-113.75,US
Rubeosaurus ovatus,83.6,72.2,48.97,-112.65,US
Orodromeus makelai,83.6,72.2,48.91,-112.64,US
Einiosaurus procurvicornis,83.6,72.2,48.94,-112.64,US
Hypacrosaurus stebingeri,83.6,72.2,48.94,-112.64,US
Paronychodon,83.6,72.2,48.94,-112.64,US
Troodon formosus,83.6,72.2,48.94,-112.64,US
Camptosaurus,154.8,149.2,44.54,-107.78,US
Dromaeosaurus,83.6,72.2,50.47,-110.39,CA
Dromaeosaurus,83.6,72.2,50.82,-111.58,CA
Troodon formosus,83.6,72.2,50.79,-111.62,CA
Saurornitholestes langstoni,83.6,72.2,50.74,-111.49,CA
Saurornitholestes langstoni,83.6,72.2,50.75,-111.42,CA
Silesaurus opolensis,237.0,205.7,50.67,18.28,PL
Maxakalisaurus topai,83.6,66.0,-19.46,-49.25,BR
Maxakalisaurus topai,83.6,66.0,-19.46,-49.25,BR
Platypelta coombsi,83.6,72.2,50.73,-111.49,CA
Euoplocephalus,83.6,72.2,50.74,-111.49,CA
Euoplocephalus,72.2,66.0,51.78,-112.96,CA
Euoplocephalus,72.2,66.0,48.64,-112.98,US
Saurornitholestes,83.6,72.2,47.99,-112.28,US
Saurornitholestes,83.6,72.2,42.85,-107.28,US
Richardoestesia isosceles,83.6,72.2,42.85,-107.28,US
Paronychodon,83.6,72.2,42.85,-107.28,US
Daspletosaurus,83.6,72.2,42.85,-107.28,US
Paronychodon,83.6,72.2,43.2,-107.1,US
Richardoestesia isosceles,83.6,72.2,44.12,-107.76,US
Alamosaurus sanjuanensis,72.2,66.0,29.46,-103.14,US
Thecodontosaurus,205.7,201.4,51.51,-3.48,UK
Kileskus aristotocus,168.2,165.3,55.65,89.18,RU
Nuthetes,143.1,139.1,45.75,-0.31,FR
Iguanodon,125.77,121.4,50.64,-1.41,UK
Coelophysis,227.3,205.7,36.33,-106.47,US
Bistahieversor sealeyi,83.6,72.2,36.49,-108.57,US
Parasaurolophus,83.6,72.2,36.14,-108.11,US
Ahshislesaurus wimani,83.6,72.2,36.1,-108.09,US
Pinacosaurus grangeri,100.5,66.0,38.96,106.03,CN
Euhelopus zdanskyi,143.1,132.6,35.87,117.95,CN
Tanius sinensis,89.8,83.6,36.92,120.62,CN
Kritosaurus,83.6,72.2,36.3,-108.04,US
Monoclonius,83.6,72.2,36.62,-108.46,US
Monoclonius,83.6,72.2,36.7,-108.3,US
Ankylosaurus,83.6,72.2,36.33,-108.08,US
Oohkotokia horneri,83.6,72.2,48.91,-112.64,US
Glyptodontopelta mimus,72.2,66.0,36.31,-108.0,US
Glyptodontopelta mimus,72.2,66.0,36.31,-108.03,US
Pentaceratops,83.6,72.2,36.17,-107.91,US
Muttaburrasaurus,106.3,93.9,-20.97,144.38,AU
Allosaurus,161.5,143.1,44.63,-107.81,US
Torvosaurus,161.5,143.1,44.63,-107.81,US
Stegosaurus,161.5,143.1,44.63,-107.81,US
Camarasaurus,161.5,143.1,44.63,-107.81,US
Corythosaurus casuarius,83.6,72.2,50.74,-111.51,CA
Pelecanimimus polyodon,125.77,121.4,40.06,-1.88,ES
Puertasaurus reuili,83.6,72.2,-49.85,-72.11,AR
Velociraptor mongoliensis,83.6,72.2,44.22,103.27,MN
Velociraptor mongoliensis,83.6,72.2,44.22,103.27,MN
Velociraptor mongoliensis,83.6,72.2,44.13,103.56,MN
Protoceratops,83.6,72.2,44.13,103.56,MN
Velociraptor mongoliensis,83.6,72.2,44.0,104.0,MN
Neuquensaurus australis,83.6,66.0,-25.73,-48.58,BR
Yuanmousaurus jiangyiensis,174.7,161.5,25.95,101.91,CN
Sonidosaurus saihangaobiensis,83.6,72.2,43.55,111.87,CN
Borealosaurus wimani,106.3,100.5,41.77,120.79,CN
Shuangmiaosaurus gilmorei,106.3,100.5,41.77,120.79,CN
Gobititan shenzhouensis,113.2,110.1,41.51,97.62,CN
Sinusonasus magnodens,125.77,119.57,41.6,120.91,CN
Ceratosaurus nasicornis,154.8,149.2,38.86,-110.9,US
Neuquensaurus australis,100.5,66.0,-40.45,-66.62,AR
Pentaceratops,83.6,72.2,36.19,-107.89,US
Pentaceratops,83.6,72.2,36.31,-108.08,US
Asiaceratops,100.5,93.9,40.23,65.91,UZ
Tarbosaurus bataar,83.6,66.0,42.82,89.86,CN
Citipes elegans,83.6,72.2,50.76,-111.47,CA
Plateosaurus,205.7,201.4,61.51,2.17,O2
Citipes elegans,83.6,72.2,50.73,-111.56,CA
Chirostenotes pergracilis,83.6,72.2,51.95,-112.93,CA
Troodon formosus,72.2,66.0,51.48,-112.77,CA
Troodon formosus,83.6,72.2,49.99,-111.42,CA
Troodon formosus,83.6,72.2,50.74,-111.49,CA
Prosaurolophus,83.6,72.2,50.76,-110.02,CA
Lambeosaurus,83.6,72.2,50.71,-110.13,CA
Hadrosaurus,83.6,72.2,49.29,-112.21,CA
Edmontosaurus,83.6,72.2,51.93,-112.93,CA
Pachyrhinosaurus canadensis,83.6,66.0,50.19,-113.01,CA
Leptoceratops gracilis,72.2,66.0,52.08,-113.01,CA
Iguanodon,125.77,121.4,40.62,-0.1,ES
Monoclonius,83.6,72.2,49.0,-110.45,CA
Monoclonius crassus,83.6,72.2,49.36,-110.58,CA
Chasmosaurus russelli,83.6,72.2,49.14,-110.48,CA
Chasmosaurus,83.6,72.2,49.11,-110.59,CA
Chasmosaurus russelli,83.6,72.2,51.56,-108.14,CA
Mantellisaurus atherfieldensis,125.77,121.4,40.62,-0.1,ES
Triceratops,72.2,66.0,47.05,-104.74,US
Triceratops,72.2,66.0,46.26,-105.12,US
Saurolophus osborni,72.2,66.0,51.82,-112.98,CA
Hypacrosaurus altispinus,72.2,66.0,51.91,-112.97,CA
Hypacrosaurus altispinus,83.6,66.0,51.82,-112.98,CA
Hypacrosaurus altispinus,83.6,66.0,51.82,-112.98,CA
Hypacrosaurus altispinus,83.6,66.0,51.75,-112.96,CA
Leptoceratops gracilis,72.2,66.0,51.82,-112.98,CA
Anchiceratops ornatus,83.6,66.0,51.75,-112.96,CA
Anchiceratops ornatus,72.2,66.0,51.75,-112.96,CA
Prosaurolophus maximus,83.6,72.2,50.75,-111.49,CA
Pachycephalosaurus wyomingensis,72.2,66.0,45.67,-101.48,US
Troodon formosus,83.6,72.2,47.77,-108.95,US
Pachycephalosaurus wyomingensis,72.2,66.0,43.44,-104.41,US
Pachycephalosaurus,72.2,66.0,43.16,-104.55,US
Stegoceras validum,83.6,72.2,50.83,-111.6,CA
Stegoceras validum,83.6,72.2,50.83,-111.6,CA
Stegoceras validum,83.6,72.2,50.83,-111.6,CA
Foraminacephale brevis,83.6,72.2,50.83,-111.6,CA
Foraminacephale brevis,83.6,72.2,50.83,-111.6,CA
Foraminacephale brevis,83.6,72.2,50.83,-111.6,CA
Stegoceras validum,83.6,72.2,50.77,-111.39,CA
Sphaerotholus edmontonensis,83.6,66.0,51.94,-112.94,CA
Colepiocephale lambei,83.6,72.2,49.95,-111.42,CA
Stegoceras validum,83.6,72.2,50.82,-111.59,CA
Stegoceras validum,83.6,72.2,50.82,-111.63,CA
Stegoceras validum,83.6,72.2,50.82,-111.63,CA
Stegoceras validum,83.6,72.2,50.82,-111.63,CA
Stegoceras validum,83.6,72.2,50.75,-111.54,CA
Stegoceras validum,83.6,72.2,50.75,-111.54,CA
Stegoceras validum,83.6,72.2,50.75,-111.54,CA
Stegoceras validum,83.6,72.2,50.75,-111.54,CA
Stegoceras validum,83.6,72.2,50.8,-111.59,CA
Mantellisaurus atherfieldensis,125.77,119.57,50.48,3.65,BE
Asiaceratops salsopaludalis,100.5,93.9,40.1,65.8,UZ
Asiaceratops salsopaludalis,100.5,93.9,40.1,65.8,UZ
Pectinodon,100.5,93.9,40.1,65.8,UZ
Asiaceratops salsopaludalis,100.5,93.9,40.1,65.8,UZ
Asiaceratops salsopaludalis,100.5,93.9,40.1,65.8,UZ
Asiaceratops salsopaludalis,100.5,93.9,40.6,71.83,UZ
Asiaceratops salsopaludalis,100.5,93.9,40.6,-71.83,UZ
Iguanodon,132.6,119.57,50.66,-1.48,UK
Cetiosaurus,132.6,121.4,50.66,-1.47,UK
Iguanodon,132.6,121.4,50.67,-1.13,UK
Iguanodon bernissartensis,132.6,121.4,50.67,-1.13,UK
Duriatitan humerocristatus,149.2,143.1,50.77,1.63,FR
Duriatitan humerocristatus,149.2,143.1,50.77,1.63,FR
Iguanodon,137.05,121.4,50.89,0.69,UK
Centrosaurus apertus,83.6,72.2,50.73,-111.52,CA
Centrosaurus apertus,83.6,72.2,50.74,-111.52,CA
Centrosaurus apertus,83.6,72.2,50.77,-111.52,CA
Centrosaurus apertus,83.6,72.2,50.77,-111.53,CA
Centrosaurus apertus,83.6,72.2,50.76,-111.44,CA
Centrosaurus apertus,83.6,72.2,50.76,-111.43,CA
Centrosaurus apertus,83.6,72.2,50.83,-111.6,CA
Centrosaurus apertus,83.6,72.2,50.74,-111.52,CA
Centrosaurus apertus,83.6,72.2,50.75,-111.41,CA
Centrosaurus apertus,83.6,72.2,50.76,-111.49,CA
Centrosaurus apertus,83.6,72.2,50.75,-111.4,CA
Centrosaurus apertus,83.6,72.2,50.76,-111.49,CA
Centrosaurus apertus,83.6,72.2,50.79,-111.58,CA
Centrosaurus apertus,83.6,72.2,50.75,-111.47,CA
Centrosaurus apertus,83.6,72.2,50.75,-111.47,CA
Shixinggia oblita,72.2,66.0,24.95,114.07,CN
Notohypsilophodon comodorensis,100.5,89.8,-44.91,-69.29,AR
Albertosaurus,83.6,72.2,38.83,-107.04,US
Camarasaurus,154.8,143.1,39.68,-105.19,US
Shaochilong maortuensis,121.4,100.5,40.3,105.94,CN
Chilantaisaurus tashuikouensis,93.9,89.8,40.3,105.94,CN
Gobisaurus domoculus,121.4,100.5,40.3,105.94,CN
Sinosaurus triassicus,199.5,192.9,25.18,102.08,CN
Gyposaurus sinensis,199.5,192.9,25.18,102.08,CN
Lufengosaurus huenei,199.5,192.9,25.18,102.08,CN
Lufengosaurus magnus,199.5,192.9,25.18,102.08,CN
Yunnanosaurus huangi,199.5,192.9,25.18,102.08,CN
Yunnanosaurus robustus,199.5,192.9,25.18,102.08,CN
Gasparinisaura cincosaltensis,83.6,72.2,-38.84,-68.03,AR
Iguanodon,154.8,149.2,50.77,1.61,FR
Hylaeosaurus armatus,113.2,110.1,49.33,4.87,FR
Triceratops,72.2,66.0,47.75,-106.2,US
Edmontosaurus,72.2,66.0,47.75,-106.2,US
Hoplitosaurus,121.4,113.2,38.76,-109.68,US
Carcharodontosaurus saharicus,119.57,110.1,33.17,10.26,TN
Spinosaurus,119.57,110.1,33.17,10.26,TN
Zapalasaurus bonapartei,125.77,119.57,-39.56,-70.15,AR
Amazonsaurus maranhensis,119.57,106.3,-3.4,-44.36,BR
Gigantspinosaurus sichuanensis,168.2,161.5,29.22,104.71,CN
Cetiosaurus,168.2,165.3,51.86,-1.3,UK
Cathartesaura anaerobica,110.1,106.3,-39.63,-69.18,AR
Maxakalisaurus topai,83.6,66.0,-19.46,-49.25,BR
Titanosaurus blanfordi,72.2,66.0,21.0,79.18,IN
Camarasaurus,154.8,143.1,43.62,-108.18,US
Diplodocus,154.8,143.1,43.62,-108.18,US
Apatosaurus,154.8,143.1,43.62,-108.18,US
Arrudatitan maximus,83.6,66.0,-21.33,-48.58,BR
Aeolosaurus,72.2,66.0,-19.6,-47.62,BR
Jinzhousaurus yangi,125.77,119.57,41.13,121.14,CN
Arrhinoceratops brachyops,83.6,66.0,51.61,-112.88,CA
Pachycephalosaurus wyomingensis,72.2,66.0,45.1,-102.09,US
Coelophysis,227.3,205.7,33.01,-101.35,US
Richardoestesia,83.6,72.2,50.75,-111.51,CA
Paronychodon,83.6,72.2,50.75,-111.51,CA
Dromaeosaurus,83.6,72.2,50.75,-111.51,CA
Dromaeosaurus albertensis,83.6,72.2,50.75,-111.52,CA
Richardoestesia,83.6,72.2,50.83,-111.32,CA
Paronychodon,83.6,72.2,50.83,-111.32,CA
Dromaeosaurus,83.6,72.2,50.83,-111.32,CA
Richardoestesia,83.6,72.2,50.75,-111.51,CA
Troodon,83.6,72.2,50.76,-111.53,CA
Richardoestesia,83.6,72.2,50.76,-111.53,CA
Paronychodon,83.6,72.2,50.76,-111.53,CA
Dromaeosaurus,83.6,72.2,50.76,-111.53,CA
Richardoestesia,83.6,72.2,50.77,-111.52,CA
Richardoestesia,83.6,72.2,50.75,-111.47,CA
Paronychodon,83.6,72.2,50.75,-111.47,CA
Dromaeosaurus,83.6,72.2,50.75,-111.47,CA
Richardoestesia,83.6,72.2,50.75,-111.5,CA
Paronychodon,83.6,72.2,50.75,-111.5,CA
Dromaeosaurus,83.6,72.2,50.75,-111.5,CA
Troodon,83.6,72.2,50.75,-111.51,CA
Paronychodon,83.6,72.2,50.75,-111.51,CA
Troodon,83.6,72.2,50.75,-111.46,CA
Richardoestesia,83.6,72.2,50.75,-111.46,CA
Richardoestesia,83.6,72.2,50.75,-111.51,CA
Paronychodon,83.6,72.2,50.75,-111.51,CA
Dromaeosaurus,83.6,72.2,50.75,-111.51,CA
Troodon,83.6,72.2,50.74,-111.49,CA
Richardoestesia,83.6,72.2,50.74,-111.49,CA
Richardoestesia,83.6,72.2,50.75,-111.4,CA
Paronychodon,83.6,72.2,50.75,-111.4,CA
Dromaeosaurus,83.6,72.2,50.75,-111.4,CA
Richardoestesia,83.6,72.2,50.81,-111.58,CA
Paronychodon,83.6,72.2,50.81,-111.58,CA
Richardoestesia isosceles,83.6,72.2,50.81,-111.63,CA
Saurornitholestes langstoni,83.6,72.2,50.81,-111.63,CA
Dromaeosaurus albertensis,83.6,72.2,50.81,-111.63,CA
Saurornitholestes,83.6,72.2,50.78,-111.33,CA
Richardoestesia,83.6,72.2,50.78,-111.33,CA
Paronychodon,83.6,72.2,50.78,-111.33,CA
Richardoestesia,83.6,72.2,50.79,-111.62,CA
Paronychodon,83.6,72.2,50.79,-111.62,CA
Richardoestesia,83.6,72.2,50.74,-111.49,CA
Richardoestesia,83.6,72.2,50.74,-111.48,CA
Dromaeosaurus,83.6,72.2,50.74,-111.48,CA
Richardoestesia,83.6,72.2,50.76,-111.37,CA
Magyarosaurus dacus,72.2,66.0,45.49,23.09,RO
Zalmoxes robustus,72.2,66.0,45.49,23.09,RO
Magyarosaurus dacus,72.2,66.0,45.62,22.78,RO
Zalmoxes robustus,72.2,66.0,45.62,22.78,RO
Tsaagan mangas,83.6,72.2,43.66,100.9,MN
Saurornitholestes,83.6,72.2,50.74,-111.52,CA
Dromaeosaurus,83.6,72.2,50.74,-111.52,CA
Saurornitholestes,83.6,72.2,50.74,-111.48,CA
Saurornitholestes,83.6,72.2,50.73,-111.51,CA
Richardoestesia,83.6,72.2,50.73,-111.51,CA
Saurornitholestes,83.6,72.2,50.76,-111.52,CA
Richardoestesia,83.6,72.2,50.76,-111.52,CA
Saurornitholestes,83.6,72.2,50.84,-111.3,CA
Richardoestesia,83.6,72.2,50.84,-111.3,CA
Saurornitholestes,83.6,72.2,50.76,-111.37,CA
Troodon,83.6,72.2,50.76,-111.37,CA
Richardoestesia,83.6,72.2,50.76,-111.37,CA
Paronychodon,83.6,72.2,50.76,-111.37,CA
Troodon,83.6,72.2,50.72,-111.49,CA
Saurornitholestes,83.6,72.2,50.72,-111.47,CA
Dromaeosaurus,83.6,72.2,50.72,-111.47,CA
Saurornitholestes,83.6,72.2,50.64,-110.91,CA
Richardoestesia,83.6,72.2,50.64,-110.91,CA
Saurornitholestes,83.6,72.2,50.73,-110.08,CA
Troodon,83.6,72.2,50.73,-110.08,CA
Saurornitholestes,83.6,72.2,51.44,-110.39,CA
Troodon,83.6,72.2,51.44,-110.39,CA
Richardoestesia,83.6,72.2,51.44,-110.39,CA
Paronychodon,83.6,72.2,51.44,-110.39,CA
Saurornitholestes,83.6,72.2,51.44,-110.39,CA
Paronychodon,83.6,72.2,51.44,-110.39,CA
Saurornitholestes,83.6,72.2,51.47,-110.39,CA
Paronychodon,83.6,72.2,51.47,-110.39,CA
Saurornitholestes,83.6,72.2,50.73,-110.09,CA
Paronychodon,83.6,72.2,50.73,-110.09,CA
Saurornitholestes,83.6,72.2,52.45,-109.17,CA
Saurornitholestes,83.6,72.2,50.75,-111.41,CA
Troodon,83.6,72.2,50.75,-111.41,CA
Centrosaurus,83.6,72.2,50.77,-111.46,CA
Saurornitholestes,83.6,72.2,50.77,-111.46,CA
Troodon,83.6,72.2,50.77,-111.46,CA
Richardoestesia,83.6,72.2,50.77,-111.46,CA
Paronychodon,83.6,72.2,50.77,-111.46,CA
Dromaeosaurus,83.6,72.2,50.77,-111.46,CA
Saurornitholestes,83.6,72.2,50.75,-111.51,CA
Troodon,83.6,72.2,50.75,-111.51,CA
Richardoestesia,83.6,72.2,50.75,-111.51,CA
Paronychodon,83.6,72.2,50.75,-111.51,CA
Nothronychus graffami,93.9,89.8,37.08,-111.66,US
Erlikosaurus andrewsi,93.9,83.6,43.14,107.52,MN
Richardoestesia gilmorei,83.6,72.2,29.1,-103.17,US
Richardoestesia isosceles,83.6,72.2,29.1,-103.17,US
Saurornitholestes langstoni,83.6,72.2,29.1,-103.17,US
Richardoestesia isosceles,83.6,72.2,29.1,-103.17,US
Richardoestesia isosceles,83.6,72.2,29.1,-103.17,US
Saurornitholestes langstoni,83.6,72.2,29.1,-103.17,US
Saurornitholestes langstoni,83.6,72.2,29.1,-103.17,US
Richardoestesia isosceles,83.6,72.2,29.1,-103.17,US
Richardoestesia isosceles,83.6,72.2,29.3,-103.52,US
Paronychodon,83.6,72.2,29.3,-103.52,US
Richardoestesia isosceles,83.6,72.2,29.23,-103.57,US
Saurornitholestes langstoni,83.6,72.2,29.23,-103.57,US
Saurornitholestes langstoni,72.2,66.0,29.43,-103.14,US
Saurornitholestes,72.2,66.0,29.43,-103.14,US
Saurornitholestes,72.2,66.0,29.43,-103.14,US
Saurornitholestes langstoni,72.2,66.0,29.43,-103.14,US
Saurornitholestes,72.2,66.0,29.43,-103.14,US
Saurornitholestes langstoni,83.6,72.2,29.23,-103.57,US
Kangnasaurus coetzeei,100.5,66.0,-29.52,18.42,ZA
Turiasaurus riodevensis,152.21,143.1,40.13,-1.13,ES
Dacentrurus armatus,152.21,143.1,40.13,-1.13,ES
Oblitosaurus bunnueli,152.21,143.1,40.13,-1.13,ES
Protopteryx fengningensis,132.6,125.77,41.2,116.65,CN
Efraasia minor,215.38,211.18,49.06,8.98,DE
Efraasia minor,215.38,211.18,49.06,8.98,DE
Efraasia minor,215.38,211.18,49.06,8.98,DE
Plateosaurus gracilis,227.3,205.7,48.76,9.14,DE
Plateosaurus gracilis,227.3,205.7,48.1,8.68,DE
Plateosaurus gracilis,227.3,205.7,48.76,9.14,DE
Pararhabdodon isonensis,72.2,66.0,42.16,1.05,ES
Ojoceratops fowleri,72.2,66.0,36.34,-108.08,US
Dilophosaurus wetherilli,199.5,184.2,35.68,-111.03,US
Daspletosaurus horneri,83.6,72.2,47.81,-112.22,US
Rhabdodon,72.2,66.0,42.94,2.19,FR
Struthiosaurus austriacus,72.2,66.0,42.91,2.2,FR
Camarasaurus lentus,154.8,143.1,39.24,-109.0,US
Camarasaurus grandis,149.2,143.1,39.17,-108.77,US
Diplodocus,154.8,143.1,38.5,-109.0,US
Camarasaurus,152.21,145.06,38.54,-105.22,US
Brachiosaurus,154.8,143.1,42.02,-106.05,US
Apatosaurus,154.8,149.2,44.54,-107.78,US
Camarasaurus grandis,152.21,143.1,35.52,-106.82,US
Crittendenceratops krzyzanowskii,83.6,72.2,31.7,-110.85,US
Dromaeosauroides bornholmensis,139.1,137.05,55.08,14.75,DK
Bagaceratops,83.6,72.2,41.7,106.76,CN
Euhelopus,137.05,100.5,45.13,88.95,CN
Foskeia pelendonum,125.77,119.57,41.99,-3.31,ES
Soriatitan golmayensis,132.6,121.4,41.77,-2.53,ES
Polacanthus,132.6,121.4,41.77,-2.53,ES
Europatitan eastwoodi,125.77,119.57,42.04,-3.31,ES
Delapparentia turolensis,125.77,121.4,40.65,-0.86,ES
Lamplughsaura dharmaramensis,201.4,192.9,19.25,79.53,IN
Colepiocephale lambei,83.6,72.2,49.48,-111.37,CA
Cetiosaurus oxoniensis,168.2,165.3,51.86,-1.3,UK
Oxalaia quilombensis,100.5,93.9,-2.48,-44.46,BR
Camptosaurus dispar,154.8,143.1,42.02,-106.05,US
Obelignathus septimanicus,83.6,66.0,43.34,2.91,FR
Scipionyx samniticus,113.2,110.1,41.35,14.55,IT
Torvosaurus gurneyi,152.21,149.2,39.33,-9.36,PT
Torvosaurus gurneyi,152.21,149.2,39.2,-9.12,PT
Albertaceratops nesmoi,83.6,72.2,49.12,-110.86,CA
Albertaceratops nesmoi,83.6,72.2,48.95,-110.56,US
Torosaurus utahensis,72.2,66.0,29.44,-103.16,US
Brachylophosaurus canadensis,83.6,72.2,48.56,-107.78,US
Tyrannosaurus,83.6,72.2,47.4,-109.65,US
Zephyrosaurus schaffi,113.2,100.5,45.49,-108.73,US
Stenopelix valdensis,139.1,137.05,52.25,9.07,DE
Abrictosaurus consors,201.4,192.9,-30.05,28.53,LS
Lycorhinus angustidens,201.4,192.9,-30.43,28.52,ZA
Lycorhinus angustidens,201.4,192.9,-30.43,28.52,ZA
Utahceratops gettyi,83.6,72.2,37.63,-111.86,US
Mononykus olecranus,72.2,66.0,43.54,99.6,MN
Tyrannosaurus rex,72.2,66.0,45.53,-101.63,US
Diplodocus,154.8,149.2,45.22,-108.83,US
Mamenchisaurus,149.2,143.1,44.13,95.79,MN
Psittacosaurus,161.5,100.5,45.22,99.17,MN
Pachyrhinosaurus perotorum,72.2,66.0,69.83,-151.52,US
Ugrunaaluk kuukpikensis,72.2,66.0,70.07,-151.58,US
Prenoceratops pieganensis,83.6,72.2,48.5,-112.52,US
Allosaurus,154.8,143.1,44.02,-104.24,US
Troodon formosus,83.6,72.2,47.72,-109.64,US
Apatosaurus,154.8,143.1,36.1,-110.23,US
Theiophytalia kerri,121.4,100.5,38.87,-104.87,US
Allosaurus,154.8,143.1,38.5,-105.21,US
Allosaurus,154.8,143.1,39.95,-106.56,US
Allosaurus,154.8,143.1,40.49,-105.21,US
Camarasaurus,154.8,143.1,37.31,-103.52,US
Camarasaurus,152.21,143.1,38.85,-108.46,US
Allosaurus,152.21,143.1,38.85,-108.46,US
Apatosaurus,152.21,143.1,38.85,-108.48,US
Camarasaurus,152.21,143.1,38.85,-108.48,US
Stegosaurus,154.8,149.2,45.22,-108.83,US
Allosaurus,152.21,143.1,35.52,-106.82,US
Hypacrosaurus stebingeri,83.6,72.2,48.94,-112.65,US
Lambeosaurus clavinitialis,83.6,72.2,50.6,-111.62,CA
Corythosaurus casuarius,83.6,72.2,50.6,-111.62,CA
Lambeosaurus lambei,83.6,72.2,50.6,-111.62,CA
Majungasaurus crenatissimus,72.2,66.0,-15.91,46.58,MG
Shanag ashile,143.1,100.5,44.24,102.73,MN
Psittacosaurus,143.1,100.5,44.24,102.73,MN
Ornithomimus,83.6,72.2,37.63,-111.86,US
Alamosaurus sanjuanensis,72.2,66.0,36.31,-108.03,US
Saurornitholestes,72.2,66.0,41.94,-106.88,US
Richardoestesia,72.2,66.0,41.94,-106.88,US
Paronychodon,72.2,66.0,41.94,-106.88,US
Saurornitholestes,72.2,66.0,41.8,-107.0,US
Richardoestesia,72.2,66.0,41.8,-107.0,US
Paronychodon,72.2,66.0,41.8,-107.0,US
Urbacodon itemirensis,100.5,93.9,42.1,62.58,UZ
Troodon,72.2,66.0,50.27,127.48,RU
Chuanjiesaurus anaensis,170.9,168.2,24.97,102.08,CN
Shidaisaurus jinae,170.9,168.2,24.97,102.08,CN
Genusaurus sisteronis,110.1,106.3,44.18,5.9,FR
Aniksosaurus darwini,100.5,89.8,-44.77,-69.18,AR
Cetiosaurus,168.2,159.0,51.88,-1.36,UK
Megalosaurus,168.2,165.3,51.86,-1.3,UK
Cetiosaurus,168.2,165.3,52.7,-0.45,UK
Micropachycephalosaurus hongtuyanensis,89.8,83.6,36.88,120.68,CN
Tienshanosaurus,161.5,154.8,45.19,88.92,CN
Protoceratops andrewsi,83.6,72.2,44.16,103.69,MN
Bagaceratops,83.6,72.2,44.16,103.69,MN
Majungasaurus crenatissimus,72.2,66.0,-15.9,46.58,MG
Masiakasaurus knopfleri,72.2,66.0,-15.9,46.58,MG
Sarcosaurus woodi,199.5,192.9,52.22,-1.75,UK
Sarcosaurus woodi,199.5,192.9,52.75,-1.15,UK
Camarasaurus,149.2,145.06,39.15,-108.77,US
Diplodocus,149.2,145.06,39.15,-108.77,US
Apatosaurus,149.2,145.06,39.15,-108.77,US
Brachiosaurus,149.2,145.06,39.15,-108.77,US
Stegosaurus,149.2,145.06,39.15,-108.77,US
Fruitadens haagarorum,149.2,145.06,39.15,-108.77,US
Kritosaurus,85.7,83.6,49.08,-111.41,CA
Dromaeosaurus,72.2,66.0,51.21,-114.52,CA
Lufengosaurus magnus,199.5,192.9,25.18,102.12,CN
Lufengosaurus magnus,201.4,192.9,25.18,102.09,CN
Lufengosaurus huenei,199.5,192.9,25.18,102.12,CN
Velociraptor mongoliensis,100.5,66.0,40.04,112.42,CN
Bactrosaurus johnsoni,100.5,66.0,40.04,112.42,CN
Sinosaurus triassicus,201.4,192.9,25.53,102.4,CN
Australodocus bohetii,149.2,143.1,-9.71,39.23,TZ
Brachiosaurus,149.2,143.1,-9.71,39.23,TZ
Megapnosaurus,199.5,192.9,25.17,102.11,CN
Yinlong downsi,161.5,154.8,45.19,88.92,CN
Nuthetes destructor,141.0,139.1,50.6,-1.97,UK
Stegoceras,72.2,66.0,47.66,-107.34,US
Stegoceras validum,83.6,72.2,50.45,-111.12,CA
Pachycephalosaurus,72.2,66.0,43.38,-104.47,US
Iguanodon bernissartensis,132.6,119.57,50.65,-1.45,UK
Iguanodon,132.6,121.4,50.65,-1.46,UK
Iguanodon,132.6,121.4,50.64,-1.44,UK
Iguanodon,132.6,121.4,50.6,-1.95,UK
Sinosauropteryx,125.77,119.57,41.37,121.42,CN
Fukuipteryx prima,121.4,113.2,36.12,136.54,JP
Tyrannomimus fukuiensis,121.4,113.2,36.12,136.54,JP
Homalocephale calathocercos,72.2,66.0,43.49,101.28,MN
Xenoposeidon proneneukos,139.1,132.6,50.86,0.61,UK
Erectopus superbus,125.77,121.4,38.4,-9.22,PT
Iguanodon,125.77,121.4,38.4,-9.22,PT
Gigantoraptor erlianensis,83.6,72.2,43.55,111.87,CN
Oryctodromeus cubicularis,106.3,100.5,44.54,-112.6,US
Tarbosaurus bataar,72.2,66.0,43.57,100.48,MN
Psittacosaurus lujiatunensis,125.77,119.57,41.78,120.76,CN
Majungasaurus crenatissimus,72.2,66.0,-15.91,46.58,MG
Majungasaurus crenatissimus,72.2,66.0,-15.9,46.6,MG
Majungasaurus crenatissimus,72.2,66.0,-15.91,46.58,MG
Stegosaurus ungulatus,154.8,149.2,39.66,-8.81,PT
Eolambia caroljonesa,100.5,93.9,38.69,-111.26,US
Richardoestesia isosceles,100.5,93.9,38.69,-111.26,US
Paronychodon,100.5,93.9,38.69,-111.26,US
Eolambia caroljonesa,100.5,93.9,38.69,-111.26,US
Eolambia caroljonesa,100.5,93.9,38.69,-111.26,US
Eolambia caroljonesa,100.5,93.9,38.69,-111.26,US
Similicaudipteryx yixianensis,121.4,113.2,41.53,121.25,CN
Eocursor parvus,201.4,192.9,-29.22,27.34,ZA
Cedrorestes crichtoni,137.05,132.6,38.9,-109.55,US
Brachylophosaurus canadensis,83.6,72.2,48.6,-107.9,US
Triceratops,72.2,66.0,39.99,-104.82,US
Leptoceratops gracilis,72.2,66.0,45.46,-104.16,US
Leptoceratops gracilis,72.2,66.0,45.59,-104.91,US
Allosaurus fragilis,154.8,143.1,41.9,-106.08,US
Allosaurus,154.8,143.1,41.9,-106.08,US
Edmontosaurus annectens,72.2,66.0,47.6,-107.0,US
Lambeosaurus magnicristatus,83.6,72.2,49.35,-110.56,CA
Gorgosaurus,72.2,66.0,45.06,-103.45,US
Tyrannosaurus rex,72.2,66.0,45.06,-103.45,US
Thescelosaurus,72.2,66.0,45.06,-103.45,US
Triceratops,72.2,66.0,45.06,-103.45,US
Edmontosaurus,72.2,66.0,45.06,-103.45,US
Ammosaurus,201.4,199.5,45.4,-64.22,CA
Ammosaurus,201.4,199.5,45.4,-64.22,CA
Ammosaurus,201.4,199.5,45.4,-64.22,CA
Dacentrurus armatus,149.2,143.1,39.07,-9.28,PT
Gondwanatitan,83.6,66.0,-5.14,-55.77,BR
Dryosaurus,152.21,145.06,39.85,-8.62,PT
Iguanodon,143.1,121.4,40.53,-0.41,ES
Iguanodon,125.77,121.4,40.59,-2.07,ES
Iguanodon,125.77,121.4,40.75,-0.41,ES
Centrosaurus apertus,83.6,72.2,50.82,-111.62,CA
Foraminacephale brevis,83.6,72.2,50.82,-111.6,CA
Richardoestesia,100.5,66.0,44.29,3.99,FR
Nanotyrannus lancensis,72.2,66.0,47.8,-106.1,US
Tyrannosaurus rex,72.2,66.0,47.8,-106.1,US
Thescelosaurus neglectus,72.2,66.0,47.8,-106.1,US
Edmontosaurus annectens,72.2,66.0,47.8,-106.1,US
Triceratops prorsus,72.2,66.0,47.8,-106.1,US
Nanosaurus agilis,152.21,143.1,42.52,-106.74,US
Supersaurus vivianae,154.8,143.1,42.63,-105.44,US
Hesperornithoides miessleri,154.8,143.1,42.63,-105.44,US
Megalosaurus,168.2,165.3,51.98,-1.65,UK
Cetiosaurus,168.2,165.3,51.98,-1.65,UK
Baptornis,83.6,72.2,50.5,-107.83,CA
Albertosaurus,83.6,72.2,50.5,-107.83,CA
Bahariasaurus ingens,72.2,66.0,15.47,6.26,NE
Dracovenator regenti,201.4,192.9,-30.82,27.7,ZA
Massospondylus,227.3,192.9,-30.53,27.53,ZA
Massospondylus,201.4,192.9,-30.08,28.47,LS
Massospondylus,201.4,192.9,-31.15,26.62,ZA
Syntarsus,201.4,192.9,-29.2,27.43,ZA
Massospondylus,201.4,192.9,-29.13,27.37,ZA
Massospondylus,201.4,192.9,-29.13,27.35,ZA
Syntarsus,201.4,192.9,-29.13,27.33,ZA
Massospondylus,201.4,192.9,-29.13,27.33,ZA
Saurornitholestes,72.2,66.0,41.8,-107.0,US
Pachycephalosaurus wyomingensis,72.2,66.0,41.8,-107.0,US
Ankylosaurus magniventris,72.2,66.0,41.8,-107.0,US
Dromaeosaurus,72.2,66.0,41.94,-106.88,US
Saurornitholestes,72.2,66.0,41.94,-106.88,US
Paronychodon,72.2,66.0,41.94,-106.88,US
Tyrannosaurus rex,72.2,66.0,41.93,-106.89,US
Saurornitholestes,72.2,66.0,41.94,-106.89,US
Ankylosaurus magniventris,72.2,66.0,41.94,-106.89,US
Tyrannosaurus rex,72.2,66.0,41.8,-107.0,US
Saurornitholestes,72.2,66.0,41.94,-106.88,US
Richardoestesia,72.2,66.0,41.94,-106.88,US
Paronychodon,72.2,66.0,41.94,-106.88,US
Panoplosaurus rugosidens,72.2,66.0,41.94,-106.88,US
Ankylosaurus magniventris,72.2,66.0,41.94,-106.88,US
Dromaeosaurus,72.2,66.0,41.94,-106.85,US
Troodon formosus,72.2,66.0,41.94,-106.85,US
Saurornitholestes,72.2,66.0,41.94,-106.85,US
Richardoestesia,72.2,66.0,41.94,-106.85,US
Saurornitholestes,72.2,66.0,41.94,-106.88,US
Saurornitholestes,72.2,66.0,41.96,-106.89,US
Struthiomimus,72.2,66.0,41.96,-106.89,US
Saurornitholestes,72.2,66.0,41.94,-106.88,US
Troodon formosus,72.2,66.0,41.94,-106.88,US
Ornithomimus velox,72.2,66.0,41.94,-106.88,US
Pachycephalosaurus wyomingensis,72.2,66.0,41.94,-106.88,US
Panoplosaurus rugosidens,72.2,66.0,41.94,-106.88,US
Troodon formosus,72.2,66.0,41.95,-106.89,US
Panoplosaurus rugosidens,72.2,66.0,41.95,-106.89,US
Saurornitholestes,72.2,66.0,41.94,-106.88,US
Paronychodon,72.2,66.0,41.94,-106.88,US
Ankylosaurus magniventris,72.2,66.0,41.94,-106.88,US
Saurornitholestes,72.2,66.0,41.94,-106.88,US
Saurornitholestes,72.2,66.0,41.94,-106.88,US
Tyrannosaurus rex,72.2,66.0,41.94,-106.88,US
Richardoestesia,72.2,66.0,41.94,-106.88,US
Pachycephalosaurus wyomingensis,72.2,66.0,41.94,-106.88,US
Troodon formosus,72.2,66.0,41.94,-106.89,US
Ankylosaurus magniventris,72.2,66.0,41.94,-106.89,US
Troodon formosus,72.2,66.0,41.94,-106.89,US
Dromaeosaurus,72.2,66.0,41.94,-106.88,US
Panoplosaurus rugosidens,72.2,66.0,41.94,-106.88,US
Tyrannosaurus rex,72.2,66.0,41.94,-106.88,US
Saurornitholestes,72.2,66.0,41.94,-106.88,US
Camarasaurus,154.8,149.2,42.2,-105.86,US
Apatosaurus,154.8,149.2,42.2,-105.86,US
Diplodocus,154.8,149.2,42.2,-105.86,US
Stegosaurus,154.8,149.2,42.2,-105.86,US
Imperobator antarcticus,72.2,66.0,-64.0,-57.51,AQ
Martinavis,72.2,66.0,-26.07,-65.37,AR
Martinavis cruzyensis,83.6,66.0,43.35,2.95,FR
Gryposaurus monumentensis,83.6,72.2,37.64,-111.86,US
Psittacosaurus lujiatunensis,125.77,119.57,41.53,121.25,CN
Eotriceratops xerinsularis,72.2,66.0,51.95,-112.94,CA
Centrosaurus apertus,83.6,72.2,50.76,-111.49,CA
Psittacosaurus lujiatunensis,125.77,119.57,41.58,120.95,CN
Plateosaurus gracilis,215.38,211.18,49.06,8.98,DE
Dacentrurus,132.6,121.4,41.87,-3.17,ES
Megalosaurus,154.8,149.2,50.6,-2.45,UK
Valdosaurus canaliculatus,132.6,121.4,50.95,0.27,UK
Plateosaurus engelhardti,227.3,205.7,49.06,10.98,DE
Lamplughsaura dharmaramensis,201.4,192.9,19.25,79.53,IN
Lamplughsaura dharmaramensis,201.4,192.9,19.25,79.53,IN
Pradhania gracilis,201.4,192.9,19.26,79.47,IN
Lamplughsaura dharmaramensis,201.4,192.9,19.25,79.53,IN
Dilophosaurus,201.4,192.9,19.25,79.53,IN
Stegosaurus,100.5,93.9,39.07,-110.99,US
Loricatosaurus priscus,165.3,161.5,52.55,-0.24,UK
Dacentrurus,149.2,143.1,39.18,-9.33,PT
Levnesovia transoxiana,93.9,89.8,42.12,62.66,UZ
Dacentrurus,152.21,149.2,39.6,-8.82,PT
Parasaurolophus,83.6,72.2,50.73,-111.51,CA
Saurornitholestes,72.2,66.0,53.45,-113.55,CA
Albertosaurus sarcophagus,72.2,66.0,53.45,-113.55,CA
Edmontosaurus regalis,72.2,66.0,53.45,-113.55,CA
Saurolophus,72.2,66.0,53.45,-113.55,CA
Xenovenator robustus,83.6,72.2,36.31,-108.08,US
Xenovenator robustus,83.6,72.2,36.34,-108.08,US
Xenovenator robustus,83.6,72.2,36.34,-108.08,US
Saurornitholestes,83.6,72.2,29.2,-103.55,US
Aardonyx celestae,201.4,192.9,-28.47,27.82,ZA
Pulanesaura eocollum,201.4,192.9,-28.47,27.83,ZA
Arcusaurus pereirabdalorum,201.4,192.9,-28.47,27.83,ZA
Thecodontosaurus antiquus,237.0,227.3,51.62,-2.43,UK
Stegoceras validum,83.6,72.2,36.29,-108.23,US
Pentaceratops sternbergii,83.6,66.0,40.03,-108.85,US
Velafrons coahuilensis,83.6,72.2,25.5,-101.4,MX
Stegoceras validum,83.6,72.2,50.78,-111.57,CA
Anasazisaurus horneri,83.6,72.2,36.15,-107.82,US
Nodocephalosaurus kirtlandensis,83.6,72.2,36.34,-108.08,US
Nodocephalosaurus kirtlandensis,83.6,72.2,36.34,-108.08,US
Nodocephalosaurus kirtlandensis,83.6,72.2,36.34,-108.08,US
Nodocephalosaurus kirtlandensis,83.6,72.2,36.34,-108.08,US
Suzhousaurus megatherioides,121.4,113.2,39.93,98.5,CN
Massospondylus carinatus,201.4,192.9,-30.57,27.62,ZA
Euhelopus,125.77,119.57,41.6,120.91,CN
Polacanthus,132.6,121.4,50.62,-1.38,UK
Cetiosaurus,174.7,168.2,51.58,-2.1,UK
Cetiosaurus,165.3,161.5,51.33,-2.21,UK
Cardiodon rugulosus,168.2,165.3,51.34,-2.23,UK
Styracosaurus albertensis,83.6,72.2,48.03,-110.24,CA
Styracosaurus albertensis,83.6,72.2,50.82,-111.23,CA
Styracosaurus albertensis,83.6,72.2,50.82,-111.32,CA
Styracosaurus albertensis,83.6,72.2,50.75,-111.55,CA
Procompsognathus triassicus,215.38,211.18,49.06,8.98,DE
Lufengosaurus huenei,199.5,192.9,25.17,102.11,CN
Mamenchisaurus,149.2,137.05,16.27,104.43,TH
Gyposaurus sinensis,199.5,192.9,25.17,102.11,CN
Lufengosaurus huenei,199.5,192.9,25.17,102.11,CN
Lufengosaurus magnus,199.5,192.9,25.17,102.11,CN
Lufengosaurus,199.5,192.9,25.17,102.11,CN
Yunnanosaurus huangi,199.5,192.9,25.17,102.11,CN
Yunnanosaurus robustus,199.5,192.9,25.17,102.11,CN
Yunnanosaurus,199.5,192.9,25.17,102.11,CN
Sinosaurus triassicus,199.5,192.9,25.17,102.11,CN
Gyposaurus sinensis,199.5,192.9,25.17,102.11,CN
Lufengosaurus huenei,199.5,192.9,25.17,102.11,CN
Lufengosaurus magnus,199.5,192.9,25.17,102.11,CN
Lufengosaurus,199.5,192.9,25.17,102.11,CN
Yunnanosaurus huangi,199.5,192.9,25.17,102.11,CN
Yunnanosaurus robustus,199.5,192.9,25.17,102.11,CN
Sinosaurus triassicus,199.5,192.9,25.17,102.11,CN
Yunnanosaurus,199.5,192.9,25.17,102.11,CN
Lufengosaurus huenei,199.5,192.9,25.17,102.11,CN
Lufengosaurus,199.5,192.9,25.17,102.11,CN
Amurosaurus riabinini,72.2,66.0,48.39,130.15,CN
Wulagasaurus dongi,72.2,66.0,48.39,130.15,CN
Daspletosaurus,83.6,72.2,36.34,-108.08,US
Sinocalliopteryx gigas,125.77,119.57,41.6,120.84,CN
Sinornithosaurus,125.77,119.57,41.6,120.84,CN
Omeisaurus tianfuensis,170.9,154.8,29.41,104.85,CN
Yanornis martini,121.4,113.2,41.42,120.18,CN
Boluochia zhengi,121.4,113.2,41.4,119.98,CN
Cathayornis yandica,121.4,113.2,41.4,119.98,CN
Chaoyangia beishanensis,121.4,113.2,41.4,119.98,CN
Microraptor zhaoianus,121.4,113.2,43.64,120.43,CN
Longipteryx,121.4,113.2,43.64,120.43,CN
Hongshanornis longicresta,125.77,119.57,41.58,119.33,CN
Vescornis hebeiensis,125.77,119.57,41.88,116.56,CN
Eoenantiornis buhleri,125.77,119.57,41.56,120.82,CN
Yixianornis grabaui,121.4,113.2,41.5,121.22,CN
Sulaimanisaurus gingerichi,72.2,66.0,29.7,69.4,PK
Balochisaurus malkani,72.2,66.0,29.71,69.49,PK
Protoceratops,121.4,100.5,38.86,101.56,CN
Pakisaurus balochistani,72.2,66.0,29.68,69.39,PK
Sulaimanisaurus gingerichi,72.2,66.0,29.68,69.39,PK
Balochisaurus malkani,72.2,66.0,29.68,69.39,PK
Marisaurus jeffi,72.2,66.0,29.68,69.39,PK
Marisaurus jeffi,72.2,66.0,29.69,69.4,PK
Sulaimanisaurus gingerichi,72.2,66.0,29.68,69.37,PK
Vitakridrinda sulaimani,72.2,66.0,29.68,69.37,PK
Vitakridrinda sulaimani,72.2,66.0,29.7,69.4,PK
Vitakridrinda sulaimani,72.2,66.0,29.7,69.4,PK
Qaikshaheen masoomniazi,72.2,66.0,29.7,69.4,PK
Pakisaurus balochistani,72.2,66.0,29.69,69.4,PK
Sulaimanisaurus gingerichi,72.2,66.0,29.69,69.4,PK
Balochisaurus malkani,72.2,66.0,29.69,69.4,PK
Marisaurus jeffi,72.2,66.0,29.69,69.4,PK
Vitakridrinda sulaimani,72.2,66.0,29.69,69.4,PK
Vitakridrinda sulaimani,72.2,66.0,29.69,69.4,PK
Marisaurus jeffi,72.2,66.0,29.69,69.4,PK
Marisaurus jeffi,72.2,66.0,29.77,69.45,PK
Balochisaurus malkani,72.2,66.0,29.77,69.45,PK
Pakisaurus balochistani,72.2,66.0,29.77,69.45,PK
Gobisaurus domoculus,121.4,100.5,34.09,112.56,CN
Edmontonia longiceps,72.2,66.0,51.69,-112.91,CA
Talarurus plicatospineus,100.5,83.6,44.34,109.86,MN
Pinacosaurus,143.1,100.5,44.24,102.73,MN
Psittacosaurus mongoliensis,143.1,100.5,44.24,102.73,MN
Shamosaurus scutatus,119.57,110.1,42.45,102.42,MN
Saichania chulsanensis,83.6,72.2,43.3,99.6,MN
Pinacosaurus grangeri,83.6,72.2,44.44,109.78,MN
Asiahesperornis bazhanovi,72.2,66.0,52.46,64.63,KZ
Pamparaptor micros,93.9,85.7,-38.45,-68.79,AR
Yamaceratops dorngobiensis,85.7,72.2,44.39,109.35,MN
Thecodontosaurus,201.4,192.9,-20.02,28.09,ZW
Massospondylus,201.4,192.9,-19.98,28.47,ZW
Ichthyornis,100.5,93.9,53.21,-103.52,CA
Ichthyornis,100.5,93.9,53.48,-102.24,CA
Iguanodon major,132.6,121.4,50.62,-1.95,UK
Iguanodon,132.6,121.4,50.66,-2.46,UK
Iguanodon,139.1,137.05,50.67,-2.46,UK
Hylaeosaurus,139.1,137.05,50.67,-2.46,UK
Megalosaurus,139.1,137.05,50.67,-2.46,UK
Ornitholestes hermanni,154.8,143.1,41.89,-106.0,US
Stokesosaurus clevelandi,154.8,143.1,41.89,-106.0,US
Nanosaurus agilis,154.8,143.1,41.89,-106.0,US
Zalmoxes,72.2,66.0,46.04,23.52,RO
Ferenceratops shqiperorum,72.2,66.0,46.04,23.52,RO
Telmatosaurus transsylvanicus,72.2,66.0,46.04,23.52,RO
Struthiosaurus transylvanicus,72.2,66.0,46.04,23.52,RO
Magyarosaurus dacus,72.2,66.0,46.04,23.52,RO
Halimornis thompsoni,83.6,72.2,32.92,-88.11,US
Triceratops,72.2,66.0,47.58,-106.92,US
Triceratops,72.2,66.0,47.65,-106.28,US
Kryptops palaios,121.4,100.5,16.43,9.12,NE
Eocarcharia dinops,121.4,100.5,16.3,9.13,NE
Ichthyornis dispar,85.7,72.2,32.76,-88.02,US
Gasparinisaura cincosaltensis,83.6,72.2,-38.81,-68.08,AR
Iguanodon,125.77,121.4,51.0,-0.8,UK
Saurornitholestes,83.6,72.2,32.92,-88.07,US
Ichthyornis dispar,83.6,72.2,32.92,-88.07,US
Zhongornis haoae,125.77,119.57,41.24,119.4,CN
Uberabatitan ribeiroi,72.2,66.0,-19.59,-48.03,BR
Megalosaurus,168.2,165.3,51.86,-1.43,UK
Iguanodon,137.05,132.6,50.86,0.62,UK
Alethoalaornis agitornis,121.4,113.2,41.57,120.16,CN
Psittacosaurus lujiatunensis,125.77,119.57,41.58,120.95,CN
Changchunsaurus parvus,121.4,100.5,43.59,124.89,CN
Helioceratops brachygnathus,121.4,100.5,43.59,124.89,CN
Edmontosaurus,72.2,66.0,46.38,-106.8,US
Lanzhousaurus magnidens,125.77,113.2,36.7,103.9,CN
Baryonyx,132.6,121.4,42.02,-3.25,ES
Velociraptor osmolskae,83.6,72.2,41.79,106.72,CN
Chilesaurus diegosuarezi,149.2,143.1,-46.65,-72.38,CL
Torvosaurus,154.8,143.1,-31.8,-56.13,UY
Coelophysis,227.3,205.7,34.98,-104.15,US
Qingxiusaurus youjiangensis,100.5,66.0,22.82,108.32,CN
Suzhousaurus megatherioides,113.2,110.1,39.93,98.5,CN
Ferrisaurus sustutensis,72.2,66.0,56.32,-127.09,CA
Trisauropodiscus superavipes,201.4,192.9,-30.4,27.72,LS
Velociraptor mongoliensis,83.6,72.2,44.23,103.3,MN
Pinacosaurus grangeri,83.6,72.2,44.23,103.3,MN
Dalingheornis liweii,125.77,119.57,41.37,121.42,CN
Diabloceratops eatoni,83.6,72.2,37.18,-111.35,US
Diabloceratops,83.6,72.2,37.19,-111.65,US
Mahakala omnogovae,83.6,72.2,44.22,103.27,MN
Allosaurus,157.9,149.2,35.43,-107.83,US
Achillesaurus manazzonei,85.7,83.6,-39.12,-67.63,AR
Janavis finalidens,72.2,66.0,50.8,5.67,BE
Edmontosaurus annectens,72.2,66.0,46.29,-103.95,US
Ichthyornis,93.9,89.8,35.88,-106.91,US
Scelidosaurus harrisonii,199.5,192.9,50.73,-2.92,UK
Huanghetitan liujiaxiaensis,125.77,113.2,35.94,103.31,CN
Majungasaurus crenatissimus,72.2,66.0,-15.9,46.59,MG
Majungasaurus crenatissimus,72.2,66.0,-15.9,46.58,MG
Majungasaurus crenatissimus,72.2,66.0,-15.9,46.58,MG
Majungasaurus crenatissimus,72.2,66.0,-15.9,46.58,MG
Majungasaurus crenatissimus,72.2,66.0,-15.9,46.58,MG
Majungasaurus crenatissimus,72.2,66.0,-15.9,46.59,MG
Majungasaurus crenatissimus,72.2,66.0,-15.91,46.58,MG
Majungasaurus crenatissimus,72.2,66.0,-15.9,46.58,MG
Majungasaurus crenatissimus,72.2,66.0,-15.91,46.58,MG
Masiakasaurus knopfleri,72.2,66.0,-15.91,46.58,MG
Masiakasaurus knopfleri,72.2,66.0,-15.9,46.59,MG
Majungasaurus crenatissimus,72.2,66.0,-15.91,46.58,MG
Masiakasaurus knopfleri,72.2,66.0,-15.91,46.58,MG
Torosaurus utahensis,72.2,66.0,29.44,-103.16,US
Alamosaurus sanjuanensis,72.2,66.0,29.44,-103.16,US
Alamosaurus sanjuanensis,72.2,66.0,29.44,-103.16,US
Brodavis varneri,83.6,72.2,43.07,-103.53,US
Nanantius eos,106.3,100.5,-23.12,140.58,AU
Parahesperornis alexi,89.8,83.6,39.35,-99.88,US
Concornis lacustris,125.77,121.4,40.06,-1.88,ES
Eocathayornis walkeri,121.4,113.2,41.4,119.98,CN
Vouivria damparisensis,159.0,154.8,47.07,5.42,FR
Yanornis martini,121.4,113.2,41.57,120.47,CN
Longipteryx chaoyangensis,121.4,113.2,41.6,120.42,CN
Paraprotopteryx gracilis,132.6,125.77,41.2,116.65,CN
Ichthyornis dispar,85.7,83.6,39.57,-99.3,US
Ichthyornis dispar,85.7,83.6,39.57,-99.3,US
Baptornis advenus,89.8,83.6,38.75,-101.05,US
Baptornis advenus,89.8,85.7,38.92,-101.77,US
Hesperornis montanus,83.6,72.2,47.73,-109.62,US
Hesperornis regalis,85.7,83.6,38.92,-101.18,US
Sinornis santensis,121.4,113.2,41.25,120.03,CN
Hesperornis rossicus,83.6,72.2,48.0,42.92,RU
Ambiortus dementjevi,132.6,121.4,45.5,99.5,MN
Liaoningornis longidigitris,125.77,119.57,41.8,120.78,CN
Enaliornis barretti,106.3,100.5,51.73,-2.37,UK
Enaliornis sedgwicki,106.3,100.5,51.73,-2.37,UK
Turiasaurus riodevensis,154.8,143.1,40.12,-1.15,ES
Noguerornis gonzalezi,125.77,121.4,42.03,0.83,ES
Apatornis celer,89.8,83.6,38.78,-100.93,US
Otogornis genghisi,125.77,121.4,38.93,107.26,CN
Epidexipteryx hui,165.3,161.5,41.32,119.24,CN
Heterodontosaurus tucki,201.4,192.9,-30.57,27.43,ZA
Rhabdodon,72.2,66.0,46.0,23.56,RO
Richardoestesia gilmorei,72.2,66.0,47.61,-106.9,US
Saurornitholestes langstoni,72.2,66.0,47.61,-106.9,US
Paronychodon,72.2,66.0,47.61,-106.9,US
Richardoestesia isosceles,72.2,66.0,47.61,-106.9,US
Thescelosaurus,72.2,66.0,47.61,-106.9,US
Paronychodon,72.2,66.0,47.61,-106.9,US
Richardoestesia isosceles,72.2,66.0,47.61,-106.9,US
Dromaeosaurus albertensis,72.2,66.0,47.61,-106.9,US
Skorpiovenator bustingorryi,110.1,106.3,-39.25,-68.8,AR
Enantiophoenix electrophyla,100.5,93.9,34.07,35.65,LB
Pitekunsaurus macayai,83.6,72.2,-37.45,-68.94,AR
Bagaceratops rozhdestvenskyi,83.6,72.2,43.3,99.6,MN
Albertonykus borealis,72.2,66.0,52.0,-112.88,CA
Hypacrosaurus altispinus,72.2,66.0,52.0,-112.88,CA
Atrociraptor marshalli,72.2,66.0,52.0,-112.88,CA
Troodon,72.2,66.0,52.0,-112.88,CA
Malarguesaurus florenciae,89.8,85.7,-37.0,-69.56,AR
Malarguesaurus florenciae,89.8,85.7,-37.02,-69.56,AR
Alvarezsaurus calvoi,85.7,83.6,-38.95,-68.23,AR
Pectinodon bakkeri,72.2,66.0,43.15,-104.57,US
Stenonychosaurus inequalis,72.2,66.0,43.15,-104.57,US
Vagaceratops irvinensis,83.6,72.2,49.07,-110.45,CA
Limenavis patagonica,72.2,66.0,-39.3,-67.53,AR
Dacentrurus armatus,152.21,149.2,39.24,-9.27,PT
Panphagia protos,237.0,227.3,-30.14,-67.88,AR
Pachyrhinosaurus,83.6,72.2,55.07,-119.55,CA
Fukuititan nipponensis,121.4,113.2,36.12,136.55,JP
Beipiaosaurus,125.77,119.57,40.81,119.8,CN
Paralitherizinosaurus japonicus,83.6,72.2,44.72,142.01,JP
Petrustitan hungaricus,72.2,66.0,45.55,22.92,RO
Magyarosaurus dacus,72.2,66.0,45.55,22.92,RO
Garudimimus brevipes,93.9,83.6,43.14,107.52,MN
Heyuannia yanshini,83.6,72.2,43.3,99.6,MN
Hesperonychus elizabethae,83.6,72.2,49.96,-110.27,CA
Hesperonychus elizabethae,83.6,72.2,49.28,-112.58,CA
Hesperonychus elizabethae,83.6,72.2,50.81,-111.63,CA
Hesperonychus elizabethae,83.6,72.2,49.2,-110.37,CA
Psittacosaurus mongoliensis,121.4,113.2,45.4,101.73,MN
Ceratonykus oculatus,83.6,72.2,43.15,99.45,MN
Therizinosaurus cheloniformis,72.2,66.0,43.49,101.28,MN
Rhabdodon,83.6,66.0,43.38,2.92,FR
Rhabdodon,83.6,66.0,43.35,2.9,FR
Xiongguanlong baimoensis,121.4,113.2,40.48,98.11,CN
Beishanlong grandis,121.4,113.2,40.48,98.11,CN
Troodon formosus,72.2,66.0,70.09,-151.5,US
Shanweiniao cooperorum,125.77,119.57,41.24,119.4,CN
Adeopapposaurus mognai,201.4,174.7,-30.5,-68.5,AR
Pachycephalosaurus,72.2,66.0,45.77,-104.83,US
Pachycephalosaurus,72.2,66.0,45.79,-104.77,US
Triceratops,72.2,66.0,45.73,-104.89,US
Tyrannosaurus,72.2,66.0,45.73,-104.89,US
Graciliraptor lujiatunensis,125.77,119.57,41.6,120.91,CN
Erliansaurus bellamanus,83.6,72.2,43.84,113.72,CN
Daanosaurus zhangi,154.8,143.1,29.22,104.77,CN
Sinraptor hepingensis,168.2,161.5,29.39,104.77,CN
Cedarpelta bilbeyhallorum,121.4,100.5,39.18,-110.11,US
Mantellisaurus atherfieldensis,143.1,121.4,40.24,-0.74,ES
Iguanodon,125.77,121.4,40.55,-2.03,ES
Baryonyx,132.6,121.4,42.15,-3.17,ES
Baryonyx,132.6,113.2,41.93,-3.24,ES
Baryonyx,132.6,121.4,42.3,-3.64,ES
Albertosaurus,85.7,72.2,37.32,-90.03,US
Iguanodon,125.77,121.4,40.49,0.42,ES
Iguanodon,125.77,121.4,40.49,0.42,ES
Iguanodon bernissartensis,125.77,121.4,40.49,0.42,ES
Iguanodon bernissartensis,125.77,121.4,40.49,0.42,ES
Richardoestesia gilmorei,83.6,72.2,55.25,-118.51,CA
Saurornitholestes,83.6,72.2,55.25,-118.51,CA
Troodon,83.6,72.2,55.25,-118.51,CA
Malawisaurus dixeyi,121.4,113.2,-10.28,34.03,MW
Angulomastacator daviesi,83.6,72.2,29.3,-103.5,US
Rapaxavis pani,121.4,113.2,41.53,120.18,CN
Chirostenotes,72.2,66.0,47.6,-107.0,US
Richardoestesia gilmorei,72.2,66.0,47.6,-107.0,US
Hesperornis,72.2,66.0,47.8,-106.1,US
Limusaurus inextricabilis,161.5,154.8,45.15,88.9,CN
Aerosteon riocoloradensis,83.6,72.2,-37.13,-69.33,AR
Diamantinasaurus matildae,100.5,89.8,-22.2,142.53,AU
Australovenator wintonensis,100.5,89.8,-22.2,142.53,AU
Psittacosaurus mongoliensis,119.57,110.1,42.45,102.42,MN
Tianyuraptor ostromi,125.77,119.57,41.37,121.42,CN
Sinornithosaurus millenii,125.77,119.57,41.13,121.14,CN
Megalosaurus,205.7,201.4,47.28,5.97,FR
Rhabdodon priscus,83.6,66.0,42.94,1.86,FR
Albertosaurus,83.6,72.2,31.08,-109.61,MX
Rhabdodon priscus,72.2,66.0,42.93,2.26,FR
Qiaowanlong kangxii,121.4,113.2,40.46,98.15,CN
Barrosasaurus casamiquelai,83.6,72.2,-38.84,-68.84,AR
Dongbeititan dongi,125.77,119.57,41.77,120.72,CN
Crichtonpelta benxiensis,100.5,89.8,41.71,120.71,CN
Eomamenchisaurus yuanmouensis,174.7,161.5,25.95,101.91,CN
Psittacosaurus,125.77,121.4,38.93,107.26,CN
Baotianmansaurus henanensis,93.9,72.2,33.25,112.02,CN
Jiangjunosaurus junggarensis,161.5,154.8,44.84,90.06,CN
Nanningosaurus dashiensis,100.5,66.0,22.82,108.32,CN
Xuanhuaceratops niei,152.21,132.6,40.25,115.64,CN
Fusuisaurus zhaoi,121.4,113.2,22.64,107.91,CN
Pachycephalosaurus wyomingensis,72.2,66.0,45.1,-104.92,US
Edmontosaurus,72.2,66.0,45.1,-104.92,US
Afrovenator abakensis,161.5,143.1,16.83,6.53,NE
Dacentrurus,154.8,143.1,40.12,-1.15,ES
Raptorex kriegsteini,125.77,66.0,41.33,119.67,CN
Daxiatitan binglingi,125.77,113.2,35.73,103.22,CN
Shantungosaurus giganteus,83.6,72.2,36.0,119.41,CN
Anchiornis huxleyi,161.5,154.8,40.92,119.65,CN
Rhabdodon priscus,72.2,66.0,42.93,2.21,FR
Lohuecotitan pandafilandi,83.6,66.0,39.95,-2.02,ES
Rhabdodon,83.6,66.0,39.95,-2.02,ES
Camarasaurus lentus,149.2,143.1,39.32,-110.69,US
Tatankacephalus cooneyorum,113.2,100.5,46.3,-109.71,US
Alioramus remotus,72.2,66.0,43.0,99.0,MN
Tarbosaurus,72.2,66.0,43.0,99.0,MN
Megalosaurus,137.05,132.6,50.9,0.51,UK
Iguanodon,137.05,132.6,50.9,0.51,UK
Megalosaurus bucklandii,157.9,154.8,54.13,-0.8,UK
Megalosaurus bucklandii,159.0,157.9,51.7,-1.32,UK
Hypselospinus fittoni,137.05,132.6,50.88,0.56,UK
Iguanodon,121.4,119.57,52.12,0.2,UK
Cetiosaurus,168.2,165.3,51.8,-1.23,UK
Megalosaurus bucklandii,121.4,119.57,52.12,0.2,UK
Pelorosaurus,145.06,141.0,50.77,1.62,FR
Agustinia ligabuei,113.2,100.5,-39.59,-69.4,AR
Fruitadens haagarorum,149.2,143.1,39.15,-108.77,US
Fruitadens haagarorum,149.2,145.06,39.15,-108.77,US
Cerebavis cenomanica,100.5,93.9,50.88,44.74,RU
Iguanodon,141.0,139.1,50.62,-2.25,UK
Scelidosaurus,192.9,184.2,50.72,-2.75,UK
Tawa hallae,227.3,205.7,36.32,-106.48,US
Tawa hallae,227.3,205.7,36.32,-106.48,US
Tawa hallae,227.3,205.7,36.32,-106.48,US
Leshansaurus qianweiensis,168.2,161.5,29.09,104.05,CN
Atrociraptor marshalli,72.2,66.0,51.51,-112.84,CA
Bambiraptor feinbergi,83.6,72.2,48.63,-113.75,US
Auroraceratops rugosus,113.2,110.1,41.58,97.67,CN
Psittacosaurus lujiatunensis,125.77,119.57,41.6,120.91,CN
Gongbusaurus wucaiwanensis,165.3,154.8,45.19,88.92,CN
Gongbusaurus wucaiwanensis,165.3,154.8,45.19,88.92,CN
Gongbusaurus wucaiwanensis,165.3,154.8,45.19,88.92,CN
Gongbusaurus wucaiwanensis,165.3,154.8,45.19,88.92,CN
Bissektipelta archibaldi,93.9,89.8,42.12,62.66,UZ
Valdosaurus canaliculatus,125.77,121.4,50.62,-1.37,UK
Penelopognathus weishampeli,121.4,113.2,41.18,106.03,CN
Tornieria africana,149.2,143.1,-9.7,39.23,TZ
Magyarosaurus,72.2,66.0,45.99,23.59,RO
Maiasaura peeblesorum,83.6,72.2,47.99,-112.28,US
Psittacosaurus,121.4,100.5,16.38,102.93,TH
Psittacosaurus,121.4,100.5,16.23,102.42,TH
Turiasaurus riodevensis,154.8,143.1,40.15,-1.41,ES
Flexomornis howei,100.5,93.9,32.98,-97.06,US
Edmontosaurus regalis,72.2,66.0,51.46,-112.67,CA
Albertosaurus,72.2,66.0,51.46,-112.67,CA
Bagaceratops rozhdestvenskyi,83.6,72.2,41.7,106.76,CN
Eucoelophysis,205.7,201.4,36.33,-106.47,US
Krzyzanowskisaurus hunti,227.3,205.7,34.44,-109.46,US
Volgatitan simbirskiensis,132.6,125.77,54.43,48.38,RU
Abydosaurus mcintoshi,100.5,93.9,40.44,-109.31,US
Agujaceratops,83.6,72.2,29.25,-103.25,US
Ichthyornis,83.6,72.2,39.62,-121.53,US
Asilisaurus kongwe,247.0,241.464,-10.3,35.13,TZ
Cruxicheiros newmanorum,168.2,165.3,51.95,-1.62,UK
Saurornitholestes langstoni,83.6,72.2,50.74,-111.52,CA
Lufengosaurus huenei,199.5,192.9,25.18,102.08,CN
Seitaad ruessi,192.9,174.7,37.37,-109.63,US
Xixianykus zhangi,89.8,83.6,33.29,111.47,CN
Bonapartenykus ultimus,72.2,66.0,-39.43,-67.29,AR
Ruyangosaurus giganteus,121.4,100.5,34.11,112.59,CN
Rahiolisaurus gujaratensis,72.2,66.0,23.06,73.34,IN
Isisaurus,72.2,66.0,23.06,73.34,IN
Valdosaurus,154.8,143.1,40.67,-0.88,ES
Longicrusavis houi,125.77,119.57,41.37,121.42,CN
Bonapartenykus ultimus,72.2,66.0,-39.43,-67.29,AR
Shenqiornis mengi,161.5,121.4,41.88,116.57,CN
Pengornis houi,121.4,113.2,41.42,120.18,CN
Austrocheirus isasii,83.6,72.2,-49.95,-72.09,AR
Ajkaceratops kozmai,85.7,83.6,47.22,17.6,HU
Boreonykus certekorum,83.6,72.2,55.06,-119.11,CA
Boreonykus certekorum,83.6,72.2,55.06,-119.11,CA
Troodon,83.6,72.2,55.06,-119.11,CA
Pachyrhinosaurus,83.6,66.0,51.55,-112.87,CA
Barilium,137.05,132.6,50.93,-0.27,UK
Pachyrhinosaurus,72.2,66.0,51.41,-112.63,CA
Pachyrhinosaurus,72.2,66.0,51.4,-112.59,CA
Lirainosaurus astibiae,83.6,66.0,39.6,-0.97,ES
Lirainosaurus astibiae,83.6,66.0,39.6,-0.97,ES
Lirainosaurus astibiae,83.6,66.0,39.6,-0.97,ES
Fulgurotherium australe,100.5,93.9,-29.6,147.7,AU
Scelidosaurus harrisonii,199.5,192.9,50.73,-2.91,UK
Pneumatoraptor fodori,85.7,83.6,47.22,17.6,HU
Gryposaurus notabilis,83.6,72.2,50.67,-111.6,CA
Amphicoelias,149.2,143.1,-16.26,30.69,ZW
Hypselospinus fittoni,137.05,132.6,50.86,0.44,UK
Hylaeosaurus,137.05,132.6,50.86,0.44,UK
Baryonyx,137.05,132.6,50.86,0.44,UK
Hypselospinus fittoni,137.05,132.6,51.86,0.44,UK
Polacanthus,137.05,132.6,51.86,0.44,UK
Zalmoxes robustus,72.2,66.0,45.55,22.92,RO
Struthiosaurus transylvanicus,72.2,66.0,45.55,22.92,RO
Rhabdodon priscus,72.2,66.0,45.55,22.92,RO
Rhabdodon suessi,72.2,66.0,45.55,22.92,RO
Zalmoxes robustus,72.2,66.0,45.99,23.44,RO
Telmatosaurus transsylvanicus,72.2,66.0,45.62,22.78,RO
Ferenceratops shqiperorum,72.2,66.0,45.62,22.78,RO
Bistahieversor sealeyi,83.6,72.2,36.29,-108.55,US
Bistahieversor sealeyi,83.6,72.2,36.29,-108.55,US
Sinoceratops zhuchengensis,83.6,72.2,37.47,120.98,CN
Shantungosaurus giganteus,83.6,72.2,37.47,120.98,CN
Brachiosaurus,154.8,143.1,40.41,-109.22,US
Neuquenornis volans,85.7,83.6,-38.99,-68.23,AR
Yezosaurus mikasaensis,85.7,72.2,43.2,142.02,JP
Incisivosaurus,121.4,100.5,41.81,121.99,CN
Incisivosaurus,121.4,100.5,42.0,121.69,CN
Incisivosaurus,121.4,100.5,42.0,121.69,CN
Archaeovolans repatriatus,121.4,113.2,41.49,120.23,CN
Scansoriopteryx heilmanni,125.77,119.57,41.37,121.42,CN
Microraptor,121.4,113.2,43.64,120.43,CN
Barapasaurus tagorei,199.5,184.2,19.22,79.52,IN
Tornieria africana,152.21,149.2,-9.68,39.21,TZ
Giraffatitan brancai,149.2,143.1,-9.7,39.23,TZ
Giraffatitan brancai,161.5,154.8,-9.7,39.23,TZ
Giraffatitan brancai,149.2,143.1,-9.7,39.23,TZ
Giraffatitan brancai,152.21,143.1,-9.7,39.23,TZ
Giraffatitan brancai,149.2,143.1,-9.7,39.23,TZ
Giraffatitan brancai,149.2,143.1,-9.71,39.23,TZ
Giraffatitan brancai,149.2,143.1,-9.7,39.23,TZ
Giraffatitan brancai,149.2,143.1,-9.7,39.23,TZ
Jaxartosaurus,100.5,66.0,46.4,88.7,CN
Gilmoreosaurus mongoliensis,83.6,72.2,43.77,111.93,CN
Yixianosaurus longimanus,125.77,119.57,39.88,123.44,CN
Troodon,83.6,72.2,48.54,-109.81,US
Troodon formosus,83.6,72.2,47.82,-112.66,US
Igai semkhu,83.6,72.2,24.59,30.6,EG
Bauxitornis mindszentyae,85.7,83.6,47.22,17.6,HU
Psittacosaurus gobiensis,121.4,113.2,40.99,104.07,CN
Archaeoceratops yujingziensis,121.4,113.2,40.48,98.11,CN
Prenoceratops,83.6,72.2,49.28,-112.58,CA
Coahuilaceratops magnacuerna,72.2,66.0,25.5,-101.7,MX
Ojoceratops fowleri,72.2,66.0,36.34,-108.07,US
Ojoceratops fowleri,72.2,66.0,36.34,-108.07,US
Medusaceratops lokii,83.6,72.2,48.95,-110.56,US
Tatankaceratops sacrisonorum,72.2,66.0,45.71,-103.56,US
Troodon formosus,72.2,66.0,69.83,-151.52,US
Utahceratops gettyi,83.6,72.2,37.56,-111.74,US
Utahceratops gettyi,83.6,72.2,37.56,-111.74,US
Utahceratops gettyi,83.6,72.2,37.53,-111.76,US
Nasutoceratops titusi,83.6,72.2,37.53,-111.76,US
Kosmoceratops richardsoni,83.6,72.2,37.53,-111.7,US
Utahceratops gettyi,83.6,72.2,37.49,-111.72,US
Utahceratops gettyi,83.6,72.2,37.47,-111.7,US
Utahceratops gettyi,83.6,72.2,37.47,-111.7,US
Utahceratops gettyi,83.6,72.2,37.47,-111.7,US
Utahceratops gettyi,83.6,72.2,37.42,-111.73,US
Balaur bondoc,72.2,66.0,45.99,23.57,RO
Plateosaurus,227.3,205.7,49.48,11.27,DE
Concavenator corcovatus,125.77,121.4,40.06,-1.88,ES
Ferenceratops shqiperorum,72.2,66.0,45.6,22.85,RO
Ferenceratops shqiperorum,72.2,66.0,45.62,22.78,RO
Fukuiraptor kitadaniensis,132.6,121.4,36.11,138.89,JP
Banji long,72.2,66.0,25.82,114.93,CN
Elopteryx nopcsai,72.2,66.0,45.55,22.91,RO
Ferenceratops shqiperorum,72.2,66.0,45.55,22.91,RO
Cedarpelta bilbeyhallorum,121.4,100.5,39.18,-110.11,US
Brontomerus mcintoshi,121.4,100.5,38.83,-109.27,US
Eolambia caroljonesa,100.5,93.9,38.69,-111.26,US
Iguanacolossus,139.1,132.6,38.73,-109.59,US
Falcarius,137.05,132.6,38.91,-110.11,US
Iguanacolossus fortis,139.1,132.6,38.91,-110.11,US
Spinosaurus,83.6,72.2,25.62,29.29,EG
Carcharodontosaurus,83.6,72.2,25.62,29.29,EG
Spinosaurus,83.6,72.2,25.49,29.52,EG
Tonganosaurus hei,201.4,174.7,26.34,102.14,CN
Microraptor,121.4,113.2,41.57,120.16,CN
Dapingfangornis,121.4,113.2,41.57,120.16,CN
Kol ghuva,83.6,72.2,43.66,100.9,MN
Caenagnathus,83.6,72.2,50.73,-111.51,CA
Sarahsaurus aurifontanalis,192.9,184.2,35.75,-111.08,US
Koreanosaurus boseongensis,83.6,72.2,34.71,127.2,KR
Koreanosaurus boseongensis,83.6,72.2,34.69,127.18,KR
Panamericansaurus schroederi,72.2,66.0,-38.45,-68.69,AR
Canardia garonnensis,72.2,66.0,43.18,0.72,FR
Sanjuansaurus gordilloi,237.0,227.3,-30.12,-67.9,AR
Concornis lacustris,125.77,121.4,40.06,-1.88,ES
Zhuchengceratops inexpectus,83.6,72.2,36.0,119.41,CN
Phuwiangosaurus,121.4,113.2,14.87,102.73,TH
Siamodon nimngami,121.4,113.2,14.87,102.73,TH
Sirindhorna khoratensis,121.4,113.2,14.87,102.73,TH
Staurikosaurus pricei,237.0,205.7,-29.67,-53.75,BR
Triceratops horridus,72.2,66.0,45.38,-105.3,US
Vorona berivotrensis,72.2,66.0,-15.9,46.58,MG
Rahonavis ostromi,72.2,66.0,-15.9,46.58,MG
Vorona berivotrensis,72.2,66.0,-15.91,46.58,MG
Vorona berivotrensis,72.2,66.0,-15.91,46.58,MG
Vorona berivotrensis,72.2,66.0,-15.9,46.58,MG
Ignavusaurus rachelis,201.4,192.9,-30.07,28.38,LS
Guaibasaurus,227.3,205.7,-29.68,-52.84,BR
Hypsilophodon,143.1,137.05,46.95,22.4,RO
Ouranosaurus,121.4,100.5,8.35,14.79,CM
Sektensaurus sanjuanboscoi,83.6,66.0,-45.6,-68.62,AR
Avimimus,72.2,66.0,43.58,107.78,MN
Tarbosaurus,72.2,66.0,43.87,100.02,MN
Tarbosaurus,72.2,66.0,43.82,99.98,MN
Saurolophus,72.2,66.0,43.82,99.98,MN
Saurolophus,72.2,66.0,43.87,100.13,MN
Bolong yixianensis,125.77,119.57,41.6,121.13,CN
Xixiposaurus suni,201.4,192.9,25.59,102.32,CN
Paronychodon,72.2,66.0,43.12,-104.64,US
Paronychodon,72.2,66.0,47.52,-106.4,US
Paronychodon,72.2,66.0,47.8,-106.1,US
Paronychodon,72.2,66.0,43.18,-104.53,US
Paronychodon,72.2,66.0,43.13,-104.49,US
Paronychodon,72.2,66.0,47.65,-106.2,US
Paronychodon,72.2,66.0,47.62,-106.18,US
Troodon,72.2,66.0,43.12,-104.64,US
Pectinodon,72.2,66.0,47.55,-107.13,US
Cerasinops hodgskissi,83.6,72.2,47.82,-112.18,US
Triceratops horridus,72.2,66.0,47.55,-107.12,US
Gorgosaurus libratus,83.6,72.2,47.77,-108.95,US
Xixiasaurus henanensis,89.8,72.2,33.38,111.67,CN
Jingshanosaurus xinwaensis,201.4,199.5,24.96,102.15,CN
Elopteryx nopcsai,72.2,66.0,45.55,22.92,RO
Protohadros,100.5,93.9,32.93,-97.13,US
Tenontosaurus tilletti,121.4,100.5,44.66,-107.89,US
Deinonychus antirrhopus,121.4,100.5,44.66,-107.89,US
Eodromaeus murphi,237.0,227.3,-30.07,-67.94,AR
Majungasaurus crenatissimus,72.2,66.0,-15.88,46.57,MG
Tianyulong confuciusi,168.2,152.21,40.87,119.99,CN
Leonerasaurus taquetrensis,192.9,184.2,-42.83,-69.43,AR
Qiupalong henanensis,72.2,66.0,34.02,111.65,CN
Yulong mini,72.2,66.0,34.02,111.65,CN
Yuornis junchangi,72.2,66.0,34.02,111.65,CN
Luanchuanraptor henanensis,72.2,66.0,34.02,111.65,CN
Liubangosaurus hei,121.4,113.2,22.64,107.91,CN
Jiuquanornis niui,121.4,113.2,39.86,96.78,CN
Tenontosaurus,121.4,100.5,38.5,-111.25,US
Koreaceratops hwaseongensis,113.2,100.5,37.18,126.66,KR
Jintasaurus meniscus,121.4,113.2,40.28,98.14,CN
Xuwulong yueluni,121.4,113.2,40.28,98.14,CN
Camarasaurus,154.8,143.1,38.38,-109.34,US
Spinophorosaurus nigerensis,170.9,165.3,16.68,7.74,NE
Spectrovenator ragei,121.4,113.2,-16.68,-44.36,BR
Tapuiasaurus macedoi,121.4,113.2,-16.68,-44.36,BR
Albinykus baatar,85.7,72.2,44.39,109.35,MN
Haya griva,85.7,72.2,44.39,109.35,MN
Telmatosaurus,72.2,66.0,45.57,22.93,RO
Zalmoxes,72.2,66.0,45.57,22.93,RO
Bagaceratops rozhdestvenskyi,83.6,72.2,43.3,99.6,MN
Hippodraco scutodens,137.05,132.6,38.83,-109.47,US
Melanorosaurus,227.3,201.4,-30.52,27.48,LS
Bohaiornis guoi,121.4,113.2,40.65,119.69,CN
Lewisuchus admixtus,241.464,237.0,-29.78,-67.83,AR
Barilium dawsoni,137.05,132.6,51.01,-0.15,UK
Tenontosaurus,121.4,100.5,38.83,-109.27,US
Anchiornis huxleyi,168.2,152.21,40.59,119.43,CN
Hesperornis regalis,83.6,72.2,69.32,-128.24,CA
Hesperornis regalis,83.6,72.2,69.31,-128.28,CA
Hesperornis regalis,83.6,72.2,69.3,-128.3,CA
Hesperornis regalis,83.6,72.2,69.32,-128.26,CA
Hesperornis regalis,83.6,72.2,69.39,-128.15,CA
Plateosaurus gracilis,227.3,205.7,48.08,8.64,DE
Dyslocosaurus polyonychius,154.8,143.1,43.24,-104.29,US
Plateosaurus,227.3,201.4,-30.73,27.18,ZA
Melanorosaurus,227.3,201.4,-28.83,28.07,LS
Blikanasaurus cromptoni,227.3,201.4,-29.22,27.34,ZA
Melanorosaurus readi,227.3,201.4,-29.22,27.34,ZA
Massospondylus,201.4,192.9,-28.96,27.43,ZA
Melanorosaurus,227.3,201.4,-29.88,27.35,LS
Melanorosaurus,227.3,201.4,-29.33,27.52,LS
Eucnemesaurus fortis,227.3,201.4,-28.5,27.93,ZA
Zhuchengtyrannus magnus,83.6,72.2,37.47,120.98,CN
Melanorosaurus,201.4,192.9,-29.11,27.32,ZA
Claosaurus,83.6,72.2,46.22,-109.68,US
Daemonosaurus chauliodus,205.7,201.4,36.33,-106.47,US
Limusaurus inextricabilis,161.5,154.8,45.17,88.92,CN
Limusaurus inextricabilis,161.5,154.8,45.17,88.92,CN
Elmisaurus,72.2,66.0,43.87,100.01,MN
Tarbosaurus,72.2,66.0,43.47,99.83,MN
Avimimus portentosus,72.2,66.0,43.59,107.77,MN
Avimimus portentosus,72.2,66.0,44.07,102.67,MN
Udanoceratops tschizhovi,83.6,72.2,42.08,102.17,MN
Huoshanornis huji,121.4,113.2,41.42,120.18,CN
Abrosaurus dongpoensis,170.9,154.8,29.41,104.85,CN
Drusilasaura deseadensis,100.5,89.8,-46.72,-69.67,AR
Manidens condorensis,182.9,174.7,-43.41,-69.23,AR
Bagualia alba,182.9,180.4,-43.45,-69.18,AR
Kileskus aristotocus,168.2,165.3,55.65,89.18,RU
Camptodontornis yangi,121.4,113.2,41.42,120.18,CN
Edmontonia,83.6,72.2,29.23,-103.57,US
Edmontonia,83.6,72.2,29.23,-103.57,US
Saurornitholestes,83.6,72.2,29.23,-103.57,US
Saurornitholestes,83.6,72.2,29.23,-103.57,US
Saurornitholestes,83.6,72.2,29.1,-103.17,US
Triceratops,72.2,66.0,47.62,-106.19,US
Triceratops,72.2,66.0,47.8,-106.1,US
Triceratops,72.2,66.0,47.56,-106.19,US
Thecodontosaurus,205.7,201.4,46.9,4.67,FR
Qiliania graffini,121.4,113.2,39.86,96.78,CN
Titanosaurus blanfordi,72.2,66.0,20.35,79.05,IN
Isisaurus,72.2,66.0,20.35,79.05,IN
Antarctosaurus,72.2,66.0,20.35,79.05,IN
Aucasaurus,83.6,72.2,-37.88,-68.52,AR
Alioramus remotus,72.2,66.0,43.47,100.39,MN
Rhabdodon,72.2,66.0,43.03,1.36,FR
Protognathosaurus oxyodon,170.9,154.8,29.41,104.85,CN
Rhabdodon priscus,72.2,66.0,42.93,2.26,FR
Xiaotingia zhengi,168.2,152.21,40.87,119.99,CN
Hesperornis regalis,83.6,72.2,43.01,-103.3,US
Santanaraptor placidus,119.57,113.2,-7.18,-39.73,BR
Saltriovenator zanellai,199.5,192.9,45.88,8.93,IT
Telmatosaurus,72.2,66.0,45.99,23.59,RO
Struthiosaurus,72.2,66.0,45.99,23.59,RO
Magyarosaurus,72.2,66.0,46.0,23.56,RO
Telmatosaurus,72.2,66.0,46.0,23.56,RO
Zalmoxes,72.2,66.0,46.02,23.56,RO
Struthiosaurus transylvanicus,72.2,66.0,46.02,23.56,RO
Magyarosaurus,72.2,66.0,45.99,23.57,RO
Zalmoxes,72.2,66.0,45.99,23.57,RO
Struthiosaurus,72.2,66.0,46.03,23.5,RO
Telmatosaurus transsylvanicus,72.2,66.0,46.03,23.55,RO
Zalmoxes,72.2,66.0,46.03,23.55,RO
Rhabdodon suessi,72.2,66.0,47.32,23.26,RO
Ferenceratops shqiperorum,72.2,66.0,47.32,23.26,RO
Paludititan nalatzensis,72.2,66.0,45.58,22.93,RO
Paronychodon,72.2,66.0,45.62,22.78,RO
Telmatosaurus,72.2,66.0,45.62,22.78,RO
Zalmoxes,72.2,66.0,45.62,22.78,RO
Ferenceratops shqiperorum,72.2,66.0,45.61,22.8,RO
Paronychodon,72.2,66.0,45.58,22.93,RO
Zalmoxes robustus,72.2,66.0,45.6,22.85,RO
Aeolosaurus,72.2,66.0,-21.27,-48.48,BR
Epachthosaurus,100.5,89.8,-45.29,-69.59,AR
Epachthosaurus sciuttoi,100.5,89.8,-45.32,-69.62,AR
Aberratiodontus wui,121.4,113.2,43.64,120.43,CN
Houornis caudatus,121.4,113.2,41.4,119.98,CN
Longchengornis sanyanensis,121.4,113.2,41.4,119.98,CN
Cathayornis yandica,121.4,113.2,41.75,120.0,CN
Ornithomimus,83.6,72.2,50.75,-111.52,CA
Omeisaurus jiaoi,170.9,154.8,29.41,104.85,CN
Sinotyrannus kazuoensis,121.4,113.2,41.12,119.74,CN
Alamitornis minutus,72.2,66.0,-41.95,-66.33,AR
Cathayornis yandica,121.4,113.2,41.4,119.98,CN
Songlingornis linghensis,121.4,113.2,41.4,119.98,CN
Narambuenatitan palomoi,83.6,72.2,-37.39,-69.14,AR
Petrobrasaurus puestohernandezi,89.8,83.6,-37.38,-69.07,AR
Alamosaurus sanjuanensis,72.2,66.0,36.31,-108.03,US
Bagaceratops,83.6,72.2,43.65,100.78,MN
Dongyangosaurus sinensis,100.5,89.8,29.27,120.21,CN
Tambatitanis amicitiae,113.2,110.1,35.08,135.11,JP
Luoyanggia liudianensis,121.4,100.5,34.11,112.59,CN
Diodorus scytobrachion,237.0,205.7,31.06,-8.97,MA
Shenzhousaurus orientalis,125.77,119.57,41.6,120.87,CN
Zhongjianornis yangi,121.4,113.2,40.81,119.8,CN
Jianchangornis microdonta,121.4,113.2,40.81,119.8,CN
Iguanodon bernissartensis,139.1,137.05,52.26,9.11,DE
Sazavis prisca,93.9,89.8,42.12,62.66,UZ
Gargantuavis philoinos,83.6,72.2,43.61,6.11,FR
Canadaga arctica,72.2,66.0,73.5,-79.0,CA
Lenesornis maltshevskyi,93.9,89.8,42.12,62.66,UZ
Ichthyornis minusculus,93.9,89.8,42.12,62.66,UZ
Dapingfangornis sentisorhinus,121.4,113.2,41.42,120.18,CN
Enantiornis,72.2,66.0,-26.07,-65.37,AR
Martinavis saltariensis,72.2,66.0,-26.07,-65.37,AR
Martinavis minor,72.2,66.0,-26.07,-65.37,AR
Martinavis whetstonei,72.2,66.0,-26.07,-65.37,AR
Elbretornis bonapartei,72.2,66.0,-26.07,-65.37,AR
Elbretornis,72.2,66.0,-26.07,-65.37,AR
Canadaga arctica,83.6,72.2,76.28,-91.2,CA
Allosaurus,154.8,143.1,35.56,-106.92,US
Nemegtosaurus,89.8,85.7,37.15,140.96,JP
Archaeopteryx lithographica,149.2,145.06,48.89,10.99,DE
Deinonychus,110.1,93.9,45.23,-108.81,US
Iguanodon,132.6,125.77,52.72,-1.44,UK
Acristavus gagslarsoni,83.6,72.2,47.72,-112.33,US
Acristavus gagslarsoni,83.6,72.2,37.45,-111.53,US
Parahongshanornis chaoyangensis,121.4,113.2,41.57,120.16,CN
Tornieria,149.2,143.1,-9.71,39.23,TZ
Brachiosaurus,149.2,143.1,-9.71,39.22,TZ
Alamosaurus sanjuanensis,72.2,66.0,36.34,-108.07,US
Alamosaurus sanjuanensis,72.2,66.0,36.34,-108.07,US
Alamosaurus sanjuanensis,72.2,66.0,36.34,-108.07,US
Archaeopteryx,125.77,121.4,40.22,-1.89,ES
Nanantius,106.3,100.5,-23.27,140.51,AU
Tastavinsaurus sanzi,121.4,119.57,40.65,-0.84,ES
Spinops sternbergorum,83.6,72.2,50.76,-111.39,CA
Baptornis,83.6,72.2,56.14,14.4,SE
Hesperornis rossicus,83.6,72.2,56.14,14.4,SE
Hesperornis,83.6,72.2,56.14,14.4,SE
Baptornis,83.6,72.2,56.14,14.4,SE
Hesperornis,89.8,72.2,69.42,-148.27,US
Hesperornis,83.6,72.2,43.58,-103.2,US
Longirostravis hani,125.77,119.57,41.53,121.25,CN
Archaeorhynchus spathula,125.77,119.57,41.53,121.25,CN
Propanoplosaurus marylandicus,119.57,113.2,38.98,-76.98,US
Triceratops,72.2,66.0,49.3,-108.4,CA
Schizooura lii,121.4,113.2,40.81,119.8,CN
Triceratops,72.2,66.0,45.83,-103.9,US
Spinosaurus,100.5,93.9,31.57,-4.2,MA
Gryphoceratops morrisoni,85.7,83.6,49.08,-111.44,CA
Yutyrannus huali,125.77,119.57,41.47,120.76,CN
Amphicoelias brontodiplodocus,157.9,152.21,44.05,-107.46,US
Allosaurus jimmadseni,157.9,152.21,44.05,-107.46,US
Hesperosaurus mjosi,157.9,152.21,44.05,-107.46,US
Camarasaurus,157.9,152.21,44.05,-107.46,US
Brachiosaurus,157.9,152.21,44.05,-107.46,US
Torvosaurus,157.9,152.21,44.05,-107.46,US
Ceratosaurus,157.9,152.21,44.05,-107.46,US
Camptosaurus,157.9,152.21,44.05,-107.46,US
Nanosaurus agilis,157.9,152.21,44.05,-107.46,US
Coelurus,157.9,152.21,44.05,-107.46,US
Ornitholestes,157.9,152.21,44.05,-107.46,US
Gallimimus,72.2,66.0,43.5,101.05,MN
Tarbosaurus,72.2,66.0,43.87,100.01,MN
Brodavis americanus,72.2,66.0,49.06,-107.28,CA
Brodavis baileyi,72.2,66.0,45.4,-103.65,US
Brodavis mongoliensis,72.2,66.0,43.54,99.6,MN
Struthiomimus altus,83.6,72.2,50.86,-111.14,CA
Eopinacosaurus mephistocephalus,83.6,72.2,44.23,103.3,MN
Xiangornis shenmi,121.4,113.2,41.42,120.18,CN
Lavocatisaurus agrioensis,121.4,110.1,-38.35,-69.92,AR
Yurgovuchia doellingi,139.1,132.6,38.73,-109.59,US
Geminiraptor suarezarum,137.05,132.6,38.91,-110.11,US
Australovenator wintonensis,125.77,121.4,-38.66,145.68,AU
Eocarcharia dinops,121.4,100.5,16.43,9.12,NE
Kerberosaurus manakini,72.2,66.0,49.08,130.86,RU
Protoceratops,83.6,72.2,44.15,103.72,MN
Protoceratops andrewsi,83.6,72.2,44.23,103.29,MN
Sciurumimus albersdoerferi,152.21,149.2,49.01,11.83,DE
Mandschurosaurus,121.4,100.5,16.7,105.44,LA
Mandschurosaurus,121.4,100.5,16.7,105.44,LA
Tsagantegia,100.5,83.6,44.41,109.84,MN
Bactrosaurus,93.9,83.6,43.5,107.76,MN
Velociraptor,83.6,72.2,44.15,103.72,MN
Protoceratops,83.6,72.2,44.09,102.91,MN
Oviraptor,83.6,72.2,44.05,102.82,MN
Pinacosaurus,83.6,72.2,44.05,102.82,MN
Tarbosaurus,72.2,66.0,43.82,99.98,MN
Deinocheirus mirificus,72.2,66.0,43.87,100.01,MN
Tarbosaurus,72.2,66.0,43.85,100.14,MN
Oksoko avarsan,72.2,66.0,43.85,100.14,MN
Saurolophus angustirostris,72.2,66.0,43.85,100.14,MN
Gallimimus,72.2,66.0,43.6,100.5,MN
Gallimimus,72.2,66.0,43.6,100.5,MN
Tarbosaurus,72.2,66.0,43.6,100.46,MN
Tarbosaurus,72.2,66.0,43.48,100.36,MN
Prenocephale,72.2,66.0,43.48,100.36,MN
Gallimimus,72.2,66.0,43.47,99.83,MN
Bagaceratops,83.6,72.2,43.47,99.83,MN
Tarchia,72.2,66.0,43.47,99.83,MN
Eoabelisaurus mefi,184.2,174.7,-43.78,-71.58,AR
Chromogisaurus novasi,237.0,227.3,-30.12,-67.9,AR
Leyesaurus marayensis,201.4,174.7,-31.6,-67.4,AR
Majungasaurus crenatissimus,72.2,66.0,-15.91,46.58,MG
Linhevenator tani,83.6,72.2,40.76,107.43,CN
Linhenykus monodactylus,83.6,72.2,41.74,106.74,CN
Linheraptor exquisitus,83.6,72.2,41.74,106.74,CN
Dalianraptor cuhe,121.4,113.2,41.57,120.45,CN
Ichthyovenator laosensis,121.4,113.2,16.32,105.67,LA
Nambalia roychowdhurii,227.3,205.7,19.27,79.45,IN
Jaklapallisaurus asymmetrica,227.3,205.7,19.23,79.55,IN
Jaklapallisaurus asymmetrica,227.3,201.4,19.17,79.58,IN
Huehuecanauhtlus tiquichensis,85.7,83.6,19.05,-100.71,MX
Philovenator curriei,83.6,72.2,40.76,107.43,CN
Ratchasimasaurus suranareae,121.4,113.2,14.89,101.97,TH
Omeisaurus maoianus,154.8,143.1,29.65,104.07,CN
Kosmoceratops richardsoni,83.6,72.2,37.62,-111.86,US
Talos sampsoni,83.6,72.2,37.65,-111.86,US
Acantholipan gonzalezi,83.6,72.2,28.64,-102.95,MX
Camarasaurus,149.2,143.1,44.47,-103.31,US
Bicentenaria argentina,113.2,110.1,-39.47,-68.91,AR
Microraptor hanqingi,121.4,113.2,41.49,120.23,CN
Parahesperornis alexi,85.7,83.6,38.92,-101.18,US
Parahesperornis alexi,89.8,83.6,38.75,-100.21,US
Hexing qingyi,125.77,119.57,41.58,120.95,CN
Batyrosaurus rozhdestvenskyi,85.7,72.2,46.76,64.33,KZ
Pampadromaeus barberenai,237.0,205.7,-29.65,-53.29,BR
Richardoestesia,72.2,66.0,16.81,-93.37,MX
Martharaptor greenriverensis,137.05,132.6,38.9,-110.1,US
Intiornis inexpectatus,83.6,72.2,-25.5,-64.72,AR
Udelartitan celeste,100.5,83.6,-31.97,-57.73,UY
Paronychodon,125.77,121.4,40.95,-0.77,ES
Suchomimus tenerensis,121.4,100.5,16.44,9.12,NE
Mochlodon vorosi,85.7,83.6,47.22,17.6,HU
Mei long,125.77,119.57,41.6,120.91,CN
Shengjingornis yangi,121.4,113.2,40.59,119.58,CN
Carcharodontosaurus saharicus,100.5,93.9,30.88,-3.97,MA
Camarillasaurus cirugedae,125.77,121.4,40.61,-0.75,ES
Richardoestesia gilmorei,72.2,66.0,52.0,-112.88,CA
Hypacrosaurus altispinus,72.2,66.0,52.0,-112.88,CA
Troodon,72.2,66.0,52.0,-112.88,CA
Paronychodon,72.2,66.0,52.0,-112.88,CA
Hypacrosaurus altispinus,72.2,66.0,52.0,-112.88,CA
Parksosaurus warreni,72.2,66.0,52.0,-112.88,CA
Hypacrosaurus altispinus,72.2,66.0,52.0,-112.88,CA
Richardoestesia,72.2,66.0,52.0,-112.88,CA
Hypacrosaurus altispinus,72.2,66.0,52.0,-112.88,CA
Spinosaurus,143.1,100.5,4.27,35.81,KE
Xenoceratops foremostensis,83.6,72.2,49.51,-111.36,CA
Callovosaurus leedsi,165.3,161.5,52.55,-0.24,UK
Camarasaurus,154.8,143.1,40.46,-108.39,US
Diplodocus,154.8,143.1,40.46,-108.39,US
Proa valdearinnoensis,113.2,110.1,41.02,-0.57,ES
Iguanodon bernissartensis,139.1,137.05,52.25,9.07,DE
Nyasasaurus parringtoni,247.0,241.464,-10.28,35.23,TZ
Nyasasaurus parringtoni,247.0,241.464,-10.53,34.75,TZ
Heterodontosaurus,192.9,184.2,26.6,-99.52,MX
Gargantuavis philoinos,83.6,66.0,43.35,2.95,FR
Dashanpusaurus dongi,170.9,154.8,29.41,104.85,CN
Dilophosaurus,199.5,184.2,36.07,-111.27,US
Pegomastax africanus,201.4,192.9,-30.57,27.43,ZA
Heterodontosaurus,201.4,192.9,-30.78,27.95,ZA
Lycorhinus,192.9,184.2,-29.88,27.35,LS
Lycorhinus angustidens,201.4,192.9,-30.75,27.2,ZA
Yunnanosaurus huangi,201.4,199.5,25.17,102.08,CN
Sinosaurus triassicus,201.4,199.5,25.17,102.08,CN
Gyposaurus sinensis,201.4,199.5,25.17,102.08,CN
Sinosaurus triassicus,199.5,192.9,25.17,102.1,CN
Sinosaurus triassicus,201.4,192.9,25.18,102.09,CN
Lufengosaurus huenei,199.5,192.9,25.18,102.12,CN
Sinosaurus triassicus,199.5,192.9,25.17,102.1,CN
Yunnanosaurus huangi,199.5,192.9,25.17,102.1,CN
Yunnanosaurus huangi,201.4,199.5,25.18,102.09,CN
Yunnanosaurus huangi,199.5,192.9,25.68,104.08,CN
Yunnanosaurus robustus,199.5,192.9,25.17,102.1,CN
Yunnanosaurus robustus,199.5,192.9,25.17,102.1,CN
Sinosaurus triassicus,199.5,192.9,25.18,102.12,CN
Sinosaurus triassicus,199.5,192.9,25.15,102.07,CN
Astrophocaudia slaughteri,113.2,110.1,33.15,-97.57,US
Deinonychus antirrhopus,113.2,100.5,44.65,-107.88,US
Zephyrosaurus,113.2,100.5,44.65,-107.88,US
Deinonychus antirrhopus,121.4,100.5,44.51,-107.9,US
Microvenator celer,121.4,100.5,44.51,-107.9,US
Deinonychus antirrhopus,121.4,100.5,44.51,-107.9,US
Zephyrosaurus,121.4,100.5,44.51,-107.9,US
Tenontosaurus tilletti,121.4,100.5,44.51,-107.9,US
Sauropelta edwardsorum,121.4,100.5,44.51,-107.9,US
Deinonychus antirrhopus,121.4,100.5,44.5,-107.82,US
Zephyrosaurus,121.4,100.5,44.5,-107.82,US
Sauropelta edwardsorum,121.4,100.5,44.5,-107.82,US
Deinonychus antirrhopus,121.4,100.5,44.83,-108.31,US
Deinonychus antirrhopus,121.4,113.2,45.19,-108.81,US
Tenontosaurus tilletti,121.4,113.2,45.19,-108.81,US
Deinonychus antirrhopus,121.4,113.2,45.19,-108.8,US
Tenontosaurus tilletti,121.4,100.5,45.24,-108.8,US
Triceratops,72.2,66.0,46.41,-103.5,US
Tyrannosaurus rex,72.2,66.0,46.41,-103.5,US
Triceratops,72.2,66.0,46.41,-103.5,US
Tyrannosaurus rex,72.2,66.0,46.41,-103.5,US
Zuolong salleei,161.5,154.8,45.19,88.92,CN
Teratophoneus curriei,83.6,72.2,37.45,-111.53,US
Machairasaurus leptonychus,83.6,72.2,41.7,106.76,CN
Haplocheirus sollers,161.5,154.8,45.19,88.92,CN
Amtocephale gobiensis,100.5,83.6,43.56,107.91,MN
Gobihadros mongoliensis,93.9,83.6,43.5,107.76,MN
Gobihadros mongoliensis,93.9,83.6,43.48,107.78,MN
Psittacosaurus,110.1,100.5,45.83,108.45,MN
Trinisaura santamartaensis,83.6,72.2,-63.93,-57.81,AQ
Sulcavis geeorum,121.4,113.2,40.65,119.69,CN
Massospondylus,201.4,192.9,-30.81,27.72,ZA
Archaeorhynchus spathula,121.4,113.2,40.81,119.8,CN
Allosaurus europaeus,149.2,145.06,39.28,-9.33,PT
Eosinopteryx brevipenna,168.2,152.21,40.59,119.43,CN
Zby atlanticus,152.21,149.2,39.17,-9.2,PT
Camarasaurus,154.8,143.1,38.25,-110.81,US
Stegosaurus,154.8,143.1,38.25,-110.81,US
Allosaurus,154.8,143.1,38.25,-110.81,US
Brachiosaurus,154.8,143.1,38.25,-110.81,US
Barosaurus,154.8,143.1,38.25,-110.81,US
Diplodocus,154.8,143.1,38.25,-110.81,US
Ampelosaurus,83.6,66.0,39.95,-2.02,ES
Masiakasaurus knopfleri,72.2,66.0,-15.9,46.58,MG
Masiakasaurus knopfleri,72.2,66.0,-15.91,46.58,MG
Masiakasaurus knopfleri,72.2,66.0,-15.91,46.58,MG
Masiakasaurus knopfleri,72.2,66.0,-15.91,46.58,MG
Masiakasaurus knopfleri,72.2,66.0,-15.91,46.58,MG
Masiakasaurus knopfleri,72.2,66.0,-15.91,46.58,MG
Masiakasaurus knopfleri,72.2,66.0,-15.9,46.6,MG
Masiakasaurus knopfleri,72.2,66.0,-15.9,46.58,MG
Masiakasaurus knopfleri,72.2,66.0,-15.9,46.6,MG
Masiakasaurus knopfleri,72.2,66.0,-15.9,46.58,MG
Masiakasaurus knopfleri,72.2,66.0,-15.91,46.58,MG
Masiakasaurus knopfleri,72.2,66.0,-15.91,46.58,MG
Masiakasaurus knopfleri,72.2,66.0,-15.91,46.58,MG
Masiakasaurus knopfleri,72.2,66.0,-15.9,46.58,MG
Masiakasaurus knopfleri,72.2,66.0,-15.9,46.59,MG
Masiakasaurus knopfleri,72.2,66.0,-15.9,46.58,MG
Masiakasaurus knopfleri,72.2,66.0,-15.9,46.58,MG
Masiakasaurus knopfleri,72.2,66.0,-15.9,46.58,MG
Masiakasaurus knopfleri,72.2,66.0,-15.91,46.58,MG
Masiakasaurus knopfleri,72.2,66.0,-15.91,46.58,MG
Masiakasaurus knopfleri,72.2,66.0,-15.91,46.58,MG
Masiakasaurus knopfleri,72.2,66.0,-15.91,46.58,MG
Masiakasaurus knopfleri,72.2,66.0,-15.91,46.58,MG
Parasaurolophus tubicen,83.6,72.2,36.34,-108.21,US
Epichirostenotes curriei,83.6,72.2,51.59,-112.82,CA
Panoplosaurus rugosidens,83.6,72.2,48.65,-112.35,US
Plateosaurus,227.3,205.7,49.5,11.11,DE
Scelidosaurus,201.4,199.5,54.8,-5.69,UK
Megalosaurus,110.1,106.3,48.77,4.83,FR
Telmatosaurus transsylvanicus,83.6,66.0,43.6,6.11,FR
Plateosaurus elizae,205.7,201.4,48.01,5.53,FR
Megalosaurus,161.5,154.8,46.58,0.34,FR
Megalosaurus,113.2,100.5,49.11,5.0,FR
Megalosaurus,113.2,100.5,49.22,5.02,FR
Plateosaurus,205.7,201.4,47.76,5.44,FR
Thecodontosaurus,241.464,237.0,48.56,6.41,FR
Thecodontosaurus,247.0,241.464,49.96,11.64,DE
Velocipes guerichi,227.3,205.7,50.78,18.42,PL
Klamelisaurus gobiensis,165.3,161.5,44.84,90.06,CN
Sanpasaurus yaoi,184.2,174.7,29.55,104.62,CN
Sanpasaurus yaoi,184.2,174.7,29.55,104.62,CN
Sanpasaurus yaoi,184.2,174.7,29.55,104.62,CN
Ningyuansaurus wangi,125.77,119.57,40.65,119.68,CN
Mantellisaurus,125.77,121.4,40.06,-1.88,ES
Normanniasaurus genceyi,110.1,106.3,49.52,0.1,FR
Polacanthus,125.77,121.4,50.66,-1.48,UK
Coloradisaurus brevis,227.3,205.7,-29.78,-67.93,AR
Megalosaurus,165.3,161.5,49.32,0.0,FR
Megalosaurus,165.3,161.5,49.32,0.0,FR
Rhabdodon priscus,83.6,66.0,43.6,6.11,FR
Mamenchisaurus,149.2,137.05,16.4,104.28,TH
Austroraptor cabazai,72.2,66.0,-39.92,-66.58,AR
Rhabdodon priscus,83.6,72.2,43.61,6.08,FR
Hesperornis,83.6,72.2,44.68,39.08,RU
Megalosaurus,165.3,161.5,47.65,5.66,FR
Thecodontosaurus,205.7,201.4,51.23,-2.32,UK
Tyrannosaurus rex,72.2,66.0,43.42,-104.49,US
Stenonychosaurus inequalis,72.2,66.0,45.48,-104.19,US
Ornithomimus,72.2,66.0,45.48,-104.19,US
Ornithomimus,83.6,72.2,48.61,-109.68,US
Diplodocus,154.8,143.1,44.04,-106.42,US
Diplodocus,154.8,143.1,42.02,-106.05,US
Apatosaurus,154.8,143.1,42.02,-106.05,US
Brontosaurus excelsus,154.8,143.1,42.15,-105.89,US
Brontosaurus excelsus,154.8,143.1,42.15,-105.92,US
Brontosaurus excelsus,154.8,143.1,42.15,-105.91,US
Dryosaurus altus,154.8,143.1,40.46,-108.39,US
Thescelosaurus neglectus,72.2,66.0,45.48,-104.19,US
Stegosaurus ungulatus,149.2,145.06,40.44,-109.3,US
Edmontosaurus annectens,72.2,66.0,43.31,-104.57,US
Edmontosaurus,72.2,66.0,45.48,-104.19,US
Edmontosaurus,72.2,66.0,45.33,-103.98,US
Edmontosaurus,72.2,66.0,47.66,-107.34,US
Edmontosaurus,72.2,66.0,47.55,-107.12,US
Ornithomimus,72.2,66.0,46.24,-107.38,US
Gryposaurus latidens,83.6,72.2,48.49,-112.47,US
Hypacrosaurus,83.6,72.2,48.94,-112.64,US
Corythosaurus casuarius,83.6,72.2,48.46,-112.07,US
Triceratops,72.2,66.0,45.48,-104.19,US
Triceratops,72.2,66.0,43.42,-104.49,US
Triceratops horridus,72.2,66.0,47.55,-107.12,US
Tyrannosaurus,72.2,66.0,45.35,-105.24,US
Kritosaurus,83.6,72.2,46.28,-109.51,US
Ganzhousaurus nankangensis,72.2,66.0,25.82,114.93,CN
Styracosaurus albertensis,83.6,72.2,50.71,-111.55,CA
Ornithopsis,145.06,143.1,50.57,-2.45,UK
Dahalokely tokana,93.9,89.8,-13.77,49.53,MG
Leptorhynchos gaddisi,83.6,72.2,29.32,-103.52,US
Chirostenotes,83.6,72.2,29.32,-103.52,US
Dacentrurus,152.21,149.2,50.72,1.59,FR
Aorun zhaoi,165.3,161.5,45.19,88.92,CN
Richardoestesia isosceles,83.6,72.2,29.1,-103.17,US
Saurornitholestes,83.6,72.2,29.1,-103.17,US
Saurornitholestes,83.6,72.2,29.1,-103.17,US
Albertadromeus syntarsus,83.6,72.2,49.18,-110.68,US
Richardoestesia gilmorei,83.6,72.2,29.1,-103.17,US
Richardoestesia,83.6,72.2,29.1,-103.17,US
Saurornitholestes,83.6,72.2,29.1,-103.17,US
Stegoceras novomexicanum,83.6,72.2,36.29,-108.23,US
Stegoceras novomexicanum,83.6,72.2,36.28,-108.46,US
Stegoceras novomexicanum,83.6,72.2,36.12,-107.78,US
Stegoceras novomexicanum,83.6,72.2,36.1,-107.79,US
Yueosaurus tiantaiensis,113.2,93.9,29.15,121.03,CN
Anodontosaurus lambei,72.2,66.0,51.82,-112.98,CA
Anodontosaurus lambei,72.2,66.0,51.75,-112.96,CA
Oohkotokia,83.6,72.2,48.49,-112.47,US
Euoplocephalus tutus,83.6,72.2,50.77,-111.49,CA
Scolosaurus thronus,83.6,72.2,50.75,-111.47,CA
Anodontosaurus lambei,72.2,66.0,51.46,-112.67,CA
Anodontosaurus lambei,72.2,66.0,51.5,-112.78,CA
Acrotholus audeti,85.7,83.6,49.08,-111.44,CA
Yanornis guozhangi,125.77,119.57,41.08,121.12,CN
Majungasaurus crenatissimus,72.2,66.0,-16.12,45.74,MG
Actiosaurus gaudryi,205.7,201.4,46.9,4.41,FR
Yunmenglong ruyangensis,121.4,100.5,34.11,112.59,CN
Wulatelong gobiensis,83.6,72.2,41.74,106.75,CN
Richardoestesia,72.2,66.0,43.15,-104.57,US
Plateosaurus,227.3,205.7,-48.1,-68.3,AR
Iguanodon,139.1,137.05,50.6,-1.97,UK
Aurornis xui,168.2,152.21,40.59,119.43,CN
Jianchangosaurus yixianensis,125.77,119.57,37.43,122.06,CN
Bravoceratops polyphemus,72.2,66.0,29.4,-103.32,US
Nebulasaurus taito,174.7,168.2,26.0,101.86,CN
Savannasaurus elliottorum,100.5,89.8,-22.35,143.09,AU
Erketu,83.6,72.2,36.92,120.62,CN
Yangchuanosaurus,119.57,113.2,30.15,105.3,CN
Dacentrurus armatus,154.8,143.1,40.12,-1.15,ES
Nuthetes,143.1,137.05,51.55,-1.78,UK
Iguanodon,119.57,113.2,51.24,-0.57,UK
Iguanodon,121.4,110.1,52.31,0.25,UK
Pelorosaurus,121.4,110.1,52.31,0.25,UK
Gannansaurus sinensis,72.2,66.0,25.73,114.81,CN
Xinghaiornis lini,125.77,119.57,41.6,120.98,CN
Dongyangopelta yangyanensis,113.2,93.9,28.71,119.21,CN
Overosaurus paradasorum,85.7,83.6,-37.61,-69.32,AR
Tataouinea hannibalis,113.2,100.5,32.68,10.17,TN
Pararhabdodon,72.2,66.0,42.14,1.0,ES
Pararhabdodon isonensis,72.2,66.0,42.15,-1.01,ES
Linhenykus monodactylus,83.6,72.2,41.74,106.75,CN
Jiangxisaurus ganzhouensis,72.2,66.0,25.73,114.81,CN
Melanorosaurus,201.4,192.9,-29.8,27.4,LS
Thecodontosaurus minimus,201.4,192.9,-29.82,27.25,LS
Plateosaurus,237.0,201.4,51.59,9.93,DE
Massospondylus,227.3,201.4,-29.08,27.37,ZA
Massospondylus,201.4,192.9,-29.13,27.32,ZA
Massospondylus,201.4,192.9,-28.98,27.38,ZA
Massospondylus,201.4,192.9,-30.62,27.8,ZA
Massospondylus,201.4,192.9,-28.68,28.32,ZA
Khankhuuluu mongoliensis,100.5,83.6,44.41,109.84,MN
Zhouornis hani,121.4,113.2,41.57,120.47,CN
Bolong yixianensis,125.77,119.57,42.32,119.19,CN
Cetiosaurus,168.2,165.3,49.66,4.8,FR
Struthiomimus altus,83.6,72.2,49.96,-110.34,CA
Struthiomimus altus,83.6,72.2,49.94,-110.05,CA
Kritosaurus,83.6,72.2,36.16,-108.06,US
Kritosaurus,83.6,72.2,36.33,-108.08,US
Triceratops,72.2,66.0,45.39,-103.7,US
Triceratops,72.2,66.0,45.41,-103.72,US
Triceratops,72.2,66.0,45.52,-103.5,US
Ornithomimus,72.2,66.0,45.71,-102.05,US
Ornithomimus,72.2,66.0,45.93,-103.92,US
Edmontosaurus,72.2,66.0,47.84,-106.16,US
Edmontosaurus annectens,72.2,66.0,44.61,-107.98,US
Triceratops horridus,72.2,66.0,43.16,-104.55,US
Paronychodon,72.2,66.0,43.17,-104.57,US
Paronychodon,72.2,66.0,43.19,-104.46,US
Triceratops,72.2,66.0,43.0,-104.5,US
Edmontosaurus annectens,72.2,66.0,43.44,-104.41,US
Edmontosaurus,72.2,66.0,43.34,-104.53,US
Edmontosaurus,72.2,66.0,43.18,-104.51,US
Edmontosaurus,72.2,66.0,47.64,-106.57,US
Edmontosaurus,72.2,66.0,47.34,-108.22,US
Corythosaurus casuarius,83.6,72.2,50.84,-111.18,CA
Saurolophus,72.2,66.0,51.75,-112.96,CA
Saurolophus osborni,83.6,66.0,51.75,-112.96,CA
Hypacrosaurus,72.2,66.0,51.82,-112.98,CA
Saurolophus,83.6,66.0,51.79,-113.01,CA
Xianshanosaurus shijiagouensis,121.4,100.5,34.11,112.59,CN
Normanniasaurus genceyi,110.1,106.3,49.52,0.1,FR
Changmaornis houi,121.4,113.2,39.86,96.78,CN
Yumenornis huangi,121.4,113.2,39.86,96.78,CN
Lutungutali sitwensis,247.0,227.3,-10.83,33.19,ZM
Yunganglong datongensis,100.5,83.6,40.01,112.7,CN
Tyrannosaurus rex,72.2,66.0,44.94,-108.85,US
Leptorhynchos gaddisi,83.6,72.2,29.32,-103.52,US
Ornithomimus,83.6,72.2,29.32,-103.52,US
Struthiomimus,83.6,72.2,29.32,-103.52,US
Chirostenotes,83.6,72.2,29.14,-103.2,US
Ornithomimus,83.6,72.2,34.55,-78.45,US
Gorgosaurus,83.6,72.2,34.55,-78.45,US
Hadrosaurus,83.6,72.2,34.55,-78.45,US
Katepensaurus goicoecheai,100.5,89.8,-44.91,-69.38,AR
Richardoestesia gilmorei,72.2,66.0,47.52,-106.4,US
Richardoestesia isosceles,72.2,66.0,43.21,-104.55,US
Richardoestesia gilmorei,72.2,66.0,47.57,-107.1,US
Richardoestesia isosceles,83.6,72.2,49.16,-110.72,CA
Richardoestesia isosceles,83.6,72.2,49.28,-112.2,CA
Saurornitholestes langstoni,83.6,72.2,49.28,-112.2,CA
Saurornitholestes langstoni,83.6,72.2,49.28,-112.2,CA
Saurornitholestes langstoni,83.6,72.2,49.08,-110.68,CA
Saurornitholestes langstoni,83.6,72.2,49.07,-110.45,CA
Dromaeosaurus albertensis,83.6,72.2,49.28,-112.2,CA
Troodon formosus,83.6,72.2,50.73,-111.3,CA
Troodon formosus,83.6,72.2,49.28,-112.2,CA
Troodon,83.6,66.0,51.65,-112.9,CA
Troodon,72.2,66.0,51.41,-112.63,CA
Troodon,83.6,66.0,55.46,-117.42,CA
Troodon,83.6,66.0,53.26,-113.81,CA
Troodon,83.6,66.0,51.49,-113.15,CA
Troodon,83.6,66.0,51.55,-112.87,CA
Richardoestesia isosceles,83.6,72.2,49.1,-110.94,CA
Richardoestesia isosceles,83.6,72.2,49.28,-112.58,CA
Richardoestesia isosceles,83.6,72.2,50.73,-111.3,CA
Richardoestesia isosceles,83.6,72.2,50.78,-111.57,CA
Richardoestesia isosceles,83.6,72.2,48.03,-110.24,CA
Richardoestesia isosceles,83.6,72.2,50.77,-111.44,CA
Richardoestesia gilmorei,83.6,66.0,51.55,-112.87,CA
Richardoestesia gilmorei,83.6,66.0,55.46,-117.42,CA
Richardoestesia gilmorei,83.6,72.2,51.47,-112.75,CA
Richardoestesia gilmorei,83.6,72.2,50.81,-111.63,CA
Richardoestesia gilmorei,83.6,72.2,49.96,-110.27,CA
Richardoestesia gilmorei,83.6,72.2,49.1,-110.94,CA
Saurornitholestes langstoni,83.6,72.2,50.81,-111.63,CA
Dromaeosaurus albertensis,83.6,72.2,50.77,-111.44,CA
Atrociraptor marshalli,83.6,66.0,51.65,-112.9,CA
Atrociraptor marshalli,83.6,66.0,51.48,-112.86,CA
Atrociraptor marshalli,83.6,66.0,55.46,-117.42,CA
Saurornitholestes langstoni,83.6,72.2,50.77,-111.44,CA
Saurornitholestes langstoni,83.6,72.2,50.78,-111.57,CA
Saurornitholestes langstoni,83.6,72.2,50.76,-110.02,CA
Acheroraptor temertyorum,72.2,66.0,47.05,-107.35,US
Triceratops prorsus,72.2,66.0,49.05,-106.57,CA
Triceratops prorsus,72.2,66.0,49.51,-108.77,CA
Triceratops prorsus,72.2,66.0,49.34,-108.33,CA
Triceratops prorsus,72.2,66.0,49.34,-108.33,CA
Torosaurus latus,72.2,66.0,49.33,-108.49,CA
Edmontosaurus,83.6,72.2,53.34,-113.89,CA
Arrhinoceratops,83.6,72.2,53.34,-113.89,CA
Siats meekerorum,100.5,93.9,38.9,-111.69,US
Nankangia jiangxiensis,72.2,66.0,25.73,114.81,CN
Iguanodon bernissartensis,125.77,121.4,40.49,0.42,ES
Europelta carbonensis,113.2,110.1,41.02,-0.57,ES
Arcovenator escotae,83.6,72.2,43.5,5.73,FR
Rhabdodon,83.6,72.2,43.5,5.73,FR
Ampelosaurus atacis,83.6,72.2,43.5,5.73,FR
Torvosaurus tanneri,154.8,143.1,42.04,-106.39,US
Camarasaurus,154.8,143.1,42.04,-106.39,US
Stegosaurus,154.8,143.1,42.04,-106.39,US
Apatosaurus,157.9,152.21,44.05,-107.46,US
Barosaurus,157.9,152.21,44.05,-107.46,US
Diplodocus,157.9,152.21,44.05,-107.46,US
Ferenceratops shqiperorum,72.2,66.0,47.38,22.29,RO
Zalmoxes robustus,83.6,72.2,47.38,22.29,RO
Zalmoxes,72.2,66.0,46.03,23.5,RO
Zalmoxes,72.2,66.0,45.99,23.59,RO
Gobipipus reshetovi,83.6,72.2,43.15,99.45,MN
Hongshanornis longicresta,125.77,119.57,41.37,121.42,CN
Hungarosaurus,85.7,83.6,47.22,17.6,HU
Parvavis chuxiongensis,93.9,83.6,25.05,101.53,CN
Xinjiangtitan shanshanesis,168.2,143.1,42.96,90.57,CN
Bohaiornis guoi,121.4,113.2,40.65,119.68,CN
Zalmoxes,72.2,66.0,45.54,22.91,RO
Zalmoxes,72.2,66.0,45.54,22.91,RO
Gobivenator mongoliensis,83.6,72.2,44.05,102.82,MN
Quetecsaurus rusconii,93.9,89.8,-34.07,-68.92,AR
Anchiornis huxleyi,168.2,152.21,40.87,119.99,CN
Parabohaiornis martini,121.4,113.2,40.65,119.68,CN
Longusunguis kurochkini,121.4,113.2,40.65,119.68,CN
Parapengornis eurycaudatus,125.77,119.57,41.24,119.4,CN
Torvosaurus gurneyi,152.21,149.2,39.27,-9.33,PT
Richardoestesia gilmorei,152.21,149.2,39.2,-9.34,PT
Gastonia lorriemcwhinneyae,121.4,100.5,38.85,-109.56,US
Deinonychus,121.4,100.5,38.83,-109.27,US
Camarasaurus lentus,152.21,149.2,43.38,-108.12,US
Torvosaurus gurneyi,152.21,145.06,39.22,-9.34,PT
Torvosaurus gurneyi,152.21,149.2,39.17,-9.36,PT
Torvosaurus,152.21,149.2,39.22,-9.34,PT
Sinankylosaurus zhuchengensis,83.6,72.2,37.47,120.98,CN
Anzu wyliei,72.2,66.0,45.87,-103.79,US
Stegosaurus,152.21,143.1,38.45,-107.4,US
Camarasaurus,149.2,143.1,38.45,-107.4,US
Allosaurus,149.2,143.1,38.45,-107.4,US
Apatosaurus,154.8,149.2,38.45,-107.4,US
Allosaurus,154.8,149.2,38.45,-107.4,US
Camarasaurus,154.8,149.2,38.45,-107.4,US
Ceratosaurus,154.8,149.2,38.45,-107.4,US
Stegosaurus,154.8,149.2,38.45,-107.4,US
Anzu wyliei,72.2,66.0,46.33,-103.98,US
Bonapartenykus ultimus,72.2,66.0,-39.43,-67.29,AR
Protoceratops andrewsi,83.6,72.2,44.09,102.91,MN
Protoceratops andrewsi,83.6,72.2,44.09,102.91,MN
Tyrannosaurus rex,72.2,66.0,31.0,-109.0,MX
Platypelta coombsi,83.6,72.2,51.44,-110.39,CA
Anodontosaurus inceptus,83.6,72.2,51.44,-110.39,CA
Anodontosaurus lambei,83.6,72.2,51.54,-112.82,CA
Anodontosaurus inceptus,83.6,66.0,50.83,-111.6,CA
Anodontosaurus lambei,72.2,66.0,50.7,-112.98,CA
Anodontosaurus lambei,72.2,66.0,51.69,-112.91,CA
Euoplocephalus tutus,83.6,72.2,50.82,-111.6,CA
Platypelta coombsi,83.6,72.2,50.6,-111.62,CA
Dromaeosaurus albertensis,83.6,72.2,50.6,-111.62,CA
Lambeosaurus lambei,83.6,72.2,50.6,-111.62,CA
Platypelta coombsi,83.6,72.2,49.22,-110.64,CA
Platypelta coombsi,83.6,72.2,50.74,-111.49,CA
Platypelta coombsi,83.6,72.2,50.81,-111.61,CA
Richardoestesia isosceles,83.6,72.2,36.5,-108.08,US
Paronychodon,83.6,72.2,36.29,-108.54,US
Richardoestesia,83.6,72.2,36.29,-108.54,US
Richardoestesia,83.6,72.2,36.12,-107.78,US
Paronychodon,83.6,72.2,36.29,-108.54,US
Teratophoneus curriei,83.6,72.2,37.49,-111.74,US
Taohelong jinchengensis,125.77,113.2,35.81,103.77,CN
Vahiny depereti,72.2,66.0,-15.9,46.58,MG
Vahiny depereti,72.2,66.0,-15.91,46.58,MG
Fortunguavis xiaotaizicus,121.4,113.2,40.65,119.68,CN
Evgenavis nobilis,125.77,113.2,55.88,88.0,RU
Alioramus sinensis,72.2,66.0,25.73,114.81,CN
Ceratosaurus nasicornis,152.21,149.2,39.2,-9.34,PT
Zalmoxes,72.2,66.0,47.38,22.29,RO
Telmatosaurus,72.2,66.0,45.99,23.57,RO
Zalmoxes,72.2,66.0,46.0,23.56,RO
Zalmoxes,72.2,66.0,46.0,23.57,RO
Magyarosaurus,72.2,66.0,46.0,23.57,RO
Zalmoxes,72.2,66.0,46.0,23.56,RO
Richardoestesia,83.6,72.2,36.3,-108.2,US
Paronychodon,83.6,72.2,36.3,-108.2,US
Tianyuornis cheni,125.77,121.4,41.33,119.13,CN
Leinkupal laticauda,139.1,132.6,-39.82,-69.67,AR
Bajadasaurus pronuspinax,139.1,132.6,-39.82,-69.67,AR
Microraptor zhaoianus,121.4,113.2,41.49,120.23,CN
Jinfengopteryx elegans,125.77,121.4,40.37,116.36,CN
Protopteryx fengningensis,125.77,121.4,40.37,116.36,CN
Ahshislepelta minor,83.6,72.2,36.15,-107.93,US
Vagaceratops irvinensis,83.6,72.2,50.75,-111.47,CA
Vagaceratops irvinensis,83.6,72.2,47.72,-109.64,US
Gurilynia nessovi,72.2,66.0,43.57,100.48,MN
Hesperornis crassipes,100.5,66.0,38.92,-101.18,US
Hesperornis gracilis,100.5,66.0,38.92,-101.18,US
Zhouornis hani,121.4,113.2,41.53,120.18,CN
Arrhinoceratops brachyops,72.2,66.0,51.61,-112.88,CA
Megapnosaurus,201.4,199.5,37.1,-113.54,US
Khankhuuluu mongoliensis,93.9,83.6,43.14,107.52,MN
Zhanghenglong yangchengensis,85.7,83.6,33.29,111.47,CN
Tyrannosaurus rex,72.2,66.0,47.73,-106.26,US
Tyrannosaurus rex,72.2,66.0,49.61,-114.11,CA
Tyrannosaurus rex,72.2,66.0,45.05,-101.97,US
Caenagnathus,72.2,66.0,45.05,-101.97,US
Edmontosaurus,72.2,66.0,45.05,-101.97,US
Iguanodon bernissartensis,125.77,121.4,50.62,-1.38,UK
Polacanthus foxii,132.6,121.4,50.67,-1.13,UK
Iguanodon,125.77,121.4,50.63,-1.41,UK
Tarbosaurus bataar,72.2,66.0,43.54,99.6,MN
Dacentrurus,154.8,143.1,40.12,-1.15,ES
Dacentrurus,154.8,143.1,40.12,-1.15,ES
Changyuraptor yangi,125.77,119.57,40.64,119.64,CN
Rhabdodon priscus,72.2,66.0,42.0,0.93,ES
Iguanodon,139.1,132.6,50.85,0.51,UK
Kulindadromeus zabaikalicus,168.2,165.3,52.52,116.72,RU
Camarasaurus lentus,149.2,143.1,39.32,-110.69,US
Camarasaurus,149.2,143.1,39.32,-110.69,US
Tyrannosaurus,83.6,66.0,42.82,89.86,CN
Euoplocephalus,83.6,66.0,43.07,91.84,CN
Nemegtosaurus,83.6,66.0,42.82,89.86,CN
Iguanodon,132.6,125.77,50.64,-1.43,UK
Chuanqilong chaoyangensis,121.4,113.2,40.88,119.47,CN
Massospondylus,201.4,192.9,-28.68,28.17,ZA
Ichthyornis dispar,89.8,72.2,28.27,-102.72,MX
Delapparentia,125.77,121.4,40.95,-0.77,ES
Grabauornis lingyuanensis,125.77,119.57,41.37,121.42,CN
Iguanodon,137.05,132.6,50.86,0.61,UK
Iguanodon,137.05,132.6,50.87,0.66,UK
Iguanodon,137.05,132.6,51.02,-0.16,UK
Datanglong guangxiensis,121.4,113.2,22.24,108.19,CN
Pachycephalosaurus wyomingensis,72.2,66.0,45.77,-104.93,US
Dreadnoughtus schrani,83.6,72.2,-49.88,-71.98,AR
Apatosaurus louisae,154.8,143.1,42.15,-105.91,US
Stegosaurus,154.8,143.1,42.15,-105.91,US
Camarasaurus,154.8,143.1,42.15,-105.91,US
Amanzia greppini,154.8,152.21,47.29,7.38,CH
Ornithomimus edmontonicus,72.2,66.0,51.4,-112.59,CA
Edmontonia,83.6,66.0,49.36,-110.49,CA
Prosaurolophus maximus,83.6,66.0,49.36,-110.49,CA
Prosaurolophus maximus,83.6,72.2,49.52,-112.9,CA
Avimimus,83.6,72.2,52.08,-112.98,CA
Daspletosaurus,83.6,72.2,50.84,-111.79,CA
Dromaeosaurus,83.6,72.2,49.48,-111.37,CA
Brachylophosaurus canadensis,83.6,72.2,49.07,-110.45,CA
Tyrannotitan chubutensis,113.2,100.5,-43.78,-68.83,AR
Triceratops,72.2,66.0,47.6,-107.0,US
Tyrannosaurus,72.2,66.0,47.6,-107.0,US
Caenagnathus collinsi,83.6,72.2,50.74,-111.49,CA
Caenagnathus collinsi,83.6,72.2,50.8,-111.63,CA
Apatosaurus,149.2,143.1,39.32,-110.69,US
Ceratosaurus nasicornis,149.2,143.1,39.32,-110.69,US
Barosaurus,149.2,143.1,39.32,-110.69,US
Camptosaurus dispar,149.2,143.1,39.32,-110.69,US
Stegosaurus,149.2,143.1,39.32,-110.69,US
Richardoestesia,83.6,72.2,49.28,-112.2,CA
Troodon,83.6,72.2,49.28,-112.2,CA
Centrosaurus,83.6,72.2,50.73,-110.06,CA
Centrosaurus,83.6,72.2,50.74,-110.09,CA
Paronychodon,83.6,72.2,49.28,-112.2,CA
Gryposaurus,83.6,66.0,55.08,-119.53,CA
Triceratops horridus,83.6,72.2,52.08,-112.98,CA
Hadrosaurus,85.7,72.2,33.48,-88.42,US
Protoceratops,83.6,72.2,44.22,103.27,MN
Eopengornis martini,132.6,125.77,41.0,117.49,CN
Thecodontosaurus,205.7,201.4,51.2,-2.39,UK
Carcharodontosaurus,100.5,93.9,-2.48,-44.46,BR
Carcharodontosaurus saharicus,100.5,93.9,31.53,-4.67,MA
Carcharodontosaurus saharicus,100.5,93.9,31.53,-4.67,MA
Spinosaurus aegyptiacus,100.5,93.9,31.53,-4.67,MA
Carcharodontosaurus saharicus,100.5,93.9,31.51,-4.08,MA
Spinosaurus,100.5,93.9,31.51,-4.08,MA
Carcharodontosaurus saharicus,100.5,93.9,30.88,-3.86,MA
Carcharodontosaurus saharicus,100.5,93.9,30.88,-3.86,MA
Spinosaurus aegyptiacus,100.5,93.9,30.88,-3.86,MA
Carcharodontosaurus saharicus,100.5,93.9,31.61,-4.3,MA
Spinosaurus aegyptiacus,100.5,93.9,31.61,-4.3,MA
Spinosaurus,119.57,110.1,33.12,10.27,TN
Spinosaurus aegyptiacus,100.5,93.9,31.59,-4.18,MA
Huangshanlong anhuiensis,174.7,161.5,29.72,118.33,CN
Protoceratops,83.6,72.2,44.52,103.15,MN
Velociraptor,83.6,72.2,44.09,102.91,MN
Protoceratops andrewsi,83.6,72.2,44.05,102.82,MN
Gallimimus,72.2,66.0,43.76,99.9,MN
Gobipteryx,83.6,72.2,44.05,102.82,MN
Protoceratops,83.6,72.2,44.0,104.0,MN
Mononykus,83.6,72.2,44.0,104.0,MN
Velociraptor mongoliensis,83.6,72.2,44.0,104.0,MN
Saurornithoides mongoliensis,83.6,72.2,44.0,104.0,MN
Oviraptor philoceratops,83.6,72.2,44.0,104.0,MN
Pinacosaurus grangeri,83.6,72.2,44.0,104.0,MN
Iguanodon,143.1,121.4,40.59,-0.19,ES
Itemirus medullaris,93.9,89.8,42.12,62.66,UZ
Edmontosaurus,83.6,72.2,55.09,-119.99,CA
Psittacosaurus,110.1,100.5,45.85,108.45,MN
Megalosaurus,154.8,149.2,54.01,14.81,PL
Iguanodon bernissartensis,143.1,100.5,52.33,9.2,DE
Megalosaurus,139.1,137.05,52.25,9.51,DE
Psittacosaurus,143.1,100.5,44.28,111.24,MN
Aquilops americanus,110.1,100.5,45.0,-109.0,US
Haplocanthosaurus,154.8,149.2,39.2,-106.93,US
Allosaurus fragilis,154.8,143.1,41.88,-106.11,US
Fosterovenator churei,154.8,143.1,41.88,-106.11,US
Torvosaurus tanneri,154.8,143.1,41.88,-106.11,US
Allosaurus lucasi,149.2,143.1,37.34,-108.75,US
Elaphrosaurus,100.5,93.9,30.21,-4.88,MA
Triceratops,72.2,66.0,41.91,-104.2,US
Triceratops,72.2,66.0,41.91,-104.2,US
Triceratops,72.2,66.0,41.73,-104.37,US
Caenagnathus collinsi,83.6,72.2,50.76,-111.49,CA
Alamosaurus,72.2,66.0,29.4,-103.2,US
Alamosaurus sanjuanensis,72.2,66.0,29.4,-103.2,US
Ngexisaurus dapukaensis,174.7,161.5,31.07,97.33,CN
Megalosaurus dapukaensis,174.7,161.5,31.07,97.33,CN
Microdontosaurus dayensis,174.7,161.5,31.07,97.33,CN
Changdusaurus laminaplacodus,174.7,161.5,31.07,97.33,CN
Lufengosaurus changduensis,201.4,174.7,31.1,97.2,CN
Damalasaurus magnus,201.4,174.7,31.1,97.2,CN
Megalosaurus tibetensis,201.4,174.7,31.1,97.2,CN
Scelidosaurus,201.4,174.7,31.1,97.2,CN
Qijianglong guokr,161.5,143.1,29.0,106.58,CN
Triceratops horridus,72.2,66.0,41.75,-110.63,US
Triceratops,72.2,66.0,41.83,-106.62,US
Triceratops,72.2,66.0,41.83,-106.62,US
Tyrannosaurus,72.2,66.0,44.13,-110.4,US
Carcharodontosaurus,125.77,100.5,33.19,10.29,TN
Spinosaurus,125.77,100.5,33.19,10.29,TN
Koshisaurus katsuyama,121.4,113.2,36.12,136.55,JP
Allosaurus,143.1,137.05,46.13,6.16,FR
Fukuivenator paradoxus,121.4,113.2,36.12,136.54,JP
Monoclonius,83.6,72.2,45.64,-110.7,US
Gorgosaurus,83.6,72.2,45.98,-110.92,US
Dryptosaurus,83.6,66.0,40.3,-74.3,US
Pinacosaurus grangeri,85.7,72.2,44.26,103.3,MN
Triceratops,72.2,66.0,47.66,-107.34,US
Hadrosaurus foulkii,83.6,72.2,40.33,-74.3,US
Edmontosaurus,83.6,72.2,40.3,-74.3,US
Dryptosaurus aquilunguis,83.6,72.2,40.28,-74.38,US
Teihivenator macropus,72.2,66.0,40.29,-74.17,US
Brachylophosaurus canadensis,83.6,72.2,48.57,-107.74,US
Adelolophus hutchisoni,83.6,72.2,37.6,-111.9,US
Prosaurolophus maximus,83.6,72.2,48.03,-110.24,CA
Plesiohadros djadokhtaensis,85.7,72.2,44.26,103.3,MN
Iguanodon,143.1,141.0,42.06,-2.39,ES
Iguanodon,143.1,141.0,42.06,-2.39,ES
Iguanodon,143.1,141.0,42.06,-2.39,ES
Brontosaurus parvus,154.8,143.1,38.71,-109.74,US
Diplodocus hallorum,149.2,145.06,40.44,-109.3,US
Diplodocus hallorum,154.8,143.1,41.9,-106.08,US
Barosaurus,149.2,145.06,40.44,-109.3,US
Galeamopus pabsti,152.21,145.06,38.54,-105.22,US
Brontosaurus parvus,152.21,143.1,36.9,-102.83,US
Pinacosaurus,83.6,72.2,44.09,102.91,MN
Bagaceratops,83.6,72.2,44.09,102.91,MN
Pinacosaurus,83.6,72.2,44.09,102.91,MN
Maiasaura,83.6,72.2,48.63,-113.75,US
Deinocheirus,100.5,83.6,43.61,107.87,MN
Gallimimus,72.2,66.0,43.48,100.36,MN
Saurolophus angustirostris,72.2,66.0,43.48,100.36,MN
Pachycephalosaurus wyomingensis,72.2,66.0,51.95,-112.94,CA
Psittacosaurus,125.77,113.2,55.97,88.09,RU
Psittacosaurus,125.77,113.2,55.88,88.32,RU
Gallimimus,72.2,66.0,43.85,100.14,MN
Prenocephale prenes,72.2,66.0,43.85,100.14,MN
Gallimimus,72.2,66.0,43.85,100.14,MN
Tarbosaurus,72.2,66.0,43.48,100.46,MN
Saurolophus,72.2,66.0,43.48,100.46,MN
Longipteryx chaoyangensis,121.4,113.2,41.57,120.16,CN
Yuanjiawaornis viriosus,121.4,113.2,41.57,120.16,CN
Yi qi,165.3,154.8,40.48,119.37,CN
Itemirus medullaris,93.9,89.8,42.12,62.66,UZ
Ulughbegsaurus uzbekistanensis,93.9,89.8,42.12,62.66,UZ
Itemirus medullaris,93.9,89.8,42.12,62.66,UZ
Itemirus medullaris,93.9,89.8,42.12,62.66,UZ
Itemirus medullaris,93.9,89.8,42.12,62.66,UZ
Gobihadros mongoliensis,100.5,83.6,43.49,107.73,MN
Protoceratops,83.6,72.2,44.1,102.79,MN
Psittacosaurus,143.1,100.5,45.38,-102.48,MN
Gobihadros mongoliensis,93.9,83.6,43.5,107.71,MN
Protoceratops andrewsi,83.6,72.2,44.23,103.29,MN
Tarbosaurus,72.2,66.0,43.5,101.05,MN
Saurolophus angustirostris,72.2,66.0,43.5,101.05,MN
Gallimimus,72.2,66.0,43.5,101.05,MN
Tarbosaurus,72.2,66.0,43.5,101.05,MN
Garumbatitan morellensis,125.77,121.4,40.6,-0.18,ES
Tarbosaurus,72.2,66.0,43.6,100.5,MN
Iguanodon,139.1,132.6,50.86,0.55,UK
Mononykus,72.2,66.0,43.48,99.8,MN
Gobipteryx,72.2,66.0,43.48,99.8,MN
Bagaceratops,72.2,66.0,43.48,99.8,MN
Shuvuuia deserti,83.6,72.2,44.23,103.29,MN
Aepyornithomimus tugrikinensis,83.6,72.2,44.23,103.3,MN
Protoceratops andrewsi,83.6,72.2,44.23,103.29,MN
Velociraptor,83.6,72.2,44.23,103.29,MN
Elsornis keni,83.6,72.2,44.23,103.29,MN
Protoceratops andrewsi,83.6,72.2,44.23,103.29,MN
Bactrosaurus,93.9,83.6,43.5,107.76,MN
Archaeornithura meemannae,132.6,125.77,41.2,116.65,CN
Pinacosaurus,83.6,72.2,44.52,103.15,MN
Deinocheirus mirificus,72.2,66.0,43.6,100.46,MN
Hollanda luceria,83.6,72.2,43.47,99.83,MN
Saurornithoides,72.2,66.0,43.32,99.83,MN
Oksoko avarsan,72.2,66.0,43.87,100.01,MN
Saurolophus,72.2,66.0,43.87,100.02,MN
Ziapelta sanjuanensis,83.6,72.2,36.34,-108.21,US
Hylaeosaurus armatus,137.05,132.6,51.09,-0.17,UK
Polacanthus,137.05,132.6,51.09,-0.17,UK
Ingenia,72.2,66.0,43.47,99.83,MN
Avimimus portentosus,72.2,66.0,43.87,100.01,MN
Mononykus,72.2,66.0,43.87,100.01,MN
Prenocephale,72.2,66.0,43.87,100.01,MN
Gobihadros mongoliensis,100.5,83.6,44.18,102.79,MN
Saurolophus angustirostris,72.2,66.0,43.6,100.46,MN
Saurolophus angustirostris,72.2,66.0,43.6,100.5,MN
Velociraptor,83.6,72.2,43.66,107.84,MN
Iguanodon,125.77,121.4,40.58,-0.22,ES
Protathlitis cinctorrensis,125.77,121.4,40.58,-0.22,ES
Rukwatitan bisepultus,100.5,72.2,-8.7,32.7,TZ
Iguanodon,125.77,121.4,40.49,0.42,ES
Iguanodon,125.77,121.4,40.49,0.42,ES
Iguanodon,121.4,119.57,40.49,0.42,ES
Iguanodon,121.4,119.57,40.49,0.42,ES
Mantellisaurus,125.77,121.4,40.49,0.42,ES
Mantellisaurus atherfieldensis,121.4,119.57,40.49,0.42,ES
Lirainosaurus astibiae,83.6,66.0,43.6,6.11,FR
Lirainosaurus astibiae,72.2,66.0,42.91,2.2,FR
Ampelosaurus atacis,83.6,72.2,43.49,5.61,FR
Rhabdodon priscus,72.2,66.0,42.16,0.99,ES
Eousdryosaurus nanohallucis,152.21,145.06,39.23,-9.34,PT
Cratoavis cearensis,119.57,113.2,-7.11,-39.7,BR
Parapengornis eurycaudatus,121.4,113.2,41.24,119.4,CN
Juehuaornis zhangi,121.4,113.2,41.24,119.4,CN
Iguanodon galvensis,125.77,121.4,40.65,-0.88,ES
Iguanodon galvensis,125.77,121.4,40.65,-0.88,ES
Iguanodon,132.6,121.4,42.15,-3.17,ES
Hypsilophodon,125.77,119.57,41.93,-3.24,ES
Baryonyx,125.77,121.4,42.15,-2.28,ES
Holbotia ponomarenkoi,132.6,121.4,45.95,99.6,MN
Kuszholia mengi,93.9,89.8,42.12,62.66,UZ
Sefapanosaurus zastronensis,227.3,199.5,-30.3,27.08,ZA
Iguanodon,139.1,132.6,50.85,0.6,UK
Megaraptor namunhuaiquii,93.9,85.7,-38.45,-68.79,AR
Sphaerotholus buchholtzae,72.2,66.0,49.34,-108.33,CA
Iguanodon,121.4,119.57,52.12,0.2,UK
Duriatitan humerocristatus,149.2,143.1,51.84,-0.84,UK
Magnapaulia laticaudus,83.6,72.2,30.07,-115.73,MX
Magnapaulia laticaudus,83.6,72.2,30.03,-115.73,MX
Magnapaulia laticaudus,83.6,72.2,30.03,-115.73,MX
Iguanodon,139.1,132.6,51.05,0.19,UK
Parasaurolophus,83.6,72.2,36.34,-108.08,US
Alamosaurus sanjuanensis,72.2,66.0,36.34,-108.1,US
Kritosaurus navajovius,83.6,72.2,36.3,-108.1,US
Kritosaurus navajovius,83.6,72.2,36.3,-108.1,US
Parasaurolophus tubicen,83.6,72.2,36.34,-108.08,US
Parasaurolophus,83.6,72.2,36.34,-108.08,US
Huanansaurus ganzhouensis,72.2,66.0,25.82,114.93,CN
Wendiceratops pinhornensis,83.6,72.2,49.12,-110.86,CA
Protohadros byrdi,100.5,93.9,32.81,-97.08,US
Gobipteryx minuta,83.6,72.2,43.25,99.75,MN
Telmatosaurus,72.2,66.0,45.58,22.93,RO
Canardia garonnensis,72.2,66.0,43.2,0.96,FR
Gryposaurus,83.6,72.2,37.67,-111.73,US
Richardoestesia,83.6,72.2,42.66,-2.63,ES
Pyroraptor olympius,83.6,72.2,42.66,-2.63,ES
Eucnemesaurus entaxonis,227.3,201.4,-30.88,26.91,ZA
Baurutitan britoi,72.2,66.0,-19.6,-47.62,BR
Padillasaurus leivaensis,125.77,121.4,5.62,-73.55,CO
Bicharracosaurus dionidei,154.8,149.2,-43.22,-69.07,AR
Mosaiceratops azumai,93.9,72.2,33.55,112.1,CN
Lufengosaurus huenei,201.4,199.5,24.96,102.08,CN
Yunnanosaurus,201.4,199.5,24.96,102.08,CN
Tapinosaurus,152.21,149.2,49.57,0.11,FR
Megalosaurus,121.4,113.2,42.2,-2.28,ES
Megalosaurus,125.77,121.4,42.2,-2.28,ES
Megalosaurus,125.77,121.4,42.2,-2.28,ES
Megalosaurus,125.77,121.4,42.2,-2.28,ES
Triceratops prorsus,72.2,66.0,47.61,-106.95,US
Triceratops horridus,72.2,66.0,47.54,-107.02,US
Nemegtomaia barsboldi,83.6,72.2,43.51,101.06,MN
Nemegtomaia barsboldi,83.6,72.2,43.51,101.08,MN
Rhabdodon,83.6,72.2,43.49,5.61,FR
Dakotaraptor steini,72.2,66.0,45.23,-103.21,US
Fumicollis hoffmani,89.8,83.6,38.87,-100.82,US
Tachiraptor admirabilis,201.4,199.5,8.15,-72.02,VE
Caenagnathasia,83.6,72.2,43.74,112.11,CN
Kentrosaurus,149.2,143.1,-9.71,39.23,TZ
Hualianceratops wucaiwanensis,161.5,154.8,45.19,88.92,CN
Pampadromaeus barberenai,237.0,205.7,-29.65,-53.29,BR
Notocolossus gonzalezparejasi,89.8,83.6,-37.06,-69.38,AR
Notocolossus gonzalezparejasi,89.8,83.6,-37.06,-69.38,AR
Tiantaisaurus sifengensis,106.3,100.5,29.1,120.76,CN
Morrosaurus antarcticus,72.2,66.0,-63.93,-57.5,AQ
Dracoraptor hanigani,201.4,199.5,51.41,-3.17,UK
Asiahesperornis,83.6,66.0,48.63,44.06,RU
Viavenator exxoni,85.7,83.6,-37.59,-69.32,AR
Camarasaurus,154.8,143.1,40.41,-109.22,US
Apatosaurus,154.8,143.1,40.41,-109.22,US
Stegosaurus,152.21,143.1,38.85,-108.48,US
Allosaurus,149.2,143.1,41.98,-106.15,US
Camarasaurus,149.2,143.1,41.98,-106.15,US
Diplodocus,149.2,143.1,41.98,-106.15,US
Nanosaurus,149.2,143.1,41.98,-106.15,US
Barosaurus,154.8,149.2,44.09,-106.78,US
Allosaurus,154.8,149.2,44.09,-106.87,US
Camarasaurus,154.8,149.2,44.09,-106.87,US
Diplodocus,154.8,149.2,44.09,-106.87,US
Apatosaurus,154.8,149.2,44.09,-106.87,US
Stegosaurus,154.8,149.2,44.09,-106.87,US
Camarasaurus,154.8,149.2,44.09,-106.87,US
Allosaurus,154.8,149.2,44.09,-106.87,US
Nanosaurus agilis,154.8,143.1,41.89,-106.0,US
Nanosaurus agilis,149.2,143.1,41.88,-105.89,US
Deinonychus antirrhopus,113.2,100.5,45.49,-108.73,US
Camarasaurus,154.8,143.1,37.53,-103.68,US
Allosaurus,154.8,143.1,37.53,-103.68,US
Apatosaurus,154.8,143.1,37.53,-103.68,US
Allosaurus,154.8,143.1,40.46,-108.39,US
Stegosaurus,154.8,143.1,40.46,-108.39,US
Datonglong tianzhenensis,100.5,72.2,40.19,114.04,CN
Hypsilophodon foxii,125.77,121.4,50.62,-1.37,UK
Sarmientosaurus musacchioi,100.5,89.8,-44.77,-69.18,AR
Coelophysis,227.3,201.4,38.29,-108.91,US
Rhabdodon,83.6,72.2,43.93,4.17,FR
Neuquensaurus australis,83.6,72.2,-38.84,-68.04,AR
Neuquensaurus,85.7,83.6,-39.73,-68.52,AR
Shanyangosaurus niupanggouensis,72.2,66.0,33.65,109.9,CN
Shantungosaurus giganteus,72.2,66.0,33.65,109.9,CN
Protoceratops andrewsi,85.7,72.2,44.26,103.3,MN
Tarbosaurus bataar,72.2,66.0,43.48,100.37,MN
Tarbosaurus bataar,72.2,66.0,43.49,101.28,MN
Tarbosaurus bataar,72.2,66.0,43.49,101.28,MN
Sierraceratops turneri,83.6,66.0,33.15,-107.19,US
Psittacosaurus mongoliensis,121.4,113.2,41.5,106.98,CN
Psittacosaurus,100.5,66.0,38.96,106.03,CN
Machairoceratops cronusi,83.6,72.2,37.45,-111.53,US
Spiclypeus shipporum,83.6,72.2,47.53,-109.5,US
Coelophysis,237.0,205.7,33.61,-101.14,US
Mamenchisaurus,149.2,143.1,44.07,95.81,MN
Mamenchisaurus,149.2,143.1,44.07,95.81,MN
Mamenchisaurus,149.2,143.1,44.07,95.81,MN
Mamenchisaurus,149.2,143.1,44.07,95.81,MN
Mamenchisaurus,149.2,143.1,44.07,95.81,MN
Ischioceratops zhuchengensis,83.6,72.2,36.0,119.41,CN
Tenontosaurus,119.57,110.1,33.5,-97.58,US
Iguanodon,143.1,110.1,30.43,-103.19,US
Stenonychosaurus inequalis,83.6,72.2,50.79,-111.35,CA
Stenonychosaurus inequalis,83.6,72.2,50.73,-111.5,CA
Stenonychosaurus inequalis,83.6,72.2,50.74,-111.55,CA
Stenonychosaurus inequalis,83.6,72.2,50.74,-111.48,CA
Stenonychosaurus inequalis,83.6,72.2,50.82,-111.57,CA
Stenonychosaurus inequalis,83.6,72.2,50.78,-111.51,CA
Stenonychosaurus inequalis,83.6,72.2,50.78,-111.51,CA
Alamosaurus sanjuanensis,72.2,66.0,36.34,-108.08,US
Mussaurus patagonicus,199.5,192.9,-48.08,-69.5,AR
Acrocanthosaurus,106.3,93.9,31.81,-110.42,US
Campananeyen fragilissimus,113.2,110.1,-39.34,-68.94,AR
Tarbosaurus bataar,72.2,66.0,43.47,99.83,MN
Therizinosaurus cheloniformis,72.2,66.0,43.47,99.83,MN
Saurolophus angustirostris,72.2,66.0,43.47,99.83,MN
Tarchia teresae,72.2,66.0,43.47,99.83,MN
Velociraptor,83.6,72.2,43.3,99.6,MN
Avimimus portentosus,83.6,72.2,42.08,102.17,MN
Altirhinus kurzanovi,110.1,100.5,45.85,108.4,MN
Psittacosaurus,110.1,100.5,45.85,108.4,MN
Pinacosaurus grangeri,83.6,72.2,42.51,105.25,MN
Massospondylus carinatus,201.4,192.9,-22.14,29.57,ZW
Triceratops,72.2,66.0,45.48,-104.19,US
Triceratops horridus,72.2,66.0,45.39,-103.97,US
Triceratops,72.2,66.0,45.46,-103.84,US
Thescelosaurus,72.2,66.0,47.79,-104.56,US
Triceratops,72.2,66.0,47.79,-104.56,US
Nemegtosaurus mongoliensis,72.2,66.0,43.5,101.05,MN
Gallimimus bullatus,72.2,66.0,43.5,101.05,MN
Homalocephale calathocercos,72.2,66.0,43.51,101.04,MN
Gallimimus bullatus,72.2,66.0,43.5,101.05,MN
Gallimimus bullatus,72.2,66.0,43.52,101.03,MN
Taurovenator violantei,110.1,106.3,-39.4,-68.62,AR
Taurovenator violantei,110.1,106.3,-39.4,-68.62,AR
Aoniraptor libertatem,110.1,106.3,-39.4,-68.62,AR
Gallimimus bullatus,72.2,66.0,43.52,101.05,MN
Tarbosaurus bataar,72.2,66.0,43.52,101.05,MN
Tarbosaurus bataar,72.2,66.0,43.5,101.05,MN
Tarbosaurus bataar,72.2,66.0,43.5,101.05,MN
Gallimimus bullatus,72.2,66.0,43.5,101.05,MN
Tarbosaurus bataar,72.2,66.0,43.53,101.03,MN
Elmisaurus rarus,72.2,66.0,43.53,101.04,MN
Tarbosaurus bataar,72.2,66.0,43.53,101.04,MN
Tarbosaurus bataar,72.2,66.0,43.53,101.03,MN
Gallimimus bullatus,72.2,66.0,43.51,101.05,MN
Saurolophus angustirostris,72.2,66.0,43.53,101.05,MN
Saurolophus angustirostris,72.2,66.0,43.54,101.04,MN
Prenocephale prenes,72.2,66.0,43.54,101.04,MN
Gallimimus bullatus,72.2,66.0,43.54,101.04,MN
Gallimimus bullatus,72.2,66.0,43.54,101.04,MN
Tarbosaurus bataar,72.2,66.0,43.52,101.03,MN
Tarbosaurus,72.2,66.0,43.44,100.37,MN
Gallimimus bullatus,72.2,66.0,43.48,100.36,MN
Gallimimus bullatus,72.2,66.0,43.44,100.37,MN
Gallimimus bullatus,72.2,66.0,43.6,100.46,MN
Tarbosaurus bataar,72.2,66.0,43.6,100.46,MN
Tarbosaurus bataar,72.2,66.0,43.6,100.45,MN
Apatoraptor pennatus,72.2,66.0,51.49,-112.81,CA
Velocisaurus unicus,85.7,83.6,-39.12,-67.63,AR
Asilisaurus kongwe,247.0,241.464,-10.3,35.13,TZ
Asilisaurus kongwe,247.0,241.464,-10.3,35.13,TZ
Asilisaurus kongwe,247.0,241.464,-10.13,35.34,TZ
Dunhuangia cuii,121.4,113.2,39.86,96.78,CN
Feitianius paradisi,121.4,113.2,39.86,96.78,CN
Antarctosaurus,72.2,66.0,23.17,79.95,IN
Eotrachodon orientalis,85.7,83.6,32.34,-86.4,US
Pachycephalosaurus wyomingensis,72.2,66.0,47.05,-107.35,US
Linyiornis amoena,121.4,113.2,40.59,119.43,CN
Bagaceratops rozhdestvenskyi,83.6,72.2,43.48,101.15,MN
Hulsanpes perlei,83.6,72.2,43.5,101.13,MN
Protoceratops,83.6,72.2,43.5,101.13,MN
Breviceratops kozlowskii,83.6,72.2,43.5,101.13,MN
Tylocephale gilmorei,83.6,72.2,43.5,101.13,MN
Saichania chulsanensis,83.6,72.2,43.51,101.13,MN
Tarchia kielanae,83.6,72.2,43.5,101.13,MN
Microraptor,121.4,113.2,40.65,119.69,CN
Austroposeidon magnificus,83.6,66.0,-22.12,-51.44,BR
Tototlmimus packardensis,83.6,72.2,31.26,-110.36,MX
Segnosaurus,100.5,89.8,32.74,130.84,JP
Segnosaurus,100.5,89.8,32.75,130.85,JP
Scelidosaurus harrisonii,199.5,192.9,50.74,-2.9,UK
Richardoestesia,83.6,66.0,39.95,-2.02,ES
Savannasaurus elliottorum,100.5,89.8,-22.35,143.09,AU
Camptosaurus,154.8,152.21,52.29,8.71,DE
Megalosaurus,154.8,152.21,52.29,8.71,DE
Brachiosaurus,154.8,152.21,52.29,8.71,DE
Camarasaurus,154.8,152.21,52.29,8.71,DE
Dryosaurus,154.8,152.21,52.29,8.71,DE
Largirostrornis,121.4,113.2,41.75,120.0,CN
Gracilornis jiufotangensis,121.4,113.2,40.99,119.68,CN
Iaceornis marshi,85.7,83.6,38.91,-101.27,US
Triceratops,72.2,66.0,40.76,-104.16,US
Buriolestes schultzi,237.0,227.3,-29.66,-53.44,BR
Judinornis nogontsavensis,72.2,66.0,43.65,99.16,MN
Tongtianlong limosus,72.2,66.0,25.87,115.0,CN
Lucianovenator bonoi,227.3,205.7,-31.63,-67.27,AR
Kizylkumavis cretacea,93.9,89.8,42.12,62.66,UZ
Chuandongocoelurus primitivus,170.9,154.8,29.41,104.85,CN
Adasaurus mongoliensis,72.2,66.0,43.54,99.6,MN
Segnosaurus galbinensis,100.5,83.6,43.14,107.52,MN
Tyrannosaurus rex,72.2,66.0,45.66,-105.08,US
Pectinodon,72.2,66.0,45.66,-105.08,US
Paronychodon,72.2,66.0,45.66,-105.08,US
Dromaeosaurus,72.2,66.0,45.66,-105.08,US
Saurornitholestes,72.2,66.0,45.66,-105.08,US
Richardoestesia isosceles,72.2,66.0,45.66,-105.08,US
Triceratops,72.2,66.0,45.66,-105.08,US
Edmontosaurus,72.2,66.0,45.66,-105.08,US
Triceratops,72.2,66.0,45.68,-105.08,US
Pachycephalosaurus,72.2,66.0,45.68,-105.08,US
Wiehenvenator albati,165.3,161.5,52.26,8.81,DE
Troodon formosus,83.6,72.2,50.72,-111.56,CA
Triunfosaurus leonardii,143.1,125.77,-6.7,-38.54,BR
Coelophysis,227.3,205.7,36.34,-106.87,US
Gargantuavis philoinos,83.6,72.2,42.66,-2.63,ES
Stegosaurus,154.8,143.1,39.15,-108.77,US
Allosaurus fragilis,154.8,143.1,39.16,-108.73,US
Nanosaurus agilis,154.8,143.1,39.24,-109.0,US
Isaberrysaura mollensis,170.9,168.6,-39.21,-70.26,AR
Lusovenator santosi,149.2,143.1,39.09,-9.4,PT
Torvosaurus,152.21,145.06,39.22,-9.34,PT
Daspletosaurus horneri,83.6,72.2,47.63,-112.58,US
Galeamopus hayi,154.8,143.1,42.02,-106.05,US
Galeamopus pabsti,154.8,149.2,44.65,-107.82,US
Hesperosaurus,154.8,149.2,44.65,-107.82,US
Nanosaurus,154.8,149.2,44.65,-107.82,US
Tengrisaurus starkovi,137.05,132.6,51.2,106.27,RU
Saurophaganax maximus,152.21,143.1,36.9,-102.83,US
Iguanodon,143.1,137.05,52.34,9.96,DE
Gryposaurus alsatei,72.2,66.0,29.33,-103.43,US
Kritosaurus,72.2,66.0,29.31,-103.14,US
Kritosaurus,72.2,66.0,29.03,-103.25,US
Tyrannosaurus rex,72.2,66.0,47.54,-107.08,US
Psittacosaurus,121.4,100.5,41.42,102.07,CN
Anodontosaurus lambei,72.2,66.0,51.64,-112.89,CA
Daspletosaurus horneri,83.6,72.2,50.74,-111.51,CA
Troodon formosus,83.6,72.2,43.64,-109.35,US
Centrosaurus apertus,83.6,72.2,50.82,-111.62,CA
Polacanthus foxii,139.1,119.57,50.65,-1.45,UK
Thecodontosaurus,247.0,237.0,49.14,10.06,DE
Patagotitan mayorum,113.2,100.5,-43.84,-68.58,AR
Bonapartesaurus rionegrensis,72.2,66.0,-39.3,-67.53,AR
Piscivorenantiornis inusitatus,121.4,113.2,41.42,120.18,CN
Deinonychus,143.1,125.77,-6.73,-38.32,BR
Shingopana songwensis,100.5,72.2,-8.93,33.2,TZ
Stegosaurus,154.8,143.1,34.99,-104.17,US
Allosaurus,154.8,143.1,36.97,-103.39,US
Brontosaurus,154.8,143.1,41.73,-106.27,US
Megalosaurus,89.8,85.7,50.49,3.97,BE
Monoclonius,83.6,72.2,50.87,-111.16,CA
Cienciargentina sanchezi,110.1,106.3,-39.26,-68.78,AR
Triceratops,72.2,66.0,45.89,-104.55,US
Tyrannosaurus,72.2,66.0,45.89,-104.55,US
Thescelosaurus,72.2,66.0,45.89,-104.55,US
Anzu,72.2,66.0,45.89,-104.55,US
Daspletosaurus,83.6,72.2,50.74,-111.51,CA
Iguanodon,93.9,83.6,11.07,78.85,IN
Iguanodon,137.05,132.6,51.09,-0.17,UK
Psittacosaurus,137.05,121.4,44.46,109.92,MN
Triceratops prorsus,72.2,66.0,43.34,-104.53,US
Mierasaurus bobyoungi,139.1,132.6,38.73,-109.59,US
Edmontosaurus,83.6,66.0,51.61,-112.89,CA
Triceratops prorsus,72.2,66.0,47.77,-106.29,US
Echinodon,152.21,145.06,38.81,-108.32,US
Centrosaurus,83.6,66.0,39.86,-108.68,US
Iguanodon,125.77,121.4,50.98,-0.2,UK
Hylaeosaurus,139.1,132.6,51.05,-0.35,UK
Kritosaurus,83.6,72.2,29.13,-103.2,US
Kritosaurus,83.6,72.2,29.14,-103.2,US
Kritosaurus,83.6,72.2,29.21,-103.04,US
Malefica deckerti,83.6,72.2,29.2,-103.63,US
Edmontonia,83.6,72.2,29.16,-103.16,US
Panoplosaurus,83.6,72.2,29.17,-103.35,US
Psittacosaurus mongoliensis,143.1,100.5,41.02,110.08,CN
Zuul crurivastator,83.6,72.2,48.57,-109.73,US
Halszkaraptor escuilliei,83.6,72.2,43.66,100.9,MN
Megalosaurus,139.1,119.57,51.13,0.21,UK
Diplodocus,154.8,143.1,44.64,-108.12,US
Pentaceratops,83.6,72.2,29.25,-103.25,US
Plateosaurus,201.4,199.5,50.29,11.09,DE
Chasmosaurus russelli,83.6,72.2,50.75,-111.52,CA
Monoclonius,83.6,72.2,50.6,-111.62,CA
Gorgosaurus libratus,83.6,72.2,50.69,-111.62,CA
Monoclonius,83.6,72.2,50.69,-111.62,CA
Monoclonius,83.6,72.2,50.69,-111.62,CA
Chasmosaurus belli,83.6,72.2,50.4,-111.1,CA
Centrosaurus apertus,83.6,72.2,50.73,-111.51,CA
Triceratops,72.2,66.0,43.33,-104.35,US
Regaliceratops peterhewsi,72.2,66.0,49.62,-114.11,CA
Triceratops,72.2,66.0,46.57,-103.7,US
Tyrannosaurus,83.6,72.2,36.32,-108.02,US
Centrosaurus apertus,83.6,72.2,50.76,-111.46,CA
Centrosaurus,83.6,72.2,50.75,-111.52,CA
Centrosaurus,83.6,72.2,50.77,-111.37,CA
Anchiceratops ornatus,72.2,66.0,51.64,-112.89,CA
Anchiceratops ornatus,83.6,66.0,51.66,-112.91,CA
Archaeopteryx,149.2,143.1,48.92,11.59,DE
Iguanodon,139.1,132.6,51.07,-0.53,UK
Megalosaurus,139.1,132.6,51.07,-0.53,UK
Iguanodon,137.05,125.77,51.02,-0.13,UK
Cetiosaurus,137.05,125.77,51.01,-0.14,UK
Pelorosaurus conybeari,137.05,125.77,51.01,-0.14,UK
Fruitadens,149.2,145.06,38.99,-109.27,US
Segisaurus,192.9,184.2,36.64,-111.45,US
Mansourasaurus shahinae,83.6,72.2,25.56,29.15,EG
Allosaurus,154.8,143.1,37.56,-109.2,US
Camarasaurus,152.21,145.06,37.47,-109.47,US
Allosaurus,152.21,149.2,43.38,-108.12,US
Stegosaurus,154.8,143.1,39.15,-108.77,US
Ceratosaurus,154.8,143.1,39.15,-108.77,US
Allosaurus,154.8,143.1,39.15,-108.77,US
Camarasaurus,154.8,143.1,39.15,-108.77,US
Camarasaurus,149.2,143.1,39.15,-108.77,US
Allosaurus,154.8,143.1,43.62,-108.18,US
Camarasaurus,154.8,143.1,43.62,-108.18,US
Iguanodon,132.6,125.77,38.42,-9.22,PT
Camarasaurus,154.8,143.1,40.49,-105.21,US
Nanosaurus agilis,154.8,143.1,41.89,-105.98,US
Apatosaurus,154.8,143.1,42.15,-105.91,US
Yingshanosaurus jichuanensis,168.2,161.5,31.08,106.62,CN
Hesperosaurus mjosi,154.8,149.2,45.54,-110.62,US
Camarasaurus,154.8,149.2,45.54,-110.62,US
Apatosaurus,154.8,149.2,45.54,-110.62,US
Allosaurus jimmadseni,154.8,149.2,40.44,-109.29,US
Shuangbaisaurus anlongbaoensis,201.4,199.5,24.69,101.64,CN
Bagualosaurus agudoensis,237.0,205.7,-29.65,-53.29,BR
Zhuchengtitan zangjiazhuangensis,83.6,72.2,37.47,120.98,CN
Zalmoxes,72.2,66.0,45.49,23.09,RO
Richardoestesia,72.2,66.0,45.49,23.09,RO
Eogranivora edentulata,125.77,119.57,41.37,121.42,CN
Kaijiangosaurus lini,170.9,168.2,31.08,107.88,CN
Yandusaurus,170.9,168.2,31.08,107.88,CN
Tingmiatornis arctica,100.5,93.9,79.39,-92.18,CA
Hesperornis,83.6,72.2,33.85,-93.72,US
Hesperornis,83.6,72.2,34.01,-93.33,US
Hesperornis regalis,83.6,72.2,49.18,-98.1,CA
Hesperornis regalis,83.6,72.2,49.18,-98.1,CA
Hesperornis regalis,83.6,72.2,49.18,-98.1,CA
Hesperornis regalis,83.6,72.2,49.18,-98.1,CA
Hesperornis regalis,83.6,72.2,49.18,-98.1,CA
Hesperornis regalis,83.6,72.2,49.18,-98.1,CA
Hesperornis regalis,83.6,72.2,49.18,-98.1,CA
Hesperornis regalis,83.6,72.2,49.18,-98.1,CA
Hesperornis regalis,83.6,72.2,49.18,-98.1,CA
Hesperornis lumgairi,83.6,72.2,49.18,-98.1,CA
Hesperornis mengeli,83.6,72.2,49.18,-98.1,CA
Hesperornis rossicus,83.6,72.2,49.18,-98.1,CA
Hesperornis,83.6,72.2,49.18,-98.1,CA
Hesperornis chowi,83.6,72.2,49.18,-98.1,CA
Hesperornis chowi,83.6,72.2,49.18,-98.1,CA
Hesperornis chowi,83.6,72.2,49.18,-98.1,CA
Hesperornis chowi,83.6,72.2,49.18,-98.1,CA
Hesperornis macdonaldi,83.6,72.2,49.18,-98.1,CA
Hesperornis macdonaldi,83.6,72.2,49.18,-98.1,CA
Hesperornis,83.6,72.2,49.18,-98.1,CA
Hesperornis chowi,83.6,72.2,49.18,-98.1,CA
Hesperornis,83.6,72.2,49.18,-98.1,CA
Brodavis,83.6,72.2,49.18,-98.1,CA
Hesperornis macdonaldi,83.6,72.2,49.18,-98.1,CA
Hesperornis,83.6,72.2,49.18,-98.1,CA
Hesperornis,83.6,72.2,49.18,-98.1,CA
Hesperornis,83.6,72.2,49.18,-98.1,CA
Hesperornis,83.6,72.2,49.18,-98.1,CA
Hesperornis,83.6,72.2,49.18,-98.1,CA
Hesperornis,83.6,72.2,49.18,-98.1,CA
Hesperornis,83.6,72.2,49.18,-98.1,CA
Hesperornis,83.6,72.2,49.18,-98.1,CA
Chupkaornis keraorum,89.8,83.6,43.26,142.06,JP
Arcovenator,83.6,72.2,41.08,-4.32,ES
Iguanodon,154.8,143.1,39.73,-1.11,ES
Massospondylus,201.4,192.9,-28.55,27.95,ZA
Xingxiulong chengi,201.4,199.5,25.13,102.07,CN
Panguraptor lufengensis,201.4,199.5,25.17,102.08,CN
Borealopelta markmitchelli,121.4,113.2,56.75,-111.37,CA
Zaraapelta nomadis,100.5,83.6,43.47,99.83,MN
Jinyunpelta sinensis,113.2,100.5,28.67,120.17,CN
Zhenyuanlong suni,125.77,119.57,40.65,119.68,CN
Pandoravenator fernandezorum,157.9,149.2,-43.3,-69.14,AR
Anomalipes zhaoi,83.6,72.2,36.0,119.41,CN
Caihong juji,161.5,154.8,40.5,119.51,CN
Pterygornis dapingfangensis,121.4,113.2,41.42,120.18,CN
Morelladon beltrani,125.77,121.4,40.62,-0.1,ES
Zuoyunlong huangi,100.5,83.6,40.01,112.7,CN
Gualicho shinyae,110.1,106.3,-39.4,-68.62,AR
Cruralispennia multidonta,132.6,125.77,41.0,117.49,CN
Serikornis sungei,161.5,154.8,40.92,119.65,CN
Bellulia rectusunguis,121.4,113.2,40.65,119.69,CN
Probrachylophosaurus bergei,83.6,72.2,49.0,-110.54,US
Beibeilong sinensis,100.5,89.8,33.26,111.73,CN
Paronychodon,72.2,66.0,45.5,-103.1,US
Dromaeosaurus,72.2,66.0,45.5,-103.1,US
Saurornithoides mongoliensis,72.2,66.0,45.5,-103.1,US
Troodon,72.2,66.0,45.5,-103.1,US
Chirostenotes,72.2,66.0,45.5,-103.1,US
Gorgosaurus,72.2,66.0,45.5,-103.1,US
Tyrannosaurus,72.2,66.0,45.5,-103.1,US
Thescelosaurus neglectus,72.2,66.0,45.5,-103.1,US
Triceratops,72.2,66.0,45.5,-103.1,US
Paronychodon,72.2,66.0,45.64,-103.49,US
Saurornithoides mongoliensis,72.2,66.0,45.64,-103.49,US
Troodon,72.2,66.0,45.64,-103.49,US
Chirostenotes,72.2,66.0,45.64,-103.49,US
Tyrannosaurus,72.2,66.0,45.64,-103.49,US
Thescelosaurus neglectus,72.2,66.0,45.64,-103.49,US
Edmontosaurus,72.2,66.0,45.64,-103.49,US
Triceratops,72.2,66.0,45.64,-103.49,US
Nodocephalosaurus kirtlandensis,83.6,72.2,36.3,-108.1,US
Glyptodontopelta mimus,83.6,72.2,36.27,-108.17,US
Ojoceratops fowleri,72.2,66.0,36.34,-108.1,US
Alamosaurus sanjuanensis,72.2,66.0,36.29,-108.1,US
Glyptodontopelta mimus,72.2,66.0,36.29,-108.1,US
Alamosaurus sanjuanensis,72.2,66.0,36.29,-108.1,US
Glyptodontopelta mimus,72.2,66.0,36.29,-108.1,US
Ojoceratops fowleri,72.2,66.0,36.29,-108.1,US
Dineobellator notohesperus,72.2,66.0,36.34,-108.07,US
Glyptodontopelta mimus,72.2,66.0,36.34,-108.07,US
Alamosaurus sanjuanensis,72.2,66.0,36.27,-108.17,US
Kritosaurus navajovius,83.6,72.2,36.34,-108.08,US
Kritosaurus,83.6,72.2,36.34,-108.08,US
Glyptodontopelta mimus,72.2,66.0,36.34,-108.08,US
Kritosaurus navajovius,83.6,72.2,36.34,-108.1,US
Kritosaurus,83.6,72.2,36.34,-108.1,US
Ojoceratops fowleri,72.2,66.0,36.34,-108.1,US
Thescelosaurus,72.2,66.0,46.33,-104.01,US
Lingwulong shenqi,174.7,161.5,38.05,106.68,CN
Amargatitanis macni,125.77,121.4,-39.48,-70.19,AR
Anodontosaurus lambei,72.2,66.0,51.86,-113.01,CA
Invictarx zephyri,83.6,72.2,35.46,-108.52,US
Dryptosaurus,83.6,72.2,40.3,-74.3,US
Pilmatueia faundezi,137.05,132.6,-38.5,-70.26,AR
Laiyangosaurus youngi,83.6,72.2,36.89,120.66,CN
Corythoraptor jacobsi,72.2,66.0,25.82,114.93,CN
Tratayenia rosalesi,85.7,83.6,-38.43,-68.62,AR
Euoplocephalus,83.6,72.2,50.63,-111.62,CA
Euoplocephalus,83.6,72.2,50.73,-111.51,CA
Euoplocephalus,83.6,72.2,50.73,-111.56,CA
Euoplocephalus,83.6,72.2,48.93,-112.64,US
Scolosaurus thronus,83.6,72.2,50.74,-111.52,CA
Euoplocephalus tutus,83.6,72.2,50.82,-111.6,CA
Miragaia longispinus,154.8,149.2,41.97,-106.29,US
Pentaceratops sternbergii,83.6,72.2,36.1,-108.08,US
Anhuilong diboensis,174.7,161.5,29.79,118.45,CN
Akainacephalus johnsoni,83.6,72.2,37.69,-111.45,US
Liaoningotitan sinensis,125.77,119.57,41.48,125.31,CN
Lepidus praecisio,227.3,205.7,32.18,-101.32,US
Ledumahadi mafube,201.4,192.9,-28.62,28.41,ZA
Erythrovenator jacuiensis,237.0,227.3,-29.67,-53.23,BR
Archaeopteryx albersdoerferi,149.2,145.06,48.79,10.9,DE
Ingentia prima,227.3,205.7,-31.6,-67.4,AR
Bayannurosaurus perfectus,121.4,119.57,41.17,107.24,CN
Chenanisaurus barbaricus,72.2,66.0,32.83,-6.23,MA
Crittendenceratops krzyzanowskii,83.6,72.2,31.7,-110.85,US
Yehuecauhceratops mudei,83.6,72.2,28.83,-103.3,MX
Mirarce eatoni,83.6,72.2,37.58,-111.94,US
Macrocollum itaquii,227.3,205.7,-29.61,-53.26,BR
Chiappeavis magnapremaxillo,121.4,113.2,40.65,119.69,CN
Baalsaurus mansillai,93.9,85.7,-38.45,-68.79,AR
Mamenchisaurus jingyanensis,168.2,161.5,29.48,104.37,CN
Elmisaurus rarus,72.2,66.0,43.87,100.01,MN
Aristosuchus pusillus,125.77,119.57,50.65,-1.45,UK
Timurlengia euotica,93.9,89.8,42.12,62.66,UZ
Beipiaosaurus inexpectus,125.77,119.57,41.6,120.87,CN
Enigmosaurus mongoliensis,100.5,83.6,44.45,107.38,MN
Kulindapteryx ukureica,168.2,165.3,52.52,116.72,RU
Daurosaurus olovus,168.2,165.3,52.52,116.72,RU
Rhinorex condrupus,83.6,72.2,38.96,-109.93,US
Tendaguria,149.2,143.1,-9.71,39.23,TZ
Protoceratops andrewsi,83.6,72.2,44.2,103.27,MN
Tenontosaurus,119.57,110.1,34.4,-96.1,US
Tenontosaurus,113.2,110.1,33.19,-97.43,US
Pareisactus evrostos,72.2,66.0,42.15,-1.01,ES
Rhabdodon priscus,72.2,66.0,42.0,0.93,ES
Edmontosaurus,72.2,66.0,49.91,-112.99,CA
Saurornitholestes,83.6,66.0,43.6,6.11,FR
Pentaceratops,83.6,72.2,36.39,-108.11,US
Mnyamawamtuka moyowamkia,121.4,93.9,-8.57,32.57,TZ
Gobiraptor minutus,72.2,66.0,43.5,100.33,MN
Nemegtonykus citus,72.2,66.0,43.5,100.33,MN
Mongolostegus exspectabilis,121.4,100.5,43.88,111.43,MN
Lepidocheirosaurus natatilis,168.2,165.3,52.52,116.72,RU
Compsognathus longipes,154.8,149.2,45.78,5.55,FR
Pararhabdodon isonensis,72.2,66.0,42.15,1.05,ES
Bauxitornis,85.7,83.6,47.22,17.6,HU
Neuquensaurus,83.6,72.2,-38.82,-68.07,AR
Neuquensaurus,83.6,72.2,-38.82,-68.07,AR
Crateropteryx colei,168.2,165.3,51.85,-1.43,UK
Richardoestesia,100.5,93.9,38.64,-111.37,US
Paronychodon,100.5,93.9,38.64,-111.37,US
Iguanodon bernissartensis,145.06,141.0,50.78,1.61,FR
Kaijutitan maui,89.8,85.7,-37.38,-69.05,AR
Aquilarhinus palimentus,83.6,72.2,29.24,-103.61,US
Piscivoravis lii,121.4,113.2,40.65,119.68,CN
Nigersaurus taqueti,113.2,100.5,16.7,9.33,NE
Ouranosaurus nigeriensis,113.2,100.5,16.7,9.33,NE
Ouranosaurus nigeriensis,121.4,113.2,16.47,9.17,NE
Nigersaurus taqueti,121.4,113.2,16.47,9.17,NE
Elrhazosaurus nigeriensis,121.4,113.2,16.47,9.17,NE
Spinosaurus aegyptiacus,106.3,93.9,29.67,1.92,DZ
Ouranosaurus nigeriensis,119.57,113.2,16.47,9.17,NE
Ouranosaurus nigeriensis,121.4,113.2,16.43,9.13,NE
Gobihadros mongoliensis,93.9,83.6,43.48,107.78,MN
Monoenantiornis sihedangia,121.4,113.2,40.91,119.5,CN
Dingavis longimaxilla,121.4,113.2,40.91,119.5,CN
Soumyasaurus aenigmaticus,227.3,205.7,33.52,-101.32,US
Jianianhualong tengi,125.77,119.57,41.13,121.14,CN
Yizhousaurus sunae,199.5,192.9,25.0,102.03,CN
Pachyrhinosaurus,72.2,66.0,70.01,-151.54,US
Saurornitholestes langstoni,83.6,72.2,34.24,-79.84,US
Appalachiosaurus montgomeriensis,83.6,72.2,34.24,-79.84,US
Appalachiosaurus montgomeriensis,72.2,66.0,33.88,-80.05,US
Oceanotitan dantasi,152.21,149.2,39.2,-9.35,PT
Saurornitholestes langstoni,83.6,72.2,34.06,-79.53,US
Appalachiosaurus montgomeriensis,83.6,72.2,34.06,-79.53,US
Vayuraptor nongbualamphuensis,125.77,121.4,16.9,102.54,TH
Phuwiangvenator yaemniyomi,125.77,121.4,16.7,102.25,TH
Phuwiangvenator yaemniyomi,125.77,121.4,16.7,102.25,TH
Edmontosaurus annectens,72.2,66.0,47.7,-106.23,US
Psittacosaurus,137.05,121.4,45.3,101.62,MN
Rinchenia mongoliensis,72.2,66.0,43.57,100.48,MN
Zhyraornis kashkarovi,100.5,93.9,40.1,65.8,UZ
Zhyraornis kashkarovi,93.9,89.8,42.12,62.66,UZ
Enantiornis walkeri,93.9,89.8,42.12,62.66,UZ
Hesperornis,83.6,72.2,48.0,42.92,RU
Saurolophus angustirostris,72.2,66.0,43.85,100.48,MN
Hypsilophodon,143.1,100.5,36.21,136.87,JP
Elektorornis chenguangi,100.5,93.9,26.35,96.72,MM
Microraptor zhaoianus,121.4,113.2,40.81,119.8,CN
Apatosaurus,149.2,143.1,39.32,-110.69,US
Apatosaurus,154.8,143.1,38.92,-109.94,US
Itapeuasaurus cajapioensis,100.5,93.9,-2.89,-44.67,BR
Bannykus wulatensis,121.4,113.2,41.58,106.88,CN
Xiyunykus pengi,137.05,132.6,45.17,88.92,CN
Afromimus tenerensis,113.2,100.5,16.37,9.02,NE
Almas ukhaa,83.6,72.2,43.66,100.9,MN
Microenantiornis vulgaris,121.4,113.2,41.57,120.47,CN
Junornis houi,125.77,119.57,41.49,119.0,CN
Qiupanykus zhangi,72.2,66.0,33.82,111.63,CN
Notatesseraeraptor frickensis,227.3,205.7,47.51,8.01,CH
Orienantius ritteri,132.6,125.77,41.0,117.49,CN
Nhandumirim waldsangae,227.3,205.7,-29.7,-53.77,BR
Alcmonavis poeschli,149.2,145.06,48.86,10.97,DE
Pampadromaeus,237.0,227.3,-29.66,-52.81,BR
Auroraceratops rugosus,113.2,110.1,40.48,98.11,CN
Prosaurolophus maximus,83.6,72.2,49.61,-112.83,CA
Gobipteryx minuta,83.6,72.2,43.25,99.75,MN
Phuwiangosaurus sirindhornae,125.77,121.4,17.07,104.16,TH
Bagaceratops rozhdestvenskyi,83.6,72.2,43.49,99.83,MN
Camarasaurus,154.8,149.2,38.52,-105.21,US
Allosaurus,154.8,149.2,38.52,-105.21,US
Apatosaurus,154.8,149.2,38.52,-105.21,US
Diplodocus,154.8,149.2,38.52,-105.21,US
Weewarrasaurus pobeni,100.5,93.9,-29.74,147.72,AU
Weewarrasaurus pobeni,100.5,93.9,-29.46,147.96,AU
Fostoria,100.5,93.9,-29.46,147.96,AU
Protoceratops hellenikorhinus,83.6,72.2,39.22,101.67,CN
Pinacosaurus,83.6,72.2,39.22,101.67,CN
Anchiceratops ornatus,72.2,66.0,53.45,-113.55,CA
Troodon,72.2,66.0,53.45,-113.55,CA
Omeisaurus puxiani,168.2,161.5,30.94,108.75,CN
Shunosaurus lii,168.2,161.5,30.94,108.75,CN
Lusovenator santosi,152.21,149.2,39.2,-9.35,PT
Spinosaurus aegyptiacus,106.3,93.9,31.62,-4.27,MA
Spinosaurus,100.5,93.9,30.9,-3.87,MA
Lewisuchus admixtus,239.48,233.6,-29.83,-67.75,AR
Vallibonavenatrix cani,125.77,121.4,40.58,0.03,ES
Richardoestesia,100.5,93.9,38.66,-111.24,US
Richardoestesia,100.5,93.9,38.66,-111.24,US
Fushanosaurus qitaiensis,161.5,154.8,44.5,90.17,CN
Lufengosaurus,199.5,192.9,25.21,102.14,CN
Veterupristisaurus milneri,152.21,149.2,-9.68,39.21,TZ
Avaceratops,83.6,72.2,49.08,-110.68,CA
Avaceratops,83.6,72.2,47.28,-108.21,US
Torvosaurus,165.3,161.5,52.26,8.81,DE
Spinosaurus aegyptiacus,113.2,93.9,28.17,7.07,DZ
Fostoria dhimbangunmal,100.5,93.9,-29.69,147.63,AU
Kwanasaurus williamparkeri,227.3,201.4,39.83,-106.33,US
Kwanasaurus williamparkeri,227.3,201.4,39.87,-106.91,US
Kwanasaurus williamparkeri,227.3,201.4,39.87,-106.91,US
Kwanasaurus williamparkeri,227.3,201.4,39.87,-106.91,US
Kwanasaurus williamparkeri,227.3,201.4,39.87,-106.91,US
Kwanasaurus williamparkeri,227.3,201.4,39.87,-106.91,US
Carcharodontosaurus saharicus,100.5,93.9,32.7,-0.01,DZ
Carcharodontosaurus saharicus,113.2,100.5,33.13,0.4,DZ
Carcharodontosaurus saharicus,113.2,100.5,33.1,1.26,DZ
Carcharodontosaurus saharicus,113.2,100.5,33.05,1.47,DZ
Spinosaurus aegyptiacus,119.57,110.1,33.17,10.26,TN
Siamraptor suwati,121.4,113.2,14.89,101.97,TH
Bagaceratops,83.6,72.2,44.2,103.27,MN
Albertosaurus sarcophagus,83.6,66.0,51.74,-112.97,CA
Albertosaurus sarcophagus,83.6,66.0,51.48,-112.86,CA
Albertosaurus sarcophagus,83.6,66.0,51.48,-112.86,CA
Albertosaurus sarcophagus,72.2,66.0,51.5,-112.81,CA
Albertosaurus sarcophagus,83.6,66.0,53.26,-113.81,CA
Albertosaurus sarcophagus,83.6,66.0,51.54,-112.88,CA
Albertosaurus,83.6,66.0,51.65,-112.9,CA
Subtiliolithus hyogoensis,113.2,110.1,35.08,135.11,JP
Moros intrepidus,100.5,93.9,38.64,-111.27,US
Spinosaurus aegyptiacus,100.5,93.9,30.51,-4.84,MA
Spinosaurus,100.5,93.9,17.93,5.62,NE
Urbacodon,121.4,113.2,55.9,87.96,RU
Urbacodon,125.77,113.2,55.88,88.32,RU
Urbacodon,125.77,113.2,56.62,91.99,RU
Urbacodon,125.77,113.2,56.64,91.99,RU
Afrovenator,170.9,165.3,16.68,7.74,NE
Prosaurolophus maximus,83.6,72.2,50.75,-111.5,CA
Gnathovorax cabreirai,233.6,227.3,-29.63,-53.45,BR
Ankylosaurus magniventris,72.2,66.0,49.9,-107.9,CA
Yamanasaurus lojaensis,72.2,66.0,-4.17,-79.67,EC
Nullotitan glaciaris,72.2,66.0,-50.49,-72.55,AR
Kookne yeutensis,72.2,66.0,-50.49,-72.55,AR
Maip macrothorax,72.2,66.0,-50.5,-72.56,AR
Isasicursor santacrucensis,72.2,66.0,-50.5,-72.55,AR
Nullotitan glaciaris,72.2,66.0,-50.5,-72.55,AR
Adynomosaurus arcanus,72.2,66.0,42.16,1.03,ES
Kamuysaurus japonicus,72.2,66.0,42.86,142.14,JP
Gretcheniao sinensis,125.77,119.57,40.75,120.83,CN
Shangyang graciles,121.4,113.2,41.36,120.05,CN
Mengciusornis dentatus,121.4,113.2,40.65,119.69,CN
Asfaltovenator vialidadi,180.4,168.6,-43.41,-69.15,AR
Coelophysis,237.0,205.7,33.58,-101.17,US
Apatosaurus,152.21,143.1,39.14,-109.02,US
Apatosaurus,154.8,143.1,41.89,-106.0,US
Apatosaurus,154.8,143.1,41.31,-105.71,US
Apatosaurus,154.8,143.1,44.06,-106.72,US
Allosaurus jimmadseni,154.8,149.2,44.54,-107.78,US
Allosaurus jimmadseni,154.8,143.1,44.46,-104.73,US
Abdarainurus barsboldi,85.7,72.2,44.52,103.15,MN
Antarcticavis capelambensis,72.2,66.0,-63.88,-57.61,AQ
Analong chuanjieensis,170.9,168.2,24.97,102.08,CN
Huinculsaurus montesi,110.1,106.3,-39.2,-69.15,AR
Stellasaurus ancellae,83.6,72.2,48.97,-112.64,US
Paraxenisaurus normalensis,83.6,72.2,25.47,-101.7,MX
Navajoceratops sullivani,83.6,72.2,36.16,-107.93,US
Terminocavus sealeyi,83.6,72.2,36.29,-108.55,US
Diluvicursor pickeringi,113.2,110.1,-38.85,143.55,AU
Overoraptor chimentoi,110.1,106.3,-39.4,-68.62,AR
Adratiklit boulahfa,168.2,161.5,33.15,-5.12,MA
Irisosaurus yimenensis,192.9,184.2,24.65,102.24,CN
Schleitheimia schutzi,227.3,205.7,47.74,8.49,CH
Hesperornis,83.6,72.2,51.25,45.36,RU
Chirostenotes,83.6,72.2,29.3,-103.57,US
Ambopteryx longibrachium,161.5,143.1,41.23,119.4,CN
Sanxiasaurus modaoxiensis,184.2,170.9,30.93,108.73,CN
Shishugounykus inexpectus,161.5,154.8,45.17,88.92,CN
Jinbeisaurus wangi,100.5,72.2,40.19,114.04,CN
Mononykus,72.2,66.0,43.5,100.33,MN
Thanatotheristes degrootorum,83.6,72.2,49.94,-111.69,CA
Thanatotheristes degrootorum,83.6,72.2,50.11,-111.77,CA
Torvosaurus,154.8,143.1,-31.87,-55.9,UY
Torvosaurus,154.8,143.1,-31.7,-55.96,UY
Ceratosaurus,154.8,143.1,-31.7,-55.96,UY
Ceratosaurus,154.8,143.1,-31.87,-55.9,UY
Amargasaurus cazaui,125.77,121.4,-39.49,-70.18,AR
Torvosaurus,157.9,149.2,52.04,9.69,DE
Allosaurus,152.21,149.2,51.78,10.07,DE
Torvosaurus,152.21,149.2,51.9,10.48,DE
Ichthyornis,93.9,89.8,55.71,-117.6,CA
Allosaurus,154.8,149.2,39.7,-8.8,PT
Allosaurus,154.8,149.2,39.7,-8.8,PT
Allosaurus,154.8,149.2,39.7,-8.8,PT
Allosaurus,154.8,149.2,39.7,-8.8,PT
Allosaurus,154.8,149.2,39.7,-8.8,PT
Ceratosaurus,152.21,145.06,-9.84,39.39,TZ
Torvosaurus,152.21,145.06,-9.84,39.39,TZ
Ceratosaurus,152.21,145.06,-10.11,39.22,TZ
Yunyangosaurus puanensis,184.2,170.9,30.86,108.92,CN
Losillasaurus giganteus,154.8,143.1,40.12,-1.15,ES
Losillasaurus giganteus,152.21,149.2,39.37,-9.33,PT
Turiasaurus riodevensis,154.8,143.1,40.12,-1.15,ES
Kompsornis longicaudus,121.4,113.2,41.24,119.4,CN
Daspletosaurus torosus,83.6,72.2,50.72,-111.56,CA
Beg tse,106.3,93.9,44.44,105.11,MN
Vectaerovenator inopinatus,119.57,113.2,50.62,-1.18,UK
Pararhabdodon isonensis,72.2,66.0,42.15,1.05,ES
Dilophosaurus wetherilli,199.5,184.2,35.74,-111.07,US
Dilophosaurus wetherilli,192.9,184.2,35.75,-111.08,US
Dilophosaurus wetherilli,192.9,184.2,35.75,-111.08,US
Dilophosaurus wetherilli,201.4,192.9,37.0,-110.7,US
Dilophosaurus wetherilli,201.4,192.9,38.7,-109.55,US
Massospondylus,201.4,174.7,-20.39,17.33,NA
Chirostenotes pergracilis,83.6,72.2,50.73,-111.51,CA
Citipes elegans,83.6,72.2,50.73,-111.51,CA
Mahuidacursor lipanglef,85.7,83.6,-37.61,-69.32,AR
Bravasaurus arrierosorum,83.6,66.0,-28.5,-68.75,AR
Punatitan coughlini,83.6,66.0,-28.5,-68.75,AR
Hesperosaurus mjosi,154.8,143.1,46.85,-108.79,US
Allosaurus,154.8,143.1,46.85,-108.79,US
Ajnabia odysseus,72.2,66.0,32.83,-6.23,MA
Falcatakely forsterae,72.2,66.0,-15.91,46.58,MG
Triceratops,72.2,66.0,44.94,-101.65,US
Oksoko avarsan,72.2,66.0,43.54,99.6,MN
Garrigatitan meridionalis,83.6,72.2,43.61,6.11,FR
Ignavusaurus rachelis,201.4,192.9,-29.85,27.25,LS
Scutellosaurus,201.4,192.9,37.0,-110.7,US
Scutellosaurus,199.5,184.2,35.73,-111.07,US
Scutellosaurus lawleri,199.5,184.2,35.76,-111.08,US
Syntarsus kayentakatae,201.4,192.9,37.0,-110.7,US
Dilophosaurus wetherilli,199.5,184.2,35.73,-111.07,US
Dilophosaurus,201.4,192.9,37.0,-110.7,US
Scutellosaurus lawleri,201.4,192.9,37.0,-110.7,US
Syntarsus kayentakatae,201.4,192.9,37.0,-110.7,US
Scutellosaurus lawleri,201.4,192.9,37.0,-110.7,US
Scutellosaurus lawleri,201.4,192.9,37.0,-110.7,US
Scutellosaurus lawleri,201.4,192.9,37.0,-110.7,US
Scutellosaurus lawleri,199.5,184.2,35.74,-111.07,US
Scutellosaurus lawleri,199.5,184.2,35.74,-111.07,US
Scutellosaurus lawleri,199.5,184.2,35.74,-111.07,US
Scutellosaurus lawleri,201.4,192.9,37.0,-110.7,US
Scutellosaurus lawleri,199.5,184.2,35.74,-111.07,US
Scutellosaurus lawleri,199.5,184.2,35.68,-111.03,US
Scutellosaurus,199.5,184.2,35.76,-111.08,US
Scutellosaurus,199.5,184.2,35.76,-111.08,US
Scutellosaurus,199.5,184.2,35.74,-111.07,US
Syntarsus kayentakatae,199.5,184.2,35.74,-111.07,US
Scutellosaurus lawleri,199.5,184.2,35.74,-111.07,US
Scutellosaurus,199.5,184.2,35.74,-111.07,US
Dilophosaurus wetherilli,199.5,184.2,35.74,-111.07,US
Australovenator wintonensis,100.5,89.8,-22.35,143.09,AU
Saurornitholestes,83.6,72.2,48.41,-106.87,US
Shri devi,83.6,72.2,43.49,101.15,MN
Trierarchuncus prairiensis,72.2,66.0,47.65,-106.38,US
Trierarchuncus prairiensis,72.2,66.0,47.71,-106.57,US
Trierarchuncus prairiensis,72.2,66.0,47.87,-107.26,US
Trierarchuncus prairiensis,72.2,66.0,47.87,-107.26,US
Trierarchuncus prairiensis,72.2,66.0,47.11,-104.71,US
Trierarchuncus prairiensis,72.2,66.0,45.7,-104.72,US
Zhongjianosaurus yangi,121.4,113.2,40.91,119.5,CN
Lingyuanosaurus sihedangensis,121.4,113.2,40.91,119.5,CN
Stenonychosaurus inequalis,83.6,72.2,50.75,-111.57,CA
Tanycolagreus,154.8,143.1,44.46,-104.73,US
Richardoestesia,154.8,143.1,44.46,-104.73,US
Allosaurus,154.8,143.1,44.46,-104.73,US
Triceratops horridus,72.2,66.0,47.06,-104.59,US
Baryonyx,125.77,121.4,38.41,-9.22,PT
Mantellisaurus atherfieldensis,125.77,121.4,38.41,-9.22,PT
Similiyanornis brevipectus,121.4,113.2,41.53,121.25,CN
Abitusavis lii,125.77,119.57,41.58,119.33,CN
Dzharatitanis kingi,93.9,89.8,42.12,62.66,UZ
Haya griva,83.6,72.2,43.66,100.9,MN
Tamarro insperatus,72.2,66.0,42.16,1.06,ES
Iberospinus natarioi,125.77,121.4,38.44,-9.21,PT
Iguanodon,132.6,121.4,42.02,-3.29,ES
Valdosaurus,125.77,119.57,42.01,-3.33,ES
Arackar licanantay,83.6,66.0,-27.99,-70.24,CL
Rhabdodon priscus,83.6,66.0,41.86,-3.39,ES
Galleonosaurus dorisae,125.77,121.4,-38.66,145.68,AU
Atlascopcosaurus loadsi,125.77,121.4,-38.66,145.68,AU
Qantassaurus intrepidus,125.77,121.4,-38.66,145.68,AU
Galleonosaurus dorisae,121.4,119.57,-38.66,145.68,AU
Duriatitan,149.2,137.05,42.17,-3.52,ES
Iguanodon galvensis,125.77,121.4,40.66,-0.71,ES
Parasaurolophus cyrtocristatus,83.6,72.2,36.28,-108.15,US
Paronychodon,125.77,121.4,35.94,136.62,JP
Zalmoxes,72.2,66.0,45.61,22.78,RO
Telmatosaurus,72.2,66.0,45.61,22.78,RO
Zalmoxes,72.2,66.0,45.61,22.78,RO
Zalmoxes,72.2,66.0,45.62,22.78,RO
Zalmoxes,72.2,66.0,45.62,22.78,RO
Telmatosaurus,72.2,66.0,45.62,22.78,RO
Uriash kadici,72.2,66.0,45.62,22.78,RO
Magyarosaurus dacus,72.2,66.0,45.61,22.78,RO
Richardoestesia,72.2,66.0,45.49,23.09,RO
Zalmoxes,72.2,66.0,45.49,23.09,RO
Zalmoxes,72.2,66.0,45.58,22.79,RO
Richardoestesia,72.2,66.0,45.63,22.9,RO
Telmatosaurus,72.2,66.0,45.55,22.91,RO
Paronychodon,72.2,66.0,45.55,22.91,RO
Paludititan,72.2,66.0,45.58,22.93,RO
Ferenceratops shqiperorum,72.2,66.0,45.58,22.93,RO
Elopteryx nopcsai,72.2,66.0,45.58,22.93,RO
Paronychodon,72.2,66.0,45.63,22.62,RO
Richardoestesia,72.2,66.0,45.63,22.62,RO
Telmatosaurus transsylvanicus,72.2,66.0,45.49,23.09,RO
Zalmoxes,72.2,66.0,45.49,23.09,RO
Zalmoxes,72.2,66.0,47.38,22.29,RO
Zalmoxes,83.6,72.2,47.38,22.29,RO
Zalmoxes,72.2,66.0,47.38,22.29,RO
Zalmoxes,72.2,66.0,47.38,22.29,RO
Richardoestesia,72.2,66.0,42.14,1.04,ES
Paronychodon,72.2,66.0,42.14,1.04,ES
Lirainosaurus,83.6,66.0,40.41,-2.7,ES
Apatosaurus ajax,152.21,145.06,39.68,-105.19,US
Wuerhosaurus homheni,137.05,100.5,39.12,109.98,CN
Dacentrurus armatus,154.8,143.1,38.67,-0.82,ES
Lourinhasaurus alenquerensis,152.21,145.06,39.45,-9.21,PT
Dacentrurus armatus,152.21,145.06,39.45,-9.21,PT
Dacentrurus,152.21,149.2,39.24,-9.34,PT
Dacentrurus armatus,152.21,149.2,39.22,-9.34,PT
Dacentrurus,154.8,149.2,39.89,-8.61,PT
Ornatops incantatus,83.6,72.2,36.09,-108.16,US
Dynamoterror dynastes,83.6,72.2,36.09,-108.16,US
Anzu wyliei,72.2,66.0,45.87,-103.79,US
Anzu wyliei,72.2,66.0,47.05,-107.35,US
Llukalkan aliocranianus,85.7,83.6,-37.59,-69.32,AR
Lajasvenator ascheriae,137.05,132.6,-38.5,-70.26,AR
Barrosasaurus casamiquelai,93.9,85.7,-38.9,-69.55,AR
Abditosaurus kuehnei,72.2,66.0,42.16,0.97,ES
Powellvenator podocitus,227.3,205.7,-29.85,-68.15,AR
Alnashetri cerropoliciensis,113.2,110.1,-39.71,-68.6,AR
Tiamat valdecii,113.2,93.9,-5.16,-38.1,BR
Ninjatitan zapatai,139.1,132.6,-39.82,-69.67,AR
Meraxes gigas,110.1,106.3,-39.36,-69.03,AR
Giganotosaurus carolinii,110.1,106.3,-39.63,-69.18,AR
Neuquenraptor argentinus,93.9,85.7,-38.45,-68.72,AR
Saurornitholestes langstoni,83.6,72.2,50.82,-111.61,CA
Iguanodon galvensis,125.77,121.4,40.12,-0.82,ES
Iguanodon galvensis,125.77,121.4,40.12,-0.82,ES
Teratophoneus curriei,83.6,72.2,37.45,-111.53,US
Gorgosaurus libratus,83.6,72.2,50.74,-111.53,CA
Echinodon,143.1,137.05,45.64,0.08,FR
Rhabdodon,83.6,66.0,43.37,2.87,FR
Castignovolucris sebei,83.6,66.0,43.37,2.87,FR
Yamatosaurus izanagii,72.2,66.0,34.31,134.91,JP
Pinacosaurus grangeri,83.6,72.2,41.7,106.76,CN
Pinacosaurus grangeri,83.6,72.2,41.8,106.74,CN
Pinacosaurus grangeri,83.6,72.2,41.8,106.74,CN
Pinacosaurus grangeri,83.6,72.2,41.8,106.74,CN
Crichtonpelta benxiensis,106.3,100.5,41.77,120.79,CN
Massospondylus,201.4,192.9,-28.55,28.38,ZA
Rapetosaurus krausei,72.2,66.0,-15.91,46.58,MG
Majungasaurus crenatissimus,72.2,66.0,-15.91,46.58,MG
Masiakasaurus knopfleri,72.2,66.0,-15.91,46.58,MG
Rhabdodon,83.6,72.2,43.5,5.73,FR
Edmontosaurus regalis,72.2,66.0,51.46,-112.73,CA
Albertosaurus,72.2,66.0,51.55,-112.88,CA
Pachyrhinosaurus canadensis,72.2,66.0,51.55,-112.88,CA
Edmontosaurus regalis,72.2,66.0,51.55,-112.88,CA
Pachyrhinosaurus,83.6,72.2,55.02,-119.43,CA
Atsinganosaurus velauciensis,83.6,72.2,43.53,5.2,FR
Matheronodon provincialis,83.6,72.2,43.53,5.2,FR
Pachyrhinosaurus,72.2,66.0,54.98,-119.56,CA
Balochisaurus malkani,72.2,66.0,29.7,69.4,PK
Khetranisaurus barkhani,72.2,66.0,29.7,69.4,PK
Sulaimanisaurus gingerichi,72.2,66.0,29.7,69.4,PK
Pakisaurus balochistani,72.2,66.0,29.68,69.37,PK
Balochisaurus malkani,72.2,66.0,29.69,69.4,PK
Balochisaurus malkani,72.2,66.0,29.69,69.4,PK
Balochisaurus malkani,72.2,66.0,29.69,69.4,PK
Khetranisaurus barkhani,72.2,66.0,29.69,69.4,PK
Imrankhanhero zilefatmi,72.2,66.0,29.7,69.4,PK
Khanazeem saraikistani,72.2,66.0,29.7,69.4,PK
Balochisaurus malkani,72.2,66.0,29.68,69.39,PK
Pakisaurus balochistani,72.2,66.0,29.68,69.39,PK
Sulaimanisaurus gingerichi,72.2,66.0,29.68,69.39,PK
Khetranisaurus barkhani,72.2,66.0,29.68,69.39,PK
Balochisaurus malkani,72.2,66.0,29.68,69.39,PK
Nicksaurus razashahi,72.2,66.0,29.68,69.39,PK
Khanazeem saraikistani,72.2,66.0,29.69,69.4,PK
Balochisaurus malkani,72.2,66.0,29.69,69.4,PK
Pakisaurus balochistani,72.2,66.0,29.69,69.4,PK
Khetranisaurus barkhani,72.2,66.0,29.77,69.45,PK
Pakisaurus balochistani,72.2,66.0,29.77,69.45,PK
Pakisaurus balochistani,72.2,66.0,29.71,69.49,PK
Balochisaurus malkani,72.2,66.0,29.77,69.45,PK
Pakisaurus balochistani,72.2,66.0,29.76,69.55,PK
Pakisaurus balochistani,72.2,66.0,29.7,69.4,PK
Vitakrisaurus saraiki,72.2,66.0,29.7,69.4,PK
Vitakridrinda sulaimani,72.2,66.0,29.68,69.39,PK
Vitakridrinda sulaimani,72.2,66.0,29.69,69.4,PK
Vitakrisaurus saraiki,72.2,66.0,29.68,69.37,PK
Pakisaurus,72.2,66.0,27.76,67.17,PK
Vitakridrinda sulaimani,72.2,66.0,27.76,67.17,PK
Gspsaurus pakistani,72.2,66.0,29.69,69.4,PK
Saraikimasoom vitakri,72.2,66.0,29.68,69.39,PK
Gspsaurus pakistani,72.2,66.0,29.69,69.4,PK
Saraikimasoom vitakri,72.2,66.0,29.68,69.39,PK
Saraikimasoom vitakri,72.2,66.0,29.68,69.39,PK
Saraikimasoom vitakri,72.2,66.0,29.69,69.4,PK
Saraikimasoom vitakri,72.2,66.0,29.71,69.49,PK
Saraikimasoom vitakri,72.2,66.0,29.7,69.4,PK
Saraikimasoom vitakri,72.2,66.0,29.77,69.45,PK
Saraikimasoom vitakri,72.2,66.0,29.68,69.37,PK
Gspsaurus pakistani,72.2,66.0,29.69,69.4,PK
Saraikimasoom vitakri,72.2,66.0,29.69,69.4,PK
Gspsaurus pakistani,72.2,66.0,29.68,69.39,PK
Gspsaurus pakistani,72.2,66.0,29.69,69.4,PK
Ikqaumishan smqureshi,72.2,66.0,29.77,69.45,PK
Gspsaurus pakistani,72.2,66.0,29.77,69.45,PK
Gspsaurus pakistani,72.2,66.0,29.7,69.4,PK
Tlatolophus galorum,83.6,72.2,25.45,-101.68,MX
Saraikimasoom vitakri,72.2,66.0,27.76,67.17,PK
Qaikshaheen masoomniazi,72.2,66.0,29.7,69.4,PK
Saraikimasoom vitakri,72.2,66.0,29.77,69.45,PK
Saraikimasoom vitakri,72.2,66.0,29.69,69.4,PK
Velafrons coahuilensis,83.6,72.2,25.62,-101.05,MX
Hypacrosaurus stebingeri,83.6,72.2,48.63,-113.75,US
Zalmoxes,72.2,66.0,45.58,22.93,RO
Zalmoxes,72.2,66.0,45.58,22.93,RO
Barosaurus,154.8,143.1,39.01,-111.02,US
Allosaurus fragilis,154.8,143.1,39.01,-111.02,US
Dryosaurus,154.8,143.1,39.01,-111.02,US
Coelurus,154.8,143.1,39.01,-111.02,US
Apatosaurus,154.8,143.1,39.01,-111.02,US
Camarasaurus,154.8,143.1,39.01,-111.02,US
Stegosaurus,154.8,143.1,39.01,-111.02,US
Ceratosaurus,154.8,143.1,39.01,-111.02,US
Camptosaurus,154.8,143.1,39.01,-111.02,US
Wulong bohaiensis,121.4,113.2,43.64,120.43,CN
Fylax thyrakolasus,72.2,66.0,41.87,0.88,ES
Dromiceiomimus brevitertius,72.2,66.0,51.95,-112.94,CA
Ornithomimus,83.6,72.2,50.78,-111.38,CA
Wintonotitan wattsi,100.5,89.8,-26.68,142.59,AU
Massospondylus,237.0,227.3,-16.73,28.69,ZW
Isisaurus colberti,72.2,66.0,29.71,69.49,PK
Isisaurus colberti,72.2,66.0,29.7,69.4,PK
Vitakrisaurus saraiki,72.2,66.0,27.76,67.17,PK
Camarasaurus,149.2,145.06,38.55,-105.24,US
Megalosaurus,165.3,161.5,47.11,6.08,FR
Tarbosaurus bataar,72.2,66.0,43.57,100.48,MN
Saurolophus,72.2,66.0,43.61,100.57,MN
Triceratops,72.2,66.0,47.61,-106.96,US
Triceratops,72.2,66.0,47.53,-107.02,US
Triceratops,72.2,66.0,47.54,-107.05,US
Elmisaurus rarus,72.2,66.0,43.87,100.01,MN
Portellsaurus sosbaynati,125.77,121.4,40.59,-0.28,ES
Avimimus nemegtensis,72.2,66.0,43.48,101.04,MN
Murusraptor barrosaensis,89.8,85.7,-38.85,-68.84,AR
Dacentrurus armatus,149.2,143.1,39.35,-9.32,PT
Stegosaurus,152.21,149.2,39.17,-9.2,PT
Silutitan sinensis,137.05,132.6,42.75,92.5,CN
Hamititan xinjiangensis,137.05,132.6,42.75,92.5,CN
Saurolophus angustirostris,72.2,66.0,43.44,100.37,MN
Brontosaurus,154.8,143.1,44.84,-111.73,US
Scutellosaurus lawleri,199.5,184.2,35.73,-111.07,US
Ornithomimus,83.6,72.2,34.61,-78.6,US
Telmatosaurus transsylvanicus,72.2,66.0,45.55,22.92,RO
Paronychodon,72.2,66.0,45.55,22.92,RO
Zalmoxes,72.2,66.0,45.55,22.92,RO
Struthiosaurus,72.2,66.0,45.55,22.92,RO
Zalmoxes,72.2,66.0,45.49,23.09,RO
Richardoestesia,72.2,66.0,45.6,22.85,RO
Struthiosaurus,72.2,66.0,45.58,22.93,RO
Telmatosaurus,72.2,66.0,45.56,22.92,RO
Zalmoxes,72.2,66.0,45.56,22.92,RO
Petrustitan hungaricus,72.2,66.0,45.56,22.92,RO
Zalmoxes,72.2,66.0,45.54,22.91,RO
Telmatosaurus,72.2,66.0,45.54,22.91,RO
Telmatosaurus,72.2,66.0,45.54,22.91,RO
Zalmoxes,72.2,66.0,45.54,22.91,RO
Telmatosaurus,72.2,66.0,45.55,22.92,RO
Zalmoxes,72.2,66.0,45.55,22.92,RO
Zalmoxes,72.2,66.0,45.54,22.91,RO
Telmatosaurus,72.2,66.0,45.53,22.91,RO
Protohadros,100.5,93.9,32.98,-97.06,US
Richardoestesia isosceles,72.2,66.0,52.33,-113.12,CA
Centrosaurus apertus,83.6,72.2,49.23,-110.69,CA
Thescelosaurus,72.2,66.0,45.6,-103.76,US
Gorgosaurus libratus,83.6,72.2,50.41,-110.29,CA
Nevadadromeus schmitti,100.5,93.9,36.42,-114.55,US
Alamosaurus sanjuanensis,83.6,72.2,35.69,-106.87,US
Glyptodontopelta mimus,83.6,72.2,36.51,-108.32,US
Glyptodontopelta mimus,83.6,72.2,36.51,-108.32,US
Glyptodontopelta mimus,83.6,72.2,36.51,-108.32,US
Alamosaurus sanjuanensis,83.6,72.2,36.51,-108.32,US
Troodon,83.6,72.2,46.42,-109.27,US
Edmontosaurus,72.2,66.0,69.83,-151.52,US
Dromaeosaurus albertensis,83.6,72.2,49.12,-110.47,CA
Richardoestesia gilmorei,83.6,72.2,49.12,-110.47,CA
Palintropus,83.6,72.2,49.12,-110.47,CA
Iguanodon,137.05,132.6,51.07,-0.07,UK
Iguanodon,137.05,132.6,51.07,-0.07,UK
Iguanodon,132.6,125.77,51.1,-0.32,UK
Valdosaurus,132.6,125.77,51.1,-0.32,UK
Iguanodon,132.6,121.4,50.65,-1.46,UK
Iguanodon,132.6,119.57,50.62,-1.35,UK
Megalosaurus,139.1,113.2,50.63,-1.42,UK
Iguanodon,139.1,113.2,50.63,-1.42,UK
Pentaceratops sternbergii,83.6,72.2,36.29,-108.55,US
Valdosaurus,137.05,132.6,51.09,-0.17,UK
Valdosaurus,137.05,132.6,51.09,-0.3,UK
Valdosaurus,137.05,132.6,51.04,-0.37,UK
Hylaeosaurus,137.05,132.6,51.09,-0.3,UK
Megalosaurus,137.05,132.6,51.09,-0.3,UK
Iguanodon,137.05,132.6,51.09,-0.3,UK
Pinacosaurus hilwitnorum,83.6,72.2,43.66,100.9,MN
Pendraig milnerae,237.0,227.3,51.46,-3.38,UK
Yunnanosaurus youngi,192.9,184.2,25.95,101.91,CN
Megalosaurus,72.2,66.0,19.45,79.19,IN
Utahraptor,137.05,132.6,38.85,-109.66,US
Cedarpelta bilbeyhallorum,121.4,100.5,39.18,-110.11,US
Acrocanthosaurus,121.4,100.5,39.18,-110.11,US
Deinonychus,100.5,93.9,40.44,-109.31,US
Sauroposeidon,113.2,100.5,34.09,-93.88,US
Acrocanthosaurus atokensis,113.2,100.5,34.09,-93.88,US
Deinonychus antirrhopus,113.2,100.5,34.09,-93.88,US
Richardoestesia,113.2,100.5,34.09,-93.88,US
Guaibasaurus candelariensis,227.3,205.7,-29.68,-52.84,BR
Chindesaurus,227.3,205.7,36.32,-106.48,US
Krzyzanowskisaurus hunti,237.0,227.3,35.51,-105.98,US
Krzyzanowskisaurus hunti,237.0,227.3,35.51,-105.98,US
Troodon,83.6,72.2,47.77,-112.29,US
Spicomellus afer,168.2,161.5,33.15,-5.12,MA
Ceratosuchops inferodios,125.77,121.4,50.64,-1.43,UK
Ulughbegsaurus uzbekistanensis,93.9,89.8,42.12,62.66,UZ
Eolambia caroljonesa,100.5,93.9,38.72,-111.21,US
Eolambia caroljonesa,100.5,93.9,39.0,-111.0,US
Eolambia caroljonesa,100.5,93.9,38.68,-111.25,US
Eolambia caroljonesa,100.5,93.9,38.69,-111.06,US
Ypupiara lopai,72.2,66.0,-19.72,-47.74,BR
Kansaignathus sogdianus,85.7,83.6,40.49,69.7,TJ
Kuru kulla,83.6,72.2,43.49,101.15,MN
Stegosaurus,154.8,143.1,42.15,-105.92,US
Stegosaurus,154.8,143.1,42.15,-105.92,US
Brontosaurus excelsus,154.8,143.1,42.15,-105.92,US
Camarasaurus,154.8,143.1,42.15,-105.92,US
Camptosaurus,154.8,143.1,42.04,-106.39,US
Euoplocephalus tutus,83.6,72.2,50.75,-111.42,CA
Berthasaura leopoldinae,121.4,72.2,-26.78,-53.06,BR
Xunmenglong yingliangis,132.6,125.77,41.2,116.65,CN
Scelidosaurus harrisonii,199.5,192.9,50.73,-2.92,UK
Scelidosaurus harrisonii,199.5,192.9,50.73,-2.91,UK
Scelidosaurus harrisonii,199.5,192.9,50.73,-2.91,UK
Scelidosaurus harrisonii,199.5,192.9,50.73,-2.91,UK
Scelidosaurus harrisonii,199.5,192.9,50.74,-2.9,UK
Deinonychus antirrhopus,121.4,100.5,34.16,-95.82,US
Tenontosaurus tilletti,121.4,100.5,34.16,-95.82,US
Tenontosaurus,121.4,100.5,34.16,-95.82,US
Acrocanthosaurus,121.4,100.5,34.16,-95.82,US
Tenontosaurus,121.4,100.5,34.16,-95.82,US
Stegouros elengassen,83.6,66.0,-50.71,-72.54,CL
Rhomaleopakhus turpanensis,152.21,143.1,42.87,90.17,CN
Tyrannosaurus rex,72.2,66.0,45.65,-103.62,US
Tyrannosaurus rex,72.2,66.0,47.89,-106.31,US
Paronychodon asiaticus,100.5,93.9,40.1,65.8,UZ
Richardoestesia asiatica,100.5,93.9,40.1,65.8,UZ
Paronychodon asiaticus,100.5,93.9,40.1,65.8,UZ
Richardoestesia asiatica,100.5,93.9,40.1,65.8,UZ
Paronychodon asiaticus,93.9,89.8,42.12,62.66,UZ
Richardoestesia asiatica,93.9,89.8,42.12,62.66,UZ
Paronychodon asiaticus,93.9,89.8,42.12,62.66,UZ
Richardoestesia asiatica,93.9,89.8,42.12,62.66,UZ
Paronychodon asiaticus,93.9,89.8,42.12,62.66,UZ
Richardoestesia asiatica,93.9,89.8,42.12,62.66,UZ
Richardoestesia asiatica,93.9,89.8,42.12,62.66,UZ
Richardoestesia asiatica,93.9,89.8,42.12,62.66,UZ
Richardoestesia asiatica,93.9,89.8,42.12,62.66,UZ
Richardoestesia asiatica,93.9,89.8,41.29,61.5,UZ
Paronychodon asiaticus,93.9,89.8,41.78,63.78,UZ
Plateosaurus,205.7,201.4,48.07,8.65,DE
Plateosaurus trossingensis,227.3,205.7,48.07,8.65,DE
Plateosaurus,227.3,205.7,48.07,8.65,DE
Parksosaurus warreni,72.2,66.0,51.71,-112.93,CA
Alamosaurus,72.2,66.0,39.05,-111.27,US
Tenontosaurus,106.3,100.5,40.5,-109.36,US
Heterodontosaurus tucki,201.4,192.9,-30.57,27.43,ZA
Archaeodontosaurus descouensi,168.2,165.3,-16.43,47.15,MG
Avimaia schweitzerae,121.4,113.2,39.86,96.78,CN
Isisaurus colberti,72.2,66.0,21.42,78.0,IN
Zby atlanticus,152.21,149.2,39.22,-9.34,PT
Torvosaurus gurneyi,152.21,149.2,39.22,-9.34,PT
Niebla antiqua,72.2,66.0,-39.51,-67.39,AR
Tralkasaurus cuyi,110.1,106.3,-39.4,-68.62,AR
Himeoolithus murakamii,113.2,110.1,35.08,135.11,JP
Subtiliolithus hyogoensis,113.2,110.1,35.08,135.11,JP
Koleken inakayali,72.2,66.0,-42.96,-67.55,AR
Neuquensaurus australis,72.2,66.0,-26.07,-65.37,AR
Caenagnathasia martinsoni,93.9,89.8,42.12,62.66,UZ
Caenagnathasia martinsoni,93.9,89.8,42.12,62.66,UZ
Caenagnathasia martinsoni,93.9,89.8,42.12,62.66,UZ
Caenagnathasia martinsoni,93.9,89.8,42.12,62.66,UZ
Caenagnathasia martinsoni,93.9,89.8,42.12,62.66,UZ
Edmontosaurus annectens,72.2,66.0,47.52,-106.9,US
Tarbosaurus bataar,89.8,83.6,36.92,120.62,CN
Rapetosaurus krausei,72.2,66.0,-16.12,45.74,MG
Afrovenator abakensis,161.5,143.1,16.42,7.72,NE
Aeolosaurus,72.2,66.0,-32.64,-57.75,UY
Yongjinglong datangi,125.77,113.2,35.81,103.77,CN
Brighstoneus simmondsi,125.77,121.4,50.64,-1.41,UK
Xingtianosaurus ganqi,125.77,119.57,39.88,123.44,CN
Gallimimus,72.2,66.0,43.82,99.98,MN
Brachiosaurus,154.8,143.1,44.06,-106.72,US
Camarasaurus,154.8,143.1,44.06,-106.72,US
Allosaurus,154.8,143.1,44.06,-106.72,US
Aratasaurus museunacionali,113.2,110.1,-7.13,-39.44,BR
Arcovenator,83.6,72.2,42.66,-2.63,ES
Paronychodon,83.6,72.2,42.66,-2.63,ES
Richardoestesia,83.6,72.2,42.66,-2.63,ES
Richardoestesia,83.6,72.2,42.66,-2.63,ES
Paronychodon,93.9,89.8,47.67,14.8,AT
Hesperornis rossicus,83.6,72.2,44.68,39.08,RU
Arcovenator,83.6,66.0,39.6,-0.97,ES
Paronychodon,72.2,66.0,45.62,22.78,RO
Richardoestesia,72.2,66.0,45.62,22.78,RO
Edmontosaurus annectens,72.2,66.0,45.05,-102.19,US
Tyrannosaurus rex,72.2,66.0,45.0,-103.19,US
Nanotyrannus lancensis,72.2,66.0,45.0,-103.19,US
Ornithomimus,72.2,66.0,45.0,-103.19,US
Anzu wyliei,72.2,66.0,45.0,-103.19,US
Dakotaraptor steini,72.2,66.0,45.0,-103.19,US
Acheroraptor temertyorum,72.2,66.0,45.0,-103.19,US
Saurornitholestes,72.2,66.0,45.0,-103.19,US
Richardoestesia,72.2,66.0,45.0,-103.19,US
Troodon,72.2,66.0,45.0,-103.19,US
Albertonykus,72.2,66.0,45.0,-103.19,US
Pectinodon bakkeri,72.2,66.0,45.0,-103.19,US
Paronychodon,72.2,66.0,45.0,-103.19,US
Edmontosaurus annectens,72.2,66.0,45.0,-103.19,US
Triceratops,72.2,66.0,45.0,-103.19,US
Torosaurus,72.2,66.0,45.0,-103.19,US
Leptoceratops,72.2,66.0,45.0,-103.19,US
Pachycephalosaurus,72.2,66.0,45.0,-103.19,US
Pachycephalosaurus wyomingensis,72.2,66.0,45.0,-103.19,US
Thescelosaurus neglectus,72.2,66.0,45.0,-103.19,US
Edmontonia,72.2,66.0,45.0,-103.19,US
Ankylosaurus magniventris,72.2,66.0,45.0,-103.19,US
Triceratops horridus,72.2,66.0,45.0,-103.14,US
Triceratops,72.2,66.0,45.01,-103.16,US
Triceratops,72.2,66.0,45.01,-103.16,US
Triceratops,72.2,66.0,45.01,-103.16,US
Thescelosaurus,72.2,66.0,46.0,-103.19,US
Triceratops,72.2,66.0,45.0,-103.19,US
Spinosaurus aegyptiacus,100.5,93.9,31.55,-2.43,DZ
Spinosaurus aegyptiacus,100.5,93.9,32.04,-2.58,DZ
Thanos simonattoi,85.7,72.2,-21.03,-49.21,BR
Kurupi itaata,72.2,66.0,-21.29,-48.52,BR
Liaoningvenator curriei,125.77,119.57,41.78,120.76,CN
Sinovenator changii,125.77,119.57,41.78,120.76,CN
Changmiania liaoningensis,125.77,119.57,41.78,120.76,CN
Psittacosaurus,125.77,119.57,41.78,120.76,CN
Daliansaurus liaoningensis,125.77,119.57,41.78,120.76,CN
Nagatitan chaiyaphumensis,121.4,100.5,15.76,101.77,TH
Segnosaurus,93.9,83.6,43.14,107.52,MN
Segnosaurus galbinensis,100.5,83.6,43.46,107.49,MN
Segnosaurus galbinensis,100.5,83.6,44.45,107.38,MN
Australovenator wintonensis,113.2,110.1,-38.85,143.55,AU
Sinocalliopteryx,125.77,119.57,41.6,120.87,CN
Petrustitan hungaricus,72.2,66.0,45.99,23.59,RO
Megalosaurus,139.1,137.05,50.6,-2.01,UK
Vectiraptor greeni,125.77,121.4,50.66,-1.47,UK
Edmontosaurus annectens,72.2,66.0,47.19,-104.97,US
Galeamopus,154.8,143.1,43.65,-106.78,US
Apatosaurus,149.2,143.1,38.78,-109.72,US
Apatosaurus,154.8,143.1,35.34,-107.81,US
Stegosaurus,154.8,143.1,35.1,-107.23,US
Stegosaurus,149.2,143.1,38.45,-107.4,US
Triceratops horridus,72.2,66.0,44.71,-103.06,US
Triceratops,72.2,66.0,43.67,-104.27,US
Triceratops,72.2,66.0,43.67,-104.27,US
Diamantinasaurus matildae,100.5,93.9,-22.2,142.53,AU
Bashanosaurus primitivus,168.2,161.5,30.94,108.75,CN
Ondogurvel alifanovi,83.6,72.2,43.49,101.28,MN
Musivavis amabilis,121.4,113.2,43.64,120.43,CN
Yuxisaurus kopchicki,192.9,184.2,24.65,102.24,CN
Alnashetri cerropoliciensis,113.2,110.1,-39.63,-68.7,AR
Buitreraptor gonzalezorum,113.2,110.1,-39.63,-68.7,AR
Triceratops horridus,72.2,66.0,45.05,-102.88,US
Haplocanthosaurus,149.2,145.06,40.44,-109.3,US
Haplocanthosaurus,154.8,149.2,40.45,-109.43,US
Camarasaurus,152.21,143.1,42.52,-106.74,US
Panoplosaurus rugosidens,72.2,66.0,43.28,-104.38,US
Ornithomimus,72.2,66.0,43.14,-104.58,US
Triceratops,72.2,66.0,47.48,-104.48,US
Tyrannosaurus rex,72.2,66.0,47.48,-104.48,US
Triceratops,72.2,66.0,47.48,-104.48,US
Acrocanthosaurus atokensis,110.1,93.9,44.98,-108.32,US
Sauroposeidon proteles,110.1,93.9,44.98,-108.32,US
Albertosaurus,83.6,72.2,31.14,-109.81,MX
Camptosaurus,154.8,143.1,39.94,-1.01,ES
Guemesia ochoai,83.6,66.0,-24.84,-65.39,AR
Bagaceratops,83.6,72.2,43.94,101.33,MN
Protoceratops andrewsi,83.6,72.2,43.94,101.33,MN
Protoceratops,100.5,66.0,43.61,102.53,MN
Psittacosaurus neimongoliensis,143.1,100.5,39.66,109.74,CN
Camarasaurus,154.8,143.1,44.68,-104.6,US
Saurolophus,72.2,66.0,43.5,101.05,MN
Richardoestesia,83.6,66.0,40.03,-108.85,US
Leaellynasaura amicagraphica,113.2,110.1,-38.85,143.55,AU
Atlascopcosaurus loadsi,113.2,110.1,-38.85,143.55,AU
Galleonosaurus dorisae,113.2,110.1,-38.85,143.55,AU
Atlascopcosaurus loadsi,113.2,110.1,-38.85,143.55,AU
Dacentrurus,143.1,137.05,45.64,0.08,FR
Nuthetes,143.1,137.05,45.64,0.08,FR
Astigmasaura genuflexa,110.1,106.3,-37.97,-69.23,AR
Tarchia tumanovae,72.2,66.0,43.47,99.83,MN
Triceratops,72.2,66.0,50.21,-107.37,CA
Tyrannosaurus,72.2,66.0,50.21,-107.37,CA
Yulong mini,72.2,66.0,34.05,111.63,CN
Triceratops,72.2,66.0,46.29,-103.92,US
Khulsanurus magnificus,83.6,72.2,43.47,101.52,MN
Alamosaurus sanjuanensis,72.2,66.0,29.0,-103.82,MX
Ornithomimus,72.2,66.0,51.92,-112.93,CA
Struthiomimus,72.2,66.0,52.08,-112.98,CA
Isasicursor santacrucensis,72.2,66.0,-50.51,-72.56,AR
Carcharodontosaurus saharicus,100.5,93.9,30.51,-4.84,MA
Iyuku raathi,137.05,132.6,-33.44,25.45,ZA
Carcharodontosaurus,121.4,119.57,32.69,10.26,TN
Carcharodontosaurus,121.4,113.2,32.17,10.4,TN
Carcharodontosaurus,132.6,113.2,32.87,10.38,TN
Carcharodontosaurus saharicus,113.2,100.5,33.18,10.26,TN
Spinosaurus,113.2,100.5,33.18,10.26,TN
Baryonyx,119.57,110.1,33.12,10.27,TN
Carcharodontosaurus saharicus,119.57,110.1,33.12,10.27,TN
Megalosaurus,121.4,113.2,42.2,-2.28,ES
Megalosaurus,121.4,113.2,42.2,-2.29,ES
Megalosaurus,121.4,113.2,42.2,-2.29,ES
Iguanodon,121.4,113.2,42.2,-2.3,ES
Iguanodon,121.4,113.2,42.23,-2.48,ES
Dacentrurus armatus,152.21,143.1,40.12,-1.15,ES
Turiasaurus riodevensis,154.8,143.1,40.12,-1.15,ES
Chirostenotes,83.6,72.2,55.07,-118.69,CA
Ibirania parva,85.7,72.2,-20.99,-49.26,BR
Ibirania parva,85.7,72.2,-20.99,-49.26,BR
Richardoestesia,83.6,72.2,25.67,-101.3,MX
Coahuilasaurus lipani,83.6,72.2,25.47,-101.7,MX
Agujaceratops mariscalensis,83.6,72.2,28.94,-103.37,MX
Richardoestesia,83.6,72.2,30.05,-115.76,MX
Richardoestesia,83.6,72.2,30.05,-115.76,MX
Triceratops,72.2,66.0,47.32,-107.15,US
Torosaurus,83.6,72.2,36.51,-108.32,US
Oryctodromeus,106.3,93.9,43.14,-111.27,US
Oryctodromeus,106.3,93.9,42.97,-111.27,US
Sauropelta,106.3,93.9,42.97,-111.27,US
Oryctodromeus,106.3,93.9,43.16,-111.29,US
Oryctodromeus,106.3,93.9,43.16,-111.29,US
Oryctodromeus,106.3,93.9,43.16,-111.29,US
Oryctodromeus,106.3,93.9,43.16,-111.29,US
Oryctodromeus,106.3,93.9,43.16,-111.29,US
Oryctodromeus,106.3,93.9,43.14,-111.27,US
Deinonychus antirrhopus,113.2,100.5,46.3,-109.71,US
Spinostropheus gautieri,161.5,143.1,16.63,7.31,NE
Paralititan,100.5,93.9,28.37,9.38,DZ
Spinosaurus,100.5,93.9,28.37,9.38,DZ
Carcharodontosaurus saharicus,100.5,93.9,28.37,9.38,DZ
Deltadromeus,100.5,93.9,28.37,9.38,DZ
Agujaceratops mariscalensis,83.6,72.2,29.37,-104.27,MX
Allosaurus,154.8,143.1,44.66,-107.85,US
Apatosaurus,154.8,143.1,44.66,-107.85,US
Camptosaurus,154.8,143.1,44.66,-107.85,US
Stegosaurus,154.8,143.1,44.66,-107.85,US
Camarasaurus,154.8,143.1,44.66,-107.85,US
Diplodocus,154.8,143.1,44.66,-107.85,US
Allosaurus,154.8,143.1,44.66,-107.85,US
Brachylophosaurus canadensis,83.6,72.2,48.56,-107.78,US
Deinonychus antirrhopus,121.4,110.1,45.49,-108.73,US
Riparovenator milnerae,125.77,121.4,50.64,-1.43,UK
Ulughbegsaurus uzbekistanensis,93.9,89.8,42.12,62.66,UZ
Triceratops,72.2,66.0,47.72,-106.53,US
Triceratops,72.2,66.0,47.73,-106.26,US
Triceratops,72.2,66.0,47.6,-106.92,US
Cetiosaurus,125.77,121.4,50.65,-1.46,UK
Lufengosaurus magnus,174.7,168.2,29.39,104.82,CN
Antetonitrus ingenipes,201.4,192.9,-28.94,27.06,ZA
Valdosaurus canaliculatus,132.6,121.4,50.64,-1.43,UK
Mantellisaurus atherfieldensis,125.77,121.4,50.65,-1.46,UK
Iguanodon bernissartensis,132.6,121.4,50.63,-1.4,UK
Iguanodon,132.6,121.4,50.63,-1.41,UK
Iguanodon,137.05,132.6,51.09,-0.17,UK
Mantellisaurus atherfieldensis,139.1,119.57,50.62,-1.37,UK
Parasaurolophus,83.6,72.2,50.74,-111.51,CA
Allosaurus,157.9,143.1,40.67,-105.19,US
Plateosaurus,227.3,205.7,47.49,8.02,CH
Yuzhoulong qurenensis,168.2,161.5,30.94,108.75,CN
Baurutitan britoi,72.2,66.0,-19.73,-47.75,BR
Caieiria allocaudata,72.2,66.0,-19.72,-47.74,BR
Mbiresaurus raathi,237.0,227.3,-16.1,30.47,ZW
Mbiresaurus raathi,237.0,227.3,-16.1,30.47,ZW
Mbiresaurus raathi,237.0,227.3,-16.1,30.47,ZW
Mbiresaurus raathi,237.0,227.3,-16.1,30.47,ZW
Iani smithi,100.5,93.9,38.72,-111.19,US
Fona herzogae,100.5,93.9,38.71,-111.2,US
Monoclonius,83.6,72.2,47.74,-109.62,US
Triceratops,72.2,66.0,47.55,-107.12,US
Ruixinia zhangi,125.77,119.57,41.47,120.76,CN
Gamatavus antiquus,241.464,237.0,-29.78,-54.1,BR
Tuebingosaurus maierfritzorum,227.3,205.7,48.07,8.65,DE
Triceratops prorsus,72.2,66.0,49.06,-107.28,CA
Triceratops prorsus,72.2,66.0,49.01,-106.64,CA
Triceratops prorsus,72.2,66.0,49.5,-109.05,CA
Minimocursor phunoiensis,149.2,137.05,16.65,102.25,TH
Spinosaurus,100.5,93.9,16.28,10.53,NE
Carcharodontosaurus,100.5,93.9,16.28,10.53,NE
Dromaeosaurus,72.2,66.0,40.95,-104.92,US
Napaisaurus guangxiensis,121.4,113.2,22.37,107.99,CN
Richardoestesia,137.05,132.6,51.2,106.29,RU
Iguanodon,125.77,121.4,40.57,-0.68,ES
Chucarosaurus diripienda,110.1,106.3,-39.4,-68.62,AR
Gallimimus,72.2,66.0,43.86,99.97,MN
Richardoestesia,72.2,66.0,36.31,-108.05,US
Richardoestesia,83.6,72.2,36.51,-108.32,US
Paronychodon,83.6,72.2,36.51,-108.32,US
Tenontosaurus,119.57,113.2,39.07,-76.87,US
Deinonychus,119.57,113.2,39.07,-76.87,US
Acrocanthosaurus,119.57,113.2,39.07,-76.87,US
Coelurus,119.57,113.2,39.07,-76.87,US
Richardoestesia,119.57,113.2,39.07,-76.87,US
Acrocanthosaurus atokensis,110.1,93.9,44.98,-108.32,US
Daspletosaurus wilsoni,83.6,72.2,48.41,-106.87,US
Spinosaurus aegyptiacus,100.5,93.9,30.9,-3.87,MA
Spinosaurus aegyptiacus,100.5,93.9,30.9,-3.87,MA
Spinosaurus aegyptiacus,106.3,93.9,31.62,-4.27,MA
Deinonychus antirrhopus,119.57,110.1,46.33,-109.56,US
Tenontosaurus tilletti,119.57,110.1,46.33,-109.56,US
Edmontosaurus annectens,72.2,66.0,49.52,-108.82,CA
Spinosaurus aegyptiacus,100.5,93.9,30.9,-3.87,MA
Ornithopsis,125.77,119.57,51.35,7.89,DE
Plateosaurus trossingensis,227.3,205.7,48.07,8.65,DE
Plateosaurus,227.3,205.7,48.07,8.65,DE
Daurlong wangi,121.4,119.57,48.6,123.98,CN
Albertavenator curriei,72.2,66.0,51.67,-112.91,CA
Diamantinasaurus matildae,100.5,93.9,-22.25,142.5,AU
Amanasaurus nesbitti,237.0,227.3,-29.66,-53.43,BR
Albertavenator curriei,72.2,66.0,51.55,-112.88,CA
Albertavenator curriei,83.6,66.0,51.65,-112.9,CA
Deinonychus antirrhopus,110.1,93.9,45.1,-106.9,US
Baptornis,83.6,72.2,50.68,-108.09,CA
Dromaeosaurus albertensis,83.6,72.2,50.68,-108.09,CA
Gorgosaurus,83.6,72.2,50.68,-108.09,CA
Sinosaurus triassicus,201.4,192.9,25.18,102.12,CN
Sinosaurus triassicus,201.4,199.5,24.96,102.08,CN
Sinosaurus triassicus,201.4,192.9,25.15,101.98,CN
Latenivenatrix mcmasterae,83.6,72.2,50.74,-111.49,CA
Latenivenatrix mcmasterae,83.6,72.2,50.78,-111.41,CA
Panoplosaurus mirus,83.6,72.2,50.72,-111.56,CA
Psittacosaurus sinensis,121.4,100.5,36.98,120.71,CN
Richardoestesia,83.6,72.2,36.51,-108.32,US
Richardoestesia,83.6,72.2,36.51,-108.32,US
Tyrannosaurus rex,83.6,72.2,36.51,-108.32,US
Transylvanosaurus platycephalus,72.2,66.0,45.49,23.09,RO
Platytholus clemensi,72.2,66.0,47.68,-107.18,US
Corythosaurus,83.6,72.2,47.6,-109.46,US
Corythosaurus,83.6,72.2,48.54,-109.67,US
Spinosaurus,106.3,93.9,30.77,-3.75,MA
Yatenavis ieujensis,72.2,66.0,-50.52,-72.56,AR
Troodon,72.2,66.0,48.86,130.24,CN
Buitreraptor gonzalezorum,113.2,110.1,-39.4,-68.61,AR
Gryposaurus,83.6,72.2,37.47,-111.7,US
Jakapil kaniukura,113.2,110.1,-39.71,-68.6,AR
Elemgasem nubilus,93.9,85.7,-38.88,-69.48,AR
Anserimimus planinychus,72.2,66.0,43.44,100.37,MN
Struthiomimus,72.2,66.0,43.49,-104.46,US
Pachycephalosaurus,72.2,66.0,43.49,-104.46,US
Triceratops,72.2,66.0,43.49,-104.46,US
Nodosaurus,72.2,66.0,43.49,-104.46,US
Thescelosaurus,72.2,66.0,43.49,-104.46,US
Nanotyrannus lancensis,72.2,66.0,43.51,-104.43,US
Migmanychion laiyang,121.4,119.57,48.6,123.98,CN
Dzharaonyx eski,93.9,89.8,42.12,62.66,UZ
Mymoorapelta,154.8,143.1,38.25,-110.81,US
Dryosaurus,154.8,143.1,38.25,-110.81,US
Sauropelta,121.4,100.5,38.9,-110.33,US
Explorornis nessovi,93.9,89.8,42.12,62.66,UZ
Explorornis,93.9,89.8,42.12,62.66,UZ
Explorornis,93.9,89.8,42.12,62.66,UZ
Incolornis silvae,93.9,89.8,42.12,62.66,UZ
Enantiornis martini,93.9,89.8,42.12,62.66,UZ
Abavornis,93.9,89.8,42.12,62.66,UZ
Abavornis bonaparti,93.9,89.8,42.12,62.66,UZ
Catenoleimus,93.9,89.8,42.12,62.66,UZ
Calvarius rapidus,72.2,66.0,42.11,0.98,ES
Brevirostruavis macrohyoideus,121.4,113.2,40.65,119.68,CN
Stegoceras validum,83.6,72.2,50.74,-110.09,CA
Allosaurus,154.8,143.1,41.91,-106.01,US
Camarasaurus,154.8,143.1,41.91,-105.97,US
Diplodocus,154.8,143.1,41.91,-105.97,US
Allosaurus,154.8,143.1,41.91,-105.97,US
Ceratosaurus,154.8,143.1,41.91,-105.97,US
Coelurus,154.8,143.1,41.91,-105.97,US
Nanosaurus agilis,154.8,143.1,41.91,-105.97,US
Brontosaurus yahnahpin,154.8,143.1,41.91,-105.99,US
Camarasaurus,154.8,143.1,41.91,-105.95,US
Diplodocus,154.8,143.1,41.91,-105.95,US
Allosaurus,154.8,143.1,41.91,-105.95,US
Stegosaurus,154.8,143.1,41.91,-105.95,US
Camptosaurus,154.8,143.1,41.91,-105.95,US
Hypselospinus fittoni,137.05,132.6,50.86,0.44,UK
Gryposaurus,83.6,72.2,37.46,-111.34,US
Paronychodon,93.9,89.8,37.6,-111.97,US
Paronychodon,93.9,89.8,37.8,-111.5,US
Thescelosaurus,93.9,89.8,37.8,-111.5,US
Lythronax argestes,83.6,72.2,37.19,-111.65,US
Gonkoken nanoi,72.2,66.0,-50.71,-72.54,CL
Spinosaurus aegyptiacus,106.3,93.9,31.62,-4.27,MA
Kiyacursor longipes,121.4,113.2,55.9,87.96,RU
Stegosaurus,152.21,143.1,36.93,-102.98,US
Ceratosaurus,152.21,143.1,36.93,-102.97,US
Furcatoceratops elucidans,83.6,72.2,47.58,-109.41,US
Ichthyornis dispar,83.6,72.2,32.42,-87.2,US
Ichthyornis dispar,83.6,72.2,32.4,-87.14,US
Ichthyornis dispar,83.6,72.2,32.4,-87.14,US
Ichthyornis dispar,83.6,72.2,32.4,-87.14,US
Ichthyornis dispar,83.6,72.2,32.4,-87.14,US
Ichthyornis dispar,85.7,83.6,38.77,-100.77,US
Ichthyornis dispar,85.7,83.6,38.85,-100.17,US
Ichthyornis dispar,85.7,83.6,38.92,-101.18,US
Ichthyornis dispar,85.7,83.6,38.6,-96.05,US
Ichthyornis dispar,85.7,83.6,38.92,-101.18,US
Ichthyornis dispar,85.7,83.6,38.92,-101.18,US
Ichthyornis dispar,85.7,83.6,38.47,-100.47,US
Ichthyornis dispar,85.7,83.6,38.47,-100.48,US
Ichthyornis dispar,83.6,72.2,32.97,-88.04,US
Ichthyornis dispar,83.6,72.2,33.25,-88.16,US
Ichthyornis dispar,83.6,72.2,32.82,-88.05,US
Ichthyornis dispar,83.6,72.2,32.92,-88.11,US
Alamosaurus,72.2,66.0,29.41,-103.3,US
Alamosaurus,72.2,66.0,29.58,-103.08,US
Alamosaurus,72.2,66.0,29.46,-103.16,US
Hypselospinus fittoni,137.05,132.6,50.88,0.57,UK
Iguanodon,137.05,132.6,50.86,0.58,UK
Iguanodon,137.05,132.6,50.87,0.56,UK
Camarasaurus,154.8,143.1,36.43,-102.72,US
Chubutisaurus insignis,119.57,110.1,-43.4,-68.29,AR
Tyrannosaurus,72.2,66.0,46.28,-100.54,US
Saurornitholestes,72.2,66.0,46.38,-99.59,US
Allosaurus,154.8,143.1,46.2,-111.41,US
Apatosaurus,154.8,143.1,46.2,-111.41,US
Allosaurus,154.8,143.1,40.3,-108.57,US
Camarasaurus,154.8,143.1,40.3,-108.57,US
Stegosaurus,154.8,143.1,40.3,-108.57,US
Allosaurus,154.8,143.1,44.06,-106.72,US
Diplodocus,154.8,143.1,44.06,-106.72,US
Camarasaurus,154.8,143.1,44.06,-106.72,US
Diplodocus,152.21,143.1,42.52,-106.74,US
Allosaurus,154.8,143.1,41.89,-106.0,US
Allosaurus,154.8,149.2,39.06,-110.97,US
Allosaurus,154.8,143.1,41.91,-105.99,US
Ceratosaurus,154.8,143.1,41.91,-105.99,US
Nanosaurus agilis,154.8,143.1,41.91,-105.99,US
Camarasaurus,154.8,143.1,41.91,-105.99,US
Coelurus,154.8,143.1,41.91,-105.97,US
Ceratosaurus,154.8,143.1,41.91,-105.97,US
Dryosaurus,154.8,143.1,41.91,-105.97,US
Camarasaurus,154.8,143.1,41.91,-105.97,US
Diplodocus carnegii,154.8,143.1,41.91,-105.95,US
Stegosaurus,154.8,143.1,41.91,-105.95,US
Camptosaurus,154.8,143.1,41.91,-105.95,US
Diplodocus,154.8,143.1,41.91,-106.01,US
Apatosaurus,154.8,143.1,41.91,-105.99,US
Ceratosaurus,154.8,143.1,41.91,-105.99,US
Camarasaurus,154.8,143.1,41.91,-106.01,US
Allosaurus,154.8,143.1,41.91,-106.01,US
Diplodocus,154.8,143.1,41.91,-105.99,US
Allosaurus,154.8,143.1,41.91,-105.99,US
Camarasaurus,154.8,143.1,41.91,-105.97,US
Diplodocus,154.8,143.1,41.91,-105.97,US
Camarasaurus,154.8,143.1,41.91,-105.99,US
Nanosaurus agilis,154.8,143.1,41.91,-105.99,US
Stegosaurus,154.8,143.1,41.91,-106.01,US
Camarasaurus,154.8,143.1,41.91,-105.95,US
Stegosaurus,154.8,143.1,41.91,-105.96,US
Camarasaurus,154.8,143.1,41.91,-105.96,US
Apatosaurus,149.2,145.06,40.44,-109.3,US
Allosaurus,149.2,145.06,40.44,-109.3,US
Ceratosaurus,149.2,145.06,40.44,-109.3,US
Apatosaurus,149.2,143.1,40.42,-109.21,US
Allosaurus,154.8,149.2,40.46,-109.52,US
Dryosaurus,154.8,149.2,40.46,-109.52,US
Camarasaurus,154.8,143.1,39.46,-105.73,US
Allosaurus,154.8,143.1,38.37,-106.76,US
Allosaurus,154.8,143.1,39.87,-106.3,US
Apatosaurus,154.8,143.1,37.4,-108.92,US
Camarasaurus,154.8,143.1,40.27,-108.68,US
Allosaurus,149.2,143.1,39.15,-108.77,US
Stegosaurus,149.2,143.1,39.15,-108.77,US
Allosaurus,152.21,143.1,39.14,-109.02,US
Brachiosaurus,152.21,143.1,39.14,-109.02,US
Stegosaurus,152.21,143.1,39.14,-109.02,US
Stegosaurus stenops,152.21,143.1,39.14,-109.02,US
Apatosaurus,152.21,143.1,39.14,-109.02,US
Dryosaurus altus,152.21,143.1,39.14,-109.02,US
Megalosaurus bucklandii,139.1,132.6,50.91,0.49,UK
Kelumapusaura machi,72.2,66.0,-39.5,-67.37,AR
Menucocelsior arriagadai,72.2,66.0,-39.5,-67.37,AR
Rocasaurus muniozi,72.2,66.0,-39.51,-67.38,AR
Natovenator polydontus,83.6,72.2,43.49,99.83,MN
Fujianvenator prodigiosus,152.21,145.06,27.15,119.0,CN
Jiangxititan ganzhouensis,72.2,66.0,25.74,114.83,CN
Tarbosaurus,72.2,66.0,43.61,100.57,MN
Saurolophus,72.2,66.0,43.52,101.03,MN
Papiliovenator neimengguensis,83.6,72.2,41.74,106.74,CN
Shunosaurus lii,174.7,161.5,30.85,108.92,CN
Citipati osmolskae,83.6,72.2,43.66,100.9,MN
Parasaurolophus,83.6,72.2,37.67,-111.73,US
Ornithopsis hulkei,125.77,121.4,50.65,-1.46,UK
Ornithopsis hulkei,132.6,121.4,50.64,-1.43,UK
Calamosaurus foxi,125.77,119.57,50.65,-1.45,UK
Ampelognathus coheni,100.5,93.9,32.98,-97.06,US
Qianlong shouhu,199.5,192.9,26.41,106.26,CN
Iguanodon,132.6,121.4,50.65,-1.46,UK
Iguanodon,132.6,121.4,50.65,-1.46,UK
Macrocollum itaquii,227.3,205.7,-29.61,-53.27,BR
Leptorhynchos,72.2,66.0,49.52,-108.82,CA
Leptorhynchos,72.2,66.0,50.21,-107.37,CA
Leptorhynchos elegans,83.6,72.2,50.74,-111.49,CA
Leptorhynchos elegans,83.6,72.2,50.73,-111.51,CA
Leptorhynchos elegans,83.6,72.2,50.7,-111.27,CA
Leptorhynchos elegans,83.6,72.2,50.75,-111.47,CA
Citipes elegans,83.6,72.2,50.84,-111.32,CA
Citipes elegans,83.6,72.2,50.77,-111.4,CA
Leptorhynchos elegans,83.6,72.2,50.81,-111.63,CA
Citipes elegans,83.6,72.2,50.82,-111.58,CA
Citipes elegans,83.6,72.2,50.74,-111.5,CA
Chirostenotes pergracilis,83.6,72.2,50.74,-111.48,CA
Chirostenotes pergracilis,83.6,72.2,50.74,-111.51,CA
Caenagnathus collinsi,83.6,72.2,50.8,-111.58,CA
Caenagnathus collinsi,83.6,72.2,50.74,-111.49,CA
Imrankhanhero zilefatmi,72.2,66.0,29.71,69.49,PK
Imrankhanhero zilefatmi,72.2,66.0,23.17,79.97,IN
Qaikshaheen masoomniazi,72.2,66.0,23.06,73.34,IN
Ikqaumishan smqureshi,72.2,66.0,29.7,69.4,PK
Ikqaumishan smqureshi,72.2,66.0,23.06,73.34,IN
Pakisaurus balochistani,72.2,66.0,23.06,73.34,IN
Bagaceratops rozhdestvenskyi,83.6,72.2,43.47,101.52,MN
Bagaceratops rozhdestvenskyi,83.6,72.2,43.3,99.6,MN
Ibirania parva,85.7,72.2,-20.99,-49.26,BR
Saurornithoides,100.5,93.9,40.1,65.8,UZ
Oohkotokia horneri,83.6,72.2,48.5,-112.68,US
Oohkotokia horneri,83.6,72.2,48.65,-112.35,US
Iguanodon,121.4,100.5,34.11,112.59,CN
Inawentu oslatus,85.7,83.6,-37.59,-69.32,AR
Massospondylus,201.4,192.9,-28.5,28.43,ZA
Massospondylus,201.4,192.9,-28.5,28.43,ZA
Massospondylus,201.4,192.9,-28.48,28.42,ZA
Massospondylus,201.4,192.9,-28.42,28.5,ZA
Massospondylus,201.4,192.9,-28.42,28.5,ZA
Massospondylus,201.4,192.9,-28.53,28.5,ZA
Massospondylus,201.4,192.9,-28.55,28.42,ZA
Massospondylus,201.4,192.9,-28.55,28.42,ZA
Massospondylus,201.4,192.9,-28.62,28.27,ZA
Massospondylus,201.4,192.9,-28.62,28.27,ZA
Massospondylus,201.4,192.9,-28.62,28.27,ZA
Massospondylus,201.4,192.9,-28.62,28.32,ZA
Massospondylus,201.4,192.9,-28.67,28.28,ZA
Massospondylus,201.4,192.9,-28.68,28.32,ZA
Massospondylus,201.4,192.9,-28.68,28.32,ZA
Massospondylus,201.4,192.9,-28.78,27.23,ZA
Massospondylus,201.4,192.9,-28.87,27.27,ZA
Massospondylus,201.4,192.9,-28.42,28.5,ZA
Massospondylus,201.4,192.9,-28.9,27.57,ZA
Massospondylus carinatus,201.4,192.9,-28.98,27.37,ZA
Massospondylus,201.4,192.9,-28.97,27.32,ZA
Massospondylus,201.4,192.9,-28.97,27.32,ZA
Massospondylus,201.4,192.9,-29.03,27.48,ZA
Massospondylus,201.4,192.9,-29.05,27.45,ZA
Massospondylus,201.4,192.9,-29.05,27.43,ZA
Massospondylus,201.4,192.9,-29.05,27.52,ZA
Massospondylus,201.4,192.9,-29.07,27.32,ZA
Massospondylus,201.4,192.9,-29.07,27.5,ZA
Syntarsus,201.4,192.9,-29.07,27.5,ZA
Massospondylus,201.4,192.9,-29.1,27.33,ZA
Massospondylus,201.4,192.9,-29.23,27.35,ZA
Massospondylus,201.4,192.9,-28.67,28.25,ZA
Massospondylus,199.5,184.2,-28.53,28.5,ZA
Heterodontosaurus,199.5,184.2,-28.53,28.5,ZA
Massospondylus,201.4,192.9,-29.85,27.36,LS
Vespersaurus paranaensis,121.4,72.2,-26.78,-53.06,BR
Baryonyx,139.1,125.77,40.46,-0.74,ES
Carcharodontosaurus,113.2,110.1,-4.11,-44.16,BR
Psittacosaurus,125.77,113.2,56.32,90.47,RU
Jaculinykus yaruui,83.6,72.2,43.51,101.08,MN
Ceratosaurus,152.21,145.06,39.22,-9.34,PT
Ceratosaurus,152.21,149.2,39.23,-9.32,PT
Struthiosaurus,72.2,66.0,46.04,23.52,RO
Pinacosaurus grangeri,83.6,72.2,41.8,106.74,CN
Haplocanthosaurus,152.21,145.06,38.58,-108.4,US
Brachiosaurus,152.21,145.06,38.58,-108.4,US
Hesperornis,83.6,72.2,69.39,-128.14,CA
Datousaurus,174.7,161.5,29.61,104.19,CN
Shunosaurus,174.7,161.5,29.61,104.19,CN
Omeisaurus,174.7,161.5,29.61,104.19,CN
Rapetosaurus krausei,100.5,66.0,-15.9,46.6,MG
Demandasaurus darwini,125.77,119.57,42.02,-3.28,ES
Vectidromeus insularis,143.1,100.5,50.67,-1.33,UK
Galeamopus pabsti,154.8,143.1,42.02,-106.05,US
Neimengornis rectusmim,121.4,113.2,41.42,120.18,CN
Orkoraptor burkei,83.6,72.2,-49.85,-72.11,AR
Bustingorrytitan shiva,110.1,106.3,-39.21,-68.81,AR
Sidersaura marae,110.1,106.3,-39.32,-68.95,AR
Sidersaura marae,110.1,106.3,-39.36,-69.03,AR
Gandititan cavocaudatus,100.5,89.8,25.8,114.9,CN
Alamosaurus,83.6,66.0,33.13,-107.19,US
Eoneophron infernalis,72.2,66.0,44.71,-103.06,US
Acrocanthosaurus atokensis,119.57,113.2,39.07,-76.87,US
Sphaerotholus triregnum,72.2,66.0,47.05,-107.35,US
Sphaerotholus lyonsi,83.6,72.2,50.12,-111.47,CA
Sibirotitan,125.77,113.2,55.88,88.0,RU
Yuanchuavis kompsosoura,143.1,100.5,40.71,120.84,CN
Minqaria bata,72.2,66.0,32.83,-6.23,MA
Vectipelta barretti,139.1,137.05,50.63,-1.42,UK
Datai yingliangis,93.9,85.7,25.51,115.78,CN
Jingiella dongxingensis,154.8,149.2,21.55,107.97,CN
Thyreosaurus atlasicus,168.2,161.5,33.32,-4.71,MA
Titanomachya gimenezi,72.2,66.0,-42.96,-67.54,AR
Diamantinasaurus matildae,100.5,89.8,-22.08,143.51,AU
Diamantinasaurus matildae,100.5,89.8,-22.29,142.47,AU
Savannasaurus elliottorum,100.5,89.8,-22.29,142.47,AU
Wintonotitan wattsi,100.5,89.8,-26.68,142.59,AU
Wintonotitan wattsi,100.5,89.8,-22.08,143.51,AU
Wintonotitan wattsi,100.5,89.8,-22.35,143.09,AU
Wintonotitan wattsi,100.5,89.8,-22.15,142.54,AU
Diamantinasaurus matildae,100.5,89.8,-22.35,143.09,AU
Kiyacursor longipes,121.4,113.2,55.9,87.96,RU
Musankwa sanyatiensis,237.0,205.7,-16.73,28.7,ZW
Fulgurotherium australe,100.5,93.9,-29.43,147.98,AU
Diuqin lechiguanae,85.7,83.6,-38.56,-68.69,AR
Valdosaurus canaliculatus,125.77,121.4,50.66,-1.47,UK
Hesperonyx martinhotomasorum,152.21,149.2,39.22,-9.34,PT
Lophorhothon atopus,83.6,72.2,32.6,-87.68,US
Sinovenator changii,125.77,119.57,41.41,119.12,CN
Psittacosaurus,125.77,119.57,41.41,119.12,CN
Jeholosaurus,125.77,119.57,41.41,119.12,CN
Lokiceratops rangiformis,83.6,72.2,48.89,-110.74,US
Chakisaurus nekul,110.1,106.3,-39.4,-68.62,AR
Fona herzogae,100.5,93.9,38.7,-111.21,US
Fona herzogae,100.5,93.9,38.66,-111.23,US
Comptonatus chasei,125.77,121.4,50.66,-1.47,UK
Baiyinosaurus baojiensis,168.2,165.3,36.75,104.83,CN
Urbacodon norelli,83.6,72.2,43.81,112.2,CN
Harenadraco prima,83.6,72.2,43.54,99.6,MN
Tietasaura derbyiana,137.05,125.77,-12.9,-38.49,BR
Asiatyrannus xui,72.2,66.0,25.82,114.97,CN
Kaririavis mater,119.57,113.2,-7.11,-39.7,BR
Alpkarakush kyrgyzicus,165.3,161.5,41.34,72.19,KG
Fortipesavis prehendens,100.5,93.9,26.35,96.72,MM
Albertosaurus sarcophagus,72.2,66.0,51.67,-112.91,CA
Albertosaurus sarcophagus,83.6,66.0,51.54,-112.88,CA
Anodontosaurus lambei,72.2,66.0,51.67,-112.91,CA
Atrociraptor marshalli,72.2,66.0,51.67,-112.91,CA
Caletodraco cottardi,100.5,93.9,49.66,0.16,FR
Hypnovenator matsubaraetoheorum,113.2,106.3,35.08,135.16,JP
Qunkasaura pintiquiniestra,83.6,66.0,39.95,-2.02,ES
Sasayamagnomus saegusai,113.2,110.1,35.09,135.18,JP
Gorgosaurus libratus,83.6,72.2,47.72,-109.64,US
Dacentrurus armatus,152.21,143.1,40.35,-0.93,ES
Kunbarrasaurus,106.3,100.5,-23.12,140.58,AU
Emiliasaura alessandrii,137.05,132.6,-38.5,-70.26,AR
Nanosaurus agilis,152.21,145.06,38.54,-105.22,US
Maiasaura peeblesorum,83.6,72.2,47.71,-112.24,US
Achelousaurus horneri,83.6,72.2,48.97,-112.64,US
Agujaceratops mariscalensis,83.6,72.2,29.2,-103.63,US
Agujaceratops mariscalensis,83.6,72.2,29.16,-103.03,US
Agujaceratops,83.6,72.2,29.32,-103.52,US
Agujaceratops mariscalensis,83.6,72.2,29.14,-103.03,US
Agujaceratops mariscalensis,83.6,72.2,29.1,-103.12,US
Agujaceratops mariscalensis,83.6,72.2,29.32,-103.52,US
Agujaceratops mariscalensis,83.6,72.2,29.24,-103.61,US
Navaornis hestiae,83.6,66.0,-22.13,-51.38,BR
Talenkauen santacrucensis,83.6,72.2,-49.95,-72.05,AR
Dreadnoughtus schrani,83.6,72.2,-49.95,-72.05,AR
Orkoraptor burkei,83.6,72.2,-49.85,-72.11,AR
Huaxiazhoulong shouwen,83.6,72.2,27.5,116.67,CN
Carcharodontosaurus,100.5,93.9,-2.89,-44.67,BR
Sinosaurus triassicus,201.4,192.9,25.15,101.98,CN
Phuwiangosaurus sirindhornae,125.77,121.4,17.25,102.55,TH
Lishulong wangi,199.5,174.7,34.12,111.97,CN
Yanbeilong ultimus,113.2,100.5,39.89,112.76,CN
Triceratops,72.2,66.0,47.53,-106.97,US
Stegoceras,83.6,72.2,29.23,-103.64,US
Yuanyanglong bainian,121.4,100.5,40.27,105.75,CN
Riojavenatrix lacustris,121.4,119.57,42.05,-2.03,ES
Allosaurus anax,152.21,143.1,36.9,-102.83,US
Allosaurus,152.21,143.1,36.9,-102.83,US
Brachiosaurus,152.21,145.06,38.54,-105.22,US
Camarasaurus,154.8,143.1,46.85,-108.79,US
Hesperosaurus,154.8,143.1,46.85,-108.79,US
Haplocanthosaurus,154.8,143.1,46.84,-108.77,US
Camptosaurus,154.8,143.1,46.87,-108.79,US
Suuwassea,154.8,143.1,46.88,-108.87,US
Skorpiovenator bustingorryi,110.1,106.3,-39.25,-68.83,AR
Troodon,83.6,72.2,49.36,-112.5,CA
Troodon,83.6,72.2,49.28,-112.58,CA
Baminornis zhenghensis,152.21,145.06,27.15,119.0,CN
Archaeocursor asiaticus,199.5,184.2,29.75,106.58,CN
Coahuilasaurus lipani,83.6,72.2,25.57,-101.33,MX
Qianjiangsaurus changshengi,100.5,66.0,29.45,108.8,CN
Velociraptor mongoliensis,83.6,72.2,43.66,100.9,MN
Labocania aguillonae,83.6,72.2,25.54,-101.36,MX
Daspletosaurus,83.6,72.2,50.81,-111.63,CA
Daspletosaurus,83.6,72.2,50.83,-111.59,CA
Triceratops,72.2,66.0,43.49,-104.46,US
Magyarosaurus dacus,72.2,66.0,45.61,22.78,RO
Magyarosaurus dacus,72.2,66.0,45.49,23.09,RO
Chadititan calvoi,83.6,72.2,-39.38,-67.69,AR
Tyrannosaurus rex,72.2,66.0,45.98,-105.04,US
Hypsilophodon,149.2,143.1,39.35,-9.32,PT
Valdosaurus canaliculatus,125.77,121.4,50.64,-1.43,UK
Iguanodon,137.05,132.6,51.01,-0.15,UK
Iguanodon,132.6,121.4,50.86,0.55,UK
Owenodon,143.1,137.05,46.95,22.4,RO
Mantellisaurus,143.1,137.05,46.95,22.4,RO
Duonychus tsogtbaatari,100.5,83.6,43.45,107.4,MN
Conchoraptor gracilis,83.6,72.2,43.49,101.15,MN
Herrerasaurus ischigualastensis,237.0,227.3,-30.13,-68.28,AR
Kank australis,72.2,66.0,-50.52,-72.56,AR
Allosaurus,154.8,143.1,32.92,-109.02,US
Utahraptor,137.05,132.6,38.43,-110.79,US
Allosaurus,154.8,143.1,44.13,-107.53,US
Camarasaurus,154.8,143.1,44.13,-107.53,US
Stokesosaurus clevelandi,154.8,143.1,44.13,-107.53,US
Apatosaurus,157.9,152.21,44.05,-107.46,US
Stokesosaurus,154.8,143.1,44.13,-107.53,US
Allosaurus,154.8,143.1,44.13,-107.53,US
Enigmacursor mollyborthwickae,154.8,143.1,40.26,-108.73,US
Imparavis attenboroughi,121.4,119.57,40.56,119.57,CN
Tongnanlong zhimingi,161.5,143.1,30.18,105.8,CN
Hesperornis regalis,83.6,72.2,49.33,-98.3,CA
Kulindadromeus zabaikalicus,168.2,165.3,52.52,116.72,RU
Kulindadromeus zabaikalicus,168.2,165.3,52.52,116.72,RU
Timimus,100.5,93.9,-29.47,147.76,AU
Protoceratops andrewsi,83.6,72.2,44.15,103.72,MN
Gremlin slobodorum,83.6,72.2,48.5,-112.52,US
Gremlin slobodorum,83.6,72.2,49.08,-110.86,CA
Gryposaurus,83.6,72.2,50.74,-111.52,CA
Tarbosaurus,72.2,66.0,43.6,100.45,MN
Huashanosaurus qini,201.4,161.5,22.11,107.25,CN
Massospondylus,201.4,192.9,-29.85,27.27,LS
Joaquinraptor casali,72.2,66.0,-45.62,-68.44,AR
Psittacosaurus amitabha,132.6,121.4,44.75,101.87,MN
Angolatitan adamastor,89.8,85.7,-8.28,13.34,AO
Huayracursor jaguensis,237.0,205.7,-28.5,-68.75,AR
Anteavis crurilongus,237.0,227.3,-30.07,-67.93,AR
Athenar bermani,149.2,145.06,40.44,-109.3,US
Ardetosaurus viator,154.8,149.2,44.65,-107.82,US
Cariocecus bocagei,125.77,121.4,38.41,-9.22,PT
Ahshislesaurus wimani,83.6,72.2,36.51,-108.32,US
Zavacephale rinpoche,119.57,100.5,45.85,108.45,MN
Rocasaurus,72.2,66.0,-39.51,-67.38,AR
Istiorachis macarthurae,132.6,121.4,50.63,-1.4,UK
Richardoestesia isosceles,85.7,72.2,37.57,-113.43,US
Richardoestesia gilmorei,85.7,72.2,37.9,-112.74,US
Edmontosaurus regalis,72.2,66.0,51.61,-112.88,CA
Hypacrosaurus altispinus,72.2,66.0,51.86,-113.03,CA
Saurolophus,72.2,66.0,51.75,-112.96,CA
Saurolophus,72.2,66.0,51.78,-112.96,CA
Hypacrosaurus,72.2,66.0,51.78,-112.96,CA
Hypacrosaurus,83.6,66.0,51.82,-112.98,CA
Saurolophus osborni,72.2,66.0,51.82,-112.98,CA
Saurolophus,72.2,66.0,51.8,-112.96,CA
Saurolophus,83.6,66.0,51.79,-113.01,CA
Saurolophus,83.6,66.0,51.79,-113.01,CA
Saurolophus,72.2,66.0,51.7,-112.93,CA
Lambeosaurus lambei,83.6,72.2,50.6,-111.62,CA
Corythosaurus,83.6,72.2,50.6,-111.62,CA
Corythosaurus,83.6,72.2,50.6,-111.62,CA
Gorgosaurus libratus,83.6,72.2,50.6,-111.62,CA
Hypacrosaurus altispinus,83.6,72.2,50.6,-111.62,CA
Saurolophus,83.6,72.2,50.69,-111.62,CA
Struthiomimus altus,83.6,72.2,50.75,-111.49,CA
Corythosaurus,83.6,72.2,50.65,-111.62,CA
Yeneen houssayi,85.7,83.6,-37.59,-69.32,AR
Thecodontosaurus,237.0,201.4,51.02,-3.05,UK
Dromaeosaurus,93.9,89.8,45.2,-96.51,US
Vitosaura colozacani,83.6,72.2,-30.55,-66.53,AR
Arcovenator,83.6,72.2,42.66,-2.63,ES
Richardoestesia,83.6,72.2,39.93,-108.82,US
Paronychodon,83.6,72.2,39.93,-108.82,US
Paronychodon,72.2,66.0,52.0,-112.88,CA
Yurgovuchia,139.1,132.6,38.73,-109.59,US
Allosaurus,152.21,145.06,39.85,-8.62,PT
Xenovenator espinosai,83.6,72.2,25.54,-101.36,MX
Xenovenator espinosai,83.6,72.2,25.61,-101.98,MX
Heterodontosaurus tucki,201.4,192.9,-28.98,27.37,ZA
Lesothosaurus diagnosticus,201.4,192.9,-28.98,27.37,ZA
Centrosaurus,83.6,72.2,50.51,-110.39,CA
Centrosaurus,83.6,72.2,50.51,-110.39,CA
Centrosaurus,83.6,72.2,50.51,-110.39,CA
Centrosaurus,83.6,72.2,50.51,-110.39,CA
Centrosaurus apertus,83.6,72.2,50.51,-110.39,CA
Centrosaurus,83.6,72.2,50.51,-110.39,CA
Centrosaurus apertus,83.6,72.2,50.83,-111.6,CA
Centrosaurus apertus,83.6,72.2,50.73,-111.56,CA
Manidens condorensis,184.2,170.9,-43.42,-69.17,AR
Allosaurus,154.8,143.1,41.9,-106.08,US
Camarasaurus,154.8,143.1,41.9,-106.08,US
Apatosaurus,154.8,143.1,41.9,-106.08,US
Paronychodon,85.7,83.6,49.1,-111.8,CA
Richardoestesia isosceles,85.7,83.6,49.1,-111.8,CA
Paronychodon,85.7,83.6,49.1,-111.8,CA
Richardoestesia gilmorei,85.7,83.6,49.1,-111.8,CA
Richardoestesia isosceles,85.7,83.6,49.1,-111.8,CA
Richardoestesia gilmorei,85.7,83.6,49.1,-111.8,CA
Richardoestesia isosceles,85.7,83.6,49.1,-111.8,CA
Zapsalis,85.7,83.6,49.1,-111.8,CA
Paronychodon,85.7,83.6,49.1,-111.8,CA
Richardoestesia gilmorei,85.7,83.6,49.1,-111.8,CA
Richardoestesia isosceles,85.7,83.6,49.1,-111.8,CA
Zapsalis,85.7,83.6,49.1,-111.8,CA
Paronychodon,85.7,83.6,49.1,-111.8,CA
Richardoestesia gilmorei,85.7,83.6,49.1,-111.8,CA
Richardoestesia isosceles,85.7,83.6,49.1,-111.8,CA
Paronychodon,85.7,83.6,49.1,-111.8,CA
Richardoestesia gilmorei,85.7,83.6,49.1,-111.8,CA
Richardoestesia isosceles,85.7,83.6,49.1,-111.8,CA
Zapsalis,85.7,83.6,49.1,-111.8,CA
Paronychodon,85.7,83.6,49.1,-111.8,CA
Richardoestesia gilmorei,85.7,83.6,49.1,-111.8,CA
Richardoestesia isosceles,85.7,83.6,49.1,-111.8,CA
Paronychodon,85.7,83.6,49.1,-111.8,CA
Richardoestesia gilmorei,85.7,83.6,49.1,-111.8,CA
Richardoestesia isosceles,85.7,83.6,49.1,-111.8,CA
Zapsalis,85.7,83.6,49.1,-111.8,CA
Paronychodon,85.7,83.6,49.1,-111.8,CA
Richardoestesia gilmorei,85.7,83.6,49.1,-111.8,CA
Richardoestesia isosceles,85.7,83.6,49.1,-111.8,CA
Richardoestesia gilmorei,85.7,83.6,49.1,-111.8,CA
Paronychodon,85.7,83.6,49.1,-111.8,CA
Richardoestesia gilmorei,85.7,83.6,49.1,-111.8,CA
Richardoestesia isosceles,85.7,83.6,49.1,-111.8,CA
Richardoestesia gilmorei,85.7,83.6,49.1,-111.8,CA
Richardoestesia isosceles,85.7,83.6,49.1,-111.8,CA
Richardoestesia gilmorei,85.7,83.6,49.1,-111.8,CA
Richardoestesia isosceles,85.7,83.6,49.1,-111.8,CA
Richardoestesia gilmorei,85.7,83.6,49.1,-111.8,CA
Richardoestesia isosceles,85.7,83.6,49.1,-111.8,CA
Richardoestesia gilmorei,85.7,83.6,49.1,-111.8,CA
Richardoestesia isosceles,85.7,83.6,49.1,-111.8,CA
Richardoestesia gilmorei,85.7,83.6,49.1,-111.8,CA
Richardoestesia isosceles,85.7,83.6,49.1,-111.8,CA
Richardoestesia gilmorei,85.7,83.6,49.1,-111.8,CA
Richardoestesia isosceles,85.7,83.6,49.1,-111.8,CA
Zapsalis,85.7,83.6,49.1,-111.8,CA
Richardoestesia gilmorei,85.7,83.6,49.1,-111.8,CA
Richardoestesia isosceles,85.7,83.6,49.1,-111.8,CA
Tarbosaurus,72.2,66.0,43.86,99.97,MN
Saurolophus,72.2,66.0,43.86,99.97,MN
Tarbosaurus,72.2,66.0,43.99,101.28,MN
Tarbosaurus,72.2,66.0,43.5,100.33,MN
Deinocheirus mirificus,72.2,66.0,43.5,100.33,MN
Gallimimus,72.2,66.0,43.59,100.47,MN
Tarbosaurus,72.2,66.0,43.47,99.83,MN
Gobipteryx,83.6,72.2,43.49,99.83,MN
Prenocephale,83.6,72.2,43.49,99.83,MN
Yamaceratops,85.7,72.2,44.35,109.35,MN
Talarurus,100.5,83.6,44.3,109.2,MN
Saurolophus,72.2,66.0,43.85,100.14,MN
Tarbosaurus,72.2,66.0,43.85,100.14,MN
Gallimimus,72.2,66.0,43.85,100.14,MN
Barsboldia,72.2,66.0,43.48,100.36,MN
Tarbosaurus,72.2,66.0,43.87,100.01,MN
Saurolophus,72.2,66.0,43.87,100.01,MN
Doolysaurus huhmini,113.2,93.9,34.83,126.37,KR
Haolong dongi,125.77,121.4,40.68,119.67,CN
Edmontosaurus regalis,83.6,66.0,51.69,-112.92,CA
Brontotholus harmoni,83.6,72.2,48.97,-112.64,US
Brontotholus harmoni,83.6,72.2,48.91,-112.64,US
Brontotholus,83.6,72.2,48.48,-112.35,US
Brontotholus harmoni,83.6,72.2,49.07,-110.45,CA
Kryptohadros kallaiae,72.2,66.0,45.62,22.79,RO
Wudingloong wui,201.4,192.9,26.0,102.17,CN
Mamenchisaurus sanjiangensis,161.5,154.8,30.18,106.21,CN
Bicharracosaurus dionidei,161.5,149.2,-43.21,-69.11,AR
Gongshuilong fanwei,72.2,66.0,25.82,114.97,CN
Xingxiulong yueorum,201.4,174.7,25.2,102.14,CN
Pulaosaurus qinglong,165.3,154.8,40.48,119.37,CN
Jinchuanloong niedu,168.2,165.3,38.34,102.18,CN
Yuanmouraptor jinshajiangensis,174.7,168.2,26.0,101.86,CN
Spinosaurus mirabilis,100.5,93.9,16.97,8.07,NE
Spinosaurus mirabilis,100.5,93.9,17.08,7.82,NE
Xiangyunloong fengming,201.4,174.7,25.33,100.76,CN
Sinosauropteryx lingyuanensis,125.77,121.4,41.16,119.29,CN
Huadanosaurus sinensis,125.77,121.4,41.16,119.29,CN
Kunpengornis anhuimusei,121.4,113.2,40.65,119.69,CN
Ptychotherates bucculentus,205.7,201.4,36.33,-106.47,US
Neobohaiornis lamadongensis,121.4,113.2,40.65,119.69,CN
Chromeornis funkyi,121.4,113.2,40.65,119.69,CN
Ahvaytum bahndooiveche,237.0,227.3,43.57,-109.45,US
Phosphatotitan khouribgaensis,72.2,66.0,32.83,-6.23,MA
Stegosaurus,125.77,113.2,35.79,103.78,CN
Dasosaurus tocantinensis,119.57,113.2,-5.56,-47.43,BR
Kank australis,72.2,66.0,-50.51,-72.56,AR
Mexidracon longimanus,83.6,72.2,25.51,-101.66,MX
Taleta taleta,72.2,66.0,32.83,-6.23,MA
Edmontosaurus annectens,72.2,66.0,47.1,-104.65,US
Uragasaurus kalasinensis,149.2,137.05,16.65,102.25,TH
Zhengheornis buyu,152.21,145.06,27.15,119.0,CN
Antarctosaurus,89.8,66.0,-22.05,-51.48,BR
Tyrannosaurus rex,72.2,66.0,46.95,-107.24,US
Richardoestesia,72.2,66.0,45.62,22.78,RO
Plesiolophus warnerensis,83.6,72.2,49.29,-112.21,CA
Jian changmaensis,121.4,113.2,39.86,96.78,CN
Ceratocaudia antiqua,201.4,168.2,23.91,70.44,IN
Changzhousaurus sinensis,121.4,113.2,40.65,119.69,CN
Mesetasaurus protector,85.7,72.2,-31.62,-57.99,UY
Judiceratops tigris,83.6,72.2,48.93,-110.61,US
Centrosaurus,83.6,72.2,50.41,-110.29,CA
Kayrasaurus changliensis,125.77,119.57,42.02,125.06,CN
