name,discovered,method,orbit_days,radius_earths,distance_ly
HD 2039 b,2002,Radial Velocity,1120.0,12.7,279.5
HAT-P-8 b,2008,Transit,3.0763,15.69,690.0
K2-43 b,2016,Transit,3.4711,4.51,595.4
Kepler-1753 b,2021,Transit,16.005,2.23,2308.2
Kepler-1176 b,2016,Transit,24.174,2.45,2820.3
K2-126 b,2017,Transit,7.3857,1.97,335.8
Kepler-1263 b,2016,Transit,4.5514,1.14,2168.4
Kepler-1416 b,2016,Transit,1.4951,0.88,3097.1
Kepler-1542 c,2016,Transit,2.8922,0.65,1301.7
K2-85 b,2016,Transit,0.68454,1.4,317.1
Kepler-368 c,2014,Transit,72.379,3.88,2514.6
K2-123 b,2017,Transit,30.952,2.76,526.9
Kepler-770 b,2016,Transit,18.925,2.3,3034.7
Kepler-1399 b,2016,Transit,1.6387,1.25,4519.5
Kepler-723 b,2016,Transit,4.0823,12.19,3495.7
K2-107 b,2017,Transit,3.314,15.98,2234.8
K2-45 b,2016,Transit,1.7293,6.71,1615.5
K2-365 b,2022,Transit,23.448,2.91,610.6
K2-127 b,2017,Transit,3.5882,8.37,2315.7
K2-195 b,2018,Transit,15.853,3.13,1027.4
K2-80 c,2016,Transit,5.605,1.47,654.9
K2-229 c,2018,Transit,8.3273,2.03,334.5
HAT-P-3 b,2007,Transit,2.8997,10.54,438.9
WASP-32 b,2010,Transit,2.7187,10.76,900.2
WASP-24 b,2010,Transit,2.3412,15.47,1050.6
Kepler-65 c,2012,Transit,5.8599,2.58,990.6
TrES-2 b,2006,Transit,2.4706,15.24,702.3
Kepler-939 b,2016,Transit,14.878,1.75,6828.5
Kepler-1028 b,2016,Transit,2.5146,1.33,1982.8
HAT-P-67 b,2017,Transit,4.8101,23.99,1212.3
Kepler-1101 b,2016,Transit,81.315,2.47,2421.6
Kepler-1388 b,2016,Transit,12.285,2.59,1480.1
Kepler-768 b,2016,Transit,11.391,1.79,2558.9
Kepler-796 b,2016,Transit,6.4009,1.3,2666.6
Kepler-110 b,2014,Transit,12.691,1.83,1913.0
Kepler-1042 b,2016,Transit,10.132,2.19,2149.4
Kepler-334 c,2014,Transit,12.758,1.43,1391.3
Kepler-937 b,2016,Transit,67.669,3.72,5125.4
Kepler-1117 b,2016,Transit,4.7903,1.11,1854.2
Kepler-1789 b,2021,Transit,80.232,2.83,1994.3
Kepler-1831 b,2021,Transit,5.7839,1.97,3436.0
Kepler-1245 b,2016,Transit,4.3541,1.44,2628.6
Kepler-114 b,2014,Transit,5.1885,1.26,846.5
Kepler-1105 b,2016,Transit,4.4216,2.01,1037.2
Kepler-187 b,2014,Transit,4.9389,1.41,3728.0
Kepler-1379 b,2016,Transit,0.88184,1.3,3168.0
Kepler-304 c,2014,Transit,5.3159,2.17,1417.7
Kepler-1291 b,2016,Transit,8.6304,1.66,2926.8
Kepler-304 e,2016,Transit,1.4991,1.2,1417.7
Kepler-461 b,2016,Transit,8.3138,2.58,2257.5
Kepler-1894 b,2021,Transit,2.7627,1.2,3050.2
Kepler-576 b,2016,Transit,29.911,3.27,2014.2
Kepler-1893 b,2021,Transit,4.1794,1.71,3427.0
Kepler-1601 b,2016,Transit,2.2092,0.82,2101.9
Kepler-1922 b,2021,Transit,13.223,2.29,4384.5
HD 80653 b,2020,Transit,0.71958,1.62,358.3
Kepler-1542 d,2016,Transit,5.9927,0.87,1301.7
Kepler-666 b,2016,Transit,4.4988,2.4,4920.7
Kepler-211 c,2014,Transit,6.0404,1.29,1009.0
Kepler-203 c,2014,Transit,5.3706,2.47,2293.9
GJ 674 b,2007,Radial Velocity,4.6938,3.33,14.8
OGLE-TR-182 b,2007,Transit,3.9791,12.67,8159.6
HD 69830 c,2006,Radial Velocity,31.56,3.46,41.0
GJ 3021 b,2000,Radial Velocity,133.71,13.1,57.3
HD 221287 b,2007,Radial Velocity,456.1,13.1,182.4
HD 47536 b,2002,Radial Velocity,712.13,12.6,399.7
HD 107148 b,2005,Radial Velocity,48.056,9.6,161.2
HD 179949 b,2000,Radial Velocity,3.0925,13.9,89.6
HD 188015 b,2004,Radial Velocity,461.2,13.6,165.3
HD 27442 b,2000,Radial Velocity,428.1,13.5,59.6
HD 46375 b,2000,Radial Velocity,3.0236,10.0,96.4
HAT-P-2 b,2007,Transit,5.6335,10.66,416.7
HD 109749 b,2005,Radial Velocity,5.2399,11.1,205.7
HD 149143 b,2005,Radial Velocity,4.0718,13.6,239.0
HD 224693 b,2006,Radial Velocity,26.69,14.0,305.0
HD 231701 b,2007,Radial Velocity,141.63,13.7,355.1
HIP 14810 b,2005,Radial Velocity,6.6739,13.0,164.6
HIP 14810 d,2009,Radial Velocity,981.8,14.1,164.6
HD 207832 b,2012,Radial Velocity,160.07,14.2,192.2
HD 37605 c,2012,Radial Velocity,2720.0,13.1,152.6
HD 1605 c,2015,Radial Velocity,2149.0,13.0,289.6
HD 55696 b,2018,Radial Velocity,1827.0,12.9,254.3
HD 148164 c,2018,Radial Velocity,5062.0,12.8,251.8
HD 211810 b,2018,Radial Velocity,1558.0,14.0,210.8
HD 221416 b,2019,Transit,14.277,9.17,311.6
Kepler-595 c,2020,Transit,12.386,1.01,2097.2
Kepler-595 b,2016,Transit,25.303,3.71,2097.2
PSR B1257+12 b,1994,Pulsar Timing,25.262,0.34,1956.9
PSR B1257+12 c,1992,Pulsar Timing,66.542,1.91,1956.9
OGLE-TR-211 b,2007,Transit,3.6772,15.24,4942.1
Lupus-TR-3 b,2007,Transit,3.9141,9.98,2522.5
2MASS J04414489+2301513 b,2010,Imaging,,12.6,392.8
WASP-21 b,2010,Transit,4.3225,11.99,842.9
CoRoT-10 b,2010,Transit,13.241,10.87,1103.7
CoRoT-12 b,2010,Transit,2.828,16.14,3673.7
CoRoT-13 b,2010,Transit,4.0352,9.92,3747.3
HD 285968 b,2008,Radial Velocity,8.7836,2.83,30.9
HD 205739 b,2008,Radial Velocity,279.8,13.6,301.7
CoRoT-3 b,2008,Transit,4.2568,11.32,2507.4
HD 16417 b,2008,Radial Velocity,17.24,5.0,82.8
AB Pic b,2005,Imaging,,12.3,163.2
CT Cha b,2007,Imaging,,24.66,622.0
HD 9446 b,2009,Radial Velocity,30.052,14.0,164.2
Kepler-4 b,2009,Transit,3.2135,4.0,1591.4
GJ 876 c,2000,Radial Velocity,30.088,14.0,15.2
HIP 79431 b,2009,Radial Velocity,111.7,13.4,47.4
TOI-907.01,2024,Transit,4.5849,9.62,1019.3
WASP-31 b,2010,Transit,3.4059,17.36,1251.9
24 Sex b,2010,Radial Velocity,452.8,13.4,235.1
WASP-37 b,2010,Transit,3.5775,13.0,1281.1
Kepler-9 d,2010,Transit,1.5929,1.64,2049.1
KOI-217 b,2010,Transit,3.9051,12.44,2983.3
HD 90156 b,2011,Radial Velocity,49.77,4.43,71.6
HD 177830 c,2010,Radial Velocity,110.9,7.87,204.7
ups And b,1996,Radial Velocity,4.617,14.0,43.7
ups And d,1999,Radial Velocity,1276.5,12.5,43.7
OGLE-2017-BLG-0373L b,2018,Microlensing,,14.0,19292.1
Kepler-1737 b,2021,Transit,64.618,5.4,
K2-269 b,2018,Transit,4.145,1.57,1176.6
TOI-1249 b,2024,Transit,13.079,3.27,455.0
Kepler-106 d,2014,Transit,23.98,0.95,1449.2
Kepler-1031 b,2016,Transit,1.2262,0.87,2227.3
CD-35 2722 B b,2026,Radial Velocity,171.11,13.9,
Kepler-948 b,2016,Transit,7.7685,1.85,2831.1
OGLE-2014-BLG-0319L b,2022,Microlensing,,14.1,25211.9
OGLE-2018-BLG-1011L b,2019,Microlensing,,13.5,23157.1
WASP-61 b,2012,Transit,3.8559,15.8,1593.8
KMT-2022-BLG-0303L b,2024,Microlensing,,14.2,21428.4
OGLE-2019-BLG-0954L b,2021,Microlensing,,12.3,11839.5
WASP-123 b,2016,Transit,2.9776,15.13,645.8
Kepler-1882 b,2021,Transit,13.787,1.49,1446.1
KOI-984 b,2022,Transit,4.2882,4.3,824.1
Kepler-1573 b,2016,Transit,2.6158,1.2,4746.7
Kepler-802 b,2016,Transit,40.059,3.54,2545.9
KMT-2023-BLG-1454L b,2024,Microlensing,,14.1,23548.5
Kepler-1440 b,2016,Transit,39.859,1.26,3637.8
WASP-130 b,2016,Transit,11.551,9.98,561.8
OGLE-2017-BLG-1049L b,2020,Microlensing,,12.8,18493.0
Kepler-949 b,2016,Transit,8.6893,2.91,1585.5
Kepler-1964 b,2021,Transit,2.4408,1.78,
KMT-2023-BLG-1592L b,2026,Microlensing,,14.1,23483.2
OGLE-2019-BLG-0362L b,2022,Microlensing,,13.1,19014.9
KMT-2017-BLG-1057L b,2024,Microlensing,,5.19,21200.1
KMT-2025-BLG-1616L b,2026,Microlensing,,7.34,24461.7
Wolf 327 b,2024,Transit,0.57347,1.24,93.1
Kepler-62 f,2013,Transit,267.29,1.41,981.3
WASP-53 c,2017,Radial Velocity,2840.0,,656.7
KMT-2023-BLG-1743L b,2024,Microlensing,,12.1,23254.9
TOI-5789 c,2026,Transit,12.928,2.86,66.7
MOA-2019-BLG-008L b,2022,Microlensing,,12.2,8806.2
OGLE-2016-BLG-1598L b,2024,Microlensing,,13.6,19275.8
OGLE-2017-BLG-1275L b,2024,Microlensing,,12.8,25081.4
HATS-44 b,2018,Transit,2.7439,11.96,1454.8
HD 160691 b,2000,Radial Velocity,645.0,,50.9
Kepler-132 b,2014,Transit,6.1782,1.21,1140.1
KMT-2021-BLG-0192L b,2022,Microlensing,,6.56,16699.2
Kepler-49 b,2012,Transit,7.2,2.58,1015.1
KMT-2016-BLG-2364L b,2020,Microlensing,,13.0,21004.4
Kepler-218 c,2014,Transit,44.7,3.14,2140.8
GJ 328 c,2023,Radial Velocity,241.8,4.91,66.9
K2-212 b,2018,Transit,9.7956,2.65,356.2
KMT-2022-BLG-1818L c,2026,Microlensing,,13.2,17286.3
Qatar-8 b,2019,Transit,3.7149,14.4,918.1
KMT-2018-BLG-0885L b,2023,Microlensing,,11.9,22472.1
KMT-2016-BLG-2321L b,2024,Microlensing,,13.8,11676.4
Kepler-74 b,2013,Transit,7.3407,10.76,3840.6
OGLE-2017-BLG-0482L b,2018,Microlensing,,2.95,18917.0
PSR B0329+54 b,2017,Pulsar Timing,10140.0,1.22,1646.9
K2-140 b,2017,Transit,6.5692,13.56,1134.8
HD 184010 c,2022,Radial Velocity,484.3,11.8,198.3
EPIC 201595106 b,2021,Transit,0.87724,1.56,757.0
TOI-1203 e,2025,Radial Velocity,204.59,7.31,212.0
Kepler-1503 b,2016,Transit,96.17,2.27,3997.3
Kepler-1781 b,2021,Transit,4.8875,2.38,3139.7
Kepler-57 c,2012,Transit,11.6,2.2,2100.9
Kepler-1124 b,2016,Transit,2.8523,1.28,945.5
Kepler-1581 b,2016,Transit,6.2839,0.8,1608.5
K2-136 c,2017,Transit,17.307,3.0,193.2
HD 39091 b,2001,Radial Velocity,2088.8,12.3,59.6
LHS 1815 b,2020,Transit,3.8143,1.09,97.3
Kepler-464 b,2016,Transit,7.257,3.3,2177.4
Kepler-1580 b,2016,Transit,56.645,2.11,3268.1
Kepler-198 d,2016,Transit,1.3118,1.53,1615.6
HD 50554 b,2002,Radial Velocity,1240.0,12.8,101.7
HD 73267 c,2022,Radial Velocity,17072.0,12.8,164.4
Kepler-580 b,2016,Transit,8.2224,2.57,1056.4
KOI-12 b,2015,Transit,17.855,13.79,1302.7
Kepler-637 b,2016,Transit,23.206,4.75,2563.9
HD 29985 b,2022,Radial Velocity,20608.0,12.8,102.0
HD 165155 b,2016,Radial Velocity,434.5,13.2,206.6
HD 22946 d,2023,Transit,47.425,2.61,204.8
Kepler-1697 b,2020,Transit,33.497,1.26,808.1
Kepler-674 b,2016,Transit,2.2434,1.69,1116.3
Kepler-873 b,2016,Transit,20.553,3.75,3855.9
Kepler-783 b,2016,Transit,4.2926,0.78,1683.3
HD 31527 c,2019,Radial Velocity,51.205,3.85,125.4
Kepler-1955 b,2021,Transit,14.265,1.17,1465.6
Kepler-1684 b,2020,Transit,47.706,2.87,2028.7
Kepler-322 c,2014,Transit,4.3372,1.67,1306.2
Qatar-5 b,2017,Transit,2.8792,12.41,1199.1
Kepler-399 c,2014,Transit,26.676,1.43,2415.3
DMPP-2 c,2026,Radial Velocity,3.168,8.26,449.9
TOI-1062 b,2021,Transit,4.113,2.26,268.0
TOI-1759 b,2022,Transit,18.85,3.14,130.7
TOI-2285 b,2021,Transit,13.635,1.77,138.3
Kepler-546 b,2016,Transit,4.147,7.0,3325.6
Kepler-682 b,2016,Transit,12.612,7.37,6455.4
TOI-220 b,2021,Transit,10.695,3.03,296.0
TOI-5624 f,2026,Transit Timing Variations,45.37,3.66,332.4
Kepler-242 b,2014,Transit,8.204,2.61,1957.7
Kepler-258 b,2014,Transit,13.197,4.06,1878.6
TOI-4898 b,2026,Transit,2.7652,3.72,321.6
Kepler-1292 b,2016,Transit,3.2765,1.82,4870.9
HD 128717 b,2025,Astrometry,3420.0,12.1,240.2
TOI-3278 b,2026,Transit,3.2465,13.9,2950.9
Kepler-103 b,2014,Transit,15.965,3.49,1613.9
TOI-4492 b,2026,Transit,4.4332,11.78,467.0
pi Men d,2022,Radial Velocity,124.64,3.72,59.6
Kepler-1058 b,2016,Transit,110.97,2.72,1604.7
Kepler-160 b,2014,Transit,4.3094,1.72,3056.1
Kepler-1365 b,2016,Transit,7.6999,0.92,2740.1
Kepler-346 c,2014,Transit,23.852,3.07,3209.7
Kepler-1489 b,2016,Transit,82.295,1.77,4184.7
Kepler-1126 b,2016,Transit,108.59,1.73,2073.5
Kepler-1914 b,2021,Transit,30.828,2.94,5288.8
HATS-43 b,2018,Transit,4.3888,13.23,1181.6
Kepler-685 b,2016,Transit,1.6255,10.58,3061.7
Kepler-1303 b,2016,Transit,7.5613,1.42,2928.2
Kepler-1016 b,2016,Transit,1.9545,2.18,4575.4
HIP 54373 c,2019,Radial Velocity,15.144,3.57,61.0
L 363-38 b,2023,Radial Velocity,8.781,2.0,33.4
HAT-P-46 b,2014,Transit,4.4631,14.39,948.3
K2-396 c,2022,Transit,25.761,3.12,896.5
TOI-1107 b,2022,Transit,4.0782,14.57,917.5
KOI-319 c,2014,Transit Timing Variations,80.099,11.9,2153.1
Kepler-1992 b,2023,Transit,15.611,0.91,1738.3
Kepler-134 b,2014,Transit,5.3174,2.0,1092.0
TOI-912 b,2025,Transit,4.6781,1.93,85.2
TOI-913 b,2023,Transit,11.099,2.45,212.6
TOI-1105 b,2026,Transit,10.868,3.06,259.4
Kepler-559 b,2016,Transit,17.588,3.61,2533.3
WASP-34 b,2010,Transit,4.3177,11.21,430.8
Kepler-1426 b,2016,Transit,14.256,1.56,5537.5
OGLE-2014-BLG-0676L b,2016,Microlensing,,13.1,6131.7
Kepler-156 b,2014,Transit,4.9735,2.3,1446.4
HATS-64 b,2018,Transit,4.9089,18.82,3523.0
Kepler-610 b,2016,Transit,6.9969,4.19,2758.7
TOI-2322 c,2025,Transit,20.226,1.87,195.2
TOI-2322 b,2025,Transit,11.307,0.99,195.2
Kepler-524 c,2016,Transit,1.889,0.96,3451.5
Kepler-398 c,2014,Transit,11.419,1.01,578.5
Kepler-1916 b,2021,Transit,31.254,2.62,6705.2
TIC 320419023 b,2026,Transit,5.2638,2.77,942.2
HD 108236 f,2021,Transit,29.541,2.02,210.7
Kepler-1617 b,2016,Transit,27.479,1.2,2929.9
HD 206893 c,2022,Imaging,2290.0,16.37,132.9
TOI-4527.01,2024,Transit,0.39944,0.91,59.0
K2-255 b,2018,Transit,1.9642,2.9,624.9
Kepler-1678 b,2020,Transit,147.97,3.3,2763.6
HD 224018 b,2025,Radial Velocity,10.641,0.91,344.0
Kepler-1334 b,2016,Transit,15.646,2.29,3989.0
Kepler-480 b,2016,Transit,4.9196,2.78,2764.2
Kepler-1382 b,2016,Transit,16.358,1.88,2407.9
TOI-2068 b,2024,Transit,7.7689,1.82,172.6
Kepler-1030 b,2016,Transit,19.33,2.48,2474.6
HD 153950 b,2008,Radial Velocity,499.4,13.2,158.0
CoRoT-11 b,2010,Transit,2.9943,16.03,2136.4
TOI-286 c,2024,Transit,39.362,1.88,193.2
TOI-1806.01,2024,Transit,15.145,3.41,181.1
TOI-4443.01,2024,Transit,1.8499,1.72,182.9
K2-136 b,2017,Transit,7.9752,1.01,193.2
HAT-P-52 b,2015,Transit,2.7536,11.31,1177.9
TOI-4747 b,2026,Transit,5.2192,3.96,993.5
Kepler-891 b,2016,Transit,53.449,6.41,7633.9
Kepler-1159 b,2016,Transit,22.708,2.37,3958.6
HATS-18 b,2016,Transit,0.83784,14.9,2036.4
GJ 676 A e,2012,Radial Velocity,35.474,2.47,52.3
Kepler-48 c,2012,Transit,9.6739,2.71,1000.4
Kepler-889 b,2016,Transit,3.7444,1.09,1951.4
HR 2562 b,2016,Imaging,,12.44,110.9
Kepler-1804 b,2021,Transit,12.288,1.6,1417.0
Kepler-1188 b,2016,Transit,17.137,2.08,5601.7
HD 21411 b,2019,Radial Velocity,84.288,9.52,95.0
Kepler-1281 b,2016,Transit,3.116,1.64,3555.1
Kepler-128 b,2013,Transit,15.0,1.42,1292.8
Kepler-1693 b,2020,Transit,12.1,1.29,2479.0
Kepler-104 b,2014,Transit,11.428,3.1,1307.2
Kepler-1849 b,2021,Transit,57.293,2.39,2060.9
Kepler-1036 b,2016,Transit,122.88,3.01,1596.3
Kepler-419 c,2014,Transit Timing Variations,675.47,12.6,3298.6
2MASS J22362452+4751425 b,2016,Imaging,,12.3,226.9
Kepler-1191 b,2016,Transit,5.6001,1.51,3116.5
Kepler-511 c,2021,Transit,26.629,4.21,2126.5
XO-5 b,2008,Transit,4.1878,12.78,900.9
Kepler-1825 b,2021,Transit,1.0259,1.42,1403.3
Kepler-1074 b,2016,Transit,5.9457,1.25,818.1
pi Men c,2018,Transit,6.2678,2.02,59.6
TIC 183374187 b,2026,Transit,5.0591,14.03,3942.4
GJ 1061 d,2020,Radial Velocity,13.066,1.16,12.0
Kepler-1987 d,2023,Transit,5.6449,2.66,1942.9
Kepler-245 b,2014,Transit,7.4902,2.57,2809.9
Kepler-131 c,2014,Transit,25.517,0.84,745.8
Kepler-144 c,2014,Transit,10.105,1.35,1255.4
HD 93385 c,2021,Radial Velocity,13.18,2.56,141.4
Kepler-431 c,2015,Transit,8.703,0.67,1586.9
HD 106270 b,2011,Radial Velocity,1888.0,12.4,306.0
TOI-5720 b,2024,Transit,1.4345,1.09,116.8
Kepler-203 d,2014,Transit,11.33,1.44,2293.9
Kepler-230 c,2014,Transit,91.773,2.04,2416.0
Kepler-1091 b,2016,Transit,1.4347,1.46,2982.0
Kepler-1129 b,2016,Transit,24.34,2.96,3861.3
Kepler-472 b,2016,Transit,4.1763,3.22,1000.0
Kepler-1275 b,2016,Transit,3.6569,1.48,3763.8
Kepler-1690 b,2020,Transit,234.64,2.81,2295.5
HD 75898 c,2024,Radial Velocity,6717.0,12.6,254.6
K2-386 b,2022,Transit,7.4732,2.32,1398.5
TOI-7510 c,2025,Transit,22.569,10.81,812.1
Kepler-718 b,2016,Transit,2.0523,16.56,4247.6
Kepler-1342 b,2016,Transit,2.2157,1.66,2905.1
WASP-174 b,2018,Transit,4.2337,16.11,1337.7
Kepler-1713 b,2021,Transit,18.012,1.72,963.1
Kepler-1121 b,2016,Transit,13.151,1.91,1572.2
Kepler-197 c,2014,Transit,10.35,1.23,1078.2
TOI-1294 b,2024,Transit,3.9153,10.12,1085.0
Kepler-1195 b,2016,Transit,8.4964,2.08,2996.0
GJ 328 b,2013,Radial Velocity,3771.0,13.3,66.9
EPIC 212737443 c,2019,Transit,65.55,2.69,1096.7
Kepler-1783 b,2021,Transit,8.2774,1.32,861.3
HD 50499 c,2019,Radial Velocity,8619.9,13.2,151.0
Kepler-874 b,2016,Transit,40.069,3.94,3529.5
Kepler-235 b,2014,Transit,3.3402,2.23,1396.0
HD 98219 b,2011,Radial Velocity,433.8,13.4,370.9
Kepler-625 b,2016,Transit,7.7519,1.99,2481.1
Kepler-1178 b,2016,Transit,31.806,1.07,1573.0
K2-407 b,2022,Transit,4.9419,1.28,712.2
KOI-351 b,2013,Transit,7.0082,1.31,2766.6
WASP-151 b,2017,Transit,4.5335,13.31,1477.8
K2-289 b,2019,Transit,13.157,9.1,894.6
GJ 1002 b,2022,Radial Velocity,10.347,1.03,15.8
Kepler-1143 c,2016,Transit,210.63,3.6,1810.8
TOI-2587 A b,2023,Transit,5.4566,12.07,1218.8
Kepler-1154 b,2016,Transit,5.1856,2.34,4762.2
Kepler-60 b,2012,Transit,7.1334,1.71,3343.4
Kepler-85 c,2012,Transit,12.51,1.98,2495.2
TOI-2081 b,2022,Transit,10.505,2.04,203.3
Kepler-1780 b,2021,Transit,109.44,3.61,2578.3
Kepler-1818 b,2021,Transit,4.6449,1.71,3374.4
TOI-871 b,2024,Transit,14.363,1.66,221.9
GJ 251 c,2025,Radial Velocity,53.647,1.8,18.2
Kepler-1518 c,2023,Transit,9.631,2.9,2946.9
Kepler-1718 b,2021,Transit,135.19,2.57,1224.8
TOI-4914 b,2024,Transit,10.601,12.87,978.1
USco1556 b,2019,Imaging,,12.3,458.7
Kepler-109 c,2014,Transit,21.223,2.65,1548.8
Kepler-101 c,2014,Transit,6.0298,1.25,3026.7
Kepler-1200 b,2016,Transit,1.1185,1.06,1920.1
NY Vir b,2011,Eclipse Timing Variations,3160.0,13.3,1774.4
TOI-4137 b,2022,Transit,3.8016,13.57,1092.6
Kepler-1630 b,2016,Transit,510.0,2.19,1080.3
Kepler-475 b,2016,Transit,3.1055,2.49,913.5
Kepler-1978 b,2023,Transit,10.85,2.67,2822.9
Kepler-1836 b,2021,Transit,5.2542,2.55,4803.0
Kepler-887 c,2016,Transit,7.6385,1.13,2891.7
Kepler-350 c,2013,Transit,17.849,3.1,3120.9
Kepler-816 b,2016,Transit,10.507,10.24,3208.4
HD 51608 b,2019,Radial Velocity,14.073,3.62,114.3
HD 125390 b,2019,Radial Velocity,1757.4,11.9,501.1
Kepler-1947 b,2021,Transit,6.9636,1.01,1528.9
Kepler-81 d,2014,Transit,20.838,1.21,1136.0
Kepler-1827 b,2021,Transit,3.7006,1.86,2238.9
TOI-1768.01,2024,Transit,7.3377,3.45,514.0
HIP 10090 c,2026,Radial Velocity,321.82,13.9,268.7
Kepler-855 b,2016,Transit,7.8866,8.35,4913.8
TOI-205 b,2026,Transit,4.253,2.5,579.8
Kepler-1886 b,2021,Transit,24.276,2.58,3455.7
Kepler-279 c,2013,Transit,35.736,4.3,3383.5
TOI-1839 b,2026,Transit,1.4238,2.27,378.6
TOI-1839 c,2026,Transit,4.0239,2.5,378.6
KMT-2023-BLG-1810L b,2026,Microlensing,,12.6,22830.9
KMT-2023-BLG-0084L b,2026,Microlensing,,13.3,13046.2
K2-401 b,2022,Transit,6.2931,2.26,654.7
TOI-3807 b,2023,Transit,2.899,18.49,1375.5
Kepler-931 b,2016,Transit,8.0376,1.33,1598.2
TOI-286 b,2024,Transit,4.5117,1.42,193.2
Kepler-106 e,2014,Transit,43.844,2.56,1449.2
GSC 06214-00210 b,2010,Imaging,,20.18,353.9
HD 89839 b,2023,Radial Velocity,3391.2,12.8,186.9
Kepler-520 b,2016,Transit,19.674,1.66,2034.9
Kepler-19 b,2011,Transit,9.287,2.21,712.9
Kepler-1102 b,2016,Transit,51.329,2.66,4064.1
Kepler-371 c,2014,Transit,67.968,1.78,2652.3
K2-338 b,2021,Transit,3.8506,1.03,511.9
KELT-16 b,2017,Transit,0.969,15.86,1450.0
Kepler-1681 b,2020,Transit,69.896,2.55,2473.2
TOI-544 c,2023,Radial Velocity,50.089,4.92,134.1
Kepler-251 d,2014,Transit,30.133,2.77,3015.7
HD 180902 b,2009,Radial Velocity,510.9,13.5,341.1
TOI-5624 e,2026,Transit,21.49,3.25,332.4
KOINTREAU-1 b,2026,Imaging,,12.4,517.3
K2-414 c,2022,Transit,6.669,1.93,848.1
Kepler-1154 c,2016,Transit,8.4581,2.36,4762.2
Kepler-863 b,2016,Transit,15.595,2.9,4891.2
Kepler-278 c,2014,Transit,51.111,3.27,1445.0
GJ 180 d,2020,Radial Velocity,106.3,2.66,38.9
K2-86 b,2016,Transit,8.7768,1.96,843.8
HD 196050 b,2002,Radial Velocity,1392.0,12.9,165.3
Kepler-564 b,2016,Transit,3.7508,4.63,2814.8
Kepler-878 b,2016,Transit,25.942,1.93,2581.9
HD 120084 b,2013,Radial Velocity,2142.0,12.7,336.1
TOI-2384 b,2024,Transit,2.1357,11.49,624.6
Kepler-82 d,2014,Transit,2.383,1.77,2949.5
Kepler-338 b,2014,Transit,13.727,2.44,1803.0
KOI-884 e,2014,Transit Timing Variations,31.102,9.54,2164.7
K2-87 b,2016,Transit,9.7266,7.6,1602.2
Kepler-983 b,2016,Transit,60.086,2.36,2330.2
Kepler-1948 b,2021,Transit,15.571,1.03,632.4
Kepler-444 c,2015,Transit,4.5459,0.5,118.8
Kepler-1173 b,2016,Transit,0.76985,0.89,1229.8
HD 219077 b,2012,Radial Velocity,5478.7,12.5,95.2
Kepler-458 c,2016,Transit,20.74,4.2,5201.3
Kepler-1608 b,2016,Transit,16.474,1.73,2713.6
TOI-2093 b,2025,Radial Velocity,12.836,3.25,270.1
EPIC 212499991 b,2019,Transit,34.885,1.6,924.0
Kepler-759 b,2016,Transit,41.806,2.27,3501.2
Kepler-563 b,2016,Transit,22.184,3.09,1843.5
Kepler-296 f,2014,Transit,63.336,1.8,544.7
Kepler-534 b,2016,Transit,15.96,2.24,1861.2
TOI-512 b,2025,Transit,7.1889,1.54,219.8
HD 75784 b,2014,Radial Velocity,341.2,13.8,278.6
Kepler-172 c,2014,Transit,6.389,2.86,2702.5
Kepler-1340 b,2016,Transit,0.66503,1.55,3202.1
Kepler-1115 b,2016,Transit,23.554,1.7,3206.9
KIC 5437945 b,2015,Transit,440.78,6.4,4155.3
Kepler-1859 c,2023,Transit,3.5965,1.66,4342.0
Kepler-1201 b,2016,Transit,15.187,2.29,3079.7
Kepler-232 c,2014,Transit,11.379,3.83,4400.3
tau Cet g,2017,Radial Velocity,20.0,1.18,11.8
Kepler-151 b,2014,Transit,15.229,3.06,2119.7
TOI-201 b,2021,Transit,52.979,11.4,371.2
Kepler-207 d,2014,Transit,5.8681,3.31,2855.6
GJ 887 e,2026,Radial Velocity,4.4249,1.12,10.7
WASP-108 b,2020,Transit,2.6756,15.13,844.0
Kepler-1521 b,2016,Transit,47.148,2.5,675.1
Kepler-238 c,2014,Transit,6.1556,2.39,5866.7
GJ 676 A d,2012,Radial Velocity,3.6008,1.78,52.3
Kepler-620 b,2016,Transit,12.914,3.32,4420.3
TOI-2989 b,2025,Transit,3.1228,12.55,638.6
Kepler-349 c,2014,Transit,12.248,1.96,3068.2
Kepler-1231 b,2016,Transit,10.417,1.42,3219.9
Kepler-274 b,2014,Transit,11.635,1.54,4349.7
Kepler-832 b,2016,Transit,7.1397,2.06,5505.9
Kepler-1889 b,2021,Transit,37.304,2.94,4550.3
Kepler-988 b,2016,Transit,17.761,2.07,994.4
TOI-880 c,2025,Transit,6.3873,4.95,197.9
HD 12235 b,2022,Radial Velocity,4.3631,3.23,103.6
Kepler-444 f,2015,Transit,9.7405,0.74,118.8
GJ 887 c,2020,Radial Velocity,21.784,2.43,10.7
Kepler-524 b,2016,Transit,7.9742,1.91,3451.5
Kepler-1075 b,2016,Transit,1.5237,1.42,950.0
Kepler-368 b,2014,Transit,26.848,3.26,2514.6
Kepler-115 b,2014,Transit,2.4037,1.09,2033.9
Kepler-1735 b,2021,Transit,7.7179,1.19,800.1
TOI-1898 b,2024,Transit,45.522,9.4,259.8
Kepler-1130 c,2021,Transit,3.2666,0.79,813.2
HD 20782 b,2006,Radial Velocity,597.06,13.6,117.4
Kepler-1376 b,2016,Transit,5.3088,1.05,2831.2
Kepler-1190 b,2016,Transit,10.458,1.33,1117.1
Kepler-450 b,2015,Transit,28.455,6.14,1487.2
Kepler-758 d,2016,Transit,20.497,2.12,4899.9
HAT-P-47 b,2026,Transit,4.7322,14.72,920.1
HD 135625 b,2023,Radial Velocity,4055.0,13.3,184.3
TOI-2211.01,2024,Transit,3.0927,1.56,229.3
Kepler-124 b,2014,Transit,3.4105,0.73,1370.0
Kepler-1259 b,2016,Transit,0.66309,1.43,2627.4
TOI-1859 b,2023,Transit,63.483,9.75,731.8
TOI-1836 b,2024,Transit,20.381,8.0,625.1
Kepler-616 b,2016,Transit,9.9976,2.43,3084.7
HD 141399 e,2014,Radial Velocity,5000.0,14.1,120.7
Kepler-1008 b,2016,Transit,12.439,1.28,921.6
TOI-2133 b,2026,Transit,3.8266,2.37,245.3
Kepler-1979 b,2023,Transit,18.508,29.33,3510.3
TOI-2406 b,2021,Transit,3.0767,2.86,180.8
WASP-157 b,2016,Transit,3.9516,11.19,1089.5
Kepler-1183 b,2016,Transit,28.506,2.82,6259.6
Kepler-331 d,2014,Transit,32.134,1.64,1892.1
TOI-5322 b,2025,Transit,5.4233,16.61,1555.4
HD 457 b,2022,Radial Velocity,20325.0,11.9,179.5
HD 112640 b,2020,Radial Velocity,613.2,12.9,1054.6
Kepler-1647 b,2016,Transit,1107.6,11.87,3954.5
Kepler-1197 b,2016,Transit,2.0323,1.25,1588.2
HD 153557 b,2022,Radial Velocity,7.299,4.77,58.5
Kepler-1939 b,2021,Transit,2.7907,1.16,619.2
TIC 117642575 b,2026,Transit,4.9446,2.83,615.6
Kepler-621 b,2016,Transit,2.6281,2.3,1268.7
Kepler-1113 b,2016,Transit,42.3,2.81,3502.5
Kepler-142 b,2014,Transit,2.0242,1.99,1789.6
Kepler-662 b,2016,Transit,21.677,2.18,2660.2
Kepler-1336 c,2016,Transit,5.7772,1.71,3674.6
TOI-216.02,2019,Transit,17.161,8.0,580.4
Kepler-236 c,2014,Transit,23.968,2.0,941.8
HD 196067 b,2012,Radial Velocity,3413.7,12.4,130.2
Kepler-1210 b,2016,Transit,8.0712,1.7,3837.3
Kepler-91 b,2013,Transit,6.2466,15.32,4222.7
K2-290 b,2019,Transit,9.2117,3.06,890.1
Kepler-1766 b,2021,Transit,105.01,2.28,1634.8
HD 176986 c,2017,Radial Velocity,16.812,,90.6
K2-170 c,2018,Transit,12.4,1.8,1281.4
HD 72490 b,2018,Radial Velocity,858.0,13.5,412.1
HD 12661 c,2002,Radial Velocity,1708.0,13.2,123.4
Kepler-1061 b,2016,Transit,2.758,1.98,1772.3
Kepler-1904 b,2021,Transit,4.577,1.39,883.4
Kepler-473 b,2016,Transit,14.557,4.08,2954.8
HD 14787 b,2018,Radial Velocity,676.6,13.7,388.6
WASP-106 b,2014,Transit,9.2897,12.11,1148.7
TOI-6158 b,2026,Transit,3.0447,10.4,590.2
Kepler-1840 b,2021,Transit,131.19,2.78,1673.5
kap And b,2012,Imaging,,15.92,163.1
Kepler-1751 b,2021,Transit,7.0173,1.82,4212.2
Kepler-1067 b,2016,Transit,0.76213,0.8,2177.7
TOI-2578 b,2026,Transit,3.458,19.66,931.3
Kepler-624 b,2016,Transit,14.586,2.31,2440.3
TOI-5349 b,2026,Transit,3.3179,10.2,614.3
TOI-1294 c,2024,Radial Velocity,159.9,14.3,1085.0
Kepler-1039 b,2016,Transit,0.93488,1.46,1001.0
HAT-P-60 b,2021,Transit,4.7948,18.28,760.7
HD 88986 b,2023,Radial Velocity,146.05,2.49,108.5
HD 215152 e,2018,Radial Velocity,25.197,,70.4
Kepler-704 b,2016,Transit,3.7618,2.61,4007.9
K2-385 b,2022,Transit,2.3809,1.54,1372.5
Kepler-1432 b,2016,Transit,23.911,2.22,7083.7
Kepler-135 c,2014,Transit,11.449,1.16,2028.2
Kepler-950 b,2016,Transit,98.718,8.98,7050.2
HD 73526 b,2002,Radial Velocity,188.3,13.1,317.2
HD 207897 b,2021,Transit,16.202,2.34,92.3
Kepler-1459 b,2016,Transit,62.869,1.36,1485.6
Kepler-1358 b,2016,Transit,7.0632,1.12,1784.1
HD 360 b,2021,Radial Velocity,273.1,14.0,363.8
TOI-4030 b,2026,Transit,2.509,5.85,1864.4
Kepler-741 b,2016,Transit,7.039,2.97,5420.3
Kepler-1299 b,2016,Transit,19.94,2.98,4582.3
Kepler-1806 b,2021,Transit,9.0333,2.36,3190.0
TOI-375 c,2026,Radial Velocity,115.5,13.4,1292.3
Kepler-1048 b,2016,Transit,6.921,1.61,1813.4
Kepler-749 b,2016,Transit,17.317,3.1,2351.7
HD 102329 b,2011,Radial Velocity,778.1,12.6,708.1
TOI-1194 b,2023,Transit,2.3106,8.72,488.1
Barnard d,2025,Radial Velocity,2.3402,0.69,6.0
Kepler-1951 b,2021,Transit,20.658,2.32,4166.1
HIP 114933 b,2021,Radial Velocity,1481.6,13.4,331.9
Kepler-1305 b,2016,Transit,13.563,1.88,5137.7
Kepler-598 b,2016,Transit,3.7018,1.5,2221.4
HD 185283 b,2023,Radial Velocity,4060.0,13.6,102.4
Kepler-1920 b,2021,Transit,30.254,2.95,2889.5
HD 65216 b,2003,Radial Velocity,577.6,13.6,114.5
Kepler-954 b,2016,Transit,16.782,2.32,703.9
EPIC 206042996 c,2021,Transit,0.35488,1.2,1473.5
HATS-38 b,2020,Transit,4.375,6.88,1120.4
Kepler-1388 c,2016,Transit,5.5361,2.26,1480.1
TIC 178172313 b,2026,Transit,4.3732,2.8,581.0
Gliese 12 b,2024,Transit,12.761,0.93,39.8
Kepler-266 c,2014,Transit,107.72,3.89,4470.9
NGTS-30 b,2024,Transit,98.298,10.4,777.5
Kepler-1388 e,2016,Transit,37.633,2.46,1480.1
Kepler-1311 b,2016,Transit,11.173,1.24,2825.6
Kepler-1991 c,2023,Transit,22.79,2.57,2791.3
Kepler-126 d,2014,Transit,100.28,2.5,774.3
TOI-4029 b,2026,Transit,5.885,6.74,895.1
Kepler-2001 b,2023,Transit,1.09,1.04,2532.8
Kepler-1247 b,2016,Transit,13.712,2.33,3411.3
Kepler-68 e,2023,Radial Velocity,3455.0,11.2,470.2
Kepler-1406 b,2016,Transit,11.629,1.1,1866.9
Kepler-1682 b,2020,Transit,14.833,2.89,3782.9
Kepler-174 d,2014,Transit,247.35,2.19,1254.9
Kepler-326 b,2014,Transit,2.2483,1.52,1590.6
GJ 3998 d,2025,Radial Velocity,41.78,2.34,59.2
HD 205158 b,2022,Radial Velocity,25.338,13.9,282.5
HD 219134 h,2015,Radial Velocity,2247.0,12.7,21.3
K2-183 c,2018,Transit,10.788,2.3,1073.2
NGTS-21 b,2022,Transit,1.5434,14.91,1933.7
Kepler-1519 b,2016,Transit,240.8,7.06,4702.0
55 Cnc b,1996,Radial Velocity,14.652,13.9,41.0
TOI-270 d,2019,Transit,11.382,2.0,73.3
55 Cnc c,2004,Radial Velocity,44.394,8.51,41.0
55 Cnc d,2002,Radial Velocity,4799.0,13.0,41.0
55 Cnc e,2004,Radial Velocity,0.73655,1.88,41.0
55 Cnc f,2007,Radial Velocity,260.58,7.59,41.0
GJ 1214 b,2009,Transit,1.5804,2.73,47.8
GJ 436 b,2004,Radial Velocity,2.6439,4.17,31.8
HAT-P-12 b,2009,Transit,3.2131,10.75,465.6
HAT-P-13 b,2009,Transit,2.9162,14.26,805.0
HAT-P-13 c,2009,Radial Velocity,446.27,12.3,805.0
HAT-P-14 b,2010,Transit,4.6277,15.92,726.2
HAT-P-17 b,2012,Transit,10.339,11.77,301.3
HAT-P-17 c,2012,Radial Velocity,5584.0,13.1,301.3
HAT-P-18 b,2010,Transit,5.508,10.7,526.4
HAT-P-1 b,2006,Transit,4.4653,14.78,518.5
HAT-P-26 b,2010,Transit,4.2345,7.06,462.6
HAT-P-30 b,2011,Transit,2.8106,16.14,697.9
HAT-P-32 b,2011,Transit,2.15,22.19,943.3
HD 149026 b,2005,Radial Velocity,2.8759,8.29,247.4
HD 189733 b,2005,Radial Velocity,2.2186,12.67,64.5
HD 209458 b,1999,Radial Velocity,3.5247,15.58,157.5
HD 80606 b,2001,Radial Velocity,111.44,11.57,216.8
HD 86226 b,2009,Radial Velocity,1628.0,14.3,149.0
TrES-4 b,2007,Transit,3.5539,18.05,1682.9
WASP-12 b,2008,Transit,1.0914,22.03,1393.5
WASP-15 b,2009,Transit,3.7521,15.8,920.1
WASP-17 b,2009,Transit,3.7354,20.96,1323.9
WASP-18 b,2009,Transit,0.94145,13.9,402.7
WASP-19 b,2009,Transit,0.78884,15.86,875.2
WASP-25 b,2010,Transit,3.7648,13.81,689.5
WASP-39 b,2011,Transit,4.0553,14.34,697.9
WASP-43 b,2011,Transit,0.81347,10.42,282.9
WASP-6 b,2009,Transit,3.361,12.54,642.9
GJ 3470 b,2012,Radial Velocity,3.3366,4.57,96.0
WASP-47 b,2012,Transit,4.1592,12.86,863.6
WASP-63 b,2012,Transit,4.3781,15.8,948.1
WASP-52 b,2012,Transit,1.7498,14.24,570.2
WASP-77 A b,2012,Transit,1.36,13.56,343.0
WASP-80 b,2012,Transit,3.0679,11.2,162.4
WASP-103 b,2014,Transit,0.92554,17.13,1225.2
WASP-96 b,2014,Transit,3.4253,13.45,1149.6
WASP-94 A b,2014,Transit,3.9502,17.71,688.9
WASP-94 B b,2014,Radial Velocity,2.0084,14.1,680.7
WASP-69 b,2014,Transit,3.8681,11.21,162.9
WASP-84 b,2014,Transit,8.5235,10.72,328.1
WASP-20 b,2015,Transit,4.8996,15.47,691.0
HATS-6 b,2015,Transit,3.3253,11.19,552.2
KELT-7 b,2015,Transit,2.7348,17.93,445.8
K2-18 b,2015,Transit,32.94,2.37,124.0
KELT-8 b,2015,Transit,3.2441,18.16,644.4
K2-22 b,2015,Transit,0.38107,2.3,795.3
WASP-47 c,2015,Radial Velocity,589.57,,863.6
WASP-47 d,2015,Transit,9.0305,3.65,863.6
WASP-47 e,2015,Transit,0.78961,1.83,863.6
GJ 1132 b,2015,Transit,1.6289,1.19,41.1
WASP-76 b,2016,Transit,1.8099,20.78,634.2
KELT-4 A b,2016,Transit,2.9896,19.04,711.2
TRAPPIST-1 b,2016,Transit,1.5108,1.12,40.5
TRAPPIST-1 c,2016,Transit,2.4219,1.1,40.5
TRAPPIST-1 d,2016,Transit,4.0492,0.79,40.5
K2-34 b,2016,Transit,2.9956,13.75,1137.1
WASP-121 b,2016,Transit,1.2749,19.53,880.3
HIP 41378 b,2016,Transit,15.572,2.64,346.7
HIP 41378 c,2016,Transit,31.706,2.74,346.7
HIP 41378 d,2016,Transit,278.36,3.65,346.7
HIP 41378 e,2016,Transit,393.0,5.19,346.7
HIP 41378 f,2016,Transit,542.08,9.47,346.7
HD 3167 b,2016,Transit,0.95965,1.6,154.2
HD 3167 c,2016,Transit,29.847,2.98,154.2
HAT-P-65 b,2016,Transit,2.6054,18.06,2408.7
WASP-131 b,2016,Transit,5.322,13.74,652.6
WASP-139 b,2016,Transit,5.9243,8.97,693.0
WASP-127 b,2016,Transit,4.1781,14.69,520.2
TRAPPIST-1 e,2017,Transit,6.101,0.92,40.5
TRAPPIST-1 f,2017,Transit,9.2075,1.04,40.5
TRAPPIST-1 g,2017,Transit,12.352,1.13,40.5
TRAPPIST-1 h,2017,Transit,18.773,0.76,40.5
HD 106315 b,2017,Transit,9.5524,2.44,356.7
HD 106315 c,2017,Transit,21.057,4.35,356.7
LHS 1140 b,2017,Transit,24.737,1.73,48.9
KELT-11 b,2017,Transit,4.7362,15.13,323.4
KELT-9 b,2017,Transit,1.4811,21.7,666.8
HD 3167 d,2017,Radial Velocity,8.3967,2.61,154.2
WASP-107 b,2017,Transit,5.7215,10.48,211.2
GJ 9827 b,2017,Transit,1.209,1.44,96.7
GJ 9827 c,2017,Transit,3.6481,1.13,96.7
GJ 9827 d,2017,Transit,6.2018,1.98,96.7
KELT-20 b,2017,Transit,3.4741,19.51,445.0
K2-18 c,2017,Radial Velocity,8.962,2.65,124.0
K2-141 b,2018,Transit,0.28032,1.51,201.8
K2-141 c,2018,Transit,7.7485,7.0,201.8
K2-232 b,2018,Transit,11.168,11.62,426.4
GJ 1132 c,2018,Radial Velocity,8.929,1.52,41.1
HAT-P-11 c,2018,Radial Velocity,3361.0,13.2,123.2
NGTS-2 b,2018,Transit,4.5112,17.88,1162.4
WASP-164 b,2018,Transit,1.7771,12.64,1068.2
LHS 1140 c,2018,Transit,3.7779,1.27,48.9
K2-287 b,2018,Transit,14.893,9.49,516.4
LHS 3844 b,2019,Transit,0.46293,1.29,48.5
HD 15337 b,2019,Transit,4.756,1.77,146.2
HD 15337 c,2019,Transit,17.181,2.53,146.2
L 98-59 b,2019,Transit,2.2531,0.84,34.6
L 98-59 c,2019,Transit,3.6907,1.33,34.6
L 98-59 d,2019,Transit,7.4507,1.63,34.6
V1298 Tau b,2019,Transit,24.14,9.41,352.9
WASP-166 b,2019,Transit,5.4435,7.06,372.4
TOI-270 b,2019,Transit,3.3599,1.28,73.3
TOI-270 c,2019,Transit,5.6605,2.33,73.3
GJ 357 b,2019,Transit,3.9306,1.2,30.8
GJ 357 c,2019,Radial Velocity,9.1247,1.66,30.8
GJ 357 d,2019,Radial Velocity,55.661,2.34,30.8
LTT 1445 A b,2019,Transit,5.3588,1.34,22.4
WASP-178 b,2019,Transit,3.3448,20.29,1394.9
V1298 Tau c,2019,Transit,8.2492,5.08,352.9
V1298 Tau d,2019,Transit,12.401,6.53,352.9
V1298 Tau e,2019,Transit,48.678,10.17,352.9
LP 791-18 b,2019,Transit,0.948,1.21,86.4
LP 791-18 c,2019,Transit,4.9899,2.49,86.4
TOI-125 b,2019,Transit,4.6538,2.73,362.2
TOI-125 c,2019,Transit,9.1506,2.76,362.2
L 168-9 b,2020,Transit,1.4015,1.63,82.0
TOI-125 d,2020,Transit,19.98,2.93,362.2
HATS-48 A b,2020,Transit,3.1317,8.97,859.8
HATS-72 b,2020,Transit,7.3279,8.1,416.1
NGTS-10 b,2020,Transit,0.76689,13.9,1059.0
TOI-1130 b,2020,Transit,4.0746,3.66,190.0
TOI-1130 c,2020,Transit,8.3502,13.0,190.0
TOI-677 b,2020,Transit,11.237,13.11,462.5
LTT 3780 b,2020,Transit,0.76838,1.32,71.7
LTT 3780 c,2020,Transit,12.252,2.39,71.7
TOI-1338 b,2020,Transit,95.4,7.66,1301.4
AU Mic b,2020,Transit,8.4634,4.79,31.7
WASP-148 b,2020,Transit,8.8038,8.47,803.5
WASP-148 c,2020,Radial Velocity,34.524,13.9,803.5
NGTS-11 b,2020,Transit,35.455,9.16,621.1
TOI-849 b,2020,Transit,0.76555,3.64,736.2
TOI-700 b,2020,Transit,9.9772,0.96,101.5
TOI-700 c,2020,Transit,16.051,2.54,101.5
TOI-700 d,2020,Transit,37.423,1.14,101.5
HIP 67522 b,2020,Transit,6.9595,9.99,415.1
TOI-1899 b,2020,Transit,29.09,11.1,418.9
HD 86226 c,2020,Transit,3.9844,2.16,149.0
WD 1856+534 b,2020,Transit,1.4079,10.4,80.7
LTT 9779 b,2020,Transit,0.79205,4.72,262.4
TOI-824 b,2020,Transit,1.393,2.93,208.5
TOI-421 b,2020,Transit,5.1976,2.64,244.0
TOI-421 c,2020,Transit,16.068,5.09,244.0
GJ 3473 b,2020,Transit,1.198,1.26,89.3
GJ 3473 c,2020,Radial Velocity,15.509,2.63,89.3
WASP-107 c,2020,Radial Velocity,1091.0,13.0,211.2
TOI-776 b,2020,Transit,8.2466,1.8,88.6
TOI-776 c,2020,Transit,15.665,2.05,88.6
TOI-561 b,2020,Transit,0.44657,1.4,279.8
TOI-561 c,2020,Transit,10.779,2.86,279.8
TOI-561 d,2020,Transit,25.713,2.62,279.8
TOI-561 e,2020,Transit,77.144,2.52,279.8
TOI-451 b,2020,Transit,1.8587,1.84,403.6
TOI-451 c,2020,Transit,9.1925,2.93,403.6
TOI-451 d,2020,Transit,16.365,3.93,403.6
TOI-178 b,2021,Transit,1.9146,1.2,204.5
TOI-178 c,2021,Transit,3.2385,1.75,204.5
TOI-178 d,2021,Transit,6.5576,2.7,204.5
TOI-178 e,2021,Transit,9.9632,2.3,204.5
TOI-178 f,2021,Transit,15.233,2.42,204.5
TOI-178 g,2021,Transit,20.717,2.94,204.5
GJ 486 b,2021,Radial Velocity,1.4671,1.29,26.3
LHS 1478 b,2021,Transit,1.9495,1.17,59.5
TOI-1231 b,2021,Transit,24.246,3.65,90.1
TOI-674 b,2021,Transit,1.9771,5.25,150.3
TOI-1685 b,2021,Transit,0.66914,1.42,122.7
TOI-1807 b,2021,Transit,0.54937,1.5,138.9
TOI-2076 b,2021,Transit,10.355,2.59,136.7
TOI-2076 c,2021,Transit,21.014,3.54,136.7
TOI-2076 d,2021,Transit,35.128,3.27,136.7
AU Mic c,2021,Transit,18.859,2.79,31.7
TOI-431 b,2021,Transit,0.49005,1.28,106.2
TOI-431 c,2021,Radial Velocity,4.8494,1.49,106.2
TOI-431 d,2021,Transit,12.461,3.29,106.2
L 98-59 e,2021,Radial Velocity,12.828,1.49,34.6
HD 63935 b,2021,Transit,9.0588,2.92,159.7
HD 63935 c,2021,Radial Velocity,21.403,3.06,159.7
GJ 367 b,2021,Transit,0.32192,0.74,30.7
TOI-2109 b,2021,Transit,0.67247,15.1,854.7
HATS-75 b,2021,Transit,2.7887,9.91,635.9
LTT 1445 A c,2022,Transit,3.1239,1.15,22.4
TOI-500 b,2022,Transit,0.54818,1.17,154.6
TOI-1075 b,2022,Transit,0.60473,1.79,200.5
TOI-1442 b,2022,Transit,0.40907,1.17,134.3
TOI-2260 b,2022,Transit,0.35247,1.62,330.2
TOI-2445 b,2022,Transit,0.37113,1.25,158.5
GJ 3929 b,2022,Transit,2.6162,1.09,51.6
WASP-189 b,2020,Transit,2.724,18.15,325.3
TOI-1670 b,2022,Transit,10.985,2.06,548.2
TOI-1670 c,2022,Transit,40.75,11.06,548.2
TOI-500 c,2022,Radial Velocity,6.6356,2.09,154.6
TOI-500 d,2022,Radial Velocity,26.233,6.35,154.6
TOI-500 e,2022,Radial Velocity,61.3,3.99,154.6
HD 260655 b,2022,Transit,2.7695,1.24,32.6
HD 260655 c,2022,Transit,5.7059,1.53,32.6
TOI-3714 b,2022,Transit,2.1548,11.32,367.6
GJ 3929 c,2022,Radial Velocity,15.04,2.26,51.6
GJ 3090 b,2022,Transit,2.8531,2.18,73.3
TOI-181 b,2023,Transit,4.532,6.96,313.9
TOI-199 b,2023,Transit,104.85,9.08,333.6
TOI-700 e,2023,Transit,27.81,0.92,101.5
TOI-771 b,2024,Transit,2.326,1.36,82.4
TOI-836.01,2021,Transit,8.5954,2.59,89.7
TOI-836 b,2023,Transit,3.8167,1.7,89.7
LHS 475 b,2023,Transit,2.0291,0.99,40.7
TOI-1136 d,2022,Transit,12.52,4.63,275.7
TOI-1136 c,2022,Transit,6.2574,2.88,275.7
TOI-1136 f,2022,Transit,26.321,3.74,275.7
TOI-1136 e,2022,Transit,18.801,2.64,275.7
TOI-1173 b,2024,Transit,7.0644,8.78,431.7
TOI-1416 b,2023,Transit,1.0698,1.62,179.4
TOI-1420 b,2023,Transit,6.9561,11.89,658.6
TOI-1468 c,2022,Transit,15.532,2.13,80.7
TOI-1468 b,2022,Transit,1.8805,1.4,80.7
HIP 9618 b,2023,Transit,20.773,3.83,220.3
HIP 9618 c,2023,Transit,52.564,3.43,220.3
TOI-1801 b,2023,Transit,10.644,2.08,100.1
TOI-1823 b,2024,Transit,38.8,7.54,233.7
TOI-2031 A b,2025,Transit,5.7155,14.2,900.5
TOI-2134 b,2023,Transit,9.2292,2.74,73.8
TOI-2134 c,2023,Transit,95.853,7.35,73.8
TOI-2374 b,2024,Transit,4.3136,7.49,439.2
TOI-2431 b,2026,Transit,0.2242,1.53,117.6
TOI-2525 b,2023,Transit,23.286,8.68,1289.6
TOI-2525 c,2023,Transit,49.252,10.13,1289.6
TOI-3235 b,2023,Transit,2.5926,11.4,237.5
TOI-3757 b,2022,Transit,3.4388,12.0,590.8
HD 110067 g,2023,Transit,54.77,2.61,104.9
GJ 341 b,2025,Transit,7.5769,0.88,34.1
TOI-6894 b,2025,Transit,3.3708,9.58,240.7
TOI-3884 b,2022,Transit,4.5446,6.43,140.7
TOI-3984 A b,2023,Transit,4.3533,7.9,355.1
TOI-4010 c,2023,Transit,5.4147,5.93,578.9
TOI-4010 d,2023,Transit,14.709,6.18,578.9
TOI-4010 b,2023,Transit,1.3483,3.02,578.9
LP 890-9 b,2022,Transit,2.7299,1.32,105.8
TOI-4336 A b,2024,Transit,16.336,2.14,73.5
HD 20329 b,2022,Transit,0.92612,1.72,207.7
Kepler-167 e,2016,Transit,1071.2,10.16,1115.2
TOI-5205 b,2023,Transit,1.6308,11.6,282.0
Kepler-167 c,2014,Transit,7.4061,1.67,1115.2
TOI-5293 A b,2023,Transit,2.9303,11.9,529.1
KOI-94 d,2013,Transit,22.343,11.27,1555.9
LP 890-9 c,2022,Transit,8.4575,1.37,105.8
HD 3167 e,2022,Radial Velocity,91.9,3.97,154.2
TOI-1136 b,2022,Transit,4.1727,1.9,275.7
TOI-1136 g,2022,Transit,39.545,2.53,275.7
TOI-1338 c,2023,Radial Velocity,215.79,10.3,1301.4
WASP-84 c,2023,Transit,1.4469,1.95,328.1
TOI-6109 c,2025,Transit,8.5389,4.83,494.9
TOI-6255 b,2024,Transit,0.23818,1.08,66.3
WASP-193 b,2023,Transit,6.2463,14.78,1181.0
LP 791-18 d,2023,Transit,2.7548,1.03,86.4
TOI-6324 b,2025,Transit,0.27922,1.06,67.0
HD 207496 b,2023,Transit,6.441,2.25,77.0
TOI-4010 e,2023,Radial Velocity,762.0,13.3,578.9
GJ 367 c,2023,Radial Velocity,11.53,1.86,30.7
GJ 367 d,2023,Radial Velocity,34.369,2.33,30.7
TOI-6109 b,2025,Transit,5.6905,4.87,494.9
TOI-199 c,2023,Transit Timing Variations,273.69,11.4,333.6
AU Mic e,2025,Radial Velocity,33.11,4.87,31.7
AU Mic d,2023,Transit Timing Variations,12.736,1.02,31.7
GJ 806 b,2023,Transit,0.92632,1.33,39.3
GJ 806 c,2023,Radial Velocity,6.6406,2.28,39.3
HD 110067 b,2023,Transit,9.1137,2.2,104.9
HD 110067 c,2023,Transit,13.674,2.39,104.9
HD 110067 d,2023,Transit,20.52,2.85,104.9
HD 110067 e,2023,Transit,30.793,1.94,104.9
HD 110067 f,2023,Transit,41.059,2.6,104.9
IRAS 04125+2902 b,2024,Transit,8.835,10.74,519.4
HIP 67522 c,2024,Transit,14.335,7.94,415.1
Kepler-51 e,2024,Transit Timing Variations,264.28,2.18,2556.5
BD+05 4868 A b,2025,Transit,1.2719,,142.1
TOI-771 c,2025,Radial Velocity,7.61,1.5,82.4
TOI-2076 e,2025,Transit,3.0224,1.3,136.7
L 98-59 f,2025,Radial Velocity,23.064,1.48,34.6
HIP 41378 g,2025,Radial Velocity,63.19,2.5,346.7
55 Cnc B b,2025,Radial Velocity,6.7994,1.69,40.7
55 Cnc B c,2025,Radial Velocity,33.747,2.16,40.7
GJ 3090 c,2026,Radial Velocity,15.941,3.14,73.3
TOI-4336 A c,2026,Transit,7.5873,1.25,73.5
TOI-260 b,2024,Transit,13.476,1.71,65.8
K2-232 c,2026,Radial Velocity,1950.0,12.8,426.4
Kepler-12 b,2011,Transit,4.438,19.66,2874.7
KOI-94 b,2013,Transit,3.7432,1.71,1555.9
Kepler-167 d,2016,Transit,21.804,1.24,1115.2
Kepler-51 d,2014,Transit,130.19,9.7,2556.5
Kepler-51 c,2012,Transit,85.312,9.0,2556.5
Kepler-51 b,2012,Transit,45.154,7.1,2556.5
Kepler-167 b,2014,Transit,4.3932,1.72,1115.2
KOI-94 c,2013,Transit,10.424,4.32,1555.9
KOI-94 e,2013,Transit,54.32,6.56,1555.9
PH2 b,2013,Transit,282.53,9.34,1121.5
K2-33 b,2016,Transit,5.4249,5.04,454.2
HAT-P-11 b,2010,Transit,4.888,4.36,123.2
TCP J05074264+2447555 b,2018,Microlensing,,4.72,1647.1
TOI-2459 b,2023,Transit,19.105,2.95,119.4
Kepler-784 b,2016,Transit,31.592,1.58,4252.2
TOI-2641 b,2023,Transit,4.881,18.1,1122.1
Kepler-255 c,2014,Transit,9.946,2.99,3432.9
HD 51608 c,2019,Radial Velocity,95.945,3.87,114.3
TIC 434398831 c,2025,Transit,6.2103,5.63,707.8
TOI-3082 b,2023,Transit,1.9269,3.66,368.7
Kepler-1037 b,2016,Transit,1.0638,1.28,1457.6
TOI-2141 d,2025,Radial Velocity,60.45,3.97,253.4
HD 88133 b,2004,Radial Velocity,3.4149,13.8,240.1
TOI-1448 b,2024,Transit,8.1122,2.75,239.2
TIC 294329732 b,2026,Transit,9.7566,2.08,617.5
WISPIT 2 c,2026,Imaging,,17.93,440.0
K2-272 b,2018,Transit,14.454,3.13,1379.9
TOI-3474 b,2025,Transit,3.8795,14.67,1370.3
Kepler-825 c,2016,Transit,8.1818,1.84,2634.9
Kepler-382 b,2014,Transit,5.2622,1.32,3051.0
Kepler-266 b,2014,Transit,6.6183,2.48,4470.9
Kepler-1962 b,2021,Transit,7.9915,1.21,2827.2
TOI-1266 d,2025,Transit Timing Variations,32.509,1.74,117.5
Kepler-691 b,2016,Transit,8.1144,2.09,910.4
HD 142415 b,2003,Radial Velocity,386.3,13.5,115.9
WASP-167 b,2017,Transit,2.022,17.71,1381.4
K2-412 b,2022,Transit,5.9382,2.12,2133.3
Kepler-1441 b,2016,Transit,39.442,1.31,3621.9
CoRoT-28 b,2015,Transit,5.2085,10.7,2499.0
Kepler-37 c,2013,Transit,21.302,0.76,208.5
Kepler-138 c,2014,Transit,13.781,1.51,218.1
Kepler-46 d,2014,Transit,6.7666,1.64,2534.4
Kepler-1755 b,2021,Transit,24.812,5.92,3204.1
Teegarden's Star c,2019,Radial Velocity,11.416,1.02,12.5
HD 219828 b,2007,Radial Velocity,3.8348,4.59,238.5
Kepler-835 b,2016,Transit,11.419,2.79,7848.4
Kepler-1666 c,2020,Transit,40.716,3.24,4498.9
Kepler-1143 b,2016,Transit,2.8889,1.67,1810.8
KOI-4777.01,2022,Transit,0.412,0.51,561.8
Kepler-79 d,2014,Transit,52.09,7.15,3329.1
Kepler-190 b,2014,Transit,2.02,1.56,1413.5
NGTS-17 b,2021,Transit,3.2425,13.9,3392.9
Kepler-354 c,2014,Transit,16.934,1.31,1807.1
TIC 198190129 b,2026,Transit,7.948,2.92,424.1
Kepler-1933 b,2021,Transit,4.9433,1.18,1069.8
TOI-5811 B b,2026,Transit,6.2566,21.97,554.9
Kepler-1041 b,2016,Transit,24.758,2.94,4846.1
KIC 10525077 b,2015,Transit,854.08,5.5,4765.6
K2-70 b,2016,Transit,13.979,2.89,759.8
TOI-5704 b,2023,Transit,3.7711,3.23,292.4
HATS-4 b,2014,Transit,2.5167,11.43,1358.3
Kepler-121 b,2014,Transit,3.1774,2.34,1665.1
HD 163607 b,2012,Radial Velocity,75.22,13.9,221.1
TOI-1453 b,2025,Transit,4.3135,1.17,256.8
Kepler-395 c,2014,Transit,34.989,1.32,1374.4
TOI-7393 b,2026,Transit,3.3371,11.3,616.6
HIP 81991 b,2026,Radial Velocity,5860.0,12.5,143.2
Kepler-1965 b,2021,Transit,41.869,1.35,1701.9
DMPP-8 b,2026,Radial Velocity,62.915,10.8,248.3
Kepler-501 b,2016,Transit,5.6407,4.3,3670.0
TOI-892 b,2020,Transit,10.627,11.99,1110.7
Kepler-1898 b,2021,Transit,4.7656,0.93,1177.2
Kepler-1274 b,2016,Transit,6.9815,1.42,2004.7
G 9-40 b,2019,Transit,5.746,1.9,91.1
K2-46 b,2016,Transit,19.154,2.05,1465.2
K2-199 c,2018,Transit,7.3745,2.85,350.7
TOI-2005 b,2025,Transit,17.306,11.99,1071.3
Kepler-1065 b,2016,Transit,3.6093,3.73,3661.0
TOI-7394 B b,2026,Transit,1.253,11.5,619.7
HD 112300 b,2023,Radial Velocity,466.63,12.2,202.5
TOI-5614 b,2026,Transit,4.1722,3.22,727.4
Kepler-793 b,2016,Transit,4.2415,1.37,3214.9
Kepler-307 c,2013,Transit,13.073,2.2,1877.3
Kepler-613 b,2016,Transit,15.78,2.29,2809.8
K2-138 g,2021,Transit,41.968,3.01,660.7
HD 128311 b,2002,Radial Velocity,453.02,13.5,53.3
Kepler-20 b,2011,Transit,3.6961,1.77,921.6
Kepler-1634 b,2016,Transit,374.88,3.19,2013.5
MOA-2020-BLG-108L b,2026,Microlensing,,12.4,16731.8
HD 715 b,2026,Transit,56.4,11.99,545.5
Kepler-445 d,2015,Transit,8.1527,1.25,414.9
Kepler-1701 b,2020,Transit,169.13,2.22,1905.2
Kepler-1835 b,2021,Transit,11.964,3.53,4580.5
Kepler-1024 b,2016,Transit,66.416,3.91,3546.6
Kepler-1545 b,2016,Transit,163.69,2.7,2380.8
Kepler-1774 b,2021,Transit,59.771,3.18,2663.4
KOBE-1 b,2025,Radial Velocity,8.5399,2.91,78.2
Kepler-1852 b,2021,Transit,7.9709,1.89,2519.5
Kepler-1196 b,2016,Transit,66.185,2.23,3008.2
TOI-1221 b,2023,Transit,91.683,2.91,451.4
Kepler-324 c,2014,Transit,51.806,3.15,1635.9
Kepler-1122 b,2016,Transit,42.192,2.04,4013.1
Kepler-1826 b,2021,Transit,1.6154,1.48,1099.0
HD 134606 c,2024,Radial Velocity,58.883,3.37,87.4
TIC 150070085 b,2026,Transit,10.474,3.62,666.6
HIP 75092 b,2021,Radial Velocity,926.4,13.5,266.4
Kepler-828 b,2016,Transit,0.56786,1.51,1876.4
HD 5278 b,2021,Transit,14.339,2.45,187.8
Kepler-1157 b,2016,Transit,4.4574,1.09,1115.9
Kepler-1610 b,2016,Transit,8.7018,1.61,2819.1
Kepler-1245 c,2016,Transit,2.9366,1.44,2628.6
Kepler-297 d,2023,Transit,150.02,32.6,2257.5
Kepler-431 b,2015,Transit,6.803,0.76,1586.9
DMPP-4 b,2023,Radial Velocity,3.4982,3.53,82.6
Kepler-184 d,2014,Transit,29.022,2.49,1990.6
Kepler-1140 b,2016,Transit,24.086,2.77,2141.1
TOI-1799 b,2024,Transit,7.0946,1.64,202.6
Kepler-1696 b,2020,Transit,65.941,2.81,4913.1
Kepler-928 b,2016,Transit,3.9325,1.59,1659.5
Kepler-153 c,2014,Transit,46.902,2.53,1498.3
HD 73256 c,2023,Radial Velocity,2690.0,12.2,119.7
HD 175541 b,2007,Radial Velocity,298.43,14.1,422.7
HD 219134 g,2015,Radial Velocity,94.2,3.28,21.3
Kepler-708 b,2016,Transit,3.1679,2.93,4547.3
WASP-54 b,2012,Transit,3.6936,17.71,819.6
K2-250 b,2018,Transit,4.0139,2.71,1352.6
K2-223 b,2018,Transit,0.50561,0.79,647.8
K2-223 c,2018,Transit,4.564,1.41,647.8
Kepler-1325 b,2016,Transit,33.879,2.86,3174.7
Kepler-703 b,2016,Transit,4.5835,8.2,3773.1
TOI-1533 c,2026,Transit,8.0638,7.5,326.3
Kepler-957 b,2016,Transit,5.9074,5.5,2689.8
TOI-3856 b,2025,Transit,2.0436,13.6,1025.6
Kepler-1740 b,2021,Transit,8.1724,3.32,3463.0
Kepler-176 d,2014,Transit,25.752,2.51,1719.9
K2-150 b,2018,Transit,10.594,2.0,334.3
Kepler-307 b,2013,Transit,10.421,2.43,1877.3
Kepler-755 c,2016,Transit,2.8531,1.26,1301.5
Kepler-607 c,2021,Transit,39.677,2.76,1693.1
TOI-540 b,2020,Transit,1.2391,0.9,45.7
K2-320 b,2020,Transit,1.995,2.62,354.7
Kepler-1523 b,2016,Transit,0.93875,1.58,2823.2
GJ 463 b,2022,Radial Velocity,3459.0,13.1,59.9
Kepler-62 c,2013,Transit,12.442,0.54,981.3
HD 222582 b,1999,Radial Velocity,572.38,12.6,137.5
Kepler-210 c,2014,Transit,7.9725,3.62,759.1
Kepler-1551 b,2016,Transit,24.497,2.66,4774.0
TIC 188624430 b,2026,Transit,6.2186,3.65,980.9
Kepler-1174 b,2016,Transit,6.8923,1.59,4594.7
Kepler-269 c,2014,Transit,8.1279,1.69,7362.4
Kepler-607 b,2016,Transit,0.63816,0.87,1693.1
Kepler-1981 b,2023,Transit,453.54,9.23,2150.7
TOI-6041 c,2025,Radial Velocity,88.0,10.5,236.4
HD 109833 c,2022,Transit,13.9,2.59,259.5
Kepler-1082 b,2016,Transit,1.5432,1.12,2412.1
Kepler-431 d,2015,Transit,11.922,1.11,1586.9
WASP-170 b,2018,Transit,2.3448,12.29,996.7
K2-74 b,2016,Transit,19.567,2.31,1232.3
TOI-1246 d,2022,Transit,18.655,3.43,552.6
Kepler-372 d,2014,Transit,30.093,1.69,4872.6
HD 25723 b,2020,Radial Velocity,457.01,13.3,374.5
TOI-7155 b,2026,Transit,3.8949,2.41,472.1
Kepler-84 b,2012,Transit,8.726,2.23,3339.5
TOI-3353.01,2024,Transit,4.6658,2.67,256.9
HD 278555 b,2026,Transit,28.842,11.03,945.3
Kepler-1555 b,2016,Transit,8.105,1.61,6566.4
Kepler-1725 b,2021,Transit,16.72,2.81,1822.1
TOI-2104 b,2026,Transit,5.9044,1.53,250.3
Kepler-120 b,2014,Transit,6.3125,2.15,1267.5
Kepler-627 b,2016,Transit,40.699,3.73,3210.4
Kepler-1326 b,2016,Transit,42.351,4.18,2277.6
TOI-1184 b,2024,Transit,5.7484,2.39,191.1
G 192-15 b,2025,Radial Velocity,2.2748,1.02,31.1
HATS-61 b,2018,Transit,7.818,13.39,2217.1
Kepler-684 b,2016,Transit,6.7703,3.36,5646.6
WASP-159 b,2018,Transit,3.8404,15.47,2333.3
K2-26 b,2016,Transit,14.566,2.67,323.1
TIC 9344899 b,2026,Transit,8.5822,9.16,1735.9
WASP-194 b,2025,Transit,3.1834,15.48,1555.2
Kepler-1956 b,2021,Transit,5.9437,1.09,1175.7
K2-335 b,2021,Transit,12.283,2.21,1819.9
Kepler-352 c,2014,Transit,16.333,1.24,824.3
Kepler-1175 b,2016,Transit,37.946,2.99,3659.1
TOI-2453 b,2026,Transit,4.4414,3.24,267.1
TOI-3523 A b,2025,Transit,2.3046,15.97,2104.7
Kepler-1586 b,2016,Transit,15.605,1.52,1802.2
TOI-1062 c,2021,Radial Velocity,7.972,3.1,268.0
Kepler-30 b,2012,Transit,29.334,3.9,2981.8
Kepler-1285 b,2016,Transit,14.797,0.97,1377.3
TOI-1230.01,2021,Transit,25.057,2.39,466.9
Kepler-416 b,2014,Transit,6.319,2.48,2253.1
Kepler-416 c,2014,Transit,12.209,2.35,2253.1
KOI-142 c,2013,Transit Timing Variations,22.265,14.0,1229.2
HD 114082 b,2022,Transit,225.55,11.72,311.1
Kepler-103 c,2014,Transit,179.61,5.45,1613.9
Kepler-433 b,2015,Transit,5.3341,16.25,6126.2
CoRoT-8 b,2010,Transit,6.2123,6.39,1050.3
Kepler-361 c,2014,Transit,55.188,2.52,3034.3
TOI-5728 b,2025,Transit,11.498,1.31,178.4
Kepler-568 b,2016,Transit,11.023,2.26,426.1
Kepler-1923 b,2021,Transit,52.61,1.96,3231.7
Kepler-1208 b,2016,Transit,11.085,2.32,2691.4
Kepler-406 c,2014,Transit,4.6233,0.85,1187.3
Kepler-1910 b,2021,Transit,5.6888,1.18,
Kepler-1655 b,2018,Transit,11.873,2.21,695.6
HD 191939 g,2022,Radial Velocity,284.0,3.74,174.8
HD 87816 c,2025,Radial Velocity,7596.0,12.4,434.5
Kepler-185 c,2014,Transit,20.729,2.02,1522.3
TOI-707 b,2026,Transit,52.799,2.42,427.1
WASP-7 b,2008,Transit,4.9546,14.91,529.4
Kepler-738 b,2016,Transit,24.587,2.5,3632.2
Kepler-725 c,2025,Transit Timing Variations,207.54,3.08,2473.8
Kepler-658 b,2016,Transit,1.2871,1.63,1266.7
HD 235088 b,2023,Transit,7.4341,1.98,134.3
Kepler-93 b,2014,Transit,4.7267,1.48,312.8
Kepler-596 b,2016,Transit,21.3,3.46,3339.3
K2-174 b,2018,Transit,19.562,2.6,325.9
TOI-2154 b,2023,Transit,3.8241,16.29,966.9
Kepler-1357 b,2016,Transit,3.0091,1.28,3312.7
Kepler-1807 b,2021,Transit,10.861,2.7,4237.8
GJ 3378 b,2026,Radial Velocity,21.45,1.32,25.2
Kepler-256 b,2014,Transit,1.6205,1.59,3347.8
NGTS-31 b,2025,Transit,4.1627,18.05,1622.2
Kepler-574 b,2016,Transit,7.6588,2.39,2227.3
Kepler-1062 b,2016,Transit,9.3041,1.76,1296.3
HD 28185 c,2022,Radial Velocity,9090.0,12.8,128.4
TOI-1836 c,2024,Transit,1.7727,2.6,625.1
Kepler-414 b,2014,Transit,4.7,1.71,1348.5
Kepler-411 d,2018,Transit,58.02,3.32,501.2
Kepler-247 c,2014,Transit,9.4395,4.09,2164.7
Kepler-725 b,2016,Transit,39.644,10.8,2473.8
K2-317 b,2020,Transit,6.22,2.93,575.0
Kepler-1375 b,2016,Transit,3.3004,1.74,4666.8
TOI-6478 b,2025,Transit,34.005,4.6,125.9
Kepler-1338 b,2016,Transit,0.93512,0.92,2456.8
WASP-59 b,2012,Transit,7.9196,8.69,378.1
K2-63 c,2016,Transit,25.456,3.9,1688.0
KOI-4978 b,2024,Transit,0.94197,0.7,3053.9
Kepler-1539 b,2016,Transit,133.3,2.7,2440.7
Kepler-614 b,2016,Transit,14.035,2.39,1722.1
Kepler-257 c,2014,Transit,6.5815,5.41,2544.9
TOI-5398 b,2022,Transit,10.591,10.3,426.8
TOI-1820 b,2022,Transit,4.8607,12.78,810.5
Kepler-1220 b,2016,Transit,7.4269,1.52,3137.3
TOI-938 b,2026,Transit,8.8073,4.82,701.3
Kepler-192 d,2016,Transit,6.4703,1.02,2125.5
Kepler-825 b,2016,Transit,3.7736,1.53,2634.9
Kepler-1414 b,2016,Transit,3.5158,1.23,1861.8
HD 86950 b,2016,Radial Velocity,1270.0,13.0,684.4
Kepler-1150 b,2016,Transit,2.7879,1.02,1169.3
Kepler-1765 b,2021,Transit,10.419,2.5,2493.3
Kepler-831 b,2016,Transit,5.6215,1.27,1935.9
K2-257 b,2018,Transit,1.6059,0.83,208.8
Kepler-27 d,2021,Transit,6.5463,2.71,3406.2
HIP 29442 d,2023,Radial Velocity,6.4296,1.54,222.4
Kepler-196 b,2014,Transit,20.74,1.9,1472.0
Kepler-806 b,2016,Transit,8.0922,1.14,1180.3
Kepler-1854 b,2021,Transit,39.831,2.59,1380.8
TOI-5624 b,2026,Transit,3.3903,2.31,332.4
Kepler-739 b,2016,Transit,12.532,3.32,4470.5
HD 204313 b,2010,Radial Velocity,2041.1,12.9,155.9
Kepler-129 d,2021,Radial Velocity,2646.0,12.6,1333.5
Kepler-389 c,2014,Transit,14.511,1.46,2663.3
K2-158 c,2018,Transit,5.9028,1.28,643.5
Kepler-864 c,2023,Transit,2.4215,1.62,6597.8
TOI-5800 b,2025,Transit,2.6279,2.46,139.9
TOI-2803 A b,2023,Transit,1.9623,18.11,1613.9
Kepler-1462 b,2016,Transit,65.649,3.82,3319.7
HD 191939 b,2020,Transit,8.8803,3.41,174.8
HD 212771 b,2009,Radial Velocity,380.7,13.3,362.5
Kepler-1695 b,2020,Transit,4.7329,1.12,2580.5
TOI-1782.02,2024,Transit,1.829,1.84,310.7
WASP-119 b,2016,Transit,2.4998,15.69,986.5
Kepler-893 b,2016,Transit,6.3386,3.03,4193.0
Kepler-1487 c,2023,Transit,35.801,7.97,3309.2
KOI-7913 b,2022,Transit,24.279,2.34,884.8
TOI-1472 c,2025,Radial Velocity,15.538,3.33,397.4
Kepler-1239 b,2016,Transit,5.191,2.9,6981.7
Kepler-1902 b,2021,Transit,3.8222,1.18,1123.1
Kepler-297 b,2014,Transit,38.872,2.87,2257.5
Kepler-351 d,2016,Transit,142.54,2.72,3535.2
TOI-2227 b,2026,Transit,4.2218,3.1,539.6
K2-136 d,2017,Transit,25.575,1.56,193.2
Kepler-789 b,2016,Transit,8.6385,2.12,4827.6
K2-279 b,2018,Transit,7.1226,1.21,596.8
nu Oph c,2012,Radial Velocity,3180.6,12.0,150.7
KOI-1599.02,2019,Transit,13.609,1.9,3690.9
TOI-261.02,2021,Transit,13.039,3.35,373.4
HD 109833 b,2022,Transit,9.1885,2.89,259.5
HIP 71135 b,2019,Radial Velocity,87.19,4.55,105.4
TOI-262 b,2023,Transit,11.145,2.07,143.3
K2-147 b,2018,Transit,0.96194,1.47,295.3
Kepler-11 d,2010,Transit,22.684,3.12,2108.1
K2-131 b,2017,Transit,0.3693,1.69,497.4
Kepler-218 d,2016,Transit,124.52,2.66,2140.8
TOI-6054.01,2024,Transit,7.5014,2.64,259.0
Kepler-1937 b,2021,Transit,9.6886,3.02,2951.9
TOI-2040 b,2026,Transit,3.8609,10.32,472.0
HAT-P-56 b,2015,Transit,2.7908,16.93,1045.8
HD 8574 b,2002,Radial Velocity,227.0,13.4,146.2
HATS-71 b,2020,Transit,3.7955,11.48,457.4
K2-341 b,2021,Transit,36.553,3.21,1374.4
GJ 1061 b,2020,Radial Velocity,3.2073,1.04,12.0
Kepler-102 b,2014,Transit,5.287,0.46,351.6
Kepler-731 b,2016,Transit,3.8556,13.88,4100.3
K2-194 b,2018,Transit,39.721,3.64,2053.2
Kepler-915 b,2016,Transit,4.5949,1.5,2769.2
TIC 241249530 b,2024,Transit,165.77,13.29,1058.2
TOI-5795 b,2025,Transit,6.1406,5.62,510.5
K2-196 b,2018,Transit,48.324,3.6,1907.6
Kepler-1315 b,2016,Transit,0.84338,1.38,1568.4
Kepler-93 c,2014,Radial Velocity,1460.0,,312.8
TOI-5599 b,2026,Transit,5.4369,7.19,1787.2
Kepler-1912 b,2021,Transit,6.0592,1.36,968.7
TOI-1260 c,2021,Transit,7.4931,2.76,240.0
Kepler-306 e,2014,Transit,44.841,2.27,2529.9
K2-396 b,2022,Transit,0.67386,1.58,896.5
HD 10442 b,2014,Radial Velocity,1032.3,13.6,441.5
Kepler-198 c,2014,Transit,49.567,2.47,1615.6
Kepler-129 b,2014,Transit,15.79,2.4,1333.5
Kepler-1549 b,2016,Transit,214.89,2.57,2619.2
HD 8326 b,2019,Radial Velocity,158.99,9.58,100.1
Kepler-1800 b,2021,Transit,4.562,1.0,1143.0
TOI-1742 b,2024,Transit,21.269,2.37,237.7
BD+45 564 b,2021,Radial Velocity,307.88,13.6,174.9
HD 11343 c,2022,Radial Velocity,228.54,13.9,505.9
TOI-2295 b,2024,Transit,30.033,16.48,411.9
Kepler-656 c,2023,Transit,5.2545,1.41,2903.9
Kepler-1941 b,2021,Transit,31.335,2.65,4874.0
Kepler-1311 d,2021,Transit,197.51,9.66,2825.6
Kepler-1316 b,2016,Transit,87.973,3.54,2612.1
TOI-6954 b,2026,Transit,4.0207,3.64,619.8
DS Tuc A b,2019,Transit,8.1383,5.7,143.7
TOI-128.01,2024,Transit,4.9405,2.22,223.3
TOI-2977 b,2023,Transit,2.3506,13.16,
TOI-261.01,2021,Transit,3.3639,3.04,373.4
TOI-209 b,2026,Transit,4.3794,2.39,369.8
Kepler-256 d,2014,Transit,5.8392,2.48,3347.8
K2-90 c,2016,Transit,2.9007,1.3,437.7
HD 11506 d,2022,Radial Velocity,26500.0,12.3,167.2
Kepler-1118 b,2016,Transit,38.672,2.74,2897.3
K2-247 c,2018,Transit,6.4942,2.19,841.9
K2-322 b,2020,Transit,8.205,1.92,402.5
HD 141004 b,2021,Radial Velocity,15.508,3.77,38.5
Kepler-168 c,2014,Transit,13.193,2.69,4382.2
Kepler-419 b,2014,Transit,69.755,10.8,3298.6
TOI-4153 b,2024,Transit,4.6174,16.12,1382.4
TOI-1422 c,2025,Radial Velocity,34.563,2.61,506.0
TOI-4155 b,2025,Transit,3.3207,3.21,785.2
GJ 9689 b,2020,Radial Velocity,18.27,3.07,99.9
Kepler-169 d,2014,Transit,8.3481,1.25,1325.9
Kepler-191 d,2016,Transit,5.945,2.28,1938.9
K2-8 b,2015,Transit,10.352,3.58,1316.1
HATS-33 b,2016,Transit,2.5496,13.79,810.4
Kepler-1464 b,2016,Transit,31.779,1.66,3756.4
Kepler-805 b,2016,Transit,30.864,2.89,2082.5
17 Sco b,2020,Radial Velocity,578.38,12.9,407.5
Kepler-264 c,2014,Transit,140.1,2.83,3073.0
HR 858 b,2019,Transit,3.5853,2.0,104.3
Kepler-941 b,2016,Transit,17.424,3.08,3549.8
Kepler-1832 b,2021,Transit,3.1388,1.23,1585.7
TOI-833 b,2022,Transit,1.0419,1.27,136.1
HD 38283 b,2010,Radial Velocity,363.2,14.0,124.1
Kepler-341 b,2014,Transit,5.1955,1.18,3415.0
TIC 153919886 b,2026,Transit,2.1051,2.71,431.6
Kepler-1669 b,2020,Transit,9.5122,2.78,1772.5
Kepler-295 c,2014,Transit,21.526,1.17,5542.0
NN Ser c,2010,Eclipse Timing Variations,6987.0,12.6,1682.4
Kepler-1802 b,2021,Transit,15.45,1.67,2076.6
TOI-6008 b,2024,Transit,0.85743,1.03,75.3
Kepler-1437 b,2016,Transit,10.93,1.37,6854.8
Kepler-330 b,2014,Transit,8.2598,1.35,2340.3
Kepler-100 c,2014,Transit,12.816,2.2,993.6
K2-377 b,2022,Transit,12.832,1.69,636.5
Kepler-554 b,2016,Transit,1.9022,4.29,2252.2
Kepler-208 e,2014,Transit,16.259,1.48,2528.8
Kepler-1287 b,2016,Transit,11.477,1.54,3272.2
Kepler-646 b,2016,Transit,15.874,1.99,1473.6
Kepler-1880 b,2021,Transit,6.3092,2.12,1992.9
Kepler-587 b,2016,Transit,10.94,2.23,2569.8
EPIC 201238110 b,2019,Transit,28.166,1.87,519.4
K2-240 c,2018,Transit,20.523,1.8,237.8
Kepler-1495 b,2016,Transit,85.273,2.94,4421.2
Kepler-508 b,2016,Transit,25.309,1.64,1058.8
HD 191939 f,2022,Radial Velocity,2898.0,13.2,174.8
HN Peg b,2006,Imaging,,11.78,59.1
K2-413 b,2022,Transit,0.8094,0.76,930.1
KOI-351 h,2013,Transit,331.6,11.25,2766.6
HD 60779 c,2026,Radial Velocity,104.79,5.79,115.6
K2-19 c,2015,Transit,11.906,4.1,945.3
TOI-3160 A b,2025,Transit,3.9713,13.76,1851.5
Kepler-1333 b,2016,Transit,109.65,2.81,3041.2
Kepler-1715 b,2021,Transit,35.597,4.14,1704.5
Kepler-1885 b,2021,Transit,2.5226,1.51,2669.5
TOI-1803 c,2025,Transit,12.886,4.29,388.9
Kepler-1116 b,2016,Transit,41.698,2.54,3289.5
Kepler-232 b,2014,Transit,4.4312,3.08,4400.3
HD 141399 d,2014,Radial Velocity,1069.8,13.7,120.7
HIP 57274 b,2011,Radial Velocity,8.1352,,84.3
Kepler-398 d,2016,Transit,6.8344,0.88,578.5
HD 158259 b,2020,Radial Velocity,2.178,1.28,88.2
Kepler-577 b,2016,Transit,25.696,2.55,1709.9
Kepler-953 b,2016,Transit,88.407,4.21,844.4
HD 124330 b,2021,Radial Velocity,270.66,14.0,196.3
Kepler-1966 b,2021,Transit,8.6174,1.1,1580.6
Kepler-212 c,2014,Transit,31.805,2.74,2241.3
HD 238914 b,2018,Radial Velocity,4100.0,12.8,1694.2
Kepler-44 b,2011,Transit,3.2467,12.22,3874.7
Kepler-158 b,2014,Transit,16.709,2.12,1028.0
Kepler-1080 b,2016,Transit,77.255,3.28,4510.2
Kepler-1228 b,2016,Transit,0.57737,1.54,1681.2
TOI-5786 b,2025,Transit,12.779,8.54,627.8
Kepler-1850 b,2021,Transit,1.3858,0.73,816.0
75 Cet c,2023,Radial Velocity,2051.6,13.9,270.6
TOI-2345 b,2025,Transit,1.0529,1.5,266.3
DMPP-1 e,2019,Radial Velocity,5.516,1.86,204.0
Kepler-548 b,2016,Transit,4.4542,11.99,2452.0
Kepler-260 c,2014,Transit,76.05,1.74,2046.2
Kepler-1460 b,2016,Transit,29.963,1.96,1804.4
HD 133131 B b,2016,Radial Velocity,5769.0,13.3,167.3
HD 158259 d,2020,Radial Velocity,5.1981,2.18,88.2
WASP-138 b,2016,Transit,3.6344,12.22,1351.0
TOI-5181 A b,2025,Transit,3.8922,13.35,1566.1
Kepler-599 b,2016,Transit,15.656,2.84,1821.6
Kepler-158 d,2024,Transit,0.64509,0.43,1028.0
Kepler-575 b,2016,Transit,9.3789,2.39,2785.3
EPIC 246851721 b,2018,Transit,6.1802,11.78,1215.4
HD 1461 b,2010,Radial Velocity,5.7715,2.42,76.5
Gl 725 A b,2025,Radial Velocity,11.22,1.48,11.5
Kepler-1218 b,2016,Transit,22.922,1.44,2741.4
Kepler-1891 b,2021,Transit,4.0223,1.52,1944.7
Kepler-782 b,2016,Transit,158.69,3.21,1457.4
Kepler-330 c,2014,Transit,15.955,1.95,2340.3
Kepler-987 b,2016,Transit,105.3,3.26,2981.5
Kepler-385 d,2020,Transit,56.416,2.62,4672.5
Kepler-115 c,2014,Transit,8.9909,2.6,2033.9
TOI-2120 b,2024,Transit,5.7998,2.12,104.9
K2-395 b,2022,Transit,4.8034,2.6,935.2
KOI-1833 d,2021,Transit,7.685,2.58,946.9
Kepler-734 b,2016,Transit,6.1049,3.56,3774.3
HD 104067 c,2024,Radial Velocity,13.899,3.69,66.4
Kepler-514 b,2016,Transit,5.6518,1.72,1485.1
Kepler-1456 b,2016,Transit,18.137,1.14,1207.8
TOI-1411 b,2022,Transit,1.4521,1.2,105.9
Kepler-1614 b,2016,Transit,3.9466,1.49,3885.1
CoRoT-20 b,2011,Transit,9.2429,9.42,2753.0
K2-187 d,2018,Transit,7.1496,2.4,1079.3
HD 44219 b,2010,Radial Velocity,472.0,14.1,172.6
Kepler-142 c,2014,Transit,4.7617,2.86,1789.6
HD 72659 b,2002,Radial Velocity,3549.0,13.2,169.3
Kepler-652 b,2016,Transit,4.182,2.49,1286.8
TOI-332 b,2023,Transit,0.77704,3.2,726.8
K2-62 b,2016,Transit,6.672,2.02,366.8
K2-380 b,2022,Transit,9.4013,2.73,813.1
Kepler-785 b,2016,Transit,1.9738,13.02,2094.1
K2-224 b,2018,Transit,4.479,1.56,897.8
Kepler-1066 b,2016,Transit,1.9316,2.36,1122.8
Kepler-1315 c,2021,Transit,6.5661,1.84,1568.4
TOI-375 d,2026,Radial Velocity,297.9,13.6,1292.3
KIC 9663113 b,2015,Transit,572.38,4.6,5201.3
NGTS-12 b,2020,Transit,7.5328,11.75,1456.1
Kepler-1240 b,2016,Transit,4.8664,1.15,2812.1
KIC 7917485 b,2016,Pulsation Timing Variations,840.0,12.4,4510.4
HD 26161 b,2021,Radial Velocity,10942.0,11.9,133.4
Kepler-1323 b,2016,Transit,0.92991,1.52,1518.0
TOI-2379 b,2024,Transit,5.4694,11.72,689.0
Kepler-657 b,2016,Transit,24.544,3.52,5518.2
K2-198 c,2019,Transit,3.3596,1.42,360.6
HD 170469 b,2007,Radial Velocity,1145.0,14.1,196.3
Kepler-139 d,2023,Transit,7.3057,1.7,1275.4
Kepler-1639 b,2016,Transit,9.8785,2.58,3363.7
TOI-2580 b,2024,Transit,3.3977,17.37,1237.0
Kepler-1000 b,2016,Transit,120.02,4.76,3638.7
TOI-2088 b,2024,Transit,124.73,3.68,412.5
HIP 98599 b,2026,Radial Velocity,2656.0,12.7,247.7
K2-154 b,2018,Transit,3.6763,1.99,421.9
Kepler-240 b,2014,Transit,4.1445,1.37,2436.1
HIP 38594 c,2020,Radial Velocity,3477.8,7.94,58.0
Kepler-145 c,2013,Transit,42.882,4.32,1848.8
Kepler-144 b,2014,Transit,5.8853,1.33,1255.4
TOI-1846 b,2025,Transit,3.9307,1.79,154.1
Kepler-1957 b,2021,Transit,2.1866,0.94,1503.2
Kepler-219 b,2014,Transit,4.5855,2.95,2567.1
TIC 365102760 b,2024,Transit,4.2129,6.21,1811.9
Kepler-1153 b,2016,Transit,1.7558,1.73,3651.3
Kepler-327 b,2014,Transit,2.5496,1.11,789.3
K2-72 b,2016,Transit,5.5772,1.08,216.7
TOI-5126 c,2023,Transit,17.9,3.86,523.2
Kepler-405 b,2014,Transit,10.614,2.08,3473.8
Kepler-451 d,2022,Eclipse Timing Variations,43.0,13.5,1292.7
Kepler-1421 b,2016,Transit,6.9131,0.93,2555.1
K2-332 b,2021,Transit,17.706,2.2,401.8
Kepler-1288 b,2016,Transit,2.7612,1.12,2655.2
GJ 1151 c,2023,Radial Velocity,389.7,3.25,26.2
Kepler-80 c,2012,Transit,9.5236,2.74,1205.0
Kepler-925 b,2016,Transit,33.868,2.34,1993.2
Kepler-194 d,2014,Transit,52.815,2.4,3581.1
Kepler-945 b,2016,Transit,31.003,2.63,5385.7
HD 156846 b,2007,Radial Velocity,359.51,12.4,155.7
TOI-2025 b,2022,Transit,8.8721,11.89,1095.8
Kepler-1878 b,2021,Transit,4.4459,2.92,4873.7
Kepler-1447 b,2016,Transit,56.675,2.9,2903.8
Kepler-1805 b,2021,Transit,8.8479,1.55,722.9
HD 158259 f,2020,Radial Velocity,12.028,2.35,88.2
Kepler-370 b,2014,Transit,4.5795,1.59,3809.3
Kepler-956 b,2016,Transit,5.2487,3.0,1777.4
HD 63433 b,2020,Transit,7.1079,2.14,73.1
Kepler-1142 b,2016,Transit,18.303,1.47,4153.6
Kepler-853 b,2016,Transit,7.1689,1.69,1854.8
Kepler-451 c,2022,Eclipse Timing Variations,1460.0,13.5,1292.7
WISPIT 1 b,2025,Imaging,,12.4,750.2
TOI-2529 b,2024,Transit,64.595,11.55,966.3
KOI-1599.01,2019,Transit,20.442,1.9,3690.9
Kepler-1759 b,2021,Transit,3.7202,0.9,1256.8
Kepler-1215 b,2016,Transit,4.767,1.22,2156.0
Kepler-1733 b,2021,Transit,9.2296,3.64,6785.7
Kepler-357 c,2014,Transit,16.858,2.67,2245.8
Kepler-194 c,2014,Transit,17.308,2.59,3581.1
Kepler-1056 b,2016,Transit,27.496,3.01,3204.5
Kepler-1424 b,2016,Transit,29.609,1.16,2157.3
Kepler-1642 c,2016,Transit,6.6514,2.66,1349.9
HD 164595 b,2015,Radial Velocity,40.0,4.16,92.2
K2-24 c,2016,Transit,42.347,7.93,556.3
Kepler-235 d,2014,Transit,20.061,2.05,1396.0
HD 97037 b,2022,Radial Velocity,6449.1,12.1,105.7
Kepler-776 b,2016,Transit,4.8972,1.28,2374.1
K2-352 b,2021,Transit,3.6659,1.37,574.2
TOI-3288 b,2025,Transit,1.4339,12.24,653.9
Kepler-1420 b,2016,Transit,6.6996,1.28,3438.9
K2-333 b,2021,Transit,14.759,6.18,1121.9
Kepler-79 e,2014,Transit,81.067,3.53,3329.1
Kepler-20 d,2011,Transit,77.611,2.61,921.6
DMPP-1 c,2019,Radial Velocity,10.03,3.31,204.0
Kepler-947 b,2016,Transit,26.964,2.28,5645.0
Kepler-689 b,2016,Transit,22.367,2.89,3691.2
NGC 2682 YBP 1194 b,2014,Radial Velocity,6.959,12.3,2847.1
HD 211970 b,2019,Radial Velocity,25.201,3.66,42.8
Kepler-336 c,2014,Transit,9.6,2.1,2507.7
Kepler-423 b,2014,Transit,2.6843,13.36,2474.7
2M0437 b,2021,Imaging,,13.0,419.1
Kepler-561 b,2016,Transit,58.362,6.96,2026.7
24 Boo b,2018,Radial Velocity,30.33,13.9,313.1
HD 74156 c,2003,Radial Velocity,2448.5,12.5,187.9
Kepler-1365 c,2016,Transit,4.7747,0.8,2740.1
HD 20003 c,2019,Radial Velocity,33.924,3.89,136.4
Kepler-716 b,2016,Transit,10.372,2.9,2071.1
TOI-4562 b,2023,Transit,225.11,12.53,1107.6
HD 134606 b,2024,Radial Velocity,12.089,2.97,87.4
K2-66 b,2016,Transit,5.0696,2.49,1676.0
TIC 437041147 b,2026,Transit,3.823,2.22,804.3
Kepler-583 b,2016,Transit,6.51,2.28,2828.7
Kepler-1649 c,2020,Transit,19.535,1.06,300.7
WASP-57 b,2012,Transit,2.8389,11.77,1299.0
Kepler-381 d,2021,Transit,8.2563,1.07,871.9
TOI-1199 b,2024,Transit,3.6715,10.51,810.3
TOI-4961 b,2025,Transit,7.4792,12.34,695.0
Kepler-118 c,2014,Transit,20.172,7.68,1872.9
Kepler-278 b,2014,Transit,30.156,3.96,1445.0
K2-268 e,2021,Transit,6.1312,1.33,1069.1
Kepler-1254 d,2016,Transit,5.7272,1.31,2031.4
HD 167768 b,2022,Radial Velocity,20.653,13.9,349.7
TOI-1036 b,2026,Transit,3.7795,6.28,600.2
EPIC 212424622 b,2019,Transit,18.098,2.17,1995.4
Kepler-1915 b,2021,Transit,13.835,3.22,4940.2
Kepler-1734 b,2021,Transit,6.7969,3.09,4836.3
Kepler-960 b,2016,Transit,3.1269,2.29,929.3
HD 208897 b,2017,Radial Velocity,358.27,13.7,220.1
Kepler-1386 b,2016,Transit,6.7397,1.24,2726.3
Kepler-1921 c,2023,Transit,3.1572,1.41,3030.0
Kepler-1225 b,2016,Transit,7.0108,1.82,4395.0
Kepler-1708 b,2021,Transit,737.11,9.96,5436.0
HD 96700 b,2021,Radial Velocity,8.1245,2.93,82.9
Kepler-208 b,2014,Transit,4.2286,1.63,2528.8
Kepler-1146 b,2016,Transit,2.3523,1.23,2293.0
WASP-100 b,2014,Transit,2.8494,14.91,1188.5
Kepler-1643 b,2016,Transit,5.3427,2.32,1114.7
Kepler-215 d,2014,Transit,30.864,2.39,1585.1
EPIC 212737443 b,2019,Transit,13.603,2.59,1096.7
TOI-2169 A b,2025,Transit,8.2148,12.51,1146.4
K2-259 b,2018,Transit,15.48,2.32,1358.3
TOI-5292 A b,2026,Transit,2.0219,12.64,1099.5
Kepler-401 c,2014,Transit,47.318,2.15,3149.2
Kepler-888 b,2016,Transit,70.698,1.76,1372.5
Kepler-740 b,2016,Transit,3.5841,4.57,4703.2
Kepler-1673 b,2020,Transit,33.789,2.94,2371.8
Kepler-1322 c,2021,Transit,6.46,2.15,4404.1
Kepler-1211 b,2016,Transit,11.018,2.55,5957.3
HIP 78530 b,2010,Imaging,,12.0,446.0
Kepler-48 f,2023,Radial Velocity,5219.7,13.8,1000.4
Kepler-1750 b,2021,Transit,205.91,6.0,4883.6
TOI-4308 b,2023,Transit,9.1512,2.42,355.3
HD 18015 b,2018,Radial Velocity,2278.0,13.1,403.8
TOI-1798.02,2024,Transit,0.43781,1.46,369.1
Kepler-24 b,2011,Transit,8.14,2.35,3773.0
Kepler-1875 b,2021,Transit,34.459,3.23,5415.7
Kepler-1642 b,2016,Transit,12.206,3.2,1349.9
HD 33142 c,2016,Radial Velocity,810.2,13.9,395.9
Kepler-864 b,2016,Transit,5.8338,2.4,6597.8
HD 181720 b,2009,Radial Velocity,956.0,14.0,196.4
TOI-6677 b,2026,Transit,5.4506,5.84,1110.6
Kepler-1394 b,2016,Transit,3.9377,1.39,2088.7
Kepler-1672 b,2020,Transit,150.88,2.97,1275.9
HD 331093 b,2021,Radial Velocity,621.62,13.6,163.7
Kepler-58 d,2014,Transit,40.101,2.94,3161.3
Kepler-404 c,2014,Transit,14.751,1.72,2650.1
Kepler-1254 b,2016,Transit,9.9911,1.55,2031.4
HD 37124 d,2005,Radial Velocity,1862.0,14.0,103.3
WASP-3 b,2007,Transit,1.8468,15.92,753.9
Kepler-1936 b,2021,Transit,126.56,3.17,2841.1
Kepler-1615 b,2016,Transit,47.313,2.06,4546.1
Kepler-327 d,2014,Transit,13.969,1.73,789.3
Kepler-1301 b,2016,Transit,9.0824,1.4,2786.3
Kepler-784 c,2023,Transit,17.157,1.55,4252.2
Kepler-1553 b,2016,Transit,4.2426,1.15,2258.9
Kepler-1862 b,2021,Transit,16.057,2.2,4018.9
Kepler-990 b,2016,Transit,9.9172,2.6,2616.3
Kepler-1537 b,2016,Transit,1.4445,1.18,1687.2
HATS-28 b,2016,Transit,3.1811,13.38,1746.2
HR 858 d,2019,Transit,11.231,2.0,104.3
TOI-2193 A b,2022,Transit,2.1226,19.84,1099.4
GJ 9773 b,2025,Radial Velocity,2965.0,14.2,51.9
Kepler-1785 b,2021,Transit,19.586,2.7,2432.3
Kepler-130 d,2014,Transit,87.518,1.64,1032.8
HD 13808 c,2021,Radial Velocity,53.753,3.13,92.1
Kepler-340 b,2014,Transit,14.844,2.53,2637.8
HD 125271 b,2022,Radial Velocity,14902.0,12.4,128.3
Kepler-1085 b,2016,Transit,219.32,7.22,4450.5
Kepler-1404 b,2016,Transit,15.931,2.01,3138.2
K2-99 c,2022,Radial Velocity,522.2,12.6,1693.5
TOI-1728 b,2020,Transit,3.4915,5.05,198.3
HATS-74 A b,2021,Transit,1.7319,11.57,976.5
Kepler-1207 b,2016,Transit,13.682,1.62,5721.4
Kepler-1636 b,2016,Transit,425.48,3.23,6352.0
Kepler-1267 b,2016,Transit,13.031,3.01,4499.1
K2-73 c,2025,Radial Velocity,1000.0,13.0,878.0
Kepler-1795 b,2021,Transit,13.36,1.66,
K2-285 b,2018,Transit,3.4717,2.59,505.4
WISPIT 1 c,2025,Imaging,,12.8,750.2
TIC 349520724 b,2026,Transit,7.9404,2.83,786.4
LP 714-47 b,2020,Transit,4.052,4.25,171.6
Kepler-963 b,2016,Transit,9.9768,2.66,2516.3
XO-2 S b,2014,Radial Velocity,18.22,10.9,493.8
Kepler-1748 b,2021,Transit,5.8235,2.71,3533.2
Kepler-336 d,2014,Transit,20.679,2.37,2507.7
Kepler-712 b,2016,Transit,21.022,3.41,2845.7
TOI-4364 b,2025,Transit,5.424,2.01,143.4
Kepler-247 b,2014,Transit,3.3362,1.64,2164.7
TOI-5628 A b,2026,Transit,4.3417,8.29,358.9
EPIC 201427007 b,2021,Transit,0.72091,1.5,2303.9
TOI-2992 b,2025,Transit,3.0078,13.75,1767.9
K2-268 b,2018,Transit,2.1517,1.5,1069.1
Kepler-1096 b,2016,Transit,2.8922,1.24,1232.8
TOI-615 b,2023,Transit,4.6616,18.98,1175.5
HAT-P-28 b,2011,Transit,3.2572,13.58,1308.9
Kepler-667 b,2016,Transit,41.44,4.73,7509.6
Kepler-557 b,2016,Transit,3.706,2.67,6839.9
EPIC 206024342 d,2021,Transit,14.648,2.6,1206.4
rho CrB c,2016,Radial Velocity,102.04,5.68,57.0
Kepler-483 b,2016,Transit,30.229,3.21,2806.1
HD 73534 b,2008,Radial Velocity,1750.0,13.7,271.8
HD 35843 b,2025,Radial Velocity,9.8991,2.29,227.0
Kepler-116 b,2014,Transit,5.9687,3.42,3115.3
HAT-P-62 b,2021,Transit,2.6453,12.03,1137.7
TOI-3896 b,2026,Transit,4.3773,3.15,592.5
Kepler-443 b,2015,Transit,177.67,2.33,2616.7
TOI-4504 d,2024,Transit Timing Variations,41.287,11.26,1117.4
HD 150010 b,2022,Radial Velocity,562.0,13.3,471.3
Kepler-552 b,2016,Transit,5.2634,3.95,2751.7
TOI-2719 b,2025,Transit,3.3759,5.98,1919.0
HD 23596 b,2003,Radial Velocity,1535.1,12.4,169.6
HATS-46 b,2018,Transit,4.7424,10.66,1480.1
TOI-426 b,2026,Transit,1.3205,2.19,370.5
TOI-1452 b,2022,Transit,11.062,1.67,99.5
TOI-2084 b,2023,Transit,6.0784,2.47,373.6
TOI-2152 A b,2023,Transit,3.3774,14.36,988.3
TOI-426 c,2026,Radial Velocity,235.8,13.6,370.5
K2-347 b,2021,Transit,7.1873,2.41,1044.8
Kepler-812 b,2016,Transit,10.117,3.55,4836.0
TOI-2266 b,2024,Transit,2.3263,1.54,168.3
Kepler-1187 b,2016,Transit,18.871,2.61,3328.5
Kepler-1547 b,2016,Transit,0.69298,0.9,2200.6
Kepler-170 b,2014,Transit,7.9306,3.2,2409.2
GJ 15 A b,2014,Radial Velocity,11.441,1.55,11.6
Kepler-100 b,2014,Transit,6.8873,1.34,993.6
Kepler-1258 b,2016,Transit,0.98494,0.86,2340.3
NSVS 14256825 b,2019,Eclipse Timing Variations,3225.0,12.3,2677.3
TOI-1266 b,2020,Transit,10.895,2.52,117.5
Kepler-659 b,2016,Transit,17.672,2.5,2356.9
GJ 27.1 b,2014,Radial Velocity,15.819,3.66,77.0
TOI-4495 c,2024,Transit,5.1855,4.03,431.2
Kepler-798 b,2016,Transit,13.719,2.39,3171.1
TOI-5082.01,2024,Transit,4.2401,2.55,140.7
Kepler-364 c,2014,Transit,59.981,2.15,2907.6
TOI-1260 d,2022,Transit,16.608,3.12,240.0
HD 50499 b,2005,Radial Velocity,2447.1,13.5,151.0
HD 20794 f,2025,Radial Velocity,647.6,2.28,19.6
Kepler-1595 b,2016,Transit,4.5638,1.23,2756.1
HD 99109 b,2005,Radial Velocity,439.3,14.3,178.7
KOI-3503 b,2021,Transit,21.185,1.19,2893.2
Kepler-526 b,2016,Transit,5.4585,1.99,2172.7
HD 28109 c,2022,Transit,55.997,4.13,455.3
K2-11 b,2015,Transit,39.938,7.55,1074.1
NGTS-26 b,2024,Transit,4.5199,14.89,3567.1
KOI-319 b,2014,Transit,46.148,10.67,2153.1
TOI-1743 b,2025,Transit,4.266,1.83,134.6
Kepler-1837 b,2021,Transit,5.9061,2.07,4009.0
Kepler-1986 b,2023,Transit,19.549,1.89,2974.8
Kepler-696 b,2016,Transit,4.1904,6.14,4619.8
Kepler-189 c,2014,Transit,20.135,2.38,1929.3
HD 105618 b,2022,Radial Velocity,10.022,5.44,228.6
TOI-1301.01,2024,Transit,6.0964,2.48,296.4
Kepler-1497 b,2016,Transit,8.742,1.66,3659.5
EPIC 212624936 b,2021,Transit,0.57866,1.2,1832.8
Kepler-194 b,2014,Transit,2.0923,1.51,3581.1
Kepler-661 b,2016,Transit,6.0293,3.07,1744.2
Kepler-529 c,2016,Transit,12.835,2.0,2606.0
HAT-P-61 b,2021,Transit,1.9023,10.08,1105.1
TOI-2589 b,2023,Transit,61.628,12.11,653.2
HD 95872 b,2015,Radial Velocity,4375.0,13.0,235.5
Kepler-1412 b,2016,Transit,3.6146,0.83,2464.7
Kepler-760 c,2016,Transit,2.467,1.48,2584.3
2MASS J0249-0557 c,2018,Imaging,,17.37,215.5
TOI-4504 c,2024,Transit,82.819,11.17,1117.4
Kepler-1540 b,2016,Transit,125.41,2.49,799.0
TIC 445839811 b,2026,Transit,11.109,2.48,768.6
Kepler-225 c,2014,Transit,18.794,1.84,1830.1
Kepler-180 b,2014,Transit,13.817,1.5,2268.9
HD 18438 b,2023,Radial Velocity,803.0,12.1,731.1
HD 154088 b,2021,Radial Velocity,18.56,2.46,59.6
HD 24064 b,2015,Radial Velocity,535.6,12.3,979.3
Kepler-1349 b,2016,Transit,2.1282,0.7,901.2
HD 29399 b,2022,Radial Velocity,892.7,13.5,144.0
TOI-4511 b,2026,Transit,10.981,2.75,397.4
Kepler-411 e,2018,Transit Timing Variations,31.51,3.28,501.2
eps Ind A b,2019,Radial Velocity,25450.0,12.7,11.9
Kepler-1306 b,2016,Transit,16.296,1.91,3612.2
TOI-2200 b,2026,Transit,2.936,6.96,819.5
K2-285 c,2018,Transit,7.138,3.53,505.4
Kepler-345 b,2014,Transit,7.4156,0.74,848.0
Kepler-539 c,2016,Transit Timing Variations,1000.0,13.3,1002.3
HD 33844 b,2015,Radial Velocity,551.4,13.4,345.0
GJ 317 c,2016,Radial Velocity,6500.0,13.6,49.6
Kepler-467 b,2016,Transit,24.993,2.25,1520.8
Kepler-964 b,2016,Transit,13.523,2.12,1482.8
TOI-1386 c,2024,Radial Velocity,232.0,10.3,479.0
HD 99706 c,2016,Radial Velocity,1278.0,12.8,478.1
Kepler-1262 b,2016,Transit,8.679,1.82,3440.5
BEBOP-3 b,2025,Radial Velocity,547.0,14.2,388.3
Kepler-1071 b,2016,Transit,6.18,2.38,3399.4
Kepler-1515 b,2016,Transit,214.31,9.55,1759.0
Kepler-1809 b,2021,Transit,3.7573,1.51,1335.9
K2-242 b,2018,Transit,6.5139,2.54,356.3
TIC 77319217 b,2026,Transit,7.5483,3.11,872.9
Kepler-649 b,2016,Transit,29.907,2.26,1675.6
HAT-P-55 b,2015,Transit,3.5852,14.84,1667.9
Kepler-344 c,2014,Transit,125.6,2.95,3271.1
HIP 65891 b,2015,Radial Velocity,1089.6,12.7,490.2
GJ 4274 c,2026,Radial Velocity,69.57,2.83,23.6
Kepler-1111 b,2016,Transit,8.7962,2.0,2744.7
Kepler-172 b,2014,Transit,2.9403,2.35,2702.5
K2-139 b,2017,Transit,28.381,9.11,501.8
HD 64121 b,2022,Radial Velocity,623.0,13.2,423.9
Kepler-902 b,2016,Transit,40.11,2.54,3800.8
Kepler-894 b,2016,Transit,9.8032,2.78,3792.9
Kepler-1794 b,2021,Transit,9.763,1.79,1830.5
TOI-1064 b,2022,Transit,6.4439,2.59,222.0
Kepler-884 b,2016,Transit,5.6992,1.23,1554.9
Kepler-1019 b,2016,Transit,1.4112,1.46,633.3
WASP-28 b,2014,Transit,3.4088,13.66,1136.6
GJ 3341 b,2015,Radial Velocity,14.207,2.46,77.0
TOI-4552 b,2026,Transit,0.3011,1.11,88.9
GJ 1289 b,2024,Radial Velocity,111.74,2.38,27.2
Kepler-555 b,2016,Transit,16.218,2.83,3173.9
Kepler-683 b,2016,Transit,2.5392,1.97,3336.8
HATS-10 b,2015,Transit,3.3128,10.86,1744.6
Kepler-1977 b,2023,Transit,4.537,1.66,1933.2
Kepler-715 b,2016,Transit,10.007,3.75,4329.5
TOI-1694 b,2023,Transit,3.7701,5.27,406.7
Kepler-164 d,2014,Transit,28.987,2.45,2905.3
Kepler-786 b,2016,Transit,53.529,2.43,1582.9
TOI-3785 b,2023,Transit,4.6747,5.14,260.2
WASP-145 A b,2018,Transit,1.769,10.09,297.8
WASP-136 b,2016,Transit,5.2154,16.81,898.8
HATS-12 b,2016,Transit,3.1427,7.76,2433.6
TOI-1296 b,2021,Transit,3.9444,14.12,1054.3
HD 98736 b,2018,Radial Velocity,968.8,13.3,105.8
Kepler-1136 b,2016,Transit,2.3617,1.64,1602.8
GJ 667 C f,2013,Radial Velocity,39.026,1.45,23.6
Kepler-635 b,2016,Transit,23.45,2.64,3721.7
TOI-1279 b,2024,Transit,9.6142,2.66,349.2
Kepler-468 b,2016,Transit,38.479,13.34,1444.5
DE CVn b,2018,Eclipse Timing Variations,4098.1,12.4,99.6
TOI-682.01,2021,Transit,6.8392,3.74,271.2
USco CTIO 108 b,2008,Imaging,,12.3,469.7
Kepler-1496 b,2016,Transit,64.659,2.22,4265.0
HD 102272 b,2008,Radial Velocity,127.58,12.9,1132.1
Kepler-366 c,2014,Transit,12.516,1.79,6054.4
KOI-2513.01,2023,Transit,19.005,2.8,4467.9
Kepler-537 b,2016,Transit,3.2476,1.41,1433.1
GJ 3323 b,2017,Radial Velocity,5.3636,1.23,17.5
TOI-4495 b,2026,Transit,2.567,2.48,431.2
Kepler-1761 b,2021,Transit,4.0435,1.39,721.4
NGTS-6 b,2019,Transit,0.88206,14.86,1005.4
Kepler-920 c,2016,Transit,100.83,3.8,3267.0
Kepler-818 b,2016,Transit,10.035,5.11,3017.1
Kepler-139 c,2014,Transit,157.07,3.38,1275.4
Kepler-959 b,2016,Transit,14.801,4.38,2634.5
BD-210397 c,2023,Radial Velocity,6240.0,12.9,77.4
Kepler-1436 b,2016,Transit,9.7057,1.31,8253.8
HU Aqr AB c,2011,Eclipse Timing Variations,4368.0,12.9,626.9
Kepler-1597 b,2016,Transit,2.9465,1.06,3982.5
WASP-83 b,2015,Transit,4.9713,11.66,884.2
HD 116029 c,2016,Radial Velocity,907.0,13.7,402.0
Kepler-282 e,2013,Transit,44.347,3.1,4362.7
XO-2 S c,2014,Radial Velocity,120.06,13.6,493.8
Kepler-850 b,2016,Transit,7.193,1.78,5418.4
Kepler-65 d,2012,Transit,8.1312,1.52,990.6
Kepler-1090 b,2016,Transit,198.68,2.25,2800.9
TOI-715 b,2023,Transit,19.288,1.55,138.3
GJ 393 b,2021,Radial Velocity,7.0268,1.17,22.9
Kepler-1680 b,2020,Transit,8.7742,1.36,1012.1
Gaia-2 b,2022,Transit,3.6915,14.82,682.4
WASP-124 b,2016,Transit,3.3727,13.9,1463.3
TOI-1439 b,2024,Transit,27.644,4.24,751.2
GJ 1061 c,2020,Radial Velocity,6.6821,1.19,12.0
K2-50 b,2016,Transit,8.7529,1.59,839.7
Kepler-23 b,2011,Transit,7.1,1.64,2725.9
Kepler-257 b,2014,Transit,2.3827,2.61,2544.9
TOI-1736 c,2023,Radial Velocity,571.25,12.5,290.1
Kepler-310 d,2014,Transit,92.876,2.47,1964.3
WASP-192 b,2019,Transit,2.8787,13.79,1659.8
Kepler-184 b,2014,Transit,10.688,2.36,1990.6
Kepler-1744 b,2021,Transit,37.101,3.77,3560.4
Kepler-1107 b,2016,Transit,0.57104,1.34,1398.6
Kepler-40 b,2010,Transit,6.8735,13.11,7517.9
TOI-908 b,2023,Transit,3.1838,3.19,573.2
Kepler-851 b,2016,Transit,8.507,1.68,2737.3
HD 99492 c,2023,Radial Velocity,95.233,4.42,59.4
G 264-012 c,2021,Radial Velocity,8.0518,1.76,52.2
Kepler-827 b,2016,Transit,51.929,5.63,6675.4
Kepler-228 c,2014,Transit,4.1344,2.7,5364.0
K2-346 b,2021,Transit,26.201,2.26,344.4
Kepler-77 b,2013,Transit,3.5788,10.76,2085.5
Kepler-1509 b,2016,Transit,25.434,1.85,6532.8
GJ 581 b,2005,Radial Velocity,5.3686,4.79,20.5
K2-403 b,2022,Transit,33.59,5.33,804.3
HD 43691 b,2007,Radial Velocity,36.999,13.2,279.2
Kepler-1574 b,2016,Transit,6.9424,1.29,4514.5
Kepler-238 f,2013,Transit,50.447,2.0,5866.7
K2-253 b,2018,Transit,4.0017,12.67,2859.0
Kepler-1290 b,2016,Transit,4.695,1.42,5197.9
Kepler-68 d,2013,Radial Velocity,632.62,13.9,470.2
Kepler-218 b,2014,Transit,3.6193,1.48,2140.8
Kepler-645 b,2016,Transit,3.2758,2.1,3827.7
TOI-1450 A b,2024,Transit,2.0439,1.13,73.2
HD 206610 b,2009,Radial Velocity,673.2,13.4,480.1
Kepler-99 b,2014,Transit,4.6036,1.48,679.6
Kepler-1010 b,2016,Transit,34.269,2.32,1889.3
Kepler-687 b,2016,Transit,20.506,3.52,2066.7
Kepler-1855 b,2021,Transit,0.72733,1.22,
UCAC4 328-061594 b,2024,Imaging,,12.1,130.2
Kepler-1363 b,2016,Transit,2.9419,1.25,1766.8
Kepler-296 b,2014,Transit,10.864,1.61,544.7
BD+48 738 b,2011,Radial Velocity,392.6,13.9,2842.4
HR 8799 c,2008,Imaging,69000.0,13.0,134.5
Kepler-1773 b,2021,Transit,40.81,3.5,2222.0
Kepler-989 b,2016,Transit,7.9643,2.21,1604.6
Kepler-1508 b,2016,Transit,20.706,1.33,4110.5
TOI-7041 b,2025,Transit,9.691,11.43,1433.5
K2-37 c,2016,Transit,6.4297,2.41,586.9
2MASS J19383260+4603591 b,2015,Eclipse Timing Variations,406.0,13.4,1292.7
TOI-1260 b,2021,Transit,3.1275,2.41,240.0
HIP 39330 b,2026,Radial Velocity,4650.0,13.5,118.7
Kepler-52 c,2012,Transit,16.385,1.84,1048.7
Kepler-1637 b,2016,Transit,6.1096,0.89,1849.9
Kepler-1990 b,2023,Transit,1.7351,3.27,1280.9
TOI-1749 c,2021,Transit,4.4929,2.12,324.7
GJ 9714 b,2022,Radial Velocity,19241.0,12.5,66.9
Kepler-312 b,2014,Transit,1.7724,1.29,2601.8
Kepler-1671 b,2020,Transit,4.1679,1.33,1164.6
Kepler-466 b,2016,Transit,51.079,2.85,1729.0
UZ For c,2011,Eclipse Timing Variations,1916.2,,781.5
HD 63765 b,2011,Radial Velocity,358.0,14.2,106.1
TOI-7008 b,2026,Transit,0.84069,4.95,1338.8
Kepler-1038 c,2021,Transit,7.1277,1.42,1905.2
TOI-3877 b,2025,Transit,4.1236,11.68,1610.5
Kepler-1699 b,2020,Transit,3.4908,1.57,2670.4
HD 143105 b,2016,Radial Velocity,2.1974,13.7,152.6
HD 191939 e,2022,Radial Velocity,101.12,13.0,174.8
Kepler-1569 b,2016,Transit,5.7918,1.68,3083.7
Kepler-859 b,2016,Transit,20.382,3.09,2739.4
HD 83443 b,2002,Radial Velocity,2.9856,14.1,133.4
Kepler-106 b,2014,Transit,6.1649,0.82,1449.2
Kepler-834 b,2016,Transit,13.324,2.02,2067.6
K2-249 b,2018,Transit,12.409,2.79,1701.6
Kepler-454 c,2015,Radial Velocity,524.19,12.9,753.0
HD 33283 b,2006,Radial Velocity,18.199,12.5,293.1
Kepler-169 e,2014,Transit,13.767,2.2,1325.9
GJ 536 b,2016,Radial Velocity,8.7087,2.41,34.0
Kepler-37 e,2014,Transit,51.196,0.37,208.5
Kepler-37 b,2013,Transit,13.367,0.31,208.5
TOI-2236 b,2022,Transit,3.5316,14.37,1159.8
HD 159868 c,2012,Radial Velocity,351.0,14.0,182.2
Kepler-1665 b,2020,Transit,11.955,2.84,1094.3
HIP 111909 b,2025,Radial Velocity,487.08,13.7,287.3
Kepler-1125 b,2016,Transit,17.67,1.84,6560.3
Kepler-384 b,2014,Transit,22.597,1.12,2921.3
HD 37605 b,2004,Radial Velocity,55.013,13.2,152.6
Kepler-1618 b,2016,Transit,6.1083,1.26,4009.3
Kepler-352 d,2021,Transit,6.8873,0.81,824.3
K2-148 c,2018,Transit,6.9226,1.73,405.9
NGTS-9 b,2019,Transit,4.4353,11.99,1986.7
Kepler-584 b,2016,Transit,35.181,4.21,6030.1
Kepler-92 b,2013,Transit,13.749,3.51,1559.0
TOI-277 b,2022,Transit,3.994,2.65,210.9
EPIC 212297394 b,2019,Transit,2.2894,1.48,1364.6
TIC 67686059 b,2026,Transit,3.5216,2.59,812.8
K2-270 b,2018,Transit,1.5431,1.38,914.9
TIC 160113658 b,2026,Transit,6.7295,3.49,652.8
Kepler-533 b,2016,Transit,28.511,3.38,988.1
VHS J125601.92-125723.9 b,2015,Imaging,5800000.0,13.67,41.4
HD 23079 c,2025,Radial Velocity,5.7489,2.8,109.1
Kepler-55 e,2014,Transit,4.6175,1.55,1887.8
GJ 887 b,2020,Radial Velocity,9.2619,1.8,10.7
Kepler-1467 b,2016,Transit,47.057,3.3,2781.7
Kepler-199 c,2014,Transit,67.093,3.25,1699.4
HD 222076 b,2016,Radial Velocity,871.0,13.5,297.3
Kepler-282 b,2014,Transit,9.2205,1.01,4362.7
K2-388 b,2022,Transit,6.3393,3.9,947.5
TOI-1224 b,2024,Transit,4.1783,2.1,121.8
Kepler-623 b,2016,Transit,9.071,3.01,2406.1
WASP-176 b,2020,Transit,3.8991,16.87,1853.9
Kepler-363 d,2014,Transit,11.932,2.05,2487.3
HD 4917 b,2018,Radial Velocity,400.5,13.5,666.3
KOBE-1 c,2025,Radial Velocity,29.671,3.56,78.2
Kepler-970 b,2016,Transit,16.737,2.61,1081.4
HAT-P-70 b,2019,Transit,2.7443,20.96,1078.7
Kepler-943 b,2016,Transit,49.77,5.93,7503.3
Kepler-10 b,2011,Transit,0.83749,1.47,605.0
Kepler-271 d,2016,Transit,5.2497,0.66,1319.4
TOI-1233.01,2021,Transit,14.176,2.54,210.7
HD 221585 b,2016,Radial Velocity,1173.0,13.5,182.2
TIC 18942729 b,2026,Transit,0.99818,2.0,375.6
HD 22496 b,2021,Radial Velocity,5.0907,2.22,44.3
Kepler-1640 b,2016,Transit,7.5844,4.82,6065.8
Kepler-589 c,2021,Transit,3.5247,1.12,1998.7
Kepler-647 b,2016,Transit,16.225,1.17,3548.2
Gaia-1 b,2022,Transit,3.0525,13.78,1186.1
Kepler-1527 b,2016,Transit,160.13,4.77,6008.2
Kepler-1980 b,2023,Transit,33.026,2.21,5575.3
TOI-122 b,2020,Transit,5.078,2.72,202.6
HATS-52 b,2017,Transit,1.3667,15.49,1810.6
Kepler-250 d,2014,Transit,17.648,2.18,2480.7
Kepler-1298 b,2016,Transit,7.1281,1.31,1774.8
Kepler-1361 b,2016,Transit,3.5755,0.86,1269.2
Kepler-619 b,2016,Transit,5.4043,3.16,2937.6
K2-99 b,2016,Transit,18.248,11.88,1693.5
TOI-532 b,2021,Transit,2.3267,5.82,440.5
HD 210277 b,1998,Radial Velocity,442.19,13.6,69.5
Kepler-178 b,2014,Transit,9.5767,2.9,2335.4
Kepler-1604 b,2016,Transit,0.68368,1.41,1765.1
Kepler-984 b,2016,Transit,43.034,2.12,1500.9
HD 13724 c,2022,Radial Velocity,142.23,8.18,141.8
Kepler-1286 b,2016,Transit,11.254,2.15,4417.7
Kepler-318 b,2014,Transit,4.6627,4.71,1595.4
Kepler-732 b,2016,Transit,9.4678,2.18,570.2
HIP 109600 b,2016,Radial Velocity,232.08,13.2,216.4
Kepler-407 b,2014,Transit,0.66931,1.19,1103.6
GJ 1148 c,2017,Radial Velocity,532.58,9.71,35.9
Kepler-897 b,2016,Transit,8.0473,2.39,4955.1
Kepler-435 b,2015,Transit,8.6002,22.31,4627.4
HD 184010 d,2022,Radial Velocity,836.4,14.3,198.3
WASP-70 A b,2014,Transit,3.713,13.05,725.2
TOI-1798.01,2024,Transit,8.0215,2.45,369.1
TOI-444 b,2023,Transit,17.964,2.77,187.2
TOI-2202 b,2021,Transit,11.913,10.95,769.5
TrES-1 b,2004,Transit,3.0301,12.67,520.7
Kepler-1052 c,2023,Transit,180.92,2.3,3077.1
Kepler-206 b,2014,Transit,7.782,1.2,1938.8
Kepler-763 b,2016,Transit,1.1966,1.22,3139.1
Kepler-155 b,2014,Transit,5.9312,2.09,957.3
ups And c,1999,Radial Velocity,241.26,12.3,43.7
NGTS-34 b,2025,Transit,43.127,3.65,392.9
K2-274 b,2018,Transit,14.133,2.08,744.7
DH Tau b,2004,Imaging,,30.26,439.8
HD 200964 c,2010,Radial Velocity,852.5,13.7,236.8
TOI-1011 b,2025,Transit,2.4705,1.45,171.6
Kepler-1583 b,2016,Transit,9.3281,0.6,1317.5
HATS-32 b,2016,Transit,2.8127,14.0,2430.2
ZTF J1828+2308 b,2025,Transit,0.11201,11.13,658.3
Kepler-1876 b,2021,Transit,6.992,0.85,847.8
TOI-6564 b,2026,Transit,3.9854,16.4,624.2
K2-219 c,2018,Transit,6.6677,1.44,1061.3
HD 37124 b,2002,Radial Velocity,154.38,14.0,103.3
Kepler-881 b,2016,Transit,4.4445,1.78,4485.2
TOI-333 b,2025,Transit,3.7853,4.26,1148.9
Kepler-60 c,2012,Transit,8.9187,1.9,3343.4
Kepler-665 b,2016,Transit,16.013,2.6,1998.8
Kepler-1848 b,2021,Transit,5.604,1.41,1010.1
TOI-2096 c,2023,Transit,6.3878,1.91,158.1
Kepler-1698 b,2020,Transit,1.2107,1.07,725.2
HIP 14810 c,2006,Radial Velocity,147.75,13.6,164.6
HD 25463 c,2023,Transit,3.044,1.36,148.8
Kepler-1869 c,2023,Transit,1.7168,0.74,368.6
Kepler-292 b,2014,Transit,2.5808,1.32,3445.8
Kepler-33 b,2011,Transit,5.6679,1.74,3943.7
Kepler-601 b,2016,Transit,5.3789,1.9,1353.0
TOI-1347 b,2024,Transit,0.84742,1.8,481.0
K2-417 b,2023,Transit,6.535,3.31,306.7
Kepler-1020 b,2016,Transit,96.915,2.28,1354.7
Kepler-1346 b,2016,Transit,3.4017,1.58,2751.8
TOI-1750 b,2026,Transit,11.337,2.79,529.9
HD 180314 b,2010,Radial Velocity,394.73,12.0,399.1
Kepler-181 c,2014,Transit,4.3021,1.99,1987.2
Kepler-953 c,2016,Transit,9.1097,1.19,844.4
TOI-1696 b,2022,Transit,2.5003,3.09,211.7
TIC 77552382 b,2026,Transit,3.5103,5.69,1217.9
HD 96167 b,2009,Radial Velocity,498.04,14.0,278.2
Kepler-1770 b,2021,Transit,16.842,2.84,1901.3
Kepler-292 e,2014,Transit,11.979,2.67,3445.8
Kepler-154 b,2014,Transit,33.041,2.26,2985.0
Kepler-1660 AB b,2023,Eclipse Timing Variations,239.5,12.9,3876.5
Kepler-379 b,2014,Transit,20.098,1.66,2385.1
HAT-P-33 b,2011,Transit,3.4745,20.74,1291.9
Kepler-567 b,2016,Transit,16.543,2.25,1822.6
KIC 8121913 b,2021,Orbital Brightness Modulation,3.2946,13.4,2306.9
K2-198 d,2019,Transit,7.45,2.44,360.6
Kepler-176 e,2016,Transit,51.166,1.45,1719.9
HD 109246 b,2010,Radial Velocity,68.27,13.9,221.2
TOI-5489 c,2025,Transit,4.9213,1.28,147.1
K2-415 b,2023,Transit,4.018,1.01,71.2
Kepler-800 b,2016,Transit,14.132,2.85,3324.4
Kepler-327 c,2014,Transit,5.2123,1.03,789.3
Kepler-28 c,2011,Transit,8.99,1.86,1429.7
K2-271 b,2018,Transit,8.5624,7.28,1841.0
KMT-2018-BLG-0748L b,2020,Microlensing,,9.01,23809.4
KMT-2024-BLG-1870L b,2026,Microlensing,,13.8,17873.3
KMT-2017-BLG-0849L b,2024,Microlensing,,2.41,23548.5
Kepler-1418 b,2016,Transit,22.476,1.66,1627.5
OGLE-2016-BLG-0613L AB b,2017,Microlensing,,13.0,11121.9
TOI-1694 c,2023,Radial Velocity,386.25,13.8,406.7
HD 9446 c,2009,Radial Velocity,192.9,13.4,164.2
MASCARA-4 b,2020,Transit,2.8241,16.98,556.7
Kepler-1846 b,2021,Transit,14.82,1.76,1221.8
HD 147873 b,2016,Radial Velocity,116.6,12.8,355.7
Kepler-224 e,2014,Transit,18.644,1.97,2550.8
Kepler-1670 b,2020,Transit,20.5,3.36,6738.3
Kepler-92 c,2013,Transit,26.723,2.6,1559.0
Kepler-1799 b,2021,Transit,11.93,4.13,7353.8
KMT-2021-BLG-0736L b,2025,Microlensing,,4.86,22830.9
PSR B1620-26 b,2003,Pulsar Timing,,13.3,
TYC 8998-760-1 b,2020,Imaging,,21.18,308.6
OGLE-2017-BLG-1434L b,2018,Microlensing,,1.94,2804.9
KMT-2019-BLG-2783L b,2023,Microlensing,,13.7,19275.8
OGLE-2016-BLG-1093L b,2022,Microlensing,,14.0,26483.9
MOA-2010-BLG-117L b,2018,Microlensing,,14.2,11415.5
OGLE-2006-BLG-109L b,2008,Microlensing,1788.5,14.0,4925.0
OGLE-2012-BLG-0406L b,2013,Microlensing,,13.2,16210.0
Kepler-1265 b,2016,Transit,6.4944,1.35,1903.6
HD 332231 b,2020,Transit,18.712,9.07,263.1
HD 233604 b,2013,Radial Velocity,192.0,12.7,2762.7
Kepler-1591 b,2016,Transit,8.185,1.27,4630.0
HD 22532 b,2022,Radial Velocity,872.6,13.4,525.7
TOI-7189 b,2026,Transit,2.8906,10.9,626.5
TOI-7265 B b,2026,Transit,4.1723,10.7,469.6
KMT-2021-BLG-0322L b,2021,Microlensing,,12.7,21526.3
MOA-2016-BLG-526L b,2024,Microlensing,,3.97,22602.6
TOI-6695 c,2025,Radial Velocity,242.4,13.6,921.5
Kepler-249 b,2014,Transit,3.3065,1.09,621.0
OGLE-2018-BLG-1185L b,2021,Microlensing,,2.83,24135.5
WISEP J121756.91+162640.2 A b,2012,Imaging,,10.47,32.9
KMT-2024-BLG-0176L b,2026,Microlensing,,14.0,27201.4
KMT-2021-BLG-1150L b,2023,Microlensing,,13.9,12393.9
KMT-2017-BLG-1146L b,2019,Microlensing,,14.0,21200.1
MOA-2007-BLG-400L b,2008,Microlensing,,13.5,22472.1
UZ For b,2011,Eclipse Timing Variations,5840.0,,781.5
TWA 7 b,2025,Imaging,,12.7,110.9
Kepler-1222 b,2016,Transit,1.9169,0.79,1354.3
Kepler-463 b,2016,Transit,8.981,3.05,1287.7
TOI-2337 b,2022,Transit,2.9943,10.09,1748.3
HD 202206 c,2004,Radial Velocity,1299.2,13.1,149.9
MOA-2010-BLG-477L b,2012,Microlensing,,13.6,7501.6
OGLE-2017-BLG-1522L b,2018,Microlensing,,14.0,24429.1
Kepler-566 b,2016,Transit,18.428,2.15,1840.4
Kepler-1224 b,2016,Transit,13.324,1.33,1825.2
WASP-149 b,2025,Transit,1.3328,15.24,690.6
KMT-2019-BLG-1042L b,2022,Microlensing,,9.05,21526.3
KMT-2019-BLG-0298L b,2023,Microlensing,,13.4,21885.1
WASP-60 b,2012,Transit,4.305,9.86,1405.9
KMT-2019-BLG-0371L b,2021,Microlensing,,12.6,22863.5
TOI-5916 b,2026,Transit,2.3671,11.8,651.4
OGLE-2017-BLG-1237L b,2024,Microlensing,,13.0,19667.2
OGLE-2017-BLG-0640L b,2024,Microlensing,,13.5,21624.1
MXB 1658-298 b,2017,Eclipse Timing Variations,760.0,12.0,
KMT-2018-BLG-0029L b,2020,Microlensing,,2.67,11024.1
Kepler-619 c,2016,Transit,1.2085,1.69,2937.6
Kepler-186 b,2014,Transit,3.8868,1.07,579.2
K2-183 d,2018,Transit,22.62,2.3,1073.2
Kepler-1677 b,2020,Transit,22.064,2.7,2398.5
KMT-2018-BLG-0087L b,2022,Microlensing,,10.1,22896.2
KOI-55 c,2011,Orbital Brightness Modulation,0.34289,0.87,4015.0
KMT-2024-BLG-1044L b,2024,Microlensing,,2.7,23287.5
KMT-2019-BLG-0297L b,2023,Microlensing,,12.1,10078.2
OGLE-2012-BLG-0724L b,2016,Microlensing,,14.3,21852.5
TOI-603 b,2026,Transit,16.18,7.37,671.6
Kepler-1620 b,2016,Transit,101.95,1.61,2919.3
KMT-2019-BLG-0578L b,2025,Microlensing,,13.7,23809.4
Kepler-85 e,2014,Transit,25.217,1.27,2495.2
TOI-2128 b,2024,Transit,16.341,2.09,119.3
Kepler-1693 c,2021,Transit,5.3637,0.98,2479.0
TOI-5174 b,2022,Transit,12.214,5.35,643.3
WASP-172 b,2018,Transit,5.4774,17.6,1755.1
Kepler-403 b,2014,Transit,7.0315,1.25,2740.6
KMT-2022-BLG-2286L b,2024,Microlensing,,12.1,23874.6
Kepler-1493 b,2016,Transit,15.022,1.41,1810.3
OGLE-2019-BLG-0249L b,2023,Microlensing,,12.7,20776.1
Kepler-137 c,2014,Transit,18.736,1.88,988.2
TOI-2114 b,2026,Transit,6.21,14.55,1036.7
TOI-5806 b,2026,Transit,3.1856,15.13,388.8
OGLE-2018-BLG-1011L c,2019,Microlensing,,13.2,23157.1
TOI-7169 b,2026,Transit,3.4373,16.53,1523.6
OGLE-2018-BLG-0677L b,2020,Microlensing,,1.82,24722.6
OGLE-2019-BLG-0679L b,2023,Microlensing,,13.1,18362.6
MOA-bin-1L b,2012,Microlensing,,13.0,16634.0
Kepler-365 b,2014,Transit,10.665,2.04,3388.7
KMT-2020-BLG-0414L c,2021,Microlensing,,11.9,3979.1
HD 11977 b,2005,Radial Velocity,711.0,12.7,221.6
Kepler-1038 b,2016,Transit,148.46,3.53,1905.2
Kepler-250 c,2014,Transit,7.1568,2.28,2480.7
eps CrB b,2012,Radial Velocity,417.9,12.7,227.9
TOI-521 b,2025,Transit,1.5429,1.98,198.8
OGLE-2015-BLG-0954L b,2016,Microlensing,,13.1,3913.9
KOI-134 c,2025,Transit Timing Variations,33.95,9.86,3780.8
HD 127195 c,2026,Radial Velocity,836.99,14.1,276.3
HD 125136 b,2026,Radial Velocity,849.77,13.3,395.5
KMT-2019-BLG-0953L b,2022,Microlensing,,4.06,23483.2
OGLE-2017-BLG-1691L b,2022,Microlensing,,3.92,23776.8
alf Ari b,2010,Radial Velocity,380.8,13.4,65.9
TOI-2180 b,2022,Transit,260.79,11.32,380.6
KMT-2024-BLG-0404L c,2025,Microlensing,,4.33,23515.8
Kepler-122 e,2014,Transit,37.993,2.6,3351.1
Kepler-411 c,2016,Transit,7.8344,4.42,501.2
OGLE-2018-BLG-1428L b,2021,Microlensing,,14.0,20286.9
KMT-2021-BLG-1689L b,2022,Microlensing,,7.71,23483.2
MOA-2010-BLG-073L b,2012,Microlensing,,12.4,9132.4
KMT-2017-BLG-2197L b,2025,Microlensing,,12.5,25440.2
KMT-2018-BLG-1988L b,2022,Microlensing,,2.22,13535.5
Kepler-302 b,2014,Transit,30.184,4.06,4574.6
GJ 3779 b,2018,Radial Velocity,3.0232,2.75,44.8
Kepler-985 b,2016,Transit,116.33,2.98,2215.8
Kepler-248 b,2014,Transit,6.3082,3.02,2409.6
Kepler-836 b,2016,Transit,11.361,2.73,3196.4
TOI-1224 c,2024,Transit,17.945,2.88,121.8
Kepler-142 d,2014,Transit,41.809,2.16,1789.6
OGLE-2019-BLG-0304L b,2021,Microlensing,,14.2,22765.7
MOA-2022-BLG-563L b,2024,Microlensing,,14.0,21298.0
KMT-2021-BLG-2010L b,2023,Microlensing,,13.8,23124.5
KMT-2024-BLG-1005L b,2025,Microlensing,,12.1,22667.8
KMT-2021-BLG-1077L c,2022,Microlensing,,10.6,26875.3
Kepler-1676 b,2020,Transit,29.922,3.38,
K2-65 b,2016,Transit,12.648,1.58,235.5
OGLE-2018-BLG-0799L b,2022,Microlensing,,10.9,13209.3
KMT-2023-BLG-0466L b,2026,Microlensing,,13.1,22178.6
BD+63 1405 b,2021,Radial Velocity,1198.5,12.4,124.1
WASP-73 b,2014,Transit,4.0872,15.92,1032.9
Kepler-733 b,2016,Transit,20.834,2.82,2989.9
Kepler-124 d,2014,Transit,30.951,1.11,1370.0
Kepler-244 c,2014,Transit,9.7673,2.05,3380.6
Kepler-2001 c,2023,Transit,14.093,1.82,2532.8
KMT-2021-BLG-0852L b,2026,Microlensing,,14.2,23581.1
Kepler-32 b,2011,Transit,5.9012,2.2,1056.2
TOI-5108 b,2025,Transit,6.7536,6.6,427.0
KMT-2016-BLG-2605L b,2021,Microlensing,,14.0,20942.5
OGLE-2018-BLG-0977L b,2022,Microlensing,,2.41,21200.1
OGLE-2007-BLG-368L b,2009,Microlensing,,4.72,19243.2
MOA-2011-BLG-262L b,2014,Microlensing,,4.29,23483.2
Kepler-132 c,2014,Transit,6.4149,1.28,1140.1
KMT-2025-BLG-0481L b,2026,Microlensing,,14.1,26027.2
KMT-2019-BLG-1339L b,2020,Microlensing,,13.7,19960.7
OGLE-2017-BLG-1140L b,2018,Microlensing,,13.5,
KMT-2022-BLG-1790L b,2025,Microlensing,,13.5,21134.9
KMT-2018-BLG-1996L b,2021,Microlensing,,13.7,19275.8
Kepler-47 b,2012,Transit,49.464,3.05,3343.2
HD 190007 b,2020,Radial Velocity,11.724,4.06,41.5
Kepler-1219 b,2016,Transit,16.105,2.12,2873.1
Kepler-1808 b,2021,Transit,23.34,3.03,3333.3
Kepler-824 b,2016,Transit,4.5144,1.87,3918.4
HD 95089 b,2009,Radial Velocity,464.4,13.7,446.7
Kepler-610 c,2016,Transit,151.86,3.3,2758.7
Kepler-410 A b,2013,Transit,17.834,2.84,481.2
DMPP-6 b,2026,Radial Velocity,7.6027,2.28,178.2
Gaia22dkvL b,2024,Microlensing,,14.1,4142.2
MOA-2022-BLG-249L b,2023,Microlensing,,2.04,6523.1
Kepler-1063 b,2016,Transit,14.08,1.49,1119.5
KMT-2021-BLG-1303L b,2022,Microlensing,,13.6,20482.6
OGLE-2018-BLG-0596L b,2019,Microlensing,,3.81,18427.8
KMT-2023-BLG-0830L b,2025,Microlensing,,4.41,23646.3
KMT-2023-BLG-0735L b,2024,Microlensing,,6.97,20841.4
KMT-2021-BLG-0320L b,2022,Microlensing,,6.2,22667.8
OGLE-2023-BLG-0766L b,2026,Microlensing,,13.7,24135.5
Kepler-1628 b,2016,Transit,76.378,6.43,1148.1
OGLE2-TR-L9 b,2008,Transit,2.4855,18.05,5308.6
TOI-5736 b,2025,Transit,0.64899,1.56,301.2
Kepler-1577 b,2016,Transit,6.3056,1.13,1663.5
K2-13 b,2015,Transit,39.915,1.89,1116.7
Kepler-122 f,2014,Transit,56.268,1.75,3351.1
Kepler-414 c,2014,Transit,7.171,3.01,1348.5
TOI-1533 b,2026,Transit,3.6458,2.89,326.3
Kepler-675 b,2016,Transit,2.3374,2.44,2171.2
Kepler-1489 c,2024,Transit,0.68074,0.51,4184.7
K2-190 c,2018,Transit,21.574,1.09,524.1
Kepler-276 c,2013,Transit,31.884,2.9,3734.0
HD 148164 b,2018,Radial Velocity,328.55,13.7,251.8
Kepler-1996 b,2023,Transit,32.376,2.26,1436.9
HIP 107772 b,2020,Radial Velocity,55.199,3.64,77.1
Kepler-446 c,2015,Transit,3.0362,1.11,314.2
KIC 3526061 b,2022,Radial Velocity,3552.0,12.1,1308.6
HD 11964 c,2008,Radial Velocity,37.91,5.38,109.4
Kepler-1482 b,2016,Transit,12.254,1.01,1851.1
TOI-5515 b,2026,Transit,8.5923,2.65,441.8
TOI-2184 b,2022,Transit,6.9068,11.4,2571.1
HD 102329 c,2016,Radial Velocity,1123.0,13.5,708.1
HD 39194 b,2021,Radial Velocity,5.6369,1.99,86.1
HD 199509 b,2022,Radial Velocity,99.622,7.43,79.3
Kepler-325 d,2014,Transit,38.715,2.79,2685.1
Kepler-1940 b,2021,Transit,4.9506,1.55,2604.7
TOI-2545 b,2022,Transit,7.994,2.75,349.4
Kepler-1612 b,2016,Transit,3.918,1.03,2494.2
HD 136352 c,2019,Radial Velocity,27.592,2.92,47.9
EPIC 201615463 c,2019,Transit,3.8046,1.22,1555.4
Kepler-225 b,2014,Transit,6.739,1.2,1830.1
HD 20868 b,2008,Radial Velocity,380.85,13.7,155.6
Kepler-1930 b,2021,Transit,13.027,1.53,899.2
Kepler-1439 b,2016,Transit,8.0739,1.46,735.1
HD 155193 b,2021,Radial Velocity,352.65,14.0,188.5
TOI-1266 c,2020,Transit,18.803,1.98,117.5
Kepler-1536 b,2016,Transit,364.76,3.14,1263.0
HD 134987 b,1999,Radial Velocity,258.18,13.5,85.4
Kepler-961 b,2016,Transit,16.877,2.55,1873.2
Kepler-539 b,2016,Transit,125.63,8.37,1002.3
HD 5278 c,2021,Radial Velocity,40.87,4.49,187.8
Kepler-319 c,2014,Transit,6.9414,2.63,1642.0
HD 179079 b,2008,Radial Velocity,14.479,,227.4
Kepler-1099 b,2016,Transit,2.1685,2.83,3335.9
Kepler-244 d,2014,Transit,20.05,2.31,3380.6
NY Vir c,2019,Eclipse Timing Variations,8799.0,12.8,1774.4
Kepler-377 b,2014,Transit,12.51,1.39,2686.9
Kepler-879 b,2016,Transit,33.386,2.57,2618.0
Kepler-705 b,2016,Transit,56.056,2.11,903.1
Kepler-163 c,2014,Transit,21.347,2.26,2249.9
TOI-778 b,2023,Transit,4.6336,15.4,527.5
Kepler-1355 b,2016,Transit,1.2896,1.46,2972.2
KOI-134 b,2025,Transit,67.128,12.04,3780.8
Kepler-138 b,2014,Transit,10.313,0.64,218.1
Kepler-1542 e,2016,Transit,5.1012,0.76,1301.7
Kepler-1579 b,2016,Transit,0.84991,0.84,1519.9
K2-264 c,2018,Transit,19.66,2.67,605.4
Kepler-1073 d,2021,Transit,2.5048,1.49,2641.5
Kepler-510 b,2016,Transit,19.557,2.47,1259.5
HD 164509 b,2012,Radial Velocity,280.17,14.3,173.2
TIC 34085383 b,2026,Transit,3.4779,3.92,486.4
TYC 3667-1280-1 b,2016,Radial Velocity,26.468,12.8,1557.4
HATS-59 c,2018,Radial Velocity,1422.0,12.3,2096.8
Kepler-1605 b,2016,Transit,85.757,1.08,1781.6
Ross 458 c,2010,Imaging,,14.01,37.5
SR 12 AB c,2010,Imaging,,12.3,366.3
HD 187123 b,1998,Radial Velocity,3.0966,14.2,149.9
OGLE-TR-132 b,2004,Transit,1.6899,13.45,6564.3
OGLE-TR-56 b,2002,Transit,1.2119,15.28,922.5
WASP-156 b,2017,Transit,3.8362,6.15,398.1
HD 22781 b,2011,Radial Velocity,528.07,12.3,106.3
Kepler-16 b,2011,Transit,228.78,8.45,244.9
Kepler-27 c,2011,Transit,31.331,4.9,3406.2
WASP-23 b,2010,Transit,2.9444,10.78,676.7
Kepler-27 b,2011,Transit,15.335,4.0,3406.2
HD 114783 b,2001,Radial Velocity,493.7,13.7,68.7
HD 19994 b,2003,Radial Velocity,466.2,13.6,73.5
47 UMa b,1996,Radial Velocity,1078.0,13.2,45.0
Kepler-18 c,2011,Transit,7.6416,5.49,1412.4
Kepler-18 b,2011,Transit,3.5047,2.0,1412.4
Kepler-31 c,2011,Transit,42.632,5.3,5429.3
Kepler-32 e,2012,Transit,2.896,1.5,1056.2
61 Vir b,2009,Radial Velocity,4.215,2.11,27.7
61 Vir c,2009,Radial Velocity,38.021,4.46,27.7
47 UMa d,2009,Radial Velocity,14002.0,13.5,45.0
47 UMa c,2001,Radial Velocity,2391.0,14.2,45.0
BD-08 2823 c,2009,Radial Velocity,237.6,12.5,134.8
CoRoT-23 b,2011,Transit,3.6313,11.77,3460.4
Kepler-18 d,2011,Transit,14.859,6.98,1412.4
HATS-1 b,2012,Transit,3.4465,14.59,926.2
HD 47186 c,2008,Radial Velocity,1353.6,13.0,122.2
HD 196885 A b,2007,Radial Velocity,1333.0,13.2,111.4
CoRoT-6 b,2009,Transit,8.8866,13.07,2104.7
HR 8799 b,2008,Imaging,170000.0,13.0,134.5
HAT-P-37 b,2011,Transit,2.7974,13.2,1273.9
Kepler-42 b,2011,Transit,1.2138,0.78,130.7
Kepler-32 d,2012,Transit,22.78,2.7,1056.2
Kepler-32 f,2012,Transit,0.74296,0.82,1056.2
BD+20 2457 b,2009,Radial Velocity,379.63,12.1,5021.9
HR 8799 d,2008,Imaging,37000.0,13.0,134.5
GJ 179 b,2009,Radial Velocity,2288.0,13.8,40.3
SWEEPS-4 b,2006,Transit,4.2,9.08,27723.3
Kepler-42 c,2011,Transit,0.45329,0.73,130.7
Kepler-33 c,2011,Transit,13.176,3.2,3943.7
Kepler-35 b,2011,Transit,131.46,8.16,5933.3
CoRoT-16 b,2011,Transit,5.3523,13.11,2388.8
HD 240210 b,2009,Radial Velocity,501.75,12.8,1214.6
BD+20 2457 c,2009,Radial Velocity,621.99,12.4,5021.9
HD 110014 b,2009,Radial Velocity,835.48,12.4,328.6
HIP 5158 b,2009,Radial Velocity,345.72,13.6,168.3
Kepler-33 e,2011,Transit,31.784,4.02,3943.7
Kepler-33 d,2011,Transit,21.776,5.35,3943.7
BD+20 274 b,2012,Radial Velocity,578.2,13.0,4313.4
KELT-1 b,2012,Transit,1.2175,12.44,875.5
CoRoT-5 b,2009,Transit,4.0379,15.56,2878.2
HD 134987 c,2009,Radial Velocity,5000.0,13.9,85.4
HD 147018 b,2009,Radial Velocity,44.236,13.4,131.9
Kepler-33 f,2011,Transit,41.029,4.46,3943.7
Kepler-31 b,2011,Transit,20.861,5.5,5429.3
Kepler-34 b,2011,Transit,288.82,8.56,5873.5
HD 45350 b,2004,Radial Velocity,963.6,13.5,152.9
HD 147018 c,2009,Radial Velocity,1008.0,12.7,131.9
CFBDSIR J145829+101343 b,2011,Imaging,10038.0,12.4,75.3
HD 220773 b,2011,Radial Velocity,3724.7,13.6,164.7
HD 147513 b,2003,Radial Velocity,528.4,13.7,42.1
HD 129445 b,2009,Radial Velocity,1840.0,13.3,220.0
WASP-5 b,2008,Transit,1.6284,12.18,1008.3
OGLE-TR-111 b,2004,Transit,4.0144,11.42,3484.4
HD 8535 b,2010,Radial Velocity,1313.0,14.0,180.8
MOA-2009-BLG-266L b,2011,Microlensing,2800.0,3.21,9915.1
GJ 667 C b,2012,Radial Velocity,7.203,2.25,23.6
HIP 5158 c,2011,Radial Velocity,9017.8,12.2,168.3
HAT-P-23 b,2010,Transit,1.2129,15.33,1189.9
HAT-P-20 b,2010,Transit,2.8753,9.72,231.7
CoRoT-17 b,2011,Transit,3.7681,11.43,3836.0
HD 132563 b,2011,Radial Velocity,1544.0,13.6,343.0
Kepler-45 b,2011,Transit,2.4552,10.76,1245.7
HU Aqr AB b,2011,Eclipse Timing Variations,2390.0,12.8,626.9
Kepler-417 b,2014,Transit,12.331,2.31,3176.7
Kepler-37 d,2013,Transit,39.792,2.03,208.5
GJ 3634 b,2010,Radial Velocity,2.6456,2.83,66.5
Kepler-14 b,2011,Transit,6.7901,12.73,2602.7
CoRoT-18 b,2011,Transit,1.9001,14.68,2494.7
Kepler-15 b,2011,Transit,4.9428,10.76,2411.6
KOI-55 b,2011,Orbital Brightness Modulation,0.2401,0.76,4015.0
PSR J1719-1438 b,2011,Pulsar Timing,0.090706,,3913.9
CoRoT-14 b,2010,Transit,1.5121,12.22,5690.1
HD 11964 b,2005,Radial Velocity,1945.0,14.1,109.4
HAT-P-4 b,2007,Transit,3.0565,14.28,1045.2
OGLE-TR-10 b,2004,Transit,3.1013,14.01,4386.7
OGLE-TR-113 b,2004,Transit,1.4325,12.25,1847.5
HD 192310 b,2011,Radial Velocity,74.72,4.27,28.7
OGLE-2014-BLG-1760L b,2016,Microlensing,,13.8,23013.6
OGLE-2013-BLG-0132L b,2017,Microlensing,,11.6,12720.1
Kepler-277 b,2013,Transit,17.324,2.92,3185.4
KMT-2017-BLG-1194L b,2023,Microlensing,,1.7,13829.0
KMT-2017-BLG-2331L b,2024,Microlensing,,14.2,26190.3
HD 41004 A b,2004,Radial Velocity,963.0,13.2,119.7
OGLE-2019-BLG-0299L b,2021,Microlensing,,12.7,19014.9
Kepler-476 b,2016,Transit,14.006,3.08,2653.4
KMT-2021-BLG-2294L b,2022,Microlensing,,5.02,22178.6
KMT-2022-BLG-1013L b,2023,Microlensing,,12.1,25146.6
Kepler-247 d,2014,Transit,20.474,4.5,2164.7
Kepler-1976 b,2023,Transit,4.9593,12.21,4287.4
WASP-155 b,2025,Transit,3.1104,13.45,1303.4
KMT-2019-BLG-0414L b,2022,Microlensing,,12.9,14383.5
HD 62509 b,2006,Radial Velocity,589.64,13.3,33.7
Kepler-65 b,2012,Transit,2.1549,1.42,990.6
RR Cae b,2012,Eclipse Timing Variations,4343.5,13.0,69.1
WASP-65 b,2013,Transit,2.3114,12.46,892.7
Kepler-30 c,2012,Transit,60.323,12.3,2981.8
Kepler-38 b,2012,Transit,105.6,4.3,3831.0
WASP-8 c,2013,Radial Velocity,4323.0,12.5,293.4
ROXs 42 B b,2013,Imaging,,12.5,468.3
WASP-1 b,2007,Transit,2.5199,16.62,1282.0
Kepler-50 c,2012,Transit,9.3765,2.17,815.7
BD+15 2940 b,2013,Radial Velocity,137.48,13.7,1390.8
Kepler-87 b,2013,Transit,114.74,13.49,4021.2
WASP-75 b,2013,Transit,2.4842,14.24,958.9
Kepler-87 c,2013,Transit,191.23,6.14,4021.2
HD 40307 b,2009,Radial Velocity,4.3123,,42.2
WTS-1 b,2012,Transit,3.3521,16.7,7651.7
HD 40307 c,2009,Radial Velocity,9.6184,,42.2
CoRoT-26 b,2013,Transit,4.2047,14.12,3408.9
91 Aqr b,2013,Radial Velocity,181.4,13.1,143.6
tau Gem b,2013,Radial Velocity,305.5,12.1,367.0
HAT-P-42 b,2012,Transit,4.6419,14.35,1321.7
Kepler-56 c,2012,Transit,21.402,9.8,2977.8
HD 40307 d,2009,Radial Velocity,20.432,,42.2
HD 40307 f,2013,Radial Velocity,51.76,2.13,42.2
Kepler-186 e,2014,Transit,22.408,1.27,579.2
Kepler-186 c,2014,Transit,7.2673,1.25,579.2
GJ 163 c,2013,Radial Velocity,25.631,2.5,49.3
GJ 163 d,2013,Radial Velocity,603.95,5.92,49.3
Kepler-56 b,2012,Transit,10.502,6.51,2977.8
HD 208527 b,2012,Radial Velocity,875.5,12.5,1018.3
HD 40307 g,2013,Radial Velocity,197.8,2.56,42.2
Kepler-186 d,2014,Transit,13.343,1.4,579.2
GU Psc b,2014,Imaging,,14.18,155.1
HIP 63242 b,2013,Radial Velocity,124.6,12.5,510.3
Kepler-11 b,2010,Transit,10.304,1.8,2108.1
KOI-351 f,2013,Transit,124.91,2.88,2766.6
CoRoT-1 b,2008,Transit,1.509,16.7,2569.8
HAT-P-45 b,2014,Transit,3.129,15.98,974.0
HAT-P-44 b,2014,Transit,4.3012,13.92,1134.5
Kepler-11 e,2010,Transit,32.0,4.19,2108.1
HD 95086 b,2013,Imaging,,12.9,281.2
BD-06 1339 b,2013,Radial Velocity,3.8728,,66.1
HD 103774 b,2013,Radial Velocity,5.8881,13.3,184.0
HAT-P-44 c,2014,Radial Velocity,872.2,13.0,1134.5
HATS-5 b,2014,Transit,4.7634,10.22,803.6
Kepler-11 g,2010,Transit,118.38,3.33,2108.1
KOI-351 e,2013,Transit,91.939,2.66,2766.6
KOI-351 c,2013,Transit,8.7194,1.19,2766.6
HD 109271 b,2013,Radial Velocity,7.8543,4.31,182.2
HD 109271 c,2013,Radial Velocity,30.93,5.27,182.2
bet Cnc b,2014,Radial Velocity,605.2,12.6,290.4
mu Leo b,2014,Radial Velocity,357.8,13.3,106.4
Kepler-11 c,2010,Transit,13.024,2.87,2108.1
OGLE-2012-BLG-0358L b,2013,Microlensing,,13.4,5740.3
HD 166724 b,2012,Radial Velocity,5144.0,13.0,147.2
WASP-64 b,2012,Transit,1.5733,14.25,1206.5
Kepler-67 b,2013,Transit,15.726,2.94,3689.4
GJ 667 C c,2013,Radial Velocity,28.14,1.77,23.6
HAT-P-38 b,2012,Transit,4.6404,9.25,832.4
OGLE-2011-BLG-0251L b,2012,Microlensing,,14.2,8382.2
PH1 b,2012,Transit,138.32,6.18,3369.7
Kepler-415 b,2014,Transit,4.176,1.21,1730.2
Kepler-338 c,2014,Transit,24.311,2.34,1803.0
WASP-126 b,2016,Transit,3.2888,10.51,706.2
Kepler-1544 b,2016,Transit,168.81,1.78,1092.9
GJ 667 C e,2013,Radial Velocity,62.24,1.45,23.6
HD 207832 c,2012,Radial Velocity,1155.7,14.0,192.2
HAT-P-39 b,2012,Transit,3.5439,17.61,2273.3
HD 150706 b,2012,Radial Velocity,5894.0,13.3,92.2
HIP 57274 d,2011,Radial Velocity,431.7,14.2,84.3
Kepler-82 e,2014,Transit,5.9022,2.47,2949.5
Kepler-417 c,2014,Transit,15.943,2.69,3176.7
CoRoT-2 b,2008,Transit,1.743,16.43,695.6
TOI-1272 b,2022,Transit,3.316,4.26,448.7
Kepler-82 f,2019,Transit Timing Variations,75.732,4.84,2949.5
TOI-1883 b,2024,Transit,4.508,5.65,376.3
Oph 11 b,2006,Imaging,7300000.0,12.3,444.1
Kepler-338 d,2014,Transit,44.431,3.0,1803.0
Kepler-418 b,2014,Transit,86.679,13.45,3269.8
DP Leo b,2009,Eclipse Timing Variations,10220.0,12.7,997.0
Kepler-58 b,2012,Transit,10.218,2.78,3161.3
Kepler-59 c,2012,Transit,17.98,1.98,3793.9
Kepler-130 c,2014,Transit,27.509,2.9,1032.8
CoRoT-27 b,2014,Transit,3.5753,11.29,3295.1
HIP 105854 b,2014,Radial Velocity,184.2,12.6,256.5
Kapteyn c,2014,Radial Velocity,121.54,2.54,12.8
2MASS J01225093-2439505 b,2013,Imaging,,11.21,110.3
Kepler-63 b,2013,Transit,9.4342,6.11,632.9
Kepler-53 c,2012,Transit,38.558,3.17,4455.5
Kepler-54 c,2012,Transit,12.072,1.23,886.2
Kepler-83 c,2012,Transit,20.09,2.36,1306.0
Kepler-81 b,2012,Transit,5.955,2.42,1136.0
Kepler-55 c,2012,Transit,42.152,2.21,1887.8
Kepler-59 b,2012,Transit,11.868,1.1,3793.9
HD 82943 b,2003,Radial Velocity,441.47,13.5,90.0
HD 154857 c,2014,Radial Velocity,3452.0,13.2,206.9
Kepler-62 d,2013,Transit,18.164,1.95,981.3
Kepler-62 b,2013,Transit,5.7149,1.31,981.3
Kepler-83 b,2012,Transit,9.77,2.83,1306.0
POTS-1 b,2013,Transit,3.1606,10.55,2439.5
Kepler-54 b,2012,Transit,8.0109,2.1,886.2
Kepler-55 b,2012,Transit,27.948,2.43,1887.8
HD 82943 c,2003,Radial Velocity,220.08,13.4,90.0
Kepler-413 b,2014,Transit,66.262,4.35,2764.3
Kepler-61 b,2013,Transit,59.878,2.15,1092.9
HAT-P-27 b,2011,Transit,3.0396,11.43,649.6
Qatar-4 b,2017,Transit,1.8054,12.72,1073.2
WTS-2 b,2014,Transit,1.0187,15.28,3361.9
HD 4203 c,2014,Radial Velocity,6700.0,13.3,265.4
Kepler-193 c,2014,Transit,50.697,2.75,3291.2
Kepler-207 b,2014,Transit,1.6119,1.57,2855.6
Kepler-313 b,2014,Transit,14.97,2.53,3520.5
Kepler-120 c,2014,Transit,12.795,1.53,1267.5
Kepler-238 e,2013,Transit,23.654,5.6,5866.7
Kepler-328 b,2013,Transit,34.921,2.3,7218.5
Kepler-280 b,2014,Transit,2.1395,1.45,2545.2
Kepler-275 c,2014,Transit,16.088,3.38,6634.8
Kepler-214 b,2014,Transit,15.661,2.61,3941.4
Kepler-219 c,2014,Transit,22.715,3.58,2567.1
Kepler-331 b,2014,Transit,8.4575,1.82,1892.1
Kepler-340 c,2014,Transit,22.825,3.37,2637.8
TOI-4438 b,2024,Transit,7.4463,2.4,98.0
Kepler-293 b,2014,Transit,19.254,3.07,3178.8
Kepler-291 b,2014,Transit,3.5465,2.16,5826.7
Kepler-224 d,2014,Transit,11.349,2.3,2550.8
Kepler-124 c,2014,Transit,13.821,1.75,1370.0
DMPP-7 b,2026,Radial Velocity,4.9267,9.78,330.7
HD 127195 b,2026,Radial Velocity,534.5,14.0,276.3
Kepler-111 b,2014,Transit,3.3418,1.58,2143.6
Kepler-148 c,2014,Transit,4.18,3.6,2580.4
Kepler-179 b,2014,Transit,2.7359,1.64,1975.5
Kepler-290 c,2014,Transit,36.77,2.7,2265.6
Kepler-302 c,2014,Transit,127.28,12.45,4574.6
Kepler-226 b,2014,Transit,3.941,1.55,3196.8
Kepler-333 b,2014,Transit,12.551,1.32,1058.1
Kepler-343 b,2014,Transit,8.9686,2.41,3024.1
Kepler-197 d,2014,Transit,15.678,1.22,1078.2
TOI-762 A b,2024,Transit,3.4717,8.34,321.1
Kepler-125 b,2014,Transit,4.1644,2.37,598.1
Kepler-306 c,2014,Transit,7.2402,2.35,2529.9
Kepler-53 d,2014,Transit,9.752,2.12,4455.5
Kepler-238 d,2014,Transit,13.234,3.07,5866.7
Kepler-127 d,2014,Transit,48.63,2.64,1150.7
Kepler-222 c,2014,Transit,10.089,4.64,2475.0
Kepler-257 d,2014,Transit,24.665,4.95,2544.9
Kepler-308 b,2014,Transit,9.6949,2.12,4357.2
Kepler-310 c,2014,Transit,56.475,3.38,1964.3
Kepler-242 c,2014,Transit,14.496,2.0,1957.7
Kepler-241 c,2014,Transit,36.066,2.57,1669.9
Kepler-351 c,2014,Transit,57.248,3.19,3535.2
Kepler-341 c,2014,Transit,8.0104,1.7,3415.0
Kepler-166 c,2014,Transit,34.26,2.38,1968.4
Kepler-108 c,2014,Transit,190.32,8.18,1104.8
Kepler-311 b,2014,Transit,9.1761,1.7,2539.6
Kepler-276 b,2014,Transit,14.128,2.87,3734.0
Kepler-254 c,2014,Transit,12.412,2.15,4531.9
Kepler-268 c,2014,Transit,83.446,3.38,2778.4
Kepler-321 c,2014,Transit,13.094,2.32,1254.2
Kepler-349 b,2014,Transit,5.9298,1.9,3068.2
Kepler-108 b,2014,Transit,49.184,8.65,1104.8
Kepler-264 b,2014,Transit,40.806,3.33,3073.0
Kepler-279 b,2014,Transit,12.31,3.62,3383.5
Kepler-286 c,2014,Transit,3.4681,1.37,4001.4
Kepler-171 c,2014,Transit,11.463,2.56,2817.5
Kepler-238 b,2014,Transit,2.0909,1.73,5866.7
Kepler-329 c,2014,Transit,18.685,1.93,1434.2
Kepler-345 c,2014,Transit,9.3874,1.2,848.0
Kepler-263 b,2014,Transit,16.568,2.67,2461.7
Kepler-268 b,2014,Transit,25.934,2.55,2778.4
Kepler-287 b,2014,Transit,20.342,2.33,2726.2
Kepler-290 b,2014,Transit,14.589,2.25,2265.6
TOI-4409 b,2026,Transit,92.492,7.44,585.2
Kepler-148 b,2014,Transit,1.7294,1.8,2580.4
HD 13908 c,2013,Radial Velocity,931.0,12.8,259.5
HD 159243 b,2013,Radial Velocity,12.62,13.7,239.1
Kepler-292 d,2014,Transit,7.0557,2.23,3445.8
Kepler-297 c,2014,Transit,74.92,6.54,2257.5
Kepler-150 e,2014,Transit,30.827,3.12,2906.4
Kepler-178 c,2014,Transit,20.553,2.88,2335.4
HD 73526 c,2005,Radial Velocity,379.1,13.3,317.2
HD 106906 b,2013,Imaging,,12.4,336.0
Kepler-267 b,2014,Transit,3.3537,1.98,864.3
Kepler-273 b,2014,Transit,2.9365,1.5,2328.6
Kepler-306 b,2014,Transit,4.6462,1.52,2529.9
Kepler-309 c,2014,Transit,105.36,2.51,1776.1
Kepler-207 c,2014,Transit,3.0716,1.5,2855.6
Kepler-224 b,2014,Transit,3.1329,1.39,2550.8
Kepler-265 c,2014,Transit,17.029,2.63,4175.6
Kepler-269 b,2014,Transit,5.3267,2.47,7362.4
Kepler-119 c,2014,Transit,4.1251,0.92,2289.6
Kepler-130 b,2014,Transit,8.4575,1.02,1032.8
Kepler-235 e,2014,Transit,46.184,2.22,1396.0
Kepler-228 b,2014,Transit,2.5665,1.53,5364.0
Kepler-305 b,2013,Transit,5.487,3.6,2832.6
Kepler-277 c,2013,Transit,33.006,3.36,3185.4
Kepler-301 b,2014,Transit,2.5086,1.35,2345.6
Kepler-300 c,2014,Transit,40.715,2.25,3582.7
Kepler-133 b,2014,Transit,8.13,1.76,2131.8
Kepler-152 c,2014,Transit,88.255,2.39,1438.6
TIC 46432937 b,2024,Transit,1.4404,13.32,295.3
Kepler-138 e,2022,Transit Timing Variations,38.23,0.8,218.1
Kepler-299 c,2014,Transit,6.8859,2.65,3431.9
Kepler-298 b,2014,Transit,10.475,1.96,1690.2
Kepler-157 b,2014,Transit,1.7323,1.32,2523.5
Kepler-162 b,2014,Transit,6.9198,1.26,2790.7
Kepler-249 d,2014,Transit,15.368,1.57,621.0
Kepler-254 d,2014,Transit,18.746,2.5,4531.9
Kepler-114 c,2013,Transit,8.041,1.6,846.5
Kepler-145 b,2013,Transit,22.951,2.65,1848.8
Kepler-295 b,2014,Transit,12.645,1.22,5542.0
Kepler-288 c,2014,Transit,19.306,2.85,3894.8
Kepler-286 d,2014,Transit,5.9143,1.33,4001.4
Kepler-312 c,2014,Transit,19.747,3.15,2601.8
Kepler-287 c,2014,Transit,44.852,3.26,2726.2
Kepler-285 b,2014,Transit,2.6339,1.34,2688.5
Kepler-178 d,2014,Transit,96.679,3.95,2335.4
Kepler-183 b,2014,Transit,5.6879,2.06,3426.7
Kepler-315 b,2014,Transit,96.101,3.77,3785.5
Kepler-316 c,2014,Transit,6.8278,1.16,1255.5
Kepler-284 b,2014,Transit,12.699,2.24,3365.8
Kepler-281 c,2014,Transit,36.337,5.31,5692.9
Kepler-85 d,2014,Transit,17.913,1.2,2495.2
Kepler-353 b,2014,Transit,5.7953,0.89,1254.7
Kepler-372 c,2014,Transit,20.054,2.09,4872.6
Kepler-374 c,2014,Transit,3.2828,1.1,4127.9
Kepler-151 c,2014,Transit,24.675,2.09,2119.7
Kepler-386 c,2014,Transit,25.193,1.58,2878.2
Kepler-213 c,2014,Transit,4.823,2.34,2070.9
Kepler-211 b,2014,Transit,4.1386,1.26,1009.0
Kepler-355 b,2014,Transit,11.032,1.46,4671.1
Kepler-356 b,2014,Transit,4.6127,1.57,2307.7
Kepler-355 c,2014,Transit,25.762,2.71,4671.1
Kepler-356 c,2014,Transit,13.122,1.81,2307.7
Kepler-387 b,2014,Transit,6.7916,1.03,2612.7
Kepler-388 b,2014,Transit,3.1733,0.81,1386.2
Kepler-404 b,2014,Transit,11.83,1.27,2650.1
Kepler-221 d,2014,Transit,10.042,2.73,1256.5
Kepler-357 b,2014,Transit,6.4754,1.84,2245.8
Kepler-358 b,2014,Transit,34.06,2.72,3591.3
Kepler-376 c,2014,Transit,14.172,1.79,3010.6
Kepler-378 b,2014,Transit,16.092,0.75,496.1
Kepler-389 b,2014,Transit,3.2441,1.51,2663.3
Kepler-118 b,2014,Transit,7.5185,1.96,1872.9
Kepler-359 b,2014,Transit,25.563,3.53,4707.1
Kepler-363 c,2014,Transit,7.5424,1.69,2487.3
Kepler-379 c,2014,Transit,62.785,2.29,2385.1
Kepler-112 c,2014,Transit,28.574,2.4,1673.9
Kepler-163 b,2014,Transit,7.8109,1.05,2249.9
Kepler-390 b,2014,Transit,6.7381,0.82,1419.7
Kepler-52 d,2014,Transit,36.445,1.95,1048.7
Kepler-231 b,2014,Transit,10.065,1.73,1032.7
Kepler-357 d,2014,Transit,49.5,3.43,2245.8
Kepler-358 c,2014,Transit,83.488,2.85,3591.3
Kepler-139 b,2014,Transit,15.771,2.94,1275.4
Kepler-172 d,2014,Transit,14.627,2.25,2702.5
Kepler-237 b,2014,Transit,4.7151,1.41,2145.5
Kepler-235 c,2014,Transit,7.8249,1.28,1396.0
Kepler-363 b,2014,Transit,3.6146,1.16,2487.3
Kepler-272 b,2014,Transit,2.9714,1.43,2901.5
Kepler-353 c,2014,Transit,8.4109,1.38,1254.7
Kepler-359 c,2014,Transit,57.688,4.3,4707.1
Kepler-173 b,2014,Transit,4.2637,1.29,2717.4
Kepler-175 c,2014,Transit,34.035,3.1,4280.3
Kepler-141 c,2014,Transit,7.0106,1.41,982.3
Kepler-239 c,2014,Transit,56.228,2.51,2113.8
Kepler-367 c,2014,Transit,53.579,1.2,613.3
Kepler-143 c,2014,Transit,27.083,3.37,2640.1
Kepler-360 b,2014,Transit,3.2897,1.65,2857.3
Kepler-49 e,2014,Transit,18.596,1.56,1015.1
Kepler-140 b,2014,Transit,3.2543,1.61,1904.3
Kepler-392 b,2014,Transit,5.3419,1.0,2222.5
Kepler-122 b,2014,Transit,5.7662,2.34,3351.1
Kepler-243 c,2014,Transit,20.026,1.99,2263.1
Kepler-374 d,2014,Transit,5.0282,1.31,4127.9
Kepler-375 b,2014,Transit,12.126,1.45,4040.5
Kepler-116 c,2014,Transit,13.072,2.3,3115.3
Kepler-280 c,2014,Transit,4.8071,2.01,2545.2
TOI-3053 b,2026,Transit,2.992,13.56,1101.2
Kepler-133 c,2014,Transit,31.518,2.84,2131.8
Kepler-246 c,2014,Transit,11.187,1.5,2042.0
Kepler-251 e,2014,Transit,99.64,2.77,3015.7
Kepler-326 c,2014,Transit,4.5804,1.4,1590.6
K2-24 b,2016,Transit,20.89,5.64,556.3
Kepler-281 b,2014,Transit,14.646,2.82,5692.9
Kepler-288 b,2014,Transit,6.0973,1.67,3894.8
Kepler-393 b,2014,Transit,9.1824,1.29,2874.8
Kepler-394 b,2014,Transit,8.005,1.6,3453.1
Kepler-26 e,2014,Transit,46.828,2.41,1093.6
Kepler-255 b,2014,Transit,5.7146,1.55,3432.9
Kepler-344 b,2014,Transit,21.964,2.61,3271.1
Kepler-342 b,2014,Transit,15.17,2.25,2549.3
Kepler-291 c,2014,Transit,5.7008,1.88,5826.7
Kepler-293 c,2014,Transit,54.156,3.83,3178.8
Kepler-189 b,2014,Transit,10.4,1.21,1929.3
Kepler-191 c,2014,Transit,17.739,1.86,1938.9
Kepler-258 c,2014,Transit,33.653,3.61,1878.6
Kepler-337 c,2014,Transit,9.6932,2.05,2211.3
Kepler-298 c,2014,Transit,22.929,1.93,1690.2
Kepler-300 b,2014,Transit,10.446,1.67,3582.7
Kepler-137 b,2014,Transit,8.4364,1.47,988.2
Kepler-261 c,2014,Transit,24.571,2.0,1035.5
Kepler-265 b,2014,Transit,6.8463,1.86,4175.6
Kepler-339 b,2014,Transit,4.9777,1.42,2011.2
Kepler-325 b,2014,Transit,4.5444,2.91,2685.1
Kepler-126 b,2014,Transit,10.496,1.52,774.3
Kepler-380 b,2014,Transit,3.9308,1.19,2654.0
Kepler-397 c,2014,Transit,135.5,6.18,3160.5
Kepler-411 b,2013,Transit,3.0052,2.4,501.2
TOI-2095 c,2023,Transit,28.172,1.33,136.7
Kepler-416 d,2023,Transit,3.0764,1.61,2253.1
TOI-4504 b,2024,Transit,2.4262,2.65,1117.4
Kepler-46 c,2012,Transit Timing Variations,57.011,13.5,2534.4
Kepler-188 b,2014,Transit,2.0619,1.68,3159.0
Kepler-362 c,2014,Transit,37.866,1.45,3556.8
Kepler-136 c,2014,Transit,16.399,1.99,1372.5
Kepler-381 c,2014,Transit,13.392,1.12,871.9
Kepler-398 b,2014,Transit,4.0814,0.93,578.5
Kepler-136 b,2014,Transit,11.579,2.05,1372.5
Kepler-272 d,2014,Transit,10.937,2.25,2901.5
Kepler-206 d,2014,Transit,23.443,1.19,1938.8
Kepler-141 b,2014,Transit,3.1077,0.69,982.3
Kepler-399 d,2014,Transit,58.035,1.89,2415.3
Kepler-400 b,2014,Transit,9.0244,1.65,2759.2
Kepler-366 b,2014,Transit,3.282,1.46,6054.4
Kepler-367 b,2014,Transit,37.816,1.3,613.3
Kepler-135 b,2014,Transit,6.0025,1.81,2028.2
Kepler-383 b,2014,Transit,12.905,1.32,1532.9
Kepler-401 b,2014,Transit,14.383,1.71,3149.2
Kepler-402 c,2014,Transit,6.1248,1.56,2039.6
Kepler-351 b,2014,Transit,37.055,3.06,3535.2
Kepler-350 b,2014,Transit,11.19,1.85,3120.9
Kepler-369 c,2014,Transit,14.872,1.41,698.0
Kepler-371 b,2014,Transit,34.763,1.89,2652.3
Kepler-147 b,2014,Transit,12.611,1.53,3398.6
Kepler-132 d,2014,Transit,18.01,1.55,1140.1
Kepler-200 c,2014,Transit,10.222,1.59,2171.9
Kepler-215 e,2014,Transit,68.161,1.75,1585.1
Kepler-347 c,2014,Transit,27.321,1.75,4236.4
Kepler-202 b,2014,Transit,4.0694,1.63,929.9
Kepler-84 f,2014,Transit,44.552,2.2,3339.5
Kepler-310 b,2014,Transit,13.931,1.19,1964.3
Kepler-270 c,2014,Transit,25.263,1.77,3094.5
Kepler-24 d,2014,Transit,4.2444,1.67,3773.0
Kepler-217 c,2014,Transit,8.586,1.85,3602.8
Kepler-220 e,2014,Transit,45.903,1.33,558.1
Kepler-313 c,2014,Transit,32.273,2.57,3520.5
Kepler-311 c,2014,Transit,19.738,1.43,2539.6
Kepler-282 c,2014,Transit,13.639,1.2,4362.7
Kepler-286 e,2014,Transit,29.221,1.77,4001.4
Kepler-204 b,2014,Transit,14.401,2.53,2239.8
Kepler-359 d,2014,Transit,77.096,4.01,4707.1
Kepler-314 b,2014,Transit,2.4611,0.83,877.0
Kepler-316 b,2014,Transit,2.2405,1.06,1255.5
Kepler-288 d,2014,Transit,56.634,2.67,3894.8
Kepler-149 b,2014,Transit,29.199,4.21,1862.5
Kepler-372 b,2014,Transit,6.8497,1.36,4872.6
Kepler-205 b,2014,Transit,2.7556,1.51,520.9
Kepler-361 b,2014,Transit,8.4866,1.45,3034.3
Kepler-317 c,2014,Transit,8.775,1.72,3067.8
Kepler-319 d,2014,Transit,31.782,2.29,1642.0
Kepler-295 d,2014,Transit,33.884,1.36,5542.0
Kepler-308 c,2014,Transit,15.382,2.16,4357.2
Kepler-234 b,2014,Transit,2.7115,3.7,5652.6
Kepler-378 c,2014,Transit,28.906,0.7,496.1
Kepler-321 b,2014,Transit,4.9154,1.77,1254.2
Kepler-322 b,2014,Transit,1.6539,1.01,1306.2
Kepler-397 b,2014,Transit,22.251,2.46,3160.5
Kepler-198 b,2014,Transit,17.79,2.82,1615.6
Kepler-386 b,2014,Transit,12.31,1.39,2878.2
Kepler-206 c,2014,Transit,13.137,1.77,1938.8
Kepler-173 c,2014,Transit,8.0058,2.43,2717.4
Kepler-250 b,2014,Transit,4.1481,1.13,2480.7
Kepler-325 c,2014,Transit,12.762,2.54,2685.1
Kepler-157 c,2014,Transit,13.54,2.24,2523.5
Kepler-392 c,2014,Transit,10.423,1.1,2222.5
Kepler-365 c,2014,Transit,17.784,1.64,3388.7
Kepler-243 b,2014,Transit,5.7154,2.45,2263.1
Kepler-402 e,2014,Transit,11.243,1.46,2039.6
Kepler-402 d,2014,Transit,8.9211,1.38,2039.6
Kepler-147 c,2014,Transit,33.416,2.43,3398.6
Kepler-183 c,2014,Transit,11.637,2.27,3426.7
Kepler-244 b,2014,Transit,4.3118,2.76,3380.6
Kepler-209 b,2014,Transit,16.088,2.26,1881.7
Kepler-127 b,2014,Transit,14.436,1.4,1150.7
Kepler-403 c,2014,Transit,54.281,1.75,2740.6
Kepler-376 b,2014,Transit,4.9202,1.07,3010.6
Kepler-331 c,2014,Transit,17.281,1.84,1892.1
Kepler-256 e,2014,Transit,10.682,2.35,3347.8
Kepler-209 c,2014,Transit,41.75,3.1,1881.7
Kepler-229 d,2014,Transit,41.195,3.85,2694.9
Kepler-237 c,2014,Transit,8.1036,2.08,2145.5
Kepler-383 c,2014,Transit,31.201,1.24,1532.9
Kepler-333 c,2014,Transit,24.088,1.11,1058.1
Kepler-334 d,2014,Transit,25.098,1.41,1391.3
Kepler-156 c,2014,Transit,15.907,2.55,1446.4
Kepler-405 c,2014,Transit,29.727,4.66,3473.8
Kepler-274 c,2014,Transit,33.198,1.84,4349.7
Kepler-315 c,2014,Transit,265.47,4.15,3785.5
Kepler-387 c,2014,Transit,11.838,0.89,2612.7
Kepler-388 c,2014,Transit,13.297,0.86,1386.2
Kepler-337 b,2014,Transit,3.2928,1.54,2211.3
Kepler-134 c,2014,Transit,10.106,1.26,1092.0
Kepler-140 c,2014,Transit,91.353,1.8,1904.3
Kepler-159 b,2014,Transit,10.14,2.38,1219.0
Kepler-320 c,2014,Transit,17.935,1.37,2696.0
Kepler-292 c,2014,Transit,3.7153,1.47,3445.8
Kepler-82 b,2012,Transit,26.44,4.07,2949.5
Kepler-122 c,2014,Transit,12.466,5.87,3351.1
Kepler-149 c,2014,Transit,55.328,1.61,1862.5
Kepler-164 b,2014,Transit,5.035,1.41,2905.3
Kepler-320 b,2014,Transit,8.3716,1.14,2696.0
Kepler-338 e,2014,Transit,9.341,1.56,1803.0
Kepler-395 b,2014,Transit,7.0543,1.03,1374.4
Kepler-341 d,2014,Transit,27.666,1.85,3415.0
Kepler-341 e,2014,Transit,42.473,1.99,3415.0
Kepler-169 b,2014,Transit,3.2506,1.13,1325.9
Kepler-169 f,2014,Transit,87.09,2.58,1325.9
Kepler-332 c,2014,Transit,15.996,1.09,1122.6
Kepler-143 b,2014,Transit,16.008,2.41,2640.1
Kepler-299 b,2014,Transit,2.9271,1.32,3431.9
Kepler-301 c,2014,Transit,5.419,1.35,2345.6
Kepler-342 d,2014,Transit,39.459,2.49,2549.3
Kepler-233 c,2014,Transit,60.419,2.71,2793.3
Kepler-171 d,2014,Transit,39.596,1.89,2817.5
HD 60779 b,2026,Transit,29.986,3.25,115.6
Kepler-335 c,2014,Transit,67.844,3.07,4171.4
Kepler-332 d,2014,Transit,34.212,1.18,1122.6
Kepler-262 b,2014,Transit,13.061,1.36,1999.8
Kepler-263 c,2014,Transit,47.333,2.47,2461.7
Kepler-191 b,2014,Transit,9.9396,1.34,1938.9
Kepler-197 e,2014,Transit,25.21,0.91,1078.2
Kepler-200 b,2014,Transit,8.5948,2.13,2171.9
Kepler-201 b,2014,Transit,25.672,2.46,2075.8
Kepler-84 e,2014,Transit,27.434,2.6,3339.5
Kepler-265 e,2014,Transit,67.831,2.59,4175.6
Kepler-24 e,2014,Transit,18.998,2.78,3773.0
Kepler-441 b,2015,Transit,207.25,1.64,874.1
Kepler-253 c,2014,Transit,10.282,2.65,2735.1
Kepler-214 c,2014,Transit,28.78,2.13,3941.4
Kepler-170 c,2014,Transit,16.666,2.86,2409.2
Kepler-205 c,2014,Transit,20.307,1.64,520.9
CoRoT-22 b,2014,Transit,9.756,4.88,2045.5
Kepler-437 b,2015,Transit,66.651,2.14,991.5
Kepler-192 b,2014,Transit,9.9267,2.74,2125.5
Kepler-254 b,2014,Transit,5.8267,3.87,4531.9
Kepler-196 c,2014,Transit,47.428,2.24,1472.0
Kepler-101 b,2014,Transit,3.4877,5.77,3026.7
Kepler-439 b,2015,Transit,178.14,2.24,2469.2
Kepler-256 c,2014,Transit,3.388,2.15,3347.8
Kepler-216 c,2014,Transit,17.407,3.04,3873.0
Kepler-184 c,2014,Transit,20.303,1.97,1990.6
KIC 10001893 d,2014,Orbital Brightness Modulation,0.81161,,5456.4
KIC 10001893 b,2014,Orbital Brightness Modulation,0.2197,,5456.4
HD 113538 c,2010,Radial Velocity,1818.0,13.8,53.1
HD 30669 b,2014,Radial Velocity,1684.0,14.3,189.4
Kepler-217 b,2014,Transit,5.3749,2.23,3602.8
Kepler-83 d,2014,Transit,5.1698,1.94,1306.0
Kepler-253 d,2014,Transit,18.12,3.17,2735.1
Kepler-424 c,2014,Radial Velocity,223.3,12.7,2278.7
Kepler-422 b,2014,Transit,7.8914,12.89,2357.4
Kepler-445 c,2015,Transit,4.8712,2.51,414.9
Kepler-446 b,2015,Transit,1.5654,1.5,314.2
Kepler-259 b,2014,Transit,8.1153,2.8,3268.5
Kepler-193 b,2014,Transit,11.388,2.39,3291.2
Kepler-215 b,2014,Transit,9.3607,1.62,1585.1
Kepler-192 c,2014,Transit,21.223,2.79,2125.5
Kepler-426 b,2014,Transit,3.2175,12.22,2751.8
Kepler-424 b,2014,Transit,3.3119,9.98,2278.7
Kepler-427 b,2014,Transit,10.291,13.79,3319.6
HD 103720 b,2014,Radial Velocity,4.5557,14.1,148.5
Kepler-434 b,2015,Transit,12.875,12.67,3987.4
Kepler-221 c,2014,Transit,5.6906,2.93,1256.5
Kepler-222 b,2014,Transit,3.937,3.16,2475.0
Kepler-94 c,2014,Radial Velocity,820.3,12.5,625.9
Kepler-48 e,2014,Radial Velocity,982.0,13.4,1000.4
Kepler-428 b,2014,Transit,3.5256,12.11,2238.4
Kepler-425 b,2014,Transit,3.797,10.96,2109.1
Kepler-224 c,2014,Transit,5.925,3.12,2550.8
Kepler-407 c,2014,Radial Velocity,3000.0,12.3,1103.6
Kepler-106 c,2014,Transit,13.571,2.5,1449.2
TYC 1422-614-1 b,2014,Radial Velocity,198.4,13.3,2193.1
TYC 1422-614-1 c,2014,Radial Velocity,559.3,12.5,2193.1
Kepler-445 b,2015,Transit,2.9842,1.58,414.9
Kepler-446 d,2015,Transit,5.1489,1.35,314.2
Kepler-164 c,2014,Transit,10.946,2.73,2905.3
Kepler-165 b,2014,Transit,8.1808,2.32,1829.4
OGLE-2005-BLG-071L b,2005,Microlensing,,13.0,10437.0
OGLE-2008-BLG-092L b,2014,Microlensing,,8.74,26418.6
Kepler-246 b,2014,Transit,4.6018,2.34,2042.0
Kepler-226 c,2014,Transit,5.3496,2.27,3196.8
Kepler-227 b,2014,Transit,9.488,3.11,3532.5
Kepler-113 b,2014,Transit,4.754,1.82,855.7
Kepler-48 d,2014,Transit,42.896,2.04,1000.4
Qatar-2 b,2011,Transit,1.3371,14.06,591.6
Kepler-117 c,2014,Transit,50.79,12.34,4747.4
Kepler-161 b,2014,Transit,4.9214,2.12,1417.6
Kepler-153 b,2014,Transit,18.87,2.92,1498.3
Kepler-229 c,2014,Transit,16.069,4.92,2694.9
Kepler-100 d,2014,Transit,35.333,1.61,993.6
Kepler-98 b,2014,Transit,1.5417,1.99,1142.6
Kepler-117 b,2014,Transit,18.796,8.06,4747.4
Kepler-430 b,2015,Transit,35.968,3.25,2992.4
Kepler-230 b,2014,Transit,32.626,4.26,2416.0
Kepler-166 b,2014,Transit,7.6503,2.27,1968.4
Kepler-131 b,2014,Transit,16.092,2.41,745.8
Kepler-406 b,2014,Transit,2.4263,1.43,1187.3
Kepler-249 c,2014,Transit,7.1137,1.51,621.0
Kepler-162 c,2014,Transit,19.446,3.03,2790.7
Kepler-180 c,2014,Transit,41.886,3.01,2268.9
Kepler-182 c,2014,Transit,20.684,3.43,5052.4
HD 10180 c,2010,Radial Velocity,5.7597,,127.1
Kepler-82 c,2012,Transit,51.54,5.34,2949.5
Kepler-174 b,2014,Transit,13.982,1.96,1254.9
Kepler-176 c,2014,Transit,12.76,2.6,1719.9
Kepler-96 b,2014,Transit,16.238,2.67,400.8
Kepler-48 b,2012,Transit,4.778,1.88,1000.4
HD 10180 d,2010,Radial Velocity,16.357,,127.1
HD 10180 e,2010,Radial Velocity,49.748,5.39,127.1
Kepler-55 d,2014,Transit,2.2111,1.59,1887.8
Kepler-187 c,2014,Transit,10.64,2.67,3728.0
Kepler-233 b,2014,Transit,8.4724,2.43,2793.3
Kepler-234 c,2014,Transit,7.212,3.51,5652.6
MOA-2011-BLG-322L b,2013,Microlensing,,12.4,24657.4
CoRoT-24 b,2014,Transit,5.1134,3.7,1929.4
HD 10180 h,2010,Radial Velocity,2205.0,9.4,127.1
Kepler-440 b,2015,Transit,101.11,1.86,981.8
Kepler-251 c,2014,Transit,16.514,2.77,3015.7
Kepler-146 c,2014,Transit,76.732,3.13,2337.9
Kepler-150 d,2014,Transit,12.561,2.79,2906.4
OGLE-2008-BLG-355L b,2014,Microlensing,,12.9,22178.6
CoRoT-24 c,2014,Transit,11.759,5.0,1929.4
Kepler-186 f,2014,Transit,129.94,1.17,579.2
Kepler-252 c,2014,Transit,10.848,2.15,1237.5
Kepler-213 b,2014,Transit,2.4624,1.62,2070.9
Kepler-159 c,2014,Transit,43.596,3.41,1219.0
Kepler-202 c,2014,Transit,16.282,1.85,929.9
HD 35759 b,2016,Radial Velocity,82.467,13.0,232.4
Kepler-477 b,2016,Transit,11.12,2.07,1197.0
HD 67087 c,2015,Radial Velocity,2374.0,12.9,249.6
Kepler-6 b,2009,Transit,3.2347,14.62,1914.7
HD 220842 b,2016,Radial Velocity,218.47,13.1,210.9
HIP 65407 c,2016,Radial Velocity,67.3,13.9,201.5
Kepler-505 b,2016,Transit,27.522,2.6,924.4
CoRoT-29 b,2015,Transit,2.8506,10.09,2630.5
tau Boo b,1996,Radial Velocity,3.3125,12.8,51.1
Kepler-412 b,2014,Transit,1.7209,15.03,3542.8
HD 141399 b,2014,Radial Velocity,94.44,14.3,120.7
HD 141399 c,2014,Radial Velocity,201.99,13.6,120.7
Kepler-754 b,2016,Transit,14.56,2.01,5773.8
Kepler-753 b,2016,Transit,5.7477,1.91,896.2
HAT-P-54 b,2015,Transit,3.7998,10.58,468.5
TrES-5 b,2011,Transit,1.4822,13.38,1175.2
KOI-13 b,2011,Transit,1.7636,16.95,1693.1
WASP-42 b,2012,Transit,4.9817,12.58,578.2
Kepler-766 b,2016,Transit,6.1003,3.39,7493.8
Kepler-771 b,2016,Transit,8.7349,1.82,4546.1
HD 100546 b,2014,Imaging,,77.34,357.7
Kepler-432 c,2015,Radial Velocity,406.2,13.3,2765.9
Kepler-76 b,2013,Orbital Brightness Modulation,1.5449,15.24,2684.1
OGLE-2003-BLG-235L b,2004,Microlensing,,13.2,18917.0
Kepler-765 b,2016,Transit,27.666,2.43,3510.4
Kepler-432 b,2015,Transit,52.501,12.83,2765.9
Kepler-5 b,2009,Transit,3.5485,15.98,2934.7
Kepler-7 b,2009,Transit,4.8855,18.18,3009.0
HIP 74890 b,2016,Radial Velocity,822.3,13.3,256.5
K2-29 b,2016,Transit,3.2588,13.34,582.1
Kepler-767 b,2016,Transit,161.53,6.64,7341.9
Kepler-773 b,2016,Transit,3.7491,1.43,1784.2
Kepler-774 b,2016,Transit,11.09,3.17,2993.5
2MASS J02192210-3925225 b,2015,Imaging,,16.14,130.8
HD 7924 d,2015,Radial Velocity,24.451,,55.4
WASP-41 c,2015,Radial Velocity,421.0,13.1,532.8
HAT-P-50 b,2015,Transit,3.122,14.44,1681.2
HD 133131 A b,2016,Radial Velocity,649.0,13.6,167.9
HATS-17 b,2016,Transit,16.255,8.71,1305.7
Kepler-772 b,2016,Transit,12.992,1.82,3686.2
Kepler-769 b,2016,Transit,7.4261,2.92,3814.6
Kepler-449 c,2015,Transit,33.673,2.76,789.1
HD 133131 A c,2016,Radial Velocity,3568.0,14.3,167.9
WASP-92 b,2016,Transit,2.1747,16.38,1878.3
Kepler-762 b,2016,Transit,3.7706,12.68,6191.3
Kepler-781 b,2016,Transit,13.214,2.89,3471.8
Kepler-92 d,2015,Transit,49.357,2.07,1559.0
Kepler-449 b,2015,Transit,12.582,2.06,789.1
HD 175607 b,2015,Radial Velocity,29.01,,131.5
HD 1461 c,2015,Radial Velocity,13.505,2.23,76.5
WASP-93 b,2016,Transit,2.7325,17.9,1207.7
HD 128311 c,2005,Radial Velocity,921.54,13.0,53.3
alf Tau b,2015,Radial Velocity,628.96,12.7,66.6
Kepler-450 d,2015,Transit,7.5146,0.84,1487.2
OGLE-2005-BLG-169L b,2006,Microlensing,,3.84,13372.4
WASP-46 b,2011,Transit,1.4304,13.16,1224.1
HD 60532 b,2008,Radial Velocity,201.9,13.8,84.7
HD 60532 c,2008,Radial Velocity,600.1,13.3,84.7
OGLE-2013-BLG-0102L b,2014,Microlensing,,12.3,9915.1
Kepler-41 b,2011,Transit,1.8556,14.46,3565.1
HIP 107773 b,2015,Radial Velocity,144.3,13.4,343.1
HATS-8 b,2015,Transit,3.5839,9.79,2591.8
LkCa 15 b,2015,Imaging,,,515.8
LkCa 15 c,2015,Imaging,,,515.8
Qatar-1 b,2010,Transit,1.42,12.81,605.4
HAT-P-66 b,2016,Transit,2.9721,17.82,3051.0
Kepler-75 b,2013,Transit,8.8849,11.77,2724.6
Kepler-453 b,2015,Transit,240.5,6.2,1444.4
WASP-89 b,2015,Transit,3.3564,11.66,948.9
KIC 3558849 b,2015,Transit,1322.3,6.9,3965.1
KIC 8540376 c,2015,Transit,75.2,2.4,3497.4
OGLE-2007-BLG-349L AB c,2016,Microlensing,2557.0,10.7,9001.9
Kepler-56 d,2016,Radial Velocity,1002.0,12.8,2977.8
Kepler-444 b,2015,Transit,3.6001,0.4,118.8
K2-6 b,2015,Transit,30.942,2.5,1033.3
HD 42618 b,2016,Radial Velocity,149.61,3.89,79.4
OGLE-2012-BLG-0950L b,2016,Microlensing,,6.56,8480.1
Kepler-444 e,2015,Transit,7.7435,0.55,118.8
K2-15 b,2015,Transit,11.81,2.48,1611.2
K2-14 b,2015,Transit,8.368,4.81,1187.4
K2-17 b,2015,Transit,17.968,2.23,408.0
K2-9 b,2015,Transit,18.45,2.25,270.6
WASP-36 b,2011,Transit,1.5374,14.87,1260.1
Kepler-26 b,2011,Transit,12.28,2.78,1093.6
HATS-13 b,2015,Transit,3.044,13.59,1375.9
HATS-14 b,2015,Transit,2.7668,11.65,1673.2
WASP-90 b,2016,Transit,3.9162,18.27,1521.3
HD 5583 b,2016,Radial Velocity,139.35,12.8,715.0
Kepler-26 c,2011,Transit,17.256,2.72,1093.6
Kepler-447 b,2015,Transit,7.7943,18.49,874.2
OGLE-2011-BLG-0265L b,2015,Microlensing,,13.9,14285.6
HD 130322 b,1999,Radial Velocity,10.709,13.7,104.0
OGLE-2012-BLG-0563L b,2015,Microlensing,,13.6,4240.0
Kepler-296 d,2014,Transit,19.85,2.09,544.7
Pr0211 c,2016,Radial Velocity,4850.0,12.6,595.9
BD+15 2375 b,2016,Radial Velocity,153.22,13.8,2505.0
Kepler-60 d,2012,Transit,11.898,1.99,3343.4
HD 1666 b,2015,Radial Velocity,270.0,12.7,384.6
HD 67087 b,2015,Radial Velocity,352.2,13.1,249.6
Kepler-296 e,2014,Transit,34.142,1.53,544.7
Kepler-872 b,2016,Transit,2.5789,1.99,2869.1
Kepler-871 b,2016,Transit,22.046,3.74,6445.0
Kepler-603 c,2016,Transit,127.91,6.5,5021.6
Kepler-908 b,2016,Transit,1.3406,1.22,948.6
Kepler-499 b,2016,Transit,5.6325,2.17,1815.8
Kepler-801 b,2016,Transit,11.419,2.0,1436.5
Kepler-799 b,2016,Transit,133.46,6.88,4922.0
Kepler-870 b,2016,Transit,21.359,2.78,4107.8
Kepler-869 b,2016,Transit,40.429,3.61,3064.1
Kepler-907 b,2016,Transit,15.866,1.2,1148.1
Kepler-912 b,2016,Transit,2.5348,2.8,6538.5
Kepler-797 b,2016,Transit,27.072,2.17,4289.8
Kepler-867 b,2016,Transit,150.24,4.64,3899.3
Kepler-868 b,2016,Transit,5.0325,2.05,5196.1
Kepler-866 b,2016,Transit,2.617,1.63,2109.1
Kepler-913 b,2016,Transit,10.297,2.06,3234.2
Kepler-910 b,2016,Transit,2.3644,0.82,1305.6
Kepler-847 b,2016,Transit,2.3432,1.18,1673.5
Kepler-846 b,2016,Transit,19.808,2.48,3676.2
Kepler-795 b,2016,Transit,29.619,1.68,1605.1
Kepler-794 b,2016,Transit,11.131,2.11,3037.1
Kepler-865 b,2016,Transit,14.164,2.49,1911.7
Kepler-909 b,2016,Transit,13.933,1.47,1009.8
Kepler-916 b,2016,Transit,32.297,1.76,2709.4
Kepler-845 b,2016,Transit,0.92786,2.04,1405.9
Kepler-844 b,2016,Transit,2.613,1.68,1408.3
Kepler-792 b,2016,Transit,11.301,1.96,4649.3
Kepler-791 b,2016,Transit,14.554,3.05,4130.2
Kepler-862 b,2016,Transit,3.1487,2.21,3388.9
Kepler-861 b,2016,Transit,3.9496,2.28,2773.4
Kepler-930 b,2016,Transit,71.452,2.13,2767.1
Kepler-842 b,2016,Transit,1.2196,1.6,1737.5
Kepler-841 b,2016,Transit,124.42,5.23,3258.2
Kepler-790 b,2016,Transit,13.735,2.18,2293.4
Kepler-788 b,2016,Transit,8.3985,2.55,5791.9
Kepler-860 b,2016,Transit,5.1014,3.24,3445.4
Kepler-924 b,2016,Transit,61.037,3.07,3434.6
Kepler-923 b,2016,Transit,6.9337,1.38,3262.5
Kepler-838 b,2016,Transit,15.75,2.73,3600.9
Kepler-837 b,2016,Transit,16.561,2.56,2941.6
Kepler-787 b,2016,Transit,0.92831,1.28,1642.4
Kepler-465 b,2016,Transit,9.9407,2.95,1803.9
Kepler-856 b,2016,Transit,8.0277,9.3,4406.9
Kepler-890 b,2016,Transit,52.759,8.89,5584.2
Kepler-927 b,2016,Transit,9.115,1.72,2712.6
Kepler-926 b,2016,Transit,52.069,2.31,3005.1
Kepler-892 b,2016,Transit,13.752,2.81,1861.5
Kepler-933 b,2016,Transit,14.204,2.46,3317.7
Kepler-826 b,2016,Transit,4.4876,1.25,2542.7
Kepler-830 b,2016,Transit,11.297,1.7,3659.5
Kepler-829 b,2016,Transit,6.8834,2.11,3502.1
Kepler-895 b,2016,Transit,2.8062,1.54,1761.7
Kepler-743 b,2016,Transit,3.1793,1.21,909.9
Kepler-823 b,2016,Transit,4.1681,1.57,4531.2
Kepler-487 c,2016,Transit,38.652,2.68,2845.2
Kepler-898 b,2016,Transit,5.8706,1.49,1581.5
Kepler-899 b,2016,Transit,19.179,2.68,4065.3
Kepler-747 b,2016,Transit,35.618,5.27,10917.0
Kepler-821 b,2016,Transit,1.9228,1.31,2004.5
Kepler-498 b,2016,Transit,9.6138,3.03,3062.1
Kepler-887 b,2016,Transit,20.422,1.84,2891.7
Kepler-901 b,2016,Transit,3.5175,1.37,828.0
Kepler-900 b,2016,Transit,6.9913,2.08,1590.1
Kepler-751 b,2016,Transit,17.445,2.46,2480.2
Kepler-755 b,2016,Transit,1.2691,1.76,1301.5
Kepler-820 b,2016,Transit,127.83,6.09,4524.4
Kepler-817 b,2016,Transit,3.9901,9.03,4841.7
Kepler-886 b,2016,Transit,6.2415,1.52,2319.9
Kepler-885 b,2016,Transit,18.115,2.5,2124.3
Kepler-904 b,2016,Transit,3.0217,1.77,3190.2
Kepler-905 b,2016,Transit,5.0827,1.41,1726.2
Kepler-756 b,2016,Transit,1.2249,1.12,2778.8
Kepler-757 b,2016,Transit,1.0227,1.36,3485.6
Kepler-815 b,2016,Transit,8.575,4.11,4107.2
Kepler-852 b,2016,Transit,44.931,2.54,5280.6
Kepler-883 b,2016,Transit,12.985,1.78,2046.5
Kepler-509 b,2016,Transit,41.746,2.49,1084.3
Kepler-466 c,2016,Transit,3.7092,1.25,1729.0
Kepler-502 b,2016,Transit,4.2869,4.77,5189.3
Kepler-758 b,2016,Transit,12.11,2.48,4899.9
Kepler-813 b,2016,Transit,19.129,2.14,2739.7
Kepler-811 b,2016,Transit,23.584,2.7,3212.8
Kepler-882 b,2016,Transit,3.9895,1.23,1645.8
Kepler-880 b,2016,Transit,7.7147,2.66,1961.3
Kepler-474 b,2016,Transit,5.6607,3.06,2744.6
Kepler-760 b,2016,Transit,8.7042,3.06,2584.3
Kepler-810 b,2016,Transit,4.5973,1.93,4757.3
Kepler-809 b,2016,Transit,55.639,3.01,3135.7
Kepler-877 b,2016,Transit,18.458,2.12,1964.0
Kepler-750 c,2016,Transit,4.089,1.62,4227.0
Kepler-255 d,2016,Transit,1.0456,1.32,3432.9
Kepler-775 b,2016,Transit,0.97487,1.19,1300.3
Kepler-500 b,2016,Transit,8.5083,2.58,2633.6
Kepler-808 b,2016,Transit,0.63133,1.46,1047.0
Kepler-875 b,2016,Transit,27.507,2.9,4052.9
Kepler-732 c,2016,Transit,0.89304,1.27,570.2
Kepler-777 b,2016,Transit,5.7281,1.47,1445.2
Kepler-779 b,2016,Transit,7.0971,0.92,923.5
Kepler-804 b,2016,Transit,14.375,1.94,2118.9
Kepler-803 b,2016,Transit,50.286,3.79,2086.7
Kepler-1049 b,2016,Transit,3.2735,0.95,528.4
Kepler-969 b,2016,Transit,34.173,2.07,1273.2
Kepler-1137 b,2016,Transit,23.921,2.2,3006.4
Kepler-975 b,2016,Transit,1.9703,1.48,1389.7
Kepler-995 b,2016,Transit,28.267,2.7,1988.4
Kepler-1054 b,2016,Transit,4.3066,2.63,3556.8
Kepler-1033 b,2016,Transit,7.5605,2.51,4747.2
Kepler-1040 b,2016,Transit,201.12,2.08,1572.5
Kepler-1138 b,2016,Transit,3.1706,1.7,2845.2
Kepler-1139 b,2016,Transit,0.81317,1.19,1615.0
Kepler-1060 b,2016,Transit,46.878,2.38,3087.3
Kepler-1003 b,2016,Transit,3.5549,1.78,3072.1
Kepler-1055 b,2016,Transit,2.295,1.23,1270.0
Kepler-998 b,2016,Transit,5.6538,2.32,3217.1
Kepler-1017 b,2016,Transit,7.234,1.99,1800.6
Kepler-974 b,2016,Transit,4.1945,1.57,438.1
Kepler-1045 b,2016,Transit,26.41,2.69,3074.0
Kepler-980 b,2016,Transit,11.551,2.67,3135.9
Kepler-991 b,2016,Transit,82.534,2.54,1270.6
Kepler-1072 b,2016,Transit,1.5691,1.58,3205.2
Kepler-490 b,2016,Transit,3.2687,11.65,4967.4
Kepler-1018 b,2016,Transit,49.101,2.58,3294.2
Kepler-1004 b,2016,Transit,5.2879,6.28,3759.5
Kepler-997 b,2016,Transit,2.7073,1.36,1525.0
Kepler-1151 b,2016,Transit,65.648,2.22,2225.8
Kepler-1064 b,2016,Transit,16.541,1.55,1219.8
Kepler-971 b,2016,Transit,9.5907,2.13,1104.1
Kepler-1051 b,2016,Transit,25.962,3.4,2705.0
Kepler-1007 b,2016,Transit,5.185,1.44,1190.5
Kepler-968 b,2016,Transit,3.693,2.0,946.9
Kepler-1145 b,2016,Transit,3.9708,1.4,2256.9
Kepler-1147 b,2016,Transit,10.628,2.61,5405.6
Kepler-1029 b,2016,Transit,4.4177,1.26,1195.9
Kepler-996 b,2016,Transit,3.7706,1.98,3967.9
Kepler-966 b,2016,Transit,99.748,4.13,3352.2
Kepler-1047 b,2016,Transit,56.189,2.09,2666.8
Kepler-1149 b,2016,Transit,3.7309,1.44,3971.7
Kepler-1148 b,2016,Transit,1.1045,1.69,2040.7
Kepler-1057 b,2016,Transit,14.088,3.36,3919.8
Kepler-1059 b,2016,Transit,3.7642,1.73,2326.0
Kepler-965 b,2016,Transit,134.25,3.38,1900.9
Kepler-999 b,2016,Transit,5.9919,2.34,1777.8
Kepler-1112 b,2016,Transit,14.363,3.02,5451.0
Kepler-952 b,2016,Transit,130.35,7.65,4253.9
Kepler-479 b,2016,Transit,12.493,2.12,1124.9
Kepler-934 b,2016,Transit,55.674,2.09,1985.4
Kepler-977 b,2016,Transit,26.853,2.62,1855.0
Kepler-1021 b,2016,Transit,13.475,2.33,2642.1
Kepler-979 b,2016,Transit,8.088,2.72,1880.3
Kepler-982 b,2016,Transit,15.774,2.25,2614.1
Kepler-936 b,2016,Transit,10.561,1.45,2685.6
Kepler-938 b,2016,Transit,52.63,2.22,3855.3
Kepler-1006 b,2016,Transit,19.762,1.54,3528.2
Kepler-1009 b,2016,Transit,11.35,2.17,1157.9
Kepler-976 b,2016,Transit,105.96,3.96,3302.0
Kepler-1052 b,2016,Transit,34.854,2.93,3077.1
Kepler-1120 b,2016,Transit,2.949,1.38,2006.6
Kepler-1123 b,2016,Transit,4.3395,1.67,2297.2
Kepler-940 b,2016,Transit,59.623,3.34,4112.1
Kepler-1035 b,2016,Transit,2.7141,1.17,1833.4
Kepler-1027 b,2016,Transit,1.9078,0.89,1321.3
Kepler-986 b,2016,Transit,56.435,2.36,1788.5
Kepler-1011 b,2016,Transit,5.7532,2.87,2403.0
Kepler-1068 b,2016,Transit,16.923,3.63,4806.3
Kepler-917 b,2016,Transit,2.9704,1.91,11286.7
Kepler-918 b,2016,Transit,4.8539,1.74,3343.2
Kepler-978 b,2016,Transit,49.622,2.99,2226.1
Kepler-1002 b,2016,Transit,4.3364,1.71,1331.7
Kepler-493 b,2016,Transit,3.0039,15.13,5693.9
Kepler-1128 b,2016,Transit,61.618,3.65,3533.6
Kepler-920 b,2016,Transit,6.5319,2.42,3267.0
Kepler-919 b,2016,Transit,11.046,2.25,3652.5
Kepler-921 b,2016,Transit,51.301,2.87,3047.9
Kepler-1015 b,2016,Transit,16.005,3.55,2411.5
Kepler-1005 b,2016,Transit,6.498,1.5,1851.9
Kepler-972 b,2016,Transit,7.0393,4.65,3907.4
Kepler-1130 b,2016,Transit,5.453,0.8,813.2
Kepler-1131 b,2016,Transit,3.5323,1.59,3361.7
Kepler-1025 b,2016,Transit,37.323,1.98,2621.6
Kepler-497 b,2016,Transit,3.5732,6.04,4213.9
Kepler-994 b,2016,Transit,1.1512,1.6,613.7
Kepler-1132 b,2016,Transit,62.892,2.35,2830.8
Kepler-1069 b,2016,Transit,23.899,1.6,2269.9
Kepler-1034 b,2016,Transit,12.124,2.26,2134.9
Kepler-944 b,2016,Transit,43.317,2.63,4401.2
Kepler-942 b,2016,Transit,44.964,2.13,705.7
Kepler-946 b,2016,Transit,11.792,1.93,3709.3
HD 50554 c,2026,Transit,5.9694,1.31,101.7
Kepler-992 b,2016,Transit,20.16,1.62,846.8
Kepler-1134 b,2016,Transit,17.133,2.64,3080.4
Kepler-1135 b,2016,Transit,76.958,1.85,4287.8
Kepler-951 b,2016,Transit,71.525,5.59,1247.6
Kepler-967 b,2016,Transit,13.227,2.35,1854.3
Kepler-1013 b,2016,Transit,18.931,2.15,1377.2
Kepler-1233 b,2016,Transit,45.126,2.6,3844.4
Kepler-1234 b,2016,Transit,11.94,2.81,2990.0
Kepler-523 b,2016,Transit,5.836,1.96,826.1
Gl 725 B c,2026,Radial Velocity,37.9,1.66,22.3
Kepler-1180 b,2016,Transit,16.86,1.99,5208.1
Kepler-1181 b,2016,Transit,4.8934,1.57,3060.7
Kepler-1189 b,2016,Transit,3.7886,1.77,2553.3
Kepler-1236 b,2016,Transit,31.057,2.14,3260.4
Kepler-1235 b,2016,Transit,4.1606,0.79,1763.2
Kepler-518 b,2016,Transit,8.512,2.11,1102.1
Kepler-1276 b,2016,Transit,12.572,1.19,1756.3
Kepler-1277 b,2016,Transit,40.837,1.6,1817.3
Kepler-1182 b,2016,Transit,11.174,2.41,5040.4
Kepler-549 b,2016,Transit,42.95,2.57,2071.6
Kepler-1237 b,2016,Transit,84.573,2.86,3471.3
Kepler-1279 b,2016,Transit,23.477,1.75,4873.5
Kepler-1280 b,2016,Transit,66.558,1.87,4849.0
Kepler-1076 b,2016,Transit,6.1473,0.8,649.1
Kepler-1077 b,2016,Transit,34.351,2.77,3592.3
Kepler-1193 b,2016,Transit,2.8327,1.32,2616.1
Kepler-1194 b,2016,Transit,16.224,1.51,2470.2
Kepler-1238 b,2016,Transit,4.1479,1.93,5323.3
Kepler-1282 b,2016,Transit,2.1319,1.55,3598.4
Kepler-1078 b,2016,Transit,3.0073,1.9,8094.2
Kepler-1079 b,2016,Transit,13.245,1.63,1927.9
Kepler-1242 b,2016,Transit,13.628,2.26,2242.7
Kepler-1243 b,2016,Transit,16.832,1.75,2472.8
Kepler-1081 b,2016,Transit,3.8569,1.01,1370.6
Kepler-1199 b,2016,Transit,15.045,1.15,1837.9
Kepler-1202 b,2016,Transit,28.685,2.94,3833.6
Kepler-519 b,2016,Transit,24.308,2.1,804.3
Kepler-1284 b,2016,Transit,0.66407,1.21,2877.8
Kepler-1083 b,2016,Transit,33.418,3.36,2944.0
Kepler-1203 b,2016,Transit,0.588,1.06,1034.0
Kepler-1204 b,2016,Transit,85.735,3.05,3833.1
Kepler-1246 b,2016,Transit,11.323,1.36,1423.7
Kepler-1289 b,2016,Transit,7.9902,1.52,3436.3
Kepler-1087 b,2016,Transit,0.69384,0.61,1182.7
Kepler-1086 b,2016,Transit,18.784,2.44,1520.2
Kepler-1088 b,2016,Transit,23.127,1.42,915.3
Kepler-1206 b,2016,Transit,1.217,1.64,2485.4
Kepler-1205 b,2016,Transit,1.0784,1.41,2278.2
Kepler-1249 b,2016,Transit,24.335,2.38,6211.8
Kepler-1250 b,2016,Transit,2.6075,1.92,6936.8
Kepler-1293 b,2016,Transit,5.5765,0.97,3353.4
Kepler-513 b,2016,Transit,28.862,2.2,1527.3
Kepler-1092 b,2016,Transit,58.602,2.07,3200.4
Kepler-1209 b,2016,Transit,25.369,1.51,1648.8
Kepler-1252 b,2016,Transit,15.054,1.67,2116.7
Kepler-1253 b,2016,Transit,68.886,1.33,1678.2
Kepler-1156 b,2016,Transit,11.895,1.32,2254.8
Kepler-1155 b,2016,Transit,33.47,2.03,3681.4
Kepler-1093 b,2016,Transit,25.082,1.95,3499.3
Kepler-1094 b,2016,Transit,78.1,3.18,4210.7
Kepler-1213 b,2016,Transit,5.3498,1.19,2634.7
Kepler-1255 b,2016,Transit,36.292,2.32,5274.2
Kepler-1256 b,2016,Transit,12.413,1.49,2906.7
Kepler-1160 b,2016,Transit,7.9703,2.14,3514.8
Kepler-1158 b,2016,Transit,13.54,2.34,4841.0
Kepler-1097 b,2016,Transit,187.75,3.26,2347.7
Kepler-1095 b,2016,Transit,4.271,1.21,2584.9
Kepler-1217 b,2016,Transit,2.0323,1.99,4395.6
Kepler-1216 b,2016,Transit,4.3703,1.39,4104.2
Kepler-1257 b,2016,Transit,2.6683,1.52,3607.1
Kepler-1260 b,2016,Transit,19.119,1.77,5656.9
Kepler-1163 b,2016,Transit,6.1179,1.03,1561.1
Kepler-1100 b,2016,Transit,6.422,1.75,2262.3
Kepler-1098 b,2016,Transit,2.5431,1.3,3422.0
Kepler-1261 b,2016,Transit,48.431,2.26,2427.6
Kepler-1166 b,2016,Transit,33.241,1.69,2070.8
Kepler-1167 b,2016,Transit,1.0039,1.71,2677.4
Kepler-1103 b,2016,Transit,19.792,2.27,4344.1
Kepler-1221 b,2016,Transit,12.001,1.88,2979.9
Kepler-522 b,2016,Transit,38.584,6.91,2084.9
Kepler-1264 b,2016,Transit,0.96853,1.18,2615.7
Kepler-1169 b,2016,Transit,6.1101,0.94,1705.2
Kepler-1168 b,2016,Transit,55.823,2.5,2454.9
Kepler-1106 b,2016,Transit,1.2528,1.65,3557.4
Kepler-1226 b,2016,Transit,17.292,1.45,3671.6
Kepler-1266 b,2016,Transit,28.475,2.58,2770.1
Kepler-1268 b,2016,Transit,40.99,2.03,6003.8
Kepler-1171 b,2016,Transit,1.4426,2.56,1868.9
Kepler-1172 b,2016,Transit,26.02,3.2,4261.3
Kepler-1109 b,2016,Transit,37.647,2.19,2234.5
Kepler-1110 b,2016,Transit,9.6931,2.66,2370.6
Kepler-1229 b,2016,Transit,86.829,1.4,865.9
Kepler-436 c,2016,Transit,16.797,2.33,1920.6
Kepler-1270 b,2016,Transit,6.0336,3.32,3571.6
Kepler-804 c,2016,Transit,9.6519,1.14,2118.9
Kepler-1230 b,2016,Transit,9.9566,2.71,4449.5
Kepler-1271 b,2016,Transit,3.0256,1.48,2713.6
Kepler-1273 b,2016,Transit,28.626,2.49,3634.2
Kepler-1177 b,2016,Transit,106.25,1.9,4239.9
Kepler-1179 b,2016,Transit,2.6851,1.32,1354.2
Kepler-1152 b,2016,Transit,1.6468,0.87,702.0
Kepler-1186 b,2016,Transit,16.077,2.23,4361.5
Kepler-535 b,2016,Transit,4.9033,2.36,2236.1
Kepler-1411 b,2016,Transit,86.115,2.82,5415.8
Kepler-1413 b,2016,Transit,13.183,1.82,3807.8
Kepler-1317 b,2016,Transit,0.56887,1.56,2375.4
Kepler-1318 b,2016,Transit,213.26,3.11,1550.0
Kepler-1362 b,2016,Transit,136.21,2.6,2385.2
Kepler-536 b,2016,Transit,1.8271,3.1,1507.9
Kepler-1415 b,2016,Transit,0.63642,1.29,3403.6
Kepler-1320 b,2016,Transit,0.86839,1.7,2111.6
Kepler-1321 b,2016,Transit,11.128,4.92,2508.6
Kepler-1366 b,2016,Transit,2.1646,1.43,1519.3
Kepler-903 c,2016,Transit,62.923,2.53,4465.9
Kepler-758 e,2016,Transit,8.1935,1.53,4899.9
Kepler-1417 b,2016,Transit,20.351,1.0,3235.0
Kepler-1322 b,2016,Transit,0.96287,1.61,4404.1
Kepler-525 b,2016,Transit,18.684,2.63,3238.2
Kepler-722 c,2016,Transit,105.14,2.82,4042.7
Kepler-1422 b,2016,Transit,18.605,2.02,8042.5
Kepler-1327 b,2016,Transit,14.888,1.8,2211.6
Kepler-1368 b,2016,Transit,0.67565,1.65,5335.3
Kepler-769 c,2016,Transit,15.987,1.79,3814.6
Kepler-770 c,2016,Transit,1.4753,1.2,3034.7
Kepler-1430 b,2016,Transit,2.4605,1.18,2855.6
Kepler-1431 b,2016,Transit,5.866,1.47,5294.3
Kepler-1328 b,2016,Transit,4.5216,0.98,2653.4
Kepler-1329 b,2016,Transit,9.3365,2.17,1917.9
Kepler-527 b,2016,Transit,13.285,2.84,2446.3
Kepler-1371 b,2016,Transit,3.4462,0.73,1680.8
Kepler-770 d,2016,Transit,4.1524,1.4,3034.7
Kepler-896 b,2016,Transit,144.55,2.53,7615.5
Kepler-1427 b,2016,Transit,0.96897,1.1,3979.1
Kepler-1332 b,2016,Transit,11.875,1.37,1724.3
Kepler-1330 b,2016,Transit,10.108,1.65,5611.4
Kepler-1373 b,2016,Transit,1.2912,1.16,5542.9
Kepler-1374 b,2016,Transit,10.653,2.29,3517.5
Kepler-1311 c,2016,Transit,2.5357,1.22,2825.6
Kepler-1428 b,2016,Transit,10.676,1.64,4991.2
Kepler-1429 b,2016,Transit,4.4849,1.29,3959.8
Kepler-1335 b,2016,Transit,6.2641,1.45,2028.2
Kepler-528 b,2016,Transit,19.783,2.08,2557.8
Kepler-1321 c,2016,Transit,2.2265,2.4,2508.6
Kepler-1433 b,2016,Transit,4.1359,1.56,4331.4
Kepler-1337 b,2016,Transit,24.4,2.41,1962.2
Kepler-1339 b,2016,Transit,1.3416,0.71,1210.2
Kepler-1377 b,2016,Transit,0.74093,1.25,3738.1
Kepler-1378 b,2016,Transit,11.954,2.2,1651.8
Kepler-1370 c,2016,Transit,7.4414,1.27,3274.9
Kepler-1295 b,2016,Transit,3.8137,1.55,3830.6
Kepler-1296 b,2016,Transit,8.384,0.91,5060.4
Kepler-1341 b,2016,Transit,133.0,2.99,1555.6
Kepler-529 b,2016,Transit,1.9804,1.86,2606.0
Kepler-1380 b,2016,Transit,10.311,1.43,8033.0
Kepler-1391 b,2016,Transit,54.409,1.68,3386.6
Kepler-1392 b,2016,Transit,15.141,1.96,3643.2
Kepler-1297 b,2016,Transit,1.6819,0.97,4694.9
Kepler-1343 b,2016,Transit,3.3518,1.93,5729.6
Kepler-1344 b,2016,Transit,4.7683,1.84,2785.2
Kepler-1383 b,2016,Transit,13.909,1.41,3350.3
Kepler-1381 b,2016,Transit,25.384,2.25,3904.2
Kepler-1393 b,2016,Transit,2.4436,0.8,1775.8
Kepler-1300 b,2016,Transit,22.242,1.37,2534.3
Kepler-616 c,2016,Transit,90.411,3.41,3084.7
Kepler-1347 b,2016,Transit,14.009,1.03,1047.0
Kepler-1345 b,2016,Transit,44.617,2.36,4419.5
Kepler-1385 b,2016,Transit,2.8888,0.85,2246.5
Kepler-1384 b,2016,Transit,15.363,1.94,2015.6
Kepler-1397 b,2016,Transit,47.45,1.72,3908.2
Kepler-1398 b,2016,Transit,2.7882,0.9,2779.5
Kepler-1396 b,2016,Transit,18.221,2.07,3478.3
Kepler-1302 b,2016,Transit,8.8392,1.43,2069.7
Kepler-1304 b,2016,Transit,16.129,2.29,7097.4
Kepler-1350 b,2016,Transit,4.4969,2.52,1111.2
Kepler-1348 b,2016,Transit,27.572,1.94,3958.9
Kepler-1387 b,2016,Transit,2.2795,0.93,1485.2
Kepler-1398 c,2016,Transit,4.1383,1.03,2779.5
Kepler-1400 b,2016,Transit,9.0669,1.62,2453.5
Kepler-1307 b,2016,Transit,18.016,2.47,3309.2
Kepler-1351 b,2016,Transit,0.91614,0.65,661.4
Kepler-521 b,2016,Transit,22.208,3.18,2709.2
Kepler-1390 b,2016,Transit,6.4802,1.18,2359.5
Kepler-531 b,2016,Transit,29.885,2.78,824.4
Kepler-1389 b,2016,Transit,99.253,1.77,1621.3
Kepler-1401 b,2016,Transit,11.201,1.68,4649.1
Kepler-1402 b,2016,Transit,2.0339,0.76,4871.6
Kepler-1308 b,2016,Transit,2.1043,0.52,367.6
Kepler-1309 b,2016,Transit,28.843,2.37,2756.0
Kepler-1352 b,2016,Transit,1.8779,0.89,2187.9
Kepler-1353 b,2016,Transit,24.754,1.8,1935.4
Kepler-532 b,2016,Transit,12.925,2.57,1020.2
Kepler-1403 b,2016,Transit,5.1949,2.14,7057.7
Kepler-1405 b,2016,Transit,28.227,3.96,4991.2
Kepler-1310 b,2016,Transit,0.67934,1.44,1856.4
Kepler-1312 b,2016,Transit,5.4483,2.1,975.5
Kepler-517 b,2016,Transit,60.928,2.67,945.5
Kepler-1356 b,2016,Transit,0.634,1.53,2756.8
Kepler-1354 b,2016,Transit,76.613,2.97,3651.2
Kepler-1050 c,2016,Transit,21.128,1.48,1599.8
Kepler-1407 b,2016,Transit,20.071,2.25,4554.5
Kepler-1313 b,2016,Transit,3.8331,1.76,568.3
Kepler-1359 b,2016,Transit,59.497,2.83,2005.4
Kepler-1360 b,2016,Transit,40.529,3.4,4945.4
Kepler-1611 b,2016,Transit,5.1762,0.81,2962.9
Kepler-1463 b,2016,Transit,25.159,1.86,5503.8
Kepler-1543 b,2016,Transit,6.9671,2.71,3006.5
Kepler-1578 b,2016,Transit,1.4509,1.04,3470.5
Kepler-626 b,2016,Transit,14.486,2.29,2073.2
Kepler-1465 b,2016,Transit,31.828,1.77,1172.5
Kepler-1466 b,2016,Transit,31.175,1.55,2061.1
Kepler-1546 b,2016,Transit,19.597,3.13,3039.6
Kepler-1548 b,2016,Transit,124.83,2.64,2845.0
Kepler-1613 b,2016,Transit,1.5184,2.08,4919.5
Kepler-1468 c,2016,Transit,3.5455,1.15,6194.5
Kepler-1582 b,2016,Transit,4.8382,1.49,257.3
Kepler-1469 b,2016,Transit,21.864,2.8,3781.1
Kepler-633 b,2016,Transit,8.5034,1.63,2219.6
Kepler-1550 b,2016,Transit,225.58,3.02,3845.4
Kepler-1552 b,2016,Transit,184.77,2.47,2508.5
Kepler-1584 b,2016,Transit,13.4,1.61,4619.4
Kepler-556 b,2016,Transit,11.723,2.24,2200.2
Kepler-629 b,2016,Transit,7.2386,1.38,1213.5
Kepler-630 b,2016,Transit,161.47,3.18,2739.0
Kepler-1470 b,2016,Transit,16.295,1.07,1926.3
Kepler-1475 b,2016,Transit,82.177,2.92,5115.4
Kepler-1476 b,2016,Transit,10.359,1.67,3270.5
Kepler-154 f,2016,Transit,9.9194,1.5,2985.0
Kepler-1165 b,2016,Transit,9.4785,1.55,5137.6
Kepler-1587 b,2016,Transit,9.406,1.33,3347.9
Kepler-579 b,2016,Transit,9.6686,2.0,1731.1
Kepler-1619 b,2016,Transit,23.623,0.76,2396.8
Kepler-132 e,2016,Transit,110.29,1.18,1140.1
Kepler-1471 b,2016,Transit,3.639,1.41,3192.0
Kepler-1554 b,2016,Transit,198.09,2.9,3088.2
Kepler-541 b,2016,Transit,5.0801,3.36,3459.5
Kepler-1589 b,2016,Transit,0.99167,1.09,4935.2
Kepler-686 b,2016,Transit,1.5947,12.15,4862.8
Kepler-1473 b,2016,Transit,14.427,1.19,2127.4
Kepler-1472 b,2016,Transit,38.131,1.9,4824.3
Kepler-1474 b,2016,Transit,36.433,2.16,3851.6
Kepler-1556 b,2016,Transit,8.8271,1.96,3080.7
Kepler-542 b,2016,Transit,13.145,1.57,1422.1
Kepler-1592 b,2016,Transit,3.0571,1.54,5347.2
Kepler-1623 b,2016,Transit,4.3613,1.31,2731.5
Kepler-1622 b,2016,Transit,10.812,1.47,2597.8
Kepler-631 b,2016,Transit,17.98,2.9,2485.2
Kepler-1477 b,2016,Transit,11.555,1.18,2220.6
Kepler-1478 b,2016,Transit,26.084,1.73,6019.5
Kepler-1558 b,2016,Transit,3.5047,0.68,1062.4
Kepler-1557 b,2016,Transit,3.7403,1.53,4501.5
Kepler-544 b,2016,Transit,21.416,2.12,3141.5
Kepler-1442 b,2016,Transit,81.416,3.93,1985.2
Kepler-1435 b,2016,Transit,4.4534,0.86,2296.8
Kepler-1559 b,2016,Transit,0.97192,0.72,2005.3
Kepler-1596 b,2016,Transit,66.373,1.9,7000.1
Kepler-403 d,2016,Transit,13.612,1.42,2740.6
Kepler-1443 b,2016,Transit,2.4181,0.97,1936.2
Kepler-1438 b,2016,Transit,2.3194,0.94,3764.3
Kepler-1562 b,2016,Transit,64.274,3.55,6721.2
Kepler-1561 b,2016,Transit,1.0052,1.09,2736.7
Kepler-1598 b,2016,Transit,4.342,0.95,2021.7
Kepler-1445 b,2016,Transit,10.601,0.96,1651.5
Kepler-511 b,2016,Transit,296.64,6.35,2126.5
Kepler-1564 b,2016,Transit,18.054,1.47,2964.1
Kepler-1563 b,2016,Transit,3.4328,0.75,2011.4
Kepler-1565 b,2016,Transit,1.5382,1.19,2054.6
Kepler-1602 b,2016,Transit,11.179,1.34,2054.1
Kepler-1448 b,2016,Transit,12.271,1.61,2507.8
Kepler-1449 b,2016,Transit,13.227,1.68,6544.3
Kepler-1566 b,2016,Transit,0.53992,0.79,1521.8
Kepler-1567 b,2016,Transit,153.98,2.73,3933.8
Kepler-597 b,2016,Transit,13.024,2.37,2163.8
Kepler-1603 b,2016,Transit,2.2716,1.29,8847.2
Kepler-1450 b,2016,Transit,54.509,1.71,1649.8
Kepler-1451 b,2016,Transit,35.622,3.35,3453.1
Kepler-603 d,2016,Transit,6.2171,1.32,5021.6
Kepler-605 c,2016,Transit,2.359,0.86,1815.3
Kepler-1568 b,2016,Transit,20.925,1.3,2988.6
Kepler-1606 b,2016,Transit,196.44,2.07,2711.3
Kepler-1452 b,2016,Transit,42.914,2.7,3249.6
Kepler-1571 b,2016,Transit,3.3856,1.52,2202.5
Kepler-1570 b,2016,Transit,26.549,1.07,2997.4
Kepler-1572 b,2016,Transit,5.4955,0.94,3087.4
Kepler-1607 b,2016,Transit,13.647,0.92,4194.7
Kepler-1609 b,2016,Transit,114.34,2.22,5955.7
Kepler-1457 b,2016,Transit,51.111,1.99,2902.4
Kepler-1458 b,2016,Transit,47.987,2.76,1775.8
Kepler-217 d,2016,Transit,3.8869,1.32,3602.8
Kepler-625 c,2016,Transit,4.1654,1.05,2481.1
Kepler-653 c,2016,Transit,0.90038,0.78,1942.7
Kepler-1575 b,2016,Transit,2.5531,1.31,4066.9
Kepler-578 b,2016,Transit,1.6169,2.0,1765.9
Kepler-1461 b,2016,Transit,29.349,2.03,2214.9
Kepler-1541 b,2016,Transit,8.4069,1.16,1359.1
Kepler-1576 b,2016,Transit,6.9847,1.04,1503.3
Kepler-603 b,2016,Transit,21.054,2.65,5021.6
Kepler-640 b,2016,Transit,22.248,2.56,1819.3
Kepler-722 b,2016,Transit,4.0936,2.63,4042.7
Kepler-634 b,2016,Transit,5.1695,1.89,2896.4
Kepler-701 b,2016,Transit,10.355,2.84,2524.9
Kepler-709 b,2016,Transit,16.085,2.92,2168.4
Kepler-1625 b,2016,Transit,287.38,6.06,7534.6
Kepler-1501 b,2016,Transit,14.556,1.56,2443.1
Kepler-1500 b,2016,Transit,15.033,1.2,3972.0
Kepler-1522 b,2016,Transit,1.8479,1.73,2655.3
Kepler-702 b,2016,Transit,10.526,9.17,3235.7
Kepler-641 b,2016,Transit,9.4896,1.85,3163.4
Kepler-1626 b,2016,Transit,4.1396,2.02,4464.5
Kepler-609 b,2016,Transit,6.5212,3.35,3476.2
Kepler-724 b,2016,Transit,3.3149,3.29,2782.5
Kepler-1504 b,2016,Transit,82.304,2.13,7945.0
Kepler-1505 b,2016,Transit,30.861,0.93,1615.0
Kepler-1524 b,2016,Transit,70.967,3.54,1245.2
Kepler-495 b,2016,Transit,3.413,5.23,2149.1
Kepler-710 b,2016,Transit,4.3473,1.88,4723.8
Kepler-540 b,2016,Transit,172.7,2.71,1273.2
Kepler-1644 b,2016,Transit,21.091,1.88,2052.4
Kepler-1507 b,2016,Transit,16.051,0.84,1045.3
Kepler-1506 b,2016,Transit,14.033,1.32,7716.9
Kepler-1086 c,2016,Transit,161.52,2.94,1520.2
Kepler-604 b,2016,Transit,25.855,2.59,3348.0
Kepler-1627 b,2016,Transit,7.2028,3.69,1035.3
Kepler-1510 b,2016,Transit,84.704,3.36,5532.4
Kepler-1511 b,2016,Transit,23.238,1.68,4812.8
Kepler-1526 b,2016,Transit,3.9086,2.43,1812.0
Kepler-643 b,2016,Transit,16.339,10.16,3468.9
Kepler-642 b,2016,Transit,4.4175,2.9,2549.2
Kepler-711 b,2016,Transit,23.589,3.41,2037.1
Kepler-726 b,2016,Transit,21.805,3.26,2485.6
Kepler-401 d,2016,Transit,184.26,2.27,3149.2
Kepler-1512 b,2016,Transit,20.36,1.18,528.4
Kepler-1528 b,2016,Transit,1.7911,1.46,2666.4
Kepler-1529 b,2016,Transit,5.3391,2.1,2155.9
Kepler-1388 d,2016,Transit,20.957,2.86,1480.1
Kepler-622 b,2016,Transit,14.282,2.13,928.8
Kepler-1530 b,2016,Transit,2.5904,1.64,1597.8
Kepler-1530 c,2016,Transit,5.3227,1.65,1597.8
Kepler-1632 b,2016,Transit,448.3,2.47,2337.8
Kepler-1631 b,2016,Transit,4.0951,1.35,4259.6
Kepler-1534 b,2016,Transit,5.7167,1.89,3610.5
Kepler-1531 b,2016,Transit,1.1385,1.11,2173.3
Kepler-1093 c,2016,Transit,89.722,1.96,3499.3
Kepler-714 b,2016,Transit,8.0989,9.67,6795.0
Kepler-1633 b,2016,Transit,186.4,1.58,3636.3
Kepler-713 b,2016,Transit,7.4111,2.48,3554.7
Kepler-1480 b,2016,Transit,22.127,1.67,1633.7
Kepler-1479 b,2016,Transit,14.533,1.83,2376.6
Kepler-1481 b,2016,Transit,5.9422,1.23,1497.3
Kepler-990 c,2016,Transit,0.53835,1.53,2616.3
Kepler-969 c,2016,Transit,1.6829,0.99,1273.2
Kepler-489 b,2016,Transit,17.276,7.72,1205.6
Kepler-1532 b,2016,Transit,1.0937,1.35,2603.5
Kepler-605 b,2016,Transit,3.3835,1.44,1815.3
Kepler-1635 b,2016,Transit,469.63,3.64,3488.1
Kepler-1483 b,2016,Transit,9.5085,1.52,4154.5
Kepler-545 b,2016,Transit,13.249,2.69,2668.0
Kepler-636 b,2016,Transit,16.081,4.45,1012.1
Kepler-1016 c,2016,Transit,105.66,3.68,4575.4
Kepler-1535 b,2016,Transit,138.94,2.55,2928.0
Kepler-600 b,2016,Transit,23.675,2.9,2021.3
Kepler-717 b,2016,Transit,4.4084,2.42,9150.2
Kepler-1485 b,2016,Transit,19.916,1.47,2008.0
Kepler-1484 b,2016,Transit,30.455,2.11,9392.7
Kepler-1486 b,2016,Transit,54.65,2.32,5770.2
Kepler-342 e,2016,Transit,1.6442,0.88,2549.3
Kepler-582 b,2016,Transit,18.492,3.68,1999.9
Kepler-1129 c,2016,Transit,76.537,2.73,3861.3
Kepler-1538 b,2016,Transit,175.14,2.82,3670.2
Kepler-644 b,2016,Transit,3.1739,3.15,4298.9
Kepler-1487 b,2016,Transit,7.3195,2.13,3309.2
Kepler-581 b,2016,Transit,40.607,2.63,2295.3
Kepler-1516 b,2016,Transit,7.2593,1.75,4432.3
Kepler-1047 c,2016,Transit,3.189,0.99,2666.8
Kepler-1409 b,2016,Transit,0.76486,1.04,2266.4
Kepler-585 b,2016,Transit,2.7524,2.83,1908.6
Kepler-1488 b,2016,Transit,39.819,1.86,2954.4
Kepler-697 b,2016,Transit,3.7099,4.13,4166.1
Kepler-1425 b,2016,Transit,14.454,0.94,2817.6
Kepler-1350 c,2016,Transit,1.7668,1.73,1111.2
Kepler-719 b,2016,Transit,5.0073,8.52,8145.8
Kepler-1491 b,2016,Transit,16.586,1.51,6737.0
Kepler-1492 b,2016,Transit,16.753,1.49,1081.4
Kepler-698 b,2016,Transit,16.33,3.68,6508.7
Kepler-1454 b,2016,Transit,47.032,1.88,2545.9
Kepler-460 c,2016,Transit,220.13,5.52,4155.3
Kepler-720 b,2016,Transit,4.7083,8.41,3474.8
Kepler-547 b,2016,Transit,6.0104,4.0,1236.0
Kepler-1494 b,2016,Transit,91.08,3.07,4192.7
Kepler-1520 b,2016,Transit,0.65355,5.77,1982.8
Kepler-1065 c,2016,Transit,2.3703,1.6,3661.0
Kepler-707 b,2016,Transit,2.2375,1.33,1930.1
Kepler-602 b,2016,Transit,15.285,2.09,3781.2
Kepler-606 b,2016,Transit,24.316,3.31,3963.2
Kepler-721 b,2016,Transit,5.392,2.64,3022.2
Kepler-937 c,2016,Transit,153.34,2.67,5125.4
Kepler-638 b,2016,Transit,6.0797,1.83,3232.9
Kepler-1073 c,2016,Transit,4.0258,1.64,2641.5
MOA-2010-BLG-353L b,2015,Microlensing,,11.1,20971.8
HATS-30 b,2016,Transit,3.1744,13.17,1115.9
K2-84 c,2016,Transit,27.86,2.03,929.1
K2-88 b,2016,Transit,4.6122,1.23,360.6
Kepler-615 b,2016,Transit,10.356,1.74,1076.3
Kepler-506 b,2016,Transit,6.8834,2.73,745.1
Kepler-668 b,2016,Transit,8.3539,2.7,2559.1
Kepler-669 b,2016,Transit,4.1255,4.83,6729.9
HATS-15 b,2016,Transit,1.7475,12.39,3716.7
HATS-16 b,2016,Transit,2.6865,14.57,2469.1
K2-89 b,2016,Transit,1.096,0.62,280.6
K2-91 b,2016,Transit,1.4195,1.1,204.1
Kepler-737 b,2016,Transit,28.599,1.96,669.0
Kepler-670 b,2016,Transit,2.8165,13.18,3065.0
Kepler-671 b,2016,Transit,4.281,2.69,3810.4
K2-5 c,2015,Transit,10.932,2.26,661.9
K2-5 b,2015,Transit,5.7359,1.91,661.9
Kepler-223 c,2014,Transit,9.8456,3.44,6065.6
WASP-98 b,2014,Transit,2.9626,12.82,918.9
Kepler-223 b,2014,Transit,7.3845,2.99,6065.6
Kepler-672 b,2016,Transit,38.377,2.5,3372.2
Kepler-571 b,2016,Transit,4.7986,2.64,2361.0
K2-16 b,2015,Transit,7.6188,2.02,1092.5
K2-16 c,2015,Transit,19.079,2.54,1092.5
K2-8 c,2016,Transit,5.0642,2.41,1316.1
Kepler-223 d,2014,Transit,14.789,5.24,6065.6
Kepler-653 b,2016,Transit,14.707,1.95,1942.7
Kepler-742 b,2016,Transit,8.3609,3.24,1595.7
Kepler-673 b,2016,Transit,3.7287,6.54,2994.8
Kepler-154 d,2016,Transit,20.55,3.84,2985.0
HD 87646 b,2016,Radial Velocity,13.481,12.4,240.0
Kepler-80 e,2014,Transit,4.6449,1.6,1205.0
Kepler-654 b,2016,Transit,13.725,2.07,3177.2
Kepler-148 d,2016,Transit,51.847,8.68,2580.4
Kepler-676 b,2016,Transit,11.598,3.04,962.8
OGLE-2012-BLG-0026L b,2012,Microlensing,,7.72,13108.2
WASP-85 A b,2016,Transit,2.6557,13.9,462.8
Kepler-80 f,2016,Transit,0.98679,1.21,1205.0
Kepler-656 b,2016,Transit,1.2603,3.12,2903.9
Kepler-655 b,2016,Transit,46.406,2.71,2454.5
Kepler-678 b,2016,Transit,7.275,5.14,5956.1
Kepler-572 b,2016,Transit,17.205,2.58,1646.0
WASP-114 b,2016,Transit,1.5488,15.01,1706.9
WASP-113 b,2016,Transit,4.5422,15.79,1419.3
HD 59686 A b,2016,Radial Velocity,299.36,12.7,291.2
Kepler-679 b,2016,Transit,12.394,3.01,3008.0
Kepler-680 b,2016,Transit,3.6899,2.42,4867.8
K2-47 b,2016,Transit,31.637,1.89,1141.2
K2-48 b,2016,Transit,20.506,2.24,1023.4
Kepler-617 b,2016,Transit,1.6827,1.32,565.4
Kepler-588 b,2016,Transit,4.2216,2.63,3944.5
Kepler-573 b,2016,Transit,22.183,2.79,2516.2
Kepler-681 b,2016,Transit,26.394,3.08,2240.4
K2-49 b,2016,Transit,2.7706,1.93,1490.9
K2-58 b,2016,Transit,7.0525,2.68,592.8
Kepler-1600 b,2016,Transit,386.37,3.13,3362.0
Kepler-727 b,2016,Transit,5.1545,2.53,2713.1
Kepler-589 b,2016,Transit,16.55,2.27,1998.7
Kepler-660 b,2016,Transit,9.2736,2.57,1854.0
K2-58 c,2016,Transit,2.5373,1.62,592.8
K2-58 d,2016,Transit,22.883,1.71,592.8
Kepler-560 b,2016,Transit,18.478,1.72,356.5
Kepler-550 b,2016,Transit,8.6001,4.42,1735.0
Kepler-496 b,2016,Transit,8.3086,2.32,1974.1
KELT-10 b,2016,Transit,4.1663,15.68,614.5
Kepler-712 c,2016,Transit,226.89,4.85,2845.7
K2-59 c,2016,Transit,11.295,2.3,1015.4
K2-59 b,2016,Transit,20.692,2.41,1015.4
Kepler-650 b,2016,Transit,3.0321,2.96,2884.5
Kepler-728 b,2016,Transit,5.7435,3.34,5757.4
Kepler-663 b,2016,Transit,4.9968,2.6,3467.3
Kepler-1629 b,2016,Transit,3.876,0.77,1096.2
K2-64 b,2016,Transit,6.5304,2.07,1630.4
K2-63 b,2016,Transit,20.257,3.22,1688.0
Kepler-729 b,2016,Transit,3.1664,3.58,6265.9
Kepler-487 b,2016,Transit,15.359,11.42,2845.2
Kepler-618 b,2016,Transit,3.5958,2.6,3985.5
WASP-129 b,2016,Transit,5.7481,10.42,983.2
WASP-133 b,2016,Transit,2.1764,13.56,1823.5
K2-69 b,2016,Transit,7.066,2.32,589.4
K2-68 b,2016,Transit,8.0543,1.58,550.1
Kepler-590 b,2016,Transit,5.853,4.02,4637.3
Kepler-664 b,2016,Transit,2.5256,2.66,3946.9
MOA-2013-BLG-605L b,2016,Microlensing,,1.62,2772.3
K2-75 b,2016,Transit,7.8142,2.67,1832.8
K2-71 b,2016,Transit,6.9854,2.15,499.6
Kepler-591 b,2016,Transit,81.169,3.39,2560.8
HATS-25 b,2016,Transit,4.2986,14.12,1536.7
HATS-26 b,2016,Transit,3.3024,19.62,2811.0
K2-80 b,2016,Transit,19.092,2.01,654.9
K2-75 c,2016,Transit,18.311,2.77,1832.8
Kepler-736 b,2016,Transit,3.6015,2.93,3279.3
Kepler-735 b,2016,Transit,11.515,2.95,2267.0
Kepler-569 b,2016,Transit,34.189,3.16,2081.9
Kepler-592 b,2016,Transit,2.8202,2.39,3761.0
HATS-27 b,2016,Transit,4.637,16.81,2664.7
K2-83 c,2016,Transit,9.9977,1.48,409.4
K2-84 b,2016,Transit,6.4215,2.41,929.1
Kepler-562 b,2016,Transit,18.009,5.21,3238.0
Kepler-651 b,2016,Transit,21.385,2.37,1661.5
Kepler-593 b,2016,Transit,21.217,2.87,3176.0
Kepler-570 b,2016,Transit,4.3017,2.45,1853.0
MOA-2016-BLG-227L b,2017,Microlensing,,13.2,21200.1
Kepler-1650 b,2017,Transit,1.5382,0.96,438.3
K2-178 b,2018,Transit,8.7478,3.56,700.4
K2-72 c,2016,Transit,15.189,1.16,216.7
WASP-53 b,2017,Transit,3.3098,12.04,656.7
K2-60 b,2016,Transit,3.0027,7.66,1604.3
Kepler-1651 b,2017,Transit,9.8786,1.84,216.6
BD+03 2562 b,2017,Radial Velocity,481.9,12.7,3491.9
K2-72 e,2016,Transit,24.159,1.29,216.7
K2-72 d,2016,Transit,7.7602,1.01,216.7
K2-81 b,2016,Transit,6.1023,1.97,823.0
WASP-81 b,2017,Transit,2.7165,16.02,1299.7
HD 177565 b,2017,Radial Velocity,44.505,4.0,55.2
MOA-2012-BLG-505L b,2017,Microlensing,,2.48,23515.8
K2-201 c,2018,Transit,22.78,3.29,645.6
K2-201 b,2018,Transit,1.0598,1.4,645.6
GJ 1148 b,2010,Radial Velocity,41.38,11.9,35.9
HD 17674 b,2017,Radial Velocity,623.8,13.9,144.9
HATS-22 b,2017,Transit,4.7228,10.68,748.6
TYC 4282-00605-1 b,2017,Radial Velocity,101.54,12.4,1513.8
K2-206 b,2018,Transit,18.295,2.8,797.3
K2-207 b,2018,Transit,12.487,2.61,1184.2
K2-132 b,2017,Transit,9.1751,14.57,1989.0
WASP-153 b,2017,Transit,3.3326,17.37,1990.1
HATS-23 b,2017,Transit,2.1605,20.85,2084.1
HD 219134 b,2015,Radial Velocity,3.0929,1.6,21.3
HD 40956 b,2017,Radial Velocity,578.6,13.2,380.3
Ross 128 b,2017,Radial Velocity,9.8658,1.11,11.0
K2-219 b,2018,Transit,3.9013,1.35,1061.3
OGLE-2013-BLG-1721L b,2017,Microlensing,,14.1,20547.8
HD 34445 c,2017,Radial Velocity,214.67,8.42,150.3
HD 219134 d,2015,Radial Velocity,46.859,1.61,21.3
HD 219134 f,2015,Radial Velocity,22.717,1.31,21.3
OGLE-2016-BLG-1190L b,2017,Microlensing,1220.0,12.3,22080.8
HD 113996 b,2017,Radial Velocity,610.2,12.7,379.4
K2-213 b,2018,Transit,8.1309,1.51,1271.0
K2-215 b,2018,Transit,8.2696,2.12,1317.6
HD 34445 d,2017,Radial Velocity,117.87,6.07,150.3
HD 34445 g,2017,Radial Velocity,5700.0,13.6,150.3
Kepler-20 g,2016,Radial Velocity,34.94,4.71,921.6
NGC 2682 Sand 978 b,2017,Radial Velocity,511.21,13.3,2680.7
Kepler-80 g,2017,Transit,14.646,1.13,1205.0
K2-217 b,2018,Transit,14.075,3.58,1245.5
K2-218 b,2018,Transit,8.6799,2.57,1285.3
GJ 3293 c,2015,Radial Velocity,122.62,4.87,65.9
GJ 3293 b,2015,Radial Velocity,30.599,5.19,65.9
Wolf 1061 b,2015,Radial Velocity,4.8869,1.21,14.0
K2-80 d,2018,Transit,28.867,2.55,654.9
Kepler-1652 b,2017,Transit,38.097,1.6,821.9
Wolf 1061 c,2015,Radial Velocity,17.872,1.66,14.0
PSR J2322-2650 b,2017,Pulsar Timing,0.32296,13.9,750.2
HATS-50 b,2017,Transit,3.8297,12.67,2468.2
tau Cet f,2017,Radial Velocity,636.13,1.81,11.8
WASP-91 b,2017,Transit,2.7986,11.55,489.0
HD 9174 b,2016,Radial Velocity,1179.0,13.7,265.8
HD 68402 b,2016,Radial Velocity,1103.0,12.6,255.8
GJ 3138 b,2017,Radial Velocity,1.22,1.18,92.9
MOA-2012-BLG-006L b,2017,Microlensing,,12.6,17286.3
WASP-105 b,2017,Transit,7.8729,10.76,552.1
HD 147873 c,2016,Radial Velocity,491.54,13.3,355.7
HD 128356 b,2016,Radial Velocity,298.2,13.9,85.3
GJ 3138 d,2017,Radial Velocity,257.8,3.23,92.9
TYC 3318-01333-1 b,2018,Radial Velocity,562.0,13.1,1600.2
GJ 625 b,2017,Radial Velocity,14.628,1.49,21.1
GJ 3323 c,2017,Radial Velocity,40.54,1.32,17.5
BD+48 740 b,2018,Radial Velocity,733.0,13.5,2174.1
K2-21 b,2015,Transit,9.325,1.84,272.8
K2-4 b,2015,Transit,10.003,2.1,756.1
K2-21 c,2015,Transit,15.502,2.49,272.8
WASP-141 b,2016,Transit,3.3107,13.56,1684.7
K2-31 b,2016,Transit,1.2578,11.88,360.5
GJ 3293 e,2017,Radial Velocity,13.254,1.63,65.9
GJ 3293 d,2017,Radial Velocity,48.135,2.67,65.9
K2-149 b,2018,Transit,11.332,1.64,403.4
KELT-21 b,2018,Transit,3.6128,17.78,1535.8
K2-125 b,2017,Transit,21.75,2.18,404.9
V830 Tau b,2016,Radial Velocity,4.927,14.0,424.4
HATS-31 b,2016,Transit,3.378,18.38,2524.4
Kepler-150 f,2017,Transit,637.21,3.64,2906.4
Qatar-3 b,2017,Transit,2.5079,12.29,2399.2
K2-160 b,2018,Transit,3.7059,3.18,1028.6
K2-128 b,2017,Transit,5.6758,1.42,373.9
KELT-18 b,2017,Transit,2.8718,17.6,1048.2
K2-163 b,2018,Transit,6.6731,2.47,680.1
K2-165 b,2018,Transit,2.355,1.27,439.0
K2-35 c,2016,Transit,5.6084,1.93,823.9
HATS-35 b,2016,Transit,1.821,16.41,1678.3
OGLE-2016-BLG-1195L b,2017,Microlensing,,1.11,12752.7
K2-175 b,2018,Transit,9.526,2.04,806.5
K2-165 c,2018,Transit,4.3827,1.55,439.0
K2-116 b,2017,Transit,4.6554,0.69,161.1
K2-102 b,2016,Transit,9.9156,1.3,613.7
XO-6 b,2016,Transit,3.765,23.2,768.0
HD 6434 b,2003,Radial Velocity,21.998,14.2,138.2
HD 68988 b,2001,Radial Velocity,6.2771,13.4,198.4
HD 220074 b,2012,Radial Velocity,672.1,12.2,1058.5
WASP-58 b,2012,Transit,5.0172,16.03,947.2
K2-231 b,2018,Transit,13.842,2.5,1047.7
HATS-39 b,2018,Transit,4.5776,17.6,2865.3
HD 137388 b,2011,Radial Velocity,330.0,9.32,132.0
HD 13931 b,2009,Radial Velocity,4218.0,13.2,154.6
HD 7199 b,2011,Radial Velocity,615.0,,117.9
HD 75289 b,1999,Radial Velocity,3.5093,14.2,95.0
WASP-72 b,2012,Transit,2.2167,14.46,1418.0
HATS-40 b,2018,Transit,3.2643,17.71,4378.0
HATS-41 b,2018,Transit,4.1936,14.91,2405.9
HD 142022 A b,2005,Radial Velocity,1928.0,12.9,111.8
HD 145377 b,2008,Radial Velocity,103.95,12.8,174.5
HD 76700 b,2002,Radial Velocity,3.971,9.6,198.6
HD 82886 b,2011,Radial Velocity,705.0,13.3,414.4
HD 24040 b,2006,Radial Velocity,3668.0,12.9,152.1
HD 222155 b,2011,Radial Velocity,3999.0,13.4,165.1
HD 158996 b,2018,Radial Velocity,820.2,12.3,925.2
KPS-1 b,2018,Transit,1.7063,11.55,856.8
HD 154672 b,2008,Radial Velocity,163.94,12.8,205.6
KELT-6 b,2014,Transit,7.8457,14.57,785.1
HAT-P-49 b,2014,Transit,2.6915,17.82,1142.7
K2-155 c,2018,Transit,13.85,2.6,237.4
HD 158038 b,2011,Radial Velocity,521.0,13.5,309.4
HR 810 b,1999,Radial Velocity,302.8,12.7,56.5
BD-13 2130 b,2007,Radial Velocity,714.3,12.5,3017.6
HD 285507 b,2013,Radial Velocity,6.0881,13.8,146.9
WASP-117 b,2014,Transit,10.022,11.88,515.2
K2-155 d,2018,Transit,40.718,1.9,237.4
HD 16175 b,2009,Radial Velocity,990.0,12.8,195.2
HD 16141 b,2000,Radial Velocity,75.523,10.9,123.2
WASP-11 b,2008,Transit,3.7225,12.44,406.8
WASP-13 b,2009,Transit,4.353,13.67,742.1
WASP-95 b,2014,Transit,2.1847,13.79,448.6
WASP-97 b,2014,Transit,2.0728,12.78,492.7
11 UMi b,2009,Radial Velocity,516.22,12.3,408.7
BD-08 2823 b,2009,Radial Velocity,5.6,,134.8
HD 1690 b,2010,Radial Velocity,533.0,12.5,2454.7
WASP-14 b,2008,Transit,2.2437,15.47,528.4
WASP-101 b,2014,Transit,3.5857,16.03,656.3
BD-10 3166 b,2000,Radial Velocity,3.4878,14.1,275.3
GJ 86 b,1999,Radial Velocity,15.765,12.9,35.2
WASP-22 b,2010,Transit,3.5327,13.79,1036.0
HD 95127 b,2015,Radial Velocity,482.0,12.4,2206.7
WASP-82 b,2015,Transit,2.7058,18.16,899.1
HD 204941 b,2011,Radial Velocity,1733.0,10.1,93.7
WASP-29 b,2010,Transit,3.9227,8.63,285.7
WASP-26 b,2010,Transit,2.7566,13.56,824.4
K2-164 b,2018,Transit,17.355,3.25,1225.3
K2-169 b,2018,Transit,6.3808,1.27,769.3
HAT-P-22 b,2010,Transit,3.2122,12.89,266.7
HAT-P-24 b,2010,Transit,3.3552,14.57,1354.7
HD 212301 b,2005,Radial Velocity,2.2457,14.2,176.9
WASP-38 b,2010,Transit,6.8719,13.79,444.4
K2-170 b,2018,Transit,7.5765,1.42,1281.4
K2-171 b,2018,Transit,5.6285,2.69,1976.9
HAT-P-29 b,2011,Transit,5.7232,13.11,1022.7
HD 213240 b,2001,Radial Velocity,882.7,12.8,133.3
HD 215497 b,2009,Radial Velocity,3.934,,132.2
WASP-41 b,2011,Transit,3.0524,12.33,532.8
WASP-48 b,2011,Transit,2.1436,16.81,1481.2
K2-172 b,2018,Transit,14.317,1.67,814.5
K2-172 c,2018,Transit,29.627,3.21,814.5
K2-190 b,2018,Transit,10.099,1.36,524.1
HAT-P-5 b,2007,Transit,2.7885,13.56,989.3
HAT-P-6 b,2007,Transit,3.853,16.59,898.1
HD 218566 b,2010,Radial Velocity,225.7,9.32,94.0
HD 240237 b,2011,Radial Velocity,745.7,12.2,3044.3
XO-1 b,2006,Transit,3.9415,12.78,533.4
XO-4 b,2010,Transit,4.1251,14.01,889.3
K2-191 b,2018,Transit,2.8586,1.58,936.7
K2-200 b,2018,Transit,2.8499,1.36,600.6
HD 101930 b,2005,Radial Velocity,70.46,10.6,97.9
HD 2638 b,2005,Radial Velocity,3.4442,14.3,179.3
HD 30562 b,2009,Radial Velocity,1157.0,13.6,85.3
KELT-2 A b,2012,Transit,4.1138,15.13,437.2
Pr0201 b,2012,Radial Velocity,4.4264,14.2,589.2
K2-173 b,2018,Transit,5.8687,1.61,745.7
HD 102195 b,2006,Radial Velocity,4.1138,14.2,95.7
HD 102117 b,2005,Radial Velocity,20.813,8.47,129.1
HD 330075 b,2004,Radial Velocity,3.3877,14.3,147.7
HD 34445 b,2009,Radial Velocity,1049.0,13.9,150.3
HD 77338 b,2012,Radial Velocity,5.7361,4.12,149.8
HAT-P-40 b,2012,Transit,4.4572,17.04,1514.9
HD 215152 c,2018,Radial Velocity,7.2824,,70.4
HD 215152 d,2018,Radial Velocity,10.865,,70.4
HD 103197 b,2011,Radial Velocity,47.84,5.83,186.4
HD 108874 b,2002,Radial Velocity,394.48,13.6,194.1
HD 40979 b,2002,Radial Velocity,264.15,12.9,111.2
HD 4203 b,2001,Radial Velocity,431.88,13.3,265.4
WASP-49 b,2012,Transit,2.7817,12.44,634.5
UKIRT-2017-BLG-001L b,2018,Microlensing,,13.7,20547.8
HD 121504 b,2003,Radial Velocity,63.33,13.6,135.9
HD 47186 b,2008,Radial Velocity,4.0845,5.02,122.2
WASP-66 b,2012,Transit,4.0861,15.69,1631.6
WASP-67 b,2012,Transit,4.6144,12.89,618.0
K2-197 b,2018,Transit,8.3579,2.56,807.7
HD 185269 b,2006,Radial Velocity,6.8378,13.8,169.6
HD 181342 b,2009,Radial Velocity,564.1,13.2,392.7
K2-240 b,2018,Transit,6.034,2.0,237.8
CoRoT-20 c,2018,Radial Velocity,1675.0,12.2,2753.0
HD 89345 b,2018,Transit,11.814,7.4,431.7
WASP-158 b,2018,Transit,3.6563,11.99,1712.3
HD 200964 b,2010,Radial Velocity,606.3,13.5,236.8
K2-238 b,2018,Transit,3.2047,14.57,1754.6
WASP-162 b,2018,Transit,9.6247,11.21,1013.8
WASP-168 b,2018,Transit,4.1537,16.81,991.3
HD 28678 b,2011,Radial Velocity,380.2,13.5,619.4
HD 30856 b,2011,Radial Velocity,847.0,13.5,427.9
OGLE-2014-BLG-1722L c,2018,Microlensing,,11.0,20874.0
K2-244 b,2018,Transit,21.069,1.75,694.4
K2-266 b,2018,Transit,0.65852,3.3,253.0
K2-266 c,2018,Transit,7.814,0.7,253.0
WASP-173 A b,2018,Transit,1.3867,13.45,759.9
OGLE-2011-BLG-0173L b,2018,Microlensing,,9.01,19895.5
HD 5319 b,2007,Radial Velocity,637.1,13.5,396.0
K2-159 b,2018,Transit,12.422,2.26,557.7
K2-266 e,2018,Transit,19.482,2.73,253.0
K2-266 d,2018,Transit,14.697,2.93,253.0
WASP-147 b,2018,Transit,4.6027,12.5,1422.4
WASP-160 B b,2018,Transit,3.7685,12.22,940.4
HD 95089 c,2016,Radial Velocity,1785.0,13.1,446.7
K2-166 b,2018,Transit,8.5269,2.19,1555.4
HATS-36 b,2018,Transit,4.1752,12.92,2793.3
WASP-165 b,2018,Transit,3.4655,14.12,1964.2
HD 96063 b,2011,Radial Velocity,362.5,13.7,456.8
K2-228 b,2018,Transit,2.6983,1.21,422.2
K2-283 b,2018,Transit,1.921,3.52,1314.1
K2-151 b,2018,Transit,3.8355,1.49,226.6
K2-281 b,2018,Transit,8.6877,8.18,1494.2
K2-216 b,2018,Transit,2.1748,1.75,376.6
HD 5319 c,2014,Radial Velocity,872.2,13.8,396.0
K2-230 b,2018,Transit,2.8604,1.96,1763.8
K2-188 b,2018,Transit,1.7422,1.35,1457.3
GJ 96 b,2018,Radial Velocity,73.94,4.67,38.9
KMT-2016-BLG-1820L b,2018,Microlensing,,12.9,20417.4
HD 94834 b,2018,Radial Velocity,1576.0,13.7,320.2
K2-153 b,2018,Transit,7.5157,2.0,466.8
HATS-11 b,2016,Transit,3.6192,18.03,3080.9
KMT-2016-BLG-2142L b,2018,Microlensing,,12.2,22863.5
MOA-2015-BLG-337L b,2018,Microlensing,,6.42,23157.1
K2-241 b,2018,Transit,26.82,2.55,487.5
K2-117 c,2017,Transit,5.444,2.06,331.5
K2-284 b,2018,Transit,4.7951,2.78,349.9
MOA-2016-BLG-319L b,2018,Microlensing,,14.1,22178.6
HD 12648 b,2015,Radial Velocity,133.6,13.4,594.2
K2-243 b,2018,Transit,11.542,2.17,870.4
K2-117 b,2017,Transit,1.2916,2.03,331.5
K2-312 c,2023,Radial Velocity,871.32,12.8,358.3
K2-245 b,2018,Transit,11.893,4.34,1487.5
K2-270 c,2018,Transit,4.4,2.95,914.9
HATS-59 b,2018,Transit,5.4161,12.62,2096.8
KELT-15 b,2016,Transit,3.3294,19.5,1059.0
K2-247 b,2018,Transit,2.2502,2.12,841.9
EPIC 211945201 b,2018,Transit,19.492,5.76,592.6
CoRoT-21 b,2012,Transit,2.7247,14.57,4562.4
70 Vir b,1996,Radial Velocity,116.69,12.6,58.4
K2-39 b,2016,Transit,4.6054,6.28,1002.8
K2-248 b,2018,Transit,7.1726,2.57,1325.0
K2-276 b,2018,Transit,18.718,3.77,1592.1
HD 102956 b,2010,Radial Velocity,6.4947,13.8,397.6
HD 108863 b,2011,Radial Velocity,437.7,13.3,537.3
HATS-7 b,2015,Transit,3.1853,6.31,785.1
K2-252 b,2018,Transit,13.815,1.74,746.4
K2-188 c,2018,Transit,7.8103,2.83,1457.3
HD 131496 b,2011,Radial Velocity,896.0,13.4,430.0
HD 1502 b,2011,Radial Velocity,428.5,13.2,622.8
NGTS-3 A b,2018,Transit,1.6754,16.59,2426.5
K2-254 b,2018,Transit,4.0964,1.63,742.9
K2-192 b,2018,Transit,4.1628,1.52,723.3
K2-239 c,2018,Transit,7.775,1.0,101.4
K2-258 b,2018,Transit,19.092,3.0,2158.7
HD 70642 b,2003,Radial Velocity,2124.5,13.0,95.5
HATS-69 b,2018,Transit,2.2253,10.59,1352.0
HD 202696 b,2019,Radial Velocity,517.8,,615.0
HD 202696 c,2019,Radial Velocity,946.6,,615.0
KMT-2017-BLG-1038L b,2019,Microlensing,,13.4,19569.4
HD 117618 b,2004,Radial Velocity,25.8,8.59,123.2
NGTS-4 b,2019,Transit,1.3374,3.18,915.0
K2-295 b,2018,Transit,4.0249,10.05,759.3
HIP 79098 AB b,2019,Imaging,,12.1,475.5
Kepler-730 b,2016,Transit,6.4917,12.33,6311.2
K2-133 c,2017,Transit,4.8678,1.6,245.2
K2-133 d,2017,Transit,11.025,2.0,245.2
HAT-P-25 b,2012,Transit,3.6528,12.72,979.7
HD 89744 b,1999,Radial Velocity,256.78,12.6,126.0
HD 65216 c,2013,Radial Velocity,5370.0,13.4,114.5
K2-133 e,2019,Transit,26.584,1.73,245.2
EPIC 201497682 b,2019,Transit,2.1317,0.69,825.3
OGLE-2015-BLG-1670L b,2019,Microlensing,,4.42,21852.5
K2-290 c,2019,Transit,48.367,11.28,890.1
HAT-P-34 b,2011,Transit,5.4527,13.42,813.2
EPIC 201754305 d,2019,Transit,2.7158,1.03,1092.5
EPIC 201833600 c,2019,Transit,3.9615,1.0,839.7
HAT-P-36 b,2011,Transit,1.3273,14.31,960.3
K2-52 b,2016,Transit,3.5351,18.0,3386.8
K2-53 b,2016,Transit,12.208,2.6,450.2
K2-293 b,2019,Transit,13.123,2.45,1279.4
TOI-172 b,2019,Transit,9.4772,10.82,1118.2
EPIC 206024342 b,2019,Transit,4.5076,1.7,1206.4
EPIC 206032309 b,2019,Transit,2.8781,1.01,526.3
HAT-P-9 b,2008,Transit,3.9228,15.61,1484.7
HATS-24 b,2017,Transit,1.3485,15.64,1611.8
K2-90 b,2016,Transit,13.733,2.6,437.7
K2-294 b,2019,Transit,2.5039,1.66,1216.8
GJ 685 b,2019,Radial Velocity,24.16,2.95,46.7
EPIC 206317286 b,2019,Transit,1.5825,0.96,1025.3
K2-308 b,2019,Transit,3.3863,9.92,4287.4
Kepler-9 c,2010,Transit,38.985,8.08,2049.1
K2-124 b,2017,Transit,6.4137,2.9,457.9
HD 92788 b,2000,Radial Velocity,325.8,13.0,113.0
Kepler-25 c,2011,Transit,12.721,5.22,793.4
WASP-33 b,2010,Transit,1.2199,17.86,397.7
HD 134060 c,2019,Radial Velocity,1291.6,5.91,78.3
WASP-177 b,2019,Transit,3.0717,17.71,576.7
WASP-181 b,2019,Transit,4.5195,13.27,1426.9
Kepler-25 b,2011,Transit,6.2383,2.75,793.4
WASP-161 b,2018,Transit,5.406,12.81,1119.0
WASP-163 b,2018,Transit,1.6097,13.47,852.5
HD 20781 b,2019,Radial Velocity,5.3135,1.21,117.3
HD 20003 b,2019,Radial Velocity,11.848,3.43,136.4
Kepler-47 c,2012,Transit,303.23,4.65,3343.2
Gl 49 b,2019,Radial Velocity,13.851,2.24,32.1
HD 21693 b,2019,Radial Velocity,22.679,2.8,108.5
HD 20781 c,2019,Radial Velocity,13.89,2.17,117.3
Kepler-47 d,2019,Transit,187.37,7.04,3343.2
LSPM J2116+0234 b,2019,Radial Velocity,14.44,3.71,57.5
K2-285 e,2018,Transit,14.763,1.95,505.4
K2-285 d,2018,Transit,10.456,2.48,505.4
HD 31527 b,2019,Radial Velocity,16.553,3.22,125.4
HD 31527 d,2019,Radial Velocity,271.67,3.46,125.4
HD 21749 c,2019,Transit,7.7899,0.89,53.2
HD 114729 b,2002,Radial Velocity,1121.8,13.9,123.3
K2-286 b,2018,Transit,27.359,2.1,248.4
Qatar-9 b,2019,Transit,1.5407,11.31,697.2
NGTS-5 b,2019,Transit,3.357,12.73,1000.6
HD 126525 b,2018,Radial Velocity,960.41,10.3,122.8
HD 117207 b,2004,Radial Velocity,2621.8,13.4,105.5
HD 143361 b,2008,Radial Velocity,1039.2,12.9,223.5
K2-288 B b,2018,Transit,31.393,1.9,214.0
HATS-60 b,2018,Transit,3.5608,12.92,1586.7
HD 20781 e,2019,Radial Velocity,85.507,3.83,117.3
HD 45184 c,2019,Radial Velocity,13.135,2.91,71.6
HD 152079 b,2009,Radial Velocity,2918.9,13.2,286.7
HATS-62 b,2018,Transit,3.2769,11.83,1706.0
HATS-63 b,2018,Transit,3.0567,13.53,2032.7
HATS-70 b,2019,Transit,1.8882,15.51,4758.1
K2-264 b,2018,Transit,5.84,2.23,605.4
KMT-2016-BLG-1107L b,2019,Microlensing,,13.1,21692.6
HD 103949 b,2019,Radial Velocity,120.88,3.35,86.4
HIP 35173 b,2019,Radial Velocity,41.516,3.61,108.1
HD 23127 b,2006,Radial Velocity,1211.2,13.5,306.1
HD 25171 b,2010,Radial Velocity,1802.3,13.9,181.4
HATS-65 b,2018,Transit,3.1052,16.82,1609.0
HATS-66 b,2018,Transit,3.1414,15.82,4820.5
HD 1397 b,2018,Transit,11.535,11.5,259.5
HD 64114 b,2019,Radial Velocity,45.791,4.41,102.8
HD 206255 b,2019,Radial Velocity,96.045,6.47,245.4
HD 38801 b,2009,Radial Velocity,685.25,12.5,298.2
HATS-67 b,2018,Transit,1.6092,18.89,3131.5
HATS-68 b,2018,Transit,3.5862,13.81,1969.8
Gl 378 b,2019,Radial Velocity,3.822,3.66,48.8
WASP-190 b,2019,Transit,5.3678,12.89,1768.6
Kepler-1610 c,2023,Transit,44.985,2.09,2819.1
XO-7 b,2019,Transit,2.8641,15.39,763.7
HATS-55 b,2019,Transit,4.2042,14.02,1989.0
Kepler-1996 c,2023,Transit,92.73,2.81,1436.9
Kepler-1988 b,2023,Transit,11.495,1.53,1674.6
TOI-813 b,2020,Transit,83.891,6.71,858.3
GJ 433 b,2013,Radial Velocity,7.3705,2.33,29.6
HATS-58 A b,2019,Transit,4.2181,12.27,1316.3
HR 5183 b,2019,Radial Velocity,27000.0,13.1,102.6
Kepler-1991 b,2023,Transit,13.261,1.47,2791.3
Kepler-1471 c,2023,Transit,11.604,1.88,3192.0
GJ 180 b,2014,Radial Velocity,17.133,2.43,38.9
WASP-169 b,2019,Transit,5.6114,14.62,2045.2
Kepler-1998 b,2023,Transit,3.0327,0.6,1112.1
Kepler-164 e,2023,Transit,94.887,4.24,2905.3
Kepler-1994 b,2023,Transit,4.6123,0.51,789.3
Kepler-1984 b,2023,Transit,1.9928,6.81,
GJ 433 d,2020,Radial Velocity,36.059,2.14,29.6
GJ 3082 b,2020,Radial Velocity,11.949,2.79,54.2
WASP-175 b,2019,Transit,3.0653,13.54,1759.2
Kepler-619 d,2023,Transit,11.679,4.17,2937.6
Kepler-1126 c,2023,Transit,199.67,1.45,2073.5
EPIC 249893012 b,2020,Transit,3.5951,1.95,1047.9
Kepler-1661 b,2020,Transit,175.06,3.87,1339.2
OGLE-2016-BLG-1067L b,2019,Microlensing,,14.3,12165.6
Kepler-1987 c,2023,Transit,3.6483,1.33,1942.9
Kepler-1985 b,2023,Transit,3.4206,2.27,
Kepler-1987 b,2023,Transit,2.3459,1.23,1942.9
Kepler-1801 c,2023,Transit,116.58,2.91,2737.5
EPIC 249893012 c,2020,Transit,15.624,3.67,1047.9
EPIC 249893012 d,2020,Transit,35.747,3.94,1047.9
WASP-180 A b,2019,Transit,3.4093,13.9,828.4
WASP-2 b,2007,Transit,2.1522,12.12,499.8
Kepler-949 c,2023,Transit,20.998,2.97,1585.5
Kepler-311 d,2023,Transit,232.04,2.05,2539.6
WASP-44 b,2011,Transit,2.4238,12.33,1188.9
WASP-45 b,2011,Transit,3.1261,10.6,688.8
Kepler-1834 c,2023,Transit,0.76669,1.22,1632.1
HATS-47 b,2020,Transit,3.9228,12.52,980.7
GJ 15 A c,2018,Radial Velocity,7600.0,6.67,11.6
Kepler-763 c,2023,Transit,4.0967,1.42,3139.1
Kepler-347 d,2023,Transit,85.517,3.04,4236.4
EPIC 248847494 b,2018,Transit,3650.0,12.44,1800.0
WASP-184 b,2019,Transit,5.1817,14.91,2163.2
WASP-185 b,2019,Transit,9.3875,14.01,911.1
Kepler-290 d,2023,Transit,0.76402,0.86,2265.6
Kepler-549 d,2023,Transit,24.615,4.2,2071.6
KMT-2017-BLG-0165L b,2018,Microlensing,,6.45,14774.9
Kepler-865 c,2023,Transit,6.2092,0.89,1911.7
TOI-150.01,2019,Transit,5.8575,14.07,1096.8
GJ 682 c,2014,Radial Velocity,57.32,2.89,16.3
OGLE-2015-BLG-1649L b,2019,Microlensing,,13.2,13796.4
Kepler-2000 c,2023,Transit,20.618,1.57,1045.6
Kepler-448 c,2017,Transit Timing Variations,2500.0,12.0,1302.7
MOA-bin-29 b,2019,Microlensing,,14.1,23222.3
TOI-4562 c,2024,Transit Timing Variations,3990.0,12.8,1107.6
HD 50554 d,2026,Transit,28.069,1.41,101.7
HD 97048 b,2019,Disk Kinematics,,13.3,599.7
7 CMa b,2011,Radial Velocity,735.1,13.4,64.6
Kepler-1983 b,2023,Transit,7.3285,2.33,1384.3
NGTS-8 b,2019,Transit,2.4997,12.22,1399.1
EPIC 205950854 c,2019,Transit,8.0507,1.31,795.6
7 CMa c,2019,Radial Velocity,996.0,13.9,64.6
Kepler-1990 c,2023,Transit,4.0684,0.98,1280.9
HD 220197 b,2018,Radial Velocity,1728.0,9.32,210.1
K2-43 c,2019,Transit,2.1989,2.42,595.4
Kepler-763 d,2023,Transit,6.5033,1.67,3139.1
Kepler-1162 c,2023,Transit,59.284,1.81,3066.6
HD 213885 b,2019,Transit,1.008,1.74,156.8
Kepler-896 c,2023,Transit,29.542,3.15,7615.5
Kepler-1982 b,2023,Transit,3.8232,0.77,1822.7
HD 213885 c,2019,Radial Velocity,4.785,4.71,156.8
HAT-P-69 b,2019,Transit,4.7869,18.79,1113.0
Kepler-2000 b,2023,Transit,6.3832,2.73,1045.6
TOI-763 c,2020,Transit,12.274,2.63,310.3
TOI-905 b,2020,Transit,3.7395,13.13,517.4
TOI-564 b,2020,Transit,1.6511,11.43,650.9
Kepler-29 b,2011,Transit,10.34,2.55,2715.4
Kepler-1674 b,2020,Transit,62.561,3.21,3302.3
Kepler-1675 b,2020,Transit,63.038,3.12,2123.7
HD 108236 b,2020,Transit,3.796,1.62,210.7
HD 164922 c,2016,Radial Velocity,75.74,3.66,71.8
KMT-2019-BLG-0842L b,2020,Microlensing,,3.19,10828.4
HD 108236 e,2020,Transit,19.59,3.08,210.7
WASP-150 b,2020,Transit,5.6442,11.99,1722.1
NGTS-13 b,2021,Transit,4.119,12.8,2112.2
MOA-2009-BLG-319L b,2010,Microlensing,,9.64,22994.0
Kepler-1685 b,2020,Transit,20.491,2.58,3724.3
Kepler-1686 b,2020,Transit,9.3099,1.43,2380.4
KMT-2016-BLG-2397L b,2020,Microlensing,,13.2,15916.4
OGLE-2017-BLG-0604L b,2020,Microlensing,,14.2,12883.2
OGLE-2017-BLG-1375L b,2020,Microlensing,,12.4,12817.9
NGTS-14 A b,2021,Transit,3.5357,4.98,1050.7
HD 13808 b,2021,Radial Velocity,14.181,3.35,92.1
OGLE-2015-BLG-1771L b,2020,Microlensing,,14.3,23059.2
OGLE-2018-BLG-1700L b,2020,Microlensing,,12.9,24787.9
Kepler-1687 b,2020,Transit,5.7795,1.66,1360.1
Kepler-1689 b,2020,Transit,8.483,0.95,959.3
Kepler-462 b,2016,Transit,84.687,3.0,1945.9
HD 4760 b,2021,Radial Velocity,434.0,12.3,1754.3
HD 110113 c,2021,Radial Velocity,6.744,2.11,346.7
HD 96992 b,2021,Radial Velocity,514.0,13.7,1291.8
KMT-2018-BLG-1292L b,2020,Microlensing,,12.9,11285.0
OGLE-2012-BLG-0838L b,2020,Microlensing,,8.39,20613.1
Kepler-1691 b,2020,Transit,3.8482,1.83,4134.6
Kepler-1692 b,2020,Transit,5.9597,1.11,1927.6
EPIC 201170410.02,2020,Transit,6.7987,1.05,437.0
Kepler-160 d,2020,Transit Timing Variations,30.0,,3056.1
Kepler-160 c,2014,Transit,13.699,3.76,3056.1
Kepler-1694 b,2020,Transit,3.8953,1.18,1674.3
Kepler-716 c,2020,Transit,3.97,1.39,2071.1
EPIC 201757695.02,2020,Transit,2.0478,0.91,1883.9
HD 110082 b,2021,Transit,10.183,3.2,342.8
Kepler-1664 b,2020,Transit,14.387,3.03,2044.0
Kepler-1001 c,2020,Transit,9.1819,1.58,3029.9
TOI-954 b,2020,Transit,3.685,9.55,778.8
K2-329 b,2020,Transit,12.455,8.68,760.7
HATS-49 b,2020,Transit,4.148,8.57,1058.1
TYC 8998-760-1 c,2020,Imaging,,12.33,308.6
Wendelstein-1 b,2020,Transit,2.6634,11.56,995.8
MOA-2013-BLG-220L b,2014,Microlensing,,13.2,21917.7
KMT-2016-BLG-1836L b,2019,Microlensing,,13.3,23157.1
OGLE-2013-BLG-0911L b,2019,Microlensing,,12.5,10502.2
BD-11 4672 c,2020,Radial Velocity,74.2,4.04,88.6
BD-11 4672 b,2014,Radial Velocity,1634.0,14.1,88.6
HIP 65 A b,2020,Transit,0.98097,22.75,201.5
TOI-481 b,2020,Transit,10.331,11.1,585.0
TIC 237913194 b,2020,Transit,15.169,12.52,998.2
OGLE-2016-BLG-1227L b,2020,Microlensing,,13.9,
TOI-157 b,2020,Transit,2.0845,14.41,1160.1
TOI-169 b,2020,Transit,2.2554,12.17,1330.2
Kepler-1700 b,2020,Transit,234.24,2.9,2340.5
Kepler-1666 b,2020,Transit,25.848,2.88,4498.9
Gl 686 b,2018,Radial Velocity,15.53,2.46,26.6
HD 180617 b,2018,Radial Velocity,105.91,3.53,19.3
HD 158259 e,2020,Radial Velocity,7.951,2.34,88.2
HD 158259 c,2020,Radial Velocity,3.432,2.23,88.2
HATS-37 A b,2020,Transit,4.3315,6.79,691.1
GJ 687 b,2014,Radial Velocity,38.142,4.32,14.8
GJ 2056 b,2020,Radial Velocity,69.971,4.17,92.8
TOI-237 b,2020,Transit,5.4361,1.44,124.2
HD 216520 c,2020,Radial Velocity,154.43,3.03,63.8
CoRoT-30 b,2020,Transit,9.0601,11.31,3366.7
CoRoT-31 b,2020,Transit,4.6294,16.37,6541.9
HIP 38594 b,2020,Radial Velocity,60.722,2.77,58.0
WASP-186 b,2020,Transit,5.0268,12.44,908.4
Kepler-29 c,2011,Transit,13.286,2.34,2715.4
Kepler-783 c,2020,Transit,7.054,2.33,1683.3
Kepler-1667 b,2020,Transit,83.578,2.98,2044.4
HIP 4845 b,2020,Radial Velocity,34.15,3.89,68.8
HIP 48714 b,2020,Radial Velocity,17.818,5.11,34.3
TOI-251 b,2021,Transit,4.9378,2.74,324.6
HAT-P-68 b,2020,Transit,2.2984,12.02,659.3
Kepler-177 b,2013,Transit,36.86,3.5,4681.8
Kepler-36 b,2012,Transit,13.868,1.5,1722.0
KOI-1783.01,2020,Transit,134.46,8.86,2823.6
Kepler-1668 b,2020,Transit,15.434,4.35,4356.3
Kepler-598 c,2020,Transit,86.495,3.02,2221.4
KMT-2019-BLG-1953L b,2020,Microlensing,,14.1,22961.4
Kepler-1514 c,2020,Transit,10.514,1.18,1295.8
KOI-1783.02,2020,Transit,284.21,5.44,2823.6
HD 156668 c,2021,Radial Velocity,811.3,6.17,79.4
HD 211403 b,2021,Radial Velocity,223.8,12.8,271.0
K2-344 b,2021,Transit,3.3559,1.59,245.2
HD 24040 c,2021,Radial Velocity,515.4,9.35,152.1
HD 3765 b,2021,Radial Velocity,1211.0,8.56,58.5
HD 213472 b,2021,Radial Velocity,17000.0,13.1,210.2
K2-348 c,2021,Transit,12.55,2.67,658.4
CD Cet b,2020,Radial Velocity,2.2907,1.82,28.1
G 264-012 b,2021,Radial Velocity,2.3054,1.39,52.2
K2-352 d,2021,Transit,14.871,2.23,574.2
K2-339 b,2021,Transit,19.507,1.92,1175.3
K2-282 b,2018,Transit,4.1698,2.5,1618.7
K2-156 b,2018,Transit,0.81314,1.1,489.9
TOI-257 b,2021,Transit,18.388,7.16,250.8
HAT-P-58 b,2021,Transit,4.0138,14.93,1681.6
HAT-P-59 b,2021,Transit,4.142,12.59,865.8
K2-268 d,2021,Transit,4.5286,1.49,1069.1
TOI-269 b,2021,Transit,3.6977,2.77,186.0
K2-268 f,2021,Transit,26.271,2.23,1069.1
K2-187 b,2018,Transit,0.77401,1.2,1079.3
K2-210 b,2018,Transit,0.57023,0.86,575.7
K2-32 b,2016,Transit,8.992,5.3,514.3
K2-32 e,2019,Transit,4.3493,1.21,514.3
HAT-P-64 b,2021,Transit,4.0072,19.09,2126.2
Kepler-129 c,2014,Transit,82.2,2.52,1333.5
K2-331 b,2021,Transit,9.399,1.79,689.6
EPIC 228836835 b,2021,Transit,0.72811,1.1,489.6
K2-32 c,2016,Transit,20.661,3.13,514.3
K2-32 d,2016,Transit,31.717,3.48,514.3
KIC 10068024 b,2021,Orbital Brightness Modulation,2.0735,13.4,2351.9
K2-350 b,2021,Transit,4.1639,1.54,1596.1
K2-353 b,2021,Transit,15.467,5.55,875.8
K2-137 b,2017,Transit,0.17972,0.64,322.5
EPIC 206042996 b,2019,Transit,5.2986,1.7,1473.5
NGTS-15 b,2021,Transit,3.2762,12.33,2565.2
K2-354 b,2021,Transit,3.7933,1.56,299.2
K2-330 b,2021,Transit,13.775,2.77,522.3
TOI-1333 b,2021,Transit,4.7202,15.65,653.9
HD 238090 b,2020,Radial Velocity,13.671,2.52,49.7
NGTS-18 b,2021,Transit,3.0513,13.56,3575.3
HD 136352 b,2019,Radial Velocity,11.578,1.66,47.9
K2-336 b,2021,Transit,21.195,1.22,780.5
GJ 414 A b,2021,Radial Velocity,50.8,2.63,38.8
BD+55 362 b,2021,Radial Velocity,265.59,14.0,171.5
HD 136352 d,2019,Radial Velocity,107.25,2.56,47.9
K2-337 b,2021,Transit,16.274,2.62,1375.2
K2-138 c,2017,Transit,3.56,2.3,660.7
KOI-1831 d,2018,Transit,34.169,1.13,1635.9
K2-340 b,2021,Transit,29.74,3.36,2407.5
K2-138 d,2017,Transit,5.4048,2.39,660.7
K2-138 e,2017,Transit,8.2615,3.39,660.7
EPIC 212297394 c,2021,Transit,5.214,2.27,1364.6
K2-138 f,2017,Transit,12.758,2.9,660.7
K2-100 b,2016,Transit,1.6739,3.88,616.3
TOI-2202 c,2021,Transit Timing Variations,24.674,13.4,769.5
KMT-2019-BLG-1715L b,2021,Microlensing,,13.2,12589.6
K2-349 b,2021,Transit,9.0322,1.38,1479.3
K2-350 c,2016,Transit,19.992,2.74,1596.1
K2-351 b,2021,Transit,7.8062,2.54,2265.9
GJ 740 b,2021,Radial Velocity,2.3776,1.53,36.2
HD 60292 b,2020,Radial Velocity,495.4,12.7,1028.1
TOI-1749 b,2021,Transit,2.3884,1.39,324.7
TOI-1749 d,2021,Transit,9.0497,2.52,324.7
KMT-2018-BLG-1025L b,2021,Microlensing,,2.34,21868.8
K2-185 b,2018,Transit,10.616,1.15,875.3
EPIC 212587672 c,2021,Transit,23.229,2.32,1043.9
HD 221420 b,2019,Radial Velocity,10090.0,12.0,101.6
K2-185 c,2018,Transit,52.713,2.39,875.3
TOI-1201 b,2021,Transit,2.492,2.42,123.6
HD 136925 b,2021,Radial Velocity,4540.0,13.9,156.1
HD 109286 b,2021,Radial Velocity,520.1,13.2,180.7
Kepler-1771 b,2021,Transit,88.644,4.06,1845.2
Kepler-1786 b,2021,Transit,78.546,3.16,2817.7
Kepler-1834 b,2021,Transit,4.603,1.46,1632.1
TOI-559 b,2021,Transit,6.9839,12.23,760.8
Kepler-418 c,2021,Transit,12.218,5.22,3269.8
Kepler-1801 b,2021,Transit,10.441,2.71,2737.5
Kepler-1838 b,2021,Transit,12.147,1.66,1471.8
Kepler-1839 b,2021,Transit,5.0568,1.95,3707.1
TOI-530 b,2021,Transit,6.3876,9.3,485.2
Kepler-1749 b,2021,Transit,14.534,1.61,874.8
Kepler-1841 b,2021,Transit,25.886,1.49,2060.3
Kepler-1842 b,2021,Transit,14.026,2.35,3012.2
HAT-P-43 b,2012,Transit,3.3326,13.63,1724.8
Kepler-1742 b,2021,Transit,49.478,2.18,2183.9
Kepler-1743 b,2021,Transit,7.6497,1.6,1757.4
Kepler-1741 b,2021,Transit,2.7576,1.27,883.0
Kepler-1810 b,2021,Transit,101.13,3.92,3293.8
Kepler-1812 b,2021,Transit,7.1652,2.32,4596.2
Kepler-1845 b,2021,Transit,11.606,2.44,2318.1
Kepler-1716 b,2021,Transit,35.581,2.42,637.4
K2-95 b,2016,Transit,10.135,3.31,586.6
Kepler-1746 b,2021,Transit,321.21,8.94,3194.8
Kepler-1745 b,2021,Transit,3.0162,1.93,3248.9
Kepler-1814 b,2021,Transit,2.9354,2.37,2369.0
Kepler-1813 b,2021,Transit,2.8182,1.41,
Kepler-1815 b,2021,Transit,12.191,2.75,3283.2
Kepler-1856 b,2021,Transit,1.302,1.73,2768.3
K2-101 b,2016,Transit,14.676,2.0,614.2
Kepler-1669 c,2021,Transit,1.6093,1.9,1772.5
Kepler-1165 c,2021,Transit,29.969,3.36,5137.6
Kepler-1816 b,2021,Transit,91.501,1.97,1428.0
Kepler-1847 b,2021,Transit,11.13,2.75,5524.6
K2-355 b,2021,Transit,5.7386,2.25,1632.4
K2-356 b,2021,Transit,21.027,2.29,1159.6
Kepler-1757 b,2021,Transit,19.656,2.95,2633.1
Kepler-1758 b,2021,Transit,9.9772,2.57,5180.7
Kepler-1819 b,2021,Transit,16.487,3.9,4446.1
Kepler-1817 b,2021,Transit,44.299,2.27,2441.5
K2-357 b,2021,Transit,16.349,3.72,1688.5
K2-358 b,2021,Transit,11.251,2.68,1566.6
Kepler-1731 b,2021,Transit,21.761,2.93,554.3
Kepler-1762 b,2021,Transit,29.539,2.76,5426.4
Kepler-1820 b,2021,Transit,31.032,3.12,4649.0
Kepler-1821 b,2021,Transit,16.458,2.59,2608.3
Kepler-1788 b,2021,Transit,2.8001,2.38,1827.9
Kepler-1859 b,2021,Transit,2.7296,1.58,4342.0
Kepler-1860 b,2021,Transit,12.737,1.14,1430.9
K2-184 b,2018,Transit,16.978,1.47,246.5
Kepler-1712 b,2021,Transit,13.815,2.28,509.7
Kepler-1763 b,2021,Transit,1.4803,1.15,2467.3
Kepler-1764 b,2021,Transit,70.468,4.56,5030.9
Kepler-1790 b,2021,Transit,31.589,3.14,3490.4
Kepler-1791 b,2021,Transit,7.7209,3.12,1964.2
EPIC 220554210 c,2019,Transit,0.70531,1.6,1618.7
K2-273 b,2018,Transit,11.72,3.05,1004.9
K2-104 b,2016,Transit,1.9742,1.79,617.4
Kepler-1792 b,2021,Transit,4.1958,2.52,1960.3
Kepler-1090 c,2021,Transit,42.427,3.29,2800.9
EPIC 220492298 b,2021,Transit,0.76241,0.99,2036.9
EPIC 206024342 c,2021,Transit,0.91172,1.4,1206.4
Kepler-1760 b,2021,Transit,38.326,2.29,
Kepler-1777 b,2021,Transit,12.184,2.13,2019.4
K2-275 c,2018,Transit,8.4388,2.21,402.6
K2-275 b,2018,Transit,3.281,2.34,402.6
Kepler-1775 b,2021,Transit,85.654,3.65,2142.9
Kepler-1797 b,2021,Transit,23.359,3.06,4365.6
Kepler-1798 b,2021,Transit,16.856,2.31,1289.0
TIC 172900988 b,2021,Transit,200.45,11.25,818.5
HD 93385 d,2021,Radial Velocity,45.85,2.89,141.4
OGLE-2018-BLG-0567L b,2021,Microlensing,,12.3,23026.6
OGLE-2018-BLG-0962L b,2021,Microlensing,,13.6,21200.1
Kepler-487 d,2021,Transit,2.4184,2.78,2845.2
Kepler-1822 b,2021,Transit,22.133,2.65,2927.6
Kepler-1823 b,2021,Transit,21.103,2.09,2364.5
HD 96700 c,2021,Radial Velocity,19.88,1.69,82.9
HD 96700 d,2021,Radial Velocity,103.5,3.61,82.9
TOI-2257 b,2021,Transit,35.189,2.19,188.5
Kepler-1769 b,2021,Transit,89.193,4.46,1429.9
Kepler-1778 b,2021,Transit,10.087,3.02,4162.7
Kepler-1824 b,2021,Transit,95.611,2.38,3392.3
HD 189567 b,2021,Radial Velocity,14.288,2.85,58.4
HD 189567 c,2021,Radial Velocity,33.688,2.54,58.4
HD 137496 c,2021,Radial Velocity,479.9,12.6,506.6
Kepler-1782 b,2021,Transit,5.7562,2.23,997.4
Kepler-1784 b,2021,Transit,13.59,2.8,2880.1
Kepler-1828 b,2021,Transit,10.274,2.12,2843.5
Kepler-1829 b,2021,Transit,5.1867,2.48,2217.6
Kepler-1776 b,2021,Transit,35.012,2.61,2251.6
Kepler-1709 b,2021,Transit,65.705,3.12,893.5
Kepler-1833 b,2021,Transit,6.8921,1.3,1929.5
TOI-3362 b,2021,Transit,18.095,12.8,1197.0
Kepler-1738 b,2021,Transit,7.6746,2.82,4249.4
Kepler-1739 b,2021,Transit,7.3437,2.43,2556.0
Kepler-1924 b,2021,Transit,15.332,2.65,6232.1
Kepler-1925 b,2021,Transit,46.716,3.0,5777.2
HATS-76 b,2021,Transit,1.9416,12.09,1257.9
Kepler-1130 d,2021,Transit,4.2723,0.64,813.2
Kepler-1802 c,2021,Transit,33.136,2.32,2076.6
Kepler-1942 b,2021,Transit,4.626,2.12,2747.8
Kepler-1943 b,2021,Transit,4.8502,1.55,3276.4
Kepler-1927 b,2021,Transit,73.75,3.41,3558.4
Kepler-1722 b,2021,Transit,9.1786,2.87,2518.8
HD 69123 b,2022,Radial Velocity,1193.3,13.1,245.0
Kepler-1266 c,2021,Transit,4.8663,1.68,2770.1
Kepler-394 d,2021,Transit,5.6136,1.5,3453.1
Kepler-1944 b,2021,Transit,9.8426,2.76,3511.0
Kepler-1945 b,2021,Transit,6.08,1.29,
Kepler-1946 b,2021,Transit,3.0352,2.49,3268.5
Kepler-1929 b,2021,Transit,59.362,3.07,1657.5
Kepler-913 c,2021,Transit,5.9391,3.86,3234.2
Kepler-324 e,2021,Transit,13.979,2.04,1635.9
Kepler-1727 b,2021,Transit,9.0293,3.17,2916.4
Kepler-1931 b,2021,Transit,38.576,2.65,2022.5
Kepler-1530 d,2021,Transit,9.2076,3.28,1597.8
Kepler-1932 b,2021,Transit,0.52418,1.51,2327.9
YZ Cet b,2017,Radial Velocity,2.0209,0.91,12.1
YZ Cet c,2017,Radial Velocity,3.0599,1.05,12.1
Kepler-281 d,2021,Transit,148.27,5.94,5692.9
Kepler-495 c,2021,Transit,5.8966,1.22,2149.1
Kepler-501 c,2021,Transit,3.6228,1.68,3670.0
Kepler-196 d,2021,Transit,122.08,2.66,1472.0
Kepler-1950 b,2021,Transit,10.777,1.53,2274.1
Kepler-1899 b,2021,Transit,4.0958,1.55,2320.6
Kepler-1869 b,2021,Transit,8.1674,1.12,368.6
Kepler-1312 c,2021,Transit,1.1161,1.03,975.5
Kepler-1952 b,2021,Transit,27.211,1.24,2779.1
Kepler-1728 b,2021,Transit,4.783,2.96,2125.8
Kepler-1926 b,2021,Transit,42.878,2.31,2176.8
Kepler-1729 b,2021,Transit,4.221,3.89,1879.2
Kepler-1972 b,2022,Transit,7.5442,0.8,937.2
Kepler-1321 d,2021,Transit,5.7209,2.63,2508.6
Kepler-1600 c,2021,Transit,7.298,1.94,3362.0
Kepler-1954 b,2021,Transit,5.8834,1.8,4480.8
Kepler-1730 b,2021,Transit,13.81,4.49,4654.5
Kepler-1721 b,2021,Transit,4.5924,3.12,2091.9
Kepler-1887 b,2021,Transit,19.948,2.92,4455.9
Kepler-1958 b,2021,Transit,9.3286,2.05,4306.5
Kepler-1726 b,2021,Transit,18.396,2.51,1273.8
Kepler-1723 b,2021,Transit,39.753,2.88,2646.0
Kepler-1705 b,2021,Transit,9.035,2.03,5327.7
OGLE-2019-BLG-0960L b,2021,Microlensing,,1.39,3196.3
Kepler-1890 b,2021,Transit,4.8206,0.87,1727.3
Kepler-1892 b,2021,Transit,6.3312,1.84,2777.5
Kepler-1959 b,2021,Transit,6.3867,1.14,1563.1
Kepler-1960 b,2021,Transit,2.2979,1.31,4982.2
Kepler-457 d,2021,Transit,10.691,2.98,3497.4
Kepler-633 c,2021,Transit,23.783,2.3,2219.6
Kepler-1861 b,2021,Transit,40.031,2.21,2707.0
Kepler-1863 b,2021,Transit,44.998,2.26,2823.0
Kepler-1895 b,2021,Transit,6.0703,2.12,3210.0
Kepler-1911 b,2021,Transit,5.9908,1.01,880.3
Kepler-1865 b,2021,Transit,2.524,1.58,3008.0
Kepler-1866 b,2021,Transit,11.66,2.08,3185.7
Kepler-1897 b,2021,Transit,24.22,2.81,3206.7
Kepler-1896 b,2021,Transit,44.87,3.1,5652.0
Kepler-1967 b,2021,Transit,7.2817,0.73,812.5
b Cen AB b,2021,Imaging,1790000.0,12.4,319.9
OGLE-2018-BLG-0532L b,2020,Microlensing,,2.37,2521.2
Kepler-1867 b,2021,Transit,9.8874,1.16,2219.8
Kepler-1868 b,2021,Transit,211.03,3.15,894.3
Kepler-1903 b,2021,Transit,17.068,2.29,5790.7
Kepler-1969 b,2021,Transit,6.6475,1.68,3928.7
Kepler-1968 b,2021,Transit,7.2811,1.5,2449.2
Kepler-1871 b,2021,Transit,1.9527,2.42,2787.4
Kepler-1872 b,2021,Transit,3.8259,2.38,2740.3
Kepler-1906 b,2021,Transit,7.3627,2.78,4437.8
Kepler-1907 b,2021,Transit,5.6525,0.87,952.7
Kepler-1913 b,2021,Transit,14.196,1.52,2858.1
HD 79181 b,2021,Radial Velocity,273.1,14.1,337.0
HD 10975 b,2021,Radial Velocity,283.8,14.3,380.0
HD 99283 b,2021,Radial Velocity,310.4,13.8,362.3
Kepler-1873 b,2021,Transit,0.55884,1.63,2677.6
Kepler-1874 b,2021,Transit,56.573,2.21,1330.7
Kepler-1909 b,2021,Transit,2.3916,1.09,2490.7
Kepler-1717 b,2021,Transit,30.653,2.99,3290.2
Kepler-1917 b,2021,Transit,12.902,1.89,2964.9
Kepler-1918 b,2021,Transit,47.056,2.3,3359.8
ups Leo b,2021,Radial Velocity,385.2,14.2,171.5
HD 219139 b,2021,Radial Velocity,275.5,14.0,342.3
Kepler-616 d,2021,Transit,51.067,2.65,3084.7
Kepler-534 c,2021,Transit,7.3787,1.23,1861.2
Kepler-1919 b,2021,Transit,37.887,2.62,3840.6
Kepler-1488 c,2021,Transit,6.1583,1.65,2954.4
gam Psc b,2021,Radial Velocity,555.1,13.6,134.7
HIP 34222 b,2021,Radial Velocity,159.99,13.9,74.5
Kepler-1881 b,2021,Transit,159.39,2.98,3448.2
Kepler-1879 b,2021,Transit,10.613,2.07,2045.6
Kepler-1934 b,2021,Transit,1.4198,0.91,1397.6
Kepler-1935 b,2021,Transit,3.9514,2.5,2950.7
Kepler-1921 b,2021,Transit,20.035,2.89,3030.0
HIP 86221 b,2021,Radial Velocity,2.224,14.0,96.2
Kepler-1883 b,2021,Transit,103.43,3.25,4493.2
Kepler-1938 b,2021,Transit,13.063,1.83,1373.6
TOI-1268 b,2022,Transit,8.1577,9.1,357.3
K2-25 b,2015,Transit,3.4846,3.44,146.6
TOI-2136 b,2022,Transit,7.8519,2.19,108.8
K2-382 b,2022,Transit,21.7,2.07,908.1
K2-376 b,2022,Transit,5.7765,1.74,527.1
iot Dra b,2002,Radial Velocity,510.85,12.4,102.2
CoRoT-35 b,2022,Transit,3.2275,18.83,3663.4
CoRoT-36 b,2022,Transit,5.6165,15.8,3020.1
K2-383 b,2022,Transit,1.866,1.56,664.7
K2-366 b,2022,Transit,15.937,2.36,606.5
iot Dra c,2021,Radial Velocity,25000.0,12.2,102.2
K2-373 b,2022,Transit,11.021,2.06,748.7
K2-367 b,2022,Transit,20.645,2.41,577.2
HD 160691 c,2004,Radial Velocity,3947.0,,50.9
HD 160691 d,2004,Radial Velocity,9.6392,3.23,50.9
K2-384 f,2022,Transit,13.627,2.22,269.6
K2-369 b,2022,Transit,5.7616,1.31,605.2
TOI-620 b,2022,Transit,5.0988,3.76,107.7
AB Aur b,2022,Imaging,,12.5,528.8
HD 33142 b,2011,Radial Velocity,330.0,13.7,395.9
K2-384 e,2022,Transit,9.715,1.34,269.6
K2-371 b,2022,Transit,3.1149,13.02,1444.3
K2-372 b,2022,Transit,9.8441,2.94,1513.0
TYC 2187-512-1 b,2022,Radial Velocity,691.9,12.5,50.5
TOI-1246 b,2022,Transit,4.3074,3.01,552.6
HD 160691 e,2006,Radial Velocity,307.9,,50.9
K2-393 b,2022,Transit,10.413,2.35,867.3
K2-375 b,2022,Transit,14.454,2.24,2270.4
HIP 94235 b,2022,Transit,7.7131,3.0,190.8
KOI-984 c,2022,Transit Timing Variations,21.512,14.1,824.1
K2-389 c,2022,Transit,20.851,2.04,845.4
K2-390 b,2022,Transit,3.3128,4.66,1487.7
HD 73583 b,2022,Transit,6.398,2.79,103.0
HD 103891 b,2022,Radial Velocity,1919.0,13.2,181.1
HD 105779 b,2022,Radial Velocity,2412.0,14.1,180.2
HD 33142 d,2022,Radial Velocity,89.9,9.32,395.9
HD 19615 b,2022,Radial Velocity,402.0,12.6,864.8
K2-391 b,2022,Transit,4.6227,1.37,1656.7
HD 73583 c,2022,Transit,18.88,2.39,103.0
GJ 411 b,2019,Radial Velocity,12.939,1.45,18.5
TOI-1064 c,2022,Transit,12.227,2.65,222.0
K2-316 b,2020,Transit,1.133,1.33,366.9
HD 95735 c,2021,Radial Velocity,2946.0,3.76,18.5
TOI-2669 b,2022,Transit,6.2034,19.73,1283.2
TOI-4329 b,2022,Transit,2.9223,16.81,2339.0
K2-397 b,2022,Transit,3.5723,2.42,650.2
K2-316 c,2020,Transit,5.26,1.83,366.9
TOI-2046 b,2022,Transit,1.4972,16.14,944.8
Kepler-1656 c,2022,Radial Velocity,1919.0,14.0,606.2
TOI-206 b,2022,Transit,0.73631,1.3,155.7
K2-398 c,2022,Transit,18.788,5.1,1979.7
K2-319 b,2020,Transit,26.68,2.79,681.9
mu2 Sco b,2022,Imaging,,12.3,
TOI-1693 b,2022,Transit,1.7667,1.41,100.4
K2-402 b,2022,Transit,17.275,2.68,1706.0
K2-323 b,2020,Transit,24.93,2.1,385.9
HD 81040 b,2005,Radial Velocity,1002.7,12.6,112.3
HD 171238 b,2009,Radial Velocity,1515.0,12.5,146.2
HD 87883 b,2009,Radial Velocity,3006.0,12.7,59.7
TOI-2411 b,2022,Transit,0.78269,1.68,194.2
TOI-2427 b,2022,Transit,1.306,1.8,93.0
K2-404 b,2022,Transit,13.115,2.53,396.7
K2-325 b,2020,Transit,6.93,2.2,364.1
HD 106515 A b,2012,Radial Velocity,3626.0,12.1,111.2
KMT-2017-BLG-2509L b,2021,Microlensing,,13.4,22961.4
K2-406 b,2022,Transit,22.549,4.6,278.5
K2-326 b,2020,Transit,1.256,2.28,920.8
TOI-5153 b,2022,Transit,20.33,11.88,1273.6
NGTS-20 b,2022,Transit,54.189,11.99,1248.8
HD 29021 b,2017,Radial Velocity,1365.0,12.9,101.1
KMT-2021-BLG-0912L b,2022,Microlensing,,1.49,18134.3
K2-407 c,2022,Transit,9.2245,1.36,712.2
K2-199 b,2018,Transit,3.2254,1.73,350.7
Ross 508 b,2022,Radial Velocity,10.77,1.83,36.6
K2-387 b,2022,Transit,28.735,7.32,868.6
K2-374 b,2022,Transit,4.522,1.59,1172.3
HD 136118 b,2022,Radial Velocity,1187.6,12.3,167.8
HD 140901 b,2022,Radial Velocity,9.0238,4.07,49.7
HD 93351 c,2022,Radial Velocity,14010.0,12.3,183.2
GJ 2030 b,2022,Radial Velocity,2.3813,2.03,120.9
TOI-2570 b,2022,Transit,2.9888,13.64,1180.2
HD 113337 b,2013,Radial Velocity,317.59,13.1,118.0
HIP 97233 b,2014,Radial Velocity,1062.3,12.1,333.6
HD 144899 b,2022,Radial Velocity,40.439,4.77,377.2
HD 142 A d,2022,Radial Velocity,108.45,10.9,85.4
GJ 2030 c,2022,Radial Velocity,25533.0,12.3,120.9
GJ 3222 b,2022,Radial Velocity,10.667,3.4,59.5
GJ 680 b,2022,Radial Velocity,17282.0,12.0,31.5
TOI-3540 A b,2022,Transit,3.12,23.54,
TOI-3331 A b,2022,Transit,2.018,12.98,708.4
TOI-3693 b,2022,Transit,9.0885,12.6,575.5
HD 145934 b,2015,Radial Velocity,2751.5,13.4,743.2
HD 151450 b,2022,Radial Velocity,21.893,6.94,142.2
HD 149806 b,2022,Radial Velocity,16522.0,12.3,66.1
HD 151450 c,2022,Radial Velocity,18145.0,12.8,142.2
HD 115404 A b,2022,Radial Velocity,10.495,6.09,35.8
TOI-2196 b,2022,Transit,1.1947,3.51,847.8
HD 191806 b,2016,Radial Velocity,1603.4,12.5,214.2
HD 153557 c,2022,Radial Velocity,15.27,4.36,58.5
HD 153557 d,2022,Radial Velocity,40655.0,11.9,58.5
HD 12235 c,2022,Radial Velocity,36337.0,12.5,103.6
HD 56414 b,2022,Transit,29.05,3.71,887.9
GJ 896 A b,2022,Astrometry,284.39,13.3,20.4
GJ 676 A c,2016,Radial Velocity,13921.0,12.3,52.3
HD 219828 c,2016,Radial Velocity,4789.9,12.2,238.5
HD 72892 b,2016,Radial Velocity,39.446,12.8,227.4
HD 155918 b,2022,Radial Velocity,1.8757,2.67,89.9
TOI-2048 b,2022,Transit,13.79,2.61,380.2
HD 111232 b,2003,Radial Velocity,1169.1,12.6,94.4
HD 10697 b,1999,Radial Velocity,1075.4,12.8,108.0
HD 125612 b,2007,Radial Velocity,557.7,13.2,187.9
HIP 67537 b,2017,Radial Velocity,2523.6,12.3,378.5
HD 156098 c,2022,Radial Velocity,7841.6,12.8,157.4
HD 156098 b,2022,Radial Velocity,21.858,4.12,157.4
HD 168863 b,2022,Radial Velocity,14774.0,12.7,130.1
HIP 19976 b,2022,Radial Velocity,50.659,4.94,131.3
HD 203387 c,2022,Radial Velocity,2481.1,12.6,201.4
HIP 35965 b,2022,Radial Velocity,26126.0,12.6,163.6
HD 125612 c,2009,Radial Velocity,4.1547,4.07,187.9
HD 125612 d,2009,Radial Velocity,2822.7,12.7,187.9
HD 156279 c,2016,Radial Velocity,4818.3,12.5,118.1
HD 27894 d,2017,Radial Velocity,5019.5,12.7,142.9
HD 181234 b,2019,Radial Velocity,7593.4,12.5,155.7
HD 18143 b,2022,Radial Velocity,10.285,3.28,73.5
HIP 948 b,2022,Radial Velocity,24955.0,12.1,113.7
HD 139357 b,2008,Radial Velocity,1124.8,12.1,365.6
HD 25015 b,2019,Radial Velocity,6134.4,12.5,122.1
HD 188641 b,2022,Radial Velocity,14584.0,11.9,209.8
HD 168443 b,1998,Radial Velocity,58.112,12.6,129.2
HD 156279 b,2011,Radial Velocity,133.4,12.5,118.1
HD 168443 c,2000,Radial Velocity,1753.1,12.2,129.2
GJ 229 A c,2020,Radial Velocity,121.93,2.87,18.8
HD 81817 b,2020,Radial Velocity,1021.2,12.0,877.8
HD 204313 e,2022,Radial Velocity,7325.6,12.2,155.9
HD 169830 c,2003,Radial Velocity,1818.8,12.6,122.7
HIP 56640 b,2021,Radial Velocity,2675.6,12.7,399.0
HD 213519 b,2022,Radial Velocity,11.122,2.99,133.7
HD 217786 c,2022,Radial Velocity,2.5222,2.61,181.0
TOI-3629 b,2022,Transit,3.9366,8.29,424.3
HD 183263 c,2008,Radial Velocity,4668.0,12.5,176.8
HD 66428 c,2021,Radial Velocity,10479.0,13.5,173.8
HD 80869 b,2021,Radial Velocity,1752.9,12.8,278.5
HD 25912 b,2022,Radial Velocity,41.832,6.9,160.4
HD 217958 b,2022,Radial Velocity,2560.2,14.2,201.6
HD 25912 c,2022,Radial Velocity,26309.0,12.2,160.4
HD 109988 b,2022,Radial Velocity,17132.0,12.1,138.7
HD 28192 b,2022,Radial Velocity,14.233,12.2,162.4
HD 43197 c,2022,Radial Velocity,9296.0,12.6,203.6
HD 38529 b,2000,Radial Velocity,14.31,14.1,138.1
HD 38529 c,2000,Radial Velocity,2127.6,12.5,138.1
HD 110537 b,2022,Radial Velocity,24470.0,11.9,147.1
HD 56957 b,2022,Radial Velocity,5859.1,12.8,200.6
HD 62364 c,2022,Radial Velocity,74840.0,12.0,173.2
TOI-712 c,2022,Transit,51.699,2.7,191.2
TOI-712 d,2022,Transit,84.84,2.47,191.2
HD 43197 b,2010,Radial Velocity,308.92,14.2,203.6
HD 4113 b,2007,Radial Velocity,526.52,13.5,136.6
HD 111232 c,2022,Radial Velocity,26472.0,12.2,94.4
HD 62549 b,2022,Radial Velocity,14307.0,12.6,160.9
KMT-2021-BLG-0171L b,2022,Microlensing,,3.35,15003.2
HD 73267 b,2008,Radial Velocity,1258.0,13.0,164.4
HD 11505 b,2022,Radial Velocity,32669.0,12.6,127.1
HD 80913 b,2022,Radial Velocity,10840.0,12.0,200.1
HD 81817 c,2022,Radial Velocity,622.98,12.0,877.8
TOI-2207 b,2022,Transit,8.002,11.15,1217.7
HD 86264 b,2009,Radial Velocity,1488.8,12.5,221.2
HD 8673 b,2009,Radial Velocity,1644.7,12.3,123.5
HD 127506 b,2022,Radial Velocity,65.784,5.67,73.5
HD 135872 b,2022,Radial Velocity,2422.3,12.8,268.8
HD 86065 b,2022,Radial Velocity,25776.0,12.5,131.7
HD 88072 b,2022,Radial Velocity,18539.0,12.6,117.1
HD 93351 b,2022,Radial Velocity,2.4595,1.69,183.2
TOI-2421 b,2022,Transit,4.3474,10.37,1069.6
HD 142 c,2012,Radial Velocity,10160.0,12.4,85.4
TOI-2583 A b,2023,Transit,4.5207,14.46,1846.7
OGLE-2018-BLG-1119L b,2022,Microlensing,,13.9,18786.6
KMT-2021-BLG-1554L b,2022,Microlensing,,6.9,25048.8
TOI-2796 b,2023,Transit,4.8085,17.26,1142.7
TOI-2096 b,2023,Transit,3.1191,1.24,158.1
KMT-2021-BLG-1898L b,2022,Microlensing,,14.0,22504.8
GJ 338 B b,2020,Radial Velocity,24.422,3.25,20.7
TOI-2842 b,2023,Transit,3.5514,12.85,1503.6
TOI-4603 b,2023,Transit,7.246,11.68,735.9
KMT-2021-BLG-0712L b,2023,Microlensing,,6.91,10078.2
KMT-2021-BLG-0909L b,2023,Microlensing,,13.7,21134.9
MASCARA-1 b,2017,Transit,2.1488,17.9,594.5
K2-38 b,2016,Transit,4.0159,1.54,628.5
TOI-3364 b,2023,Transit,5.8769,12.23,906.4
KMT-2021-BLG-2478L b,2023,Microlensing,,13.9,9686.8
KMT-2021-BLG-1105L b,2023,Microlensing,,13.6,14807.5
K2-414 b,2022,Transit,4.3696,1.22,848.1
TOI-4582 b,2023,Transit,31.034,10.54,1251.9
TOI-3688 A b,2023,Transit,3.2461,13.08,1292.8
TOI-942 c,2020,Transit,10.156,4.67,497.7
TOI-733 b,2023,Transit,4.8848,1.99,245.3
Kepler-20 c,2011,Transit,10.854,2.89,921.6
HIP 21152 b,2022,Imaging,22000.0,12.0,141.6
OGLE-2019-BLG-0468L c,2022,Microlensing,,12.5,14350.9
OGLE-2019-BLG-0468L b,2022,Microlensing,,13.1,14350.9
TOI-3976 A b,2023,Transit,6.6077,12.27,1683.2
KMT-2017-BLG-1003L b,2023,Microlensing,,2.13,23124.5
TOI-4087 b,2023,Transit,3.1775,13.05,983.9
TOI-942 b,2020,Transit,4.3242,3.89,497.7
KMT-2021-BLG-0240L b,2022,Microlensing,,9.6,21526.3
KMT-2017-BLG-0673L b,2022,Microlensing,,13.0,16568.7
KMT-2019-BLG-1367L b,2023,Microlensing,,1.85,15231.5
OGLE-2017-BLG-1806L b,2023,Microlensing,,2.15,20874.0
TOI-4791 b,2023,Transit,4.2809,12.44,1072.4
EPIC 229004835 b,2023,Transit,16.141,2.33,397.8
OGLE-2019-BLG-1053L b,2021,Microlensing,,1.38,22178.6
KMT-2019-BLG-2974L b,2022,Microlensing,,11.4,19895.5
OGLE-2019-BLG-1470L AB c,2022,Microlensing,,13.3,19243.2
HD 23472 b,2019,Transit,17.667,2.0,127.3
HD 191939 c,2020,Transit,28.58,3.2,174.8
OGLE-2018-BLG-0506L b,2022,Microlensing,,4.18,18264.7
TIC 279401253 b,2023,Transit,76.8,11.21,931.4
HD 23472 c,2019,Transit,29.797,1.87,127.3
HD 23472 f,2022,Transit,12.162,1.14,127.3
OGLE-2019-BLG-1492L b,2022,Microlensing,,6.79,18264.7
TIC 279401253 c,2023,Transit,155.3,12.6,931.4
TOI-1811 b,2023,Transit,3.7131,11.14,418.2
HD 23472 d,2022,Transit,3.9766,0.75,127.3
HD 23472 e,2022,Transit,7.9075,0.82,127.3
HATS-54 b,2019,Transit,2.5442,11.38,2441.6
HD 45364 c,2008,Radial Velocity,345.43,14.2,112.0
KMT-2021-BLG-1253L b,2022,Microlensing,,4.59,21656.8
NGTS-23 b,2022,Transit,4.0764,14.2,3506.0
NGTS-24 b,2022,Transit,3.4679,13.61,2227.8
NGTS-25 b,2022,Transit,2.8231,11.47,1700.0
KMT-2021-BLG-1372L b,2022,Microlensing,,9.12,19471.5
TOI-2497 b,2023,Transit,10.656,11.14,930.5
TOI-5542 b,2022,Transit,75.124,11.31,1137.8
TOI-2338 b,2023,Transit,22.654,11.21,1024.1
KMT-2021-BLG-1077L b,2022,Microlensing,,9.86,26875.3
PZ Tel b,2023,Imaging,44000.0,11.9,153.5
KMT-2018-BLG-0030L b,2022,Microlensing,,13.6,21134.9
MOA-2020-BLG-135L b,2022,Microlensing,,3.37,25766.3
TOI-2364 b,2023,Transit,4.0198,8.61,716.3
OGLE-2018-BLG-0298L b,2022,Microlensing,,7.56,21330.6
TOI-969 c,2022,Radial Velocity,1700.0,12.4,252.0
OGLE-2006-BLG-284L A b,2020,Microlensing,,14.3,13046.2
K2-3 d,2015,Transit,44.556,1.46,143.7
K2-3 c,2015,Transit,24.647,1.58,143.7
HD 111998 b,2016,Radial Velocity,810.0,12.9,108.4
HIP 70849 b,2011,Radial Velocity,3649.0,12.9,78.5
HD 114783 c,2016,Radial Velocity,4352.0,13.4,68.7
Kepler-409 b,2014,Transit,68.958,1.2,222.4
Kepler-20 f,2011,Transit,19.578,0.95,921.6
KMT-2022-BLG-0440L b,2023,Microlensing,,4.05,11415.5
TOI-411 c,2022,Transit,9.5731,2.33,204.8
HD 140901 c,2022,Radial Velocity,14386.0,13.4,49.7
Kepler-102 c,2014,Transit,7.0714,0.57,351.6
K2-416 b,2023,Transit,13.102,2.66,392.4
TOI-411 b,2022,Transit,4.0403,1.36,204.8
HIP 54597 b,2023,Radial Velocity,3274.0,13.3,129.6
HD 75302 b,2023,Radial Velocity,4356.0,12.8,98.9
Kepler-68 c,2013,Transit,9.605,0.98,470.2
MOA-2020-BLG-208L b,2023,Microlensing,,7.71,24429.1
HD 15906 b,2023,Transit,10.925,2.24,148.6
HIP 81208 C b,2023,Imaging,104100.0,12.3,481.2
HD 108202 b,2023,Radial Velocity,2990.0,13.1,126.2
Kepler-323 b,2014,Transit,1.6783,1.38,1483.6
HD 15906 c,2023,Transit,21.583,2.93,148.6
TOI-622 b,2023,Transit,6.4025,9.24,402.1
TOI-4201 b,2023,Transit,3.5819,13.67,616.5
HD 99492 b,2004,Radial Velocity,17.05,5.44,59.4
Kepler-454 b,2015,Transit,10.574,2.37,753.0
Kepler-109 b,2014,Transit,6.4816,2.49,1548.8
GJ 1252 b,2020,Transit,0.51823,1.19,66.4
HAT-P-2 c,2023,Radial Velocity,8500.0,12.4,416.7
TOI-4600 b,2023,Transit,82.687,6.8,704.7
TOI-858 B b,2023,Transit,3.2797,14.07,817.0
K2-36 b,2016,Transit,1.4226,1.43,358.0
K2-36 c,2016,Transit,5.3409,3.2,358.0
Kepler-538 b,2016,Transit,81.738,2.22,508.7
TOI-1235 b,2020,Transit,3.4447,1.69,129.3
TOI-1052 b,2023,Transit,9.1397,2.87,423.4
K2-110 b,2017,Transit,13.864,2.59,379.9
TOI-1634 c,2022,Radial Velocity,103.0,,115.0
TOI-2018 b,2023,Transit,7.4356,2.27,91.3
TOI-1052 c,2023,Radial Velocity,35.806,6.48,423.4
TOI-519 b,2021,Transit,1.2652,11.55,376.9
TOI-244 b,2023,Transit,7.3972,1.52,71.9
TOI-4184 b,2023,Transit,4.902,2.43,226.2
TOI-470 b,2023,Transit,12.191,4.34,425.5
TOI-1470 b,2023,Transit,2.5271,2.18,169.4
Kepler-21 b,2012,Transit,2.7858,1.64,354.0
Kepler-78 b,2013,Transit,0.35501,1.2,405.7
WISE J033605.05-014350.4 b,2023,Imaging,2560.0,12.6,
OGLE-2018-BLG-1126L b,2022,Microlensing,,4.41,18590.9
HD 6860 b,2023,Radial Velocity,663.87,11.9,199.4
TOI-1470 c,2023,Transit,18.088,2.47,169.4
K2-12 b,2015,Transit,8.2825,2.44,1064.5
OGLE-2018-BLG-1212L b,2022,Microlensing,,9.32,5055.4
GJ 649 b,2009,Radial Velocity,600.1,10.8,33.9
HD 36384 b,2023,Radial Velocity,490.0,12.7,682.7
MWC 758 c,2023,Imaging,,,520.3
K2-2016-BLG-0005L b,2023,Microlensing,4700.0,13.7,16960.1
GJ 849 b,2006,Radial Velocity,1925.3,13.9,28.7
GJ 849 c,2014,Radial Velocity,5990.0,13.8,28.7
Kepler-68 b,2013,Transit,5.3988,2.36,470.2
Kepler-107 d,2014,Transit,7.9584,0.86,1715.6
TOI-139 b,2023,Transit,11.071,2.46,138.3
HD 62364 b,2022,Radial Velocity,5138.0,12.1,173.2
BD-210397 b,2023,Radial Velocity,1891.0,14.0,77.4
KMT-2022-BLG-0371L b,2023,Microlensing,,10.9,23287.5
WASP-79 b,2012,Transit,3.6624,17.15,804.6
Kepler-454 d,2023,Radial Velocity,4073.0,13.3,753.0
HD 74698 b,2023,Radial Velocity,15.017,5.12,169.8
HD 74698 c,2023,Radial Velocity,3449.0,14.0,169.8
GJ 9404 b,2023,Radial Velocity,13.459,3.48,77.9
GJ 832 b,2008,Radial Velocity,3853.0,13.8,16.2
Kepler-323 c,2014,Transit,3.5538,1.57,1483.6
TOI-5803 b,2023,Transit,5.383,3.27,274.0
KMT-2019-BLG-1216L b,2023,Microlensing,,5.98,8936.7
TOI-1680 b,2023,Transit,4.8026,1.47,121.4
HD 100777 b,2007,Radial Velocity,383.0,13.7,161.6
HD 215497 c,2009,Radial Velocity,566.0,13.0,132.2
Kepler-107 c,2014,Transit,4.9015,1.6,1715.6
K2-3 b,2015,Transit,10.055,2.08,143.7
Kepler-107 b,2014,Transit,3.18,1.54,1715.6
Kepler-122 d,2014,Transit,21.587,2.2,3351.1
HD 167677 b,2023,Radial Velocity,1820.0,13.2,177.2
HD 165131 b,2023,Radial Velocity,2342.6,12.1,187.3
HIP 39017 b,2024,Imaging,31000.0,12.0,216.3
Kepler-415 c,2014,Transit,8.708,2.01,1730.2
omi UMa b,2012,Radial Velocity,1569.8,13.0,179.1
omi CrB b,2012,Radial Velocity,187.01,13.7,276.5
TOI-544 b,2022,Transit,1.5484,2.02,134.1
Teegarden's Star d,2024,Radial Velocity,26.13,0.95,12.5
TOI-782 b,2024,Transit,8.024,2.73,171.3
HD 4732 c,2012,Radial Velocity,3184.2,13.1,178.7
HD 4732 b,2012,Radial Velocity,371.74,13.4,178.7
ome Ser b,2013,Radial Velocity,278.59,14.0,250.3
TOI-2010 b,2023,Transit,141.83,11.81,356.1
TOI-1273 b,2024,Transit,4.6313,11.1,577.7
TOI-904 b,2023,Transit,10.877,2.43,150.3
KMT-2023-BLG-0469L b,2024,Microlensing,,7.04,23059.2
HD 2952 b,2013,Radial Velocity,312.08,13.9,359.1
TOI-2416 b,2023,Transit,8.2755,9.86,1819.1
TOI-2373 b,2023,Transit,13.337,10.42,1659.1
TOI-904 c,2023,Transit,84.0,2.17,150.3
TOI-4860 b,2023,Transit,1.5228,8.7,261.4
TOI-4633 c,2024,Transit,271.94,3.2,310.5
gam Lib b,2018,Radial Velocity,414.88,13.7,154.6
KMT-2021-BLG-1770L b,2023,Microlensing,,12.1,22570.0
OGLE-2019-BLG-1180L b,2023,Microlensing,,13.5,19797.7
HD 47366 b,2016,Radial Velocity,360.08,13.4,275.1
HD 47366 c,2016,Radial Velocity,677.53,13.5,275.1
Kepler-100 e,2023,Radial Velocity,60.889,5.27,993.6
NGTS-27 b,2024,Transit,3.3704,15.65,3072.8
HD 134606 d,2024,Radial Velocity,966.5,7.59,87.4
HATS-2 b,2013,Transit,1.3541,12.58,1115.2
TOI-5398 c,2023,Transit,4.7727,3.52,426.8
HD 134606 f,2024,Radial Velocity,26.915,2.24,87.4
HD 134606 e,2024,Radial Velocity,4.3203,1.33,87.4
TOI-238 c,2024,Radial Velocity,8.4657,2.18,262.7
2MASS J11550485-7919108 b,2024,Imaging,,12.1,329.0
2MASS J21252752-8138278 b,2024,Imaging,,12.4,111.3
Kepler-1513 c,2023,Transit Timing Variations,841.4,11.0,1139.1
HIP 66074 b,2023,Astrometry,310.9,12.9,115.6
HAT-P-19 b,2010,Transit,4.0088,11.3,659.1
Kepler-849 b,2016,Transit,394.63,8.08,2681.4
TOI-1853 b,2023,Transit,1.2436,3.46,538.5
TOI-5126 b,2023,Transit,5.4588,4.74,523.2
Kepler-1513 b,2016,Transit,160.88,8.59,1139.1
HAT-P-51 b,2015,Transit,4.218,13.51,1435.4
Kepler-553 c,2016,Transit,328.24,11.58,2376.1
Kepler-111 c,2014,Transit,224.78,7.08,2143.6
14 And b,2008,Radial Velocity,186.76,13.1,246.0
18 Del b,2008,Radial Velocity,982.85,12.5,248.6
GJ 724 b,2023,Radial Velocity,5.1013,3.27,55.3
KMT-2019-BLG-0335L b,2023,Microlensing,,12.1,25146.6
Kepler-553 b,2016,Transit,4.0305,4.74,2376.1
6 Lyn b,2008,Radial Velocity,919.86,13.4,178.3
4 UMa b,2006,Radial Velocity,270.27,12.6,239.6
TOI-4641 b,2023,Transit,22.093,8.18,281.6
CI Tau c,2024,Radial Velocity,25.2,13.0,515.3
TOI-1994 b,2024,Transit,4.0337,13.67,1681.7
TOI-4515 b,2024,Transit,15.266,12.17,631.1
M62H b,2024,Pulsar Timing,0.13294,,
HD 145457 b,2010,Radial Velocity,176.13,13.2,441.3
HD 167042 b,2007,Radial Velocity,417.67,13.6,162.0
LHS 1678 c,2021,Transit,3.6943,0.94,64.8
HD 173416 b,2008,Radial Velocity,322.03,13.4,431.1
HD 32518 b,2009,Radial Velocity,157.35,13.2,398.3
HS Psc b,2024,Radial Velocity,3.986,13.6,122.8
HD 81688 b,2007,Radial Velocity,183.93,13.5,279.6
kap CrB b,2007,Radial Velocity,1253.7,13.3,98.1
KMT-2021-BLG-1547L b,2023,Microlensing,,13.6,16536.1
TOI-4559 b,2024,Transit,3.966,1.42,103.2
11 Com b,2007,Radial Velocity,323.21,12.2,303.9
nu Oph b,2012,Radial Velocity,529.93,12.0,150.7
TOI-4377 b,2023,Transit,4.3781,15.11,1486.7
KMT-2023-BLG-0416L b,2024,Microlensing,,3.67,19243.2
HD 76920 b,2017,Radial Velocity,415.89,13.1,600.2
75 Cet b,2012,Radial Velocity,696.62,13.3,270.6
LHS 3154 b,2023,Radial Velocity,3.7178,3.69,51.4
TOI-1269 b,2024,Transit,4.253,2.4,561.4
Kepler-23 d,2014,Transit,15.27,2.21,2725.9
TOI-3919 b,2024,Transit,7.4332,12.32,1971.9
TOI-1288 b,2022,Transit,2.6998,4.97,374.6
GJ 238 b,2024,Transit,1.7447,0.57,49.6
Kepler-49 c,2012,Transit,10.91,2.44,1015.1
TOI-5232 b,2024,Transit,4.0967,12.78,1987.6
TOI-1410.01,2024,Transit,1.2169,3.1,237.3
TOI-1386 b,2024,Transit,25.84,6.22,479.0
TOI-6029 b,2024,Transit,5.7987,14.39,1967.1
OGLE-2017-BLG-0448L b,2024,Microlensing,,4.08,24559.5
Kepler-128 c,2013,Transit,22.8,1.52,1292.8
TOI-1451 b,2024,Transit,16.538,2.61,299.9
TIC 4672985 b,2024,Transit,69.048,11.5,826.4
TOI-5218 b,2024,Transit,4.2915,9.86,1231.2
Kepler-305 d,2014,Transit,16.74,2.76,2832.6
TOI-1601 b,2021,Transit,5.3318,14.2,1097.9
TOI-1444 b,2021,Transit,0.47027,1.42,409.2
TOI-1736 b,2023,Transit,7.0731,3.18,290.1
TOI-5634 A b,2024,Transit,2.2035,10.42,998.5
TOI-1683.01,2024,Transit,3.0575,2.64,167.0
TOI-1298 b,2021,Transit,4.5371,9.66,1040.6
TOI-1751 b,2024,Transit,37.469,2.95,369.6
K2-419 A b,2024,Transit,20.358,10.55,876.3
TOI-2095 b,2023,Transit,17.665,1.25,136.7
HIP 97166 b,2021,Transit,10.289,2.48,215.1
TOI-1776 b,2024,Transit,2.7999,1.22,145.6
Kepler-963 c,2024,Transit,0.91978,0.6,2516.3
OGLE-2023-BLG-0836L b,2024,Microlensing,,12.9,16699.2
BD-14 3065 b,2024,Transit,4.289,21.59,1922.4
HIP 97166 c,2021,Radial Velocity,16.432,2.75,215.1
TOI-1794 b,2024,Transit,8.7655,3.3,508.1
2MASS J03590986+2009361 b,2024,Imaging,,12.2,383.0
TOI-663 c,2024,Transit,4.6956,2.26,209.5
TOI-1246 c,2022,Transit,5.9041,2.45,552.6
TOI-1842 b,2021,Transit,9.5739,12.35,728.8
TOI-1824 b,2024,Transit,22.809,2.74,193.8
HIP 77900 b,2024,Imaging,,12.1,492.0
2MASS J11011926-7732383 b,2024,Imaging,,11.9,
SPECULOOS-3 b,2024,Transit,0.71913,0.98,
KMT-2023-BLG-1431L b,2024,Microlensing,,3.76,22178.6
TOI-3071 b,2024,Transit,1.2669,7.16,1582.6
TOI-1246 e,2022,Transit,37.925,3.51,552.6
TOI-2019 b,2024,Transit,15.344,5.33,645.8
TIC 139270665 c,2024,Radial Velocity,1010.0,12.9,619.3
HD 48948 b,2024,Radial Velocity,7.3401,2.06,55.1
HD 93963 A c,2022,Transit,3.6451,3.12,268.6
HD 93963 A b,2022,Transit,1.0376,1.47,268.6
TOI-815 c,2024,Transit,34.976,2.62,194.8
HD 48948 c,2024,Radial Velocity,38.06,2.6,55.1
HD 48948 d,2024,Radial Velocity,151.92,3.24,55.1
HIP 8152 c,2023,Transit,19.606,2.52,331.7
HIP 8152 b,2023,Transit,10.751,2.54,331.7
TOI-1669 b,2023,Radial Velocity,500.0,14.1,362.9
OGLE-2014-BLG-0221L b,2024,Microlensing,,12.9,12002.5
TOI-329 b,2024,Transit,5.7044,4.94,927.5
TOI-480 b,2024,Transit,6.8662,2.85,177.9
TOI-1410 c,2024,Radial Velocity,47.56,5.63,237.3
TOI-757 b,2024,Transit,17.468,2.5,196.8
GJ 900 b,2024,Imaging,,12.4,67.9
TOI-1450 A c,2024,Transit,5.0688,1.13,73.2
TOI-1855 b,2024,Transit,1.3641,18.49,576.8
TOI-3261 b,2024,Transit,0.88313,3.82,978.9
TOI-669 b,2023,Transit,3.9452,2.59,466.0
HD 25463 b,2023,Transit,7.0491,2.55,148.8
HD 73344 b,2024,Transit,15.611,2.88,115.0
TOI-2368 b,2024,Transit,5.175,10.84,687.9
TOI-2107 b,2024,Transit,2.4545,13.57,772.0
TOI-1248 b,2024,Transit,4.3602,6.81,550.3
TOI-837 b,2020,Transit,8.3249,9.17,464.7
SWEEPS-11 b,2006,Transit,1.796,12.67,27723.3
Kepler-24 c,2011,Transit,12.33,2.51,3773.0
Kepler-57 b,2012,Transit,5.72,3.14,2100.9
TOI-3321 b,2024,Transit,3.6525,15.56,932.5
TOI-1744.01,2024,Transit,22.342,2.68,373.1
K2-360 c,2024,Radial Velocity,9.7969,4.02,757.0
WASP-132 b,2016,Transit,7.1335,10.1,400.9
TOI-469.01,2021,Transit,13.631,3.41,222.4
K2-260 b,2018,Transit,2.6267,18.42,2165.1
K2-237 b,2018,Transit,2.1805,16.06,1027.4
TOI-1772.01,2024,Transit,8.0542,2.9,318.8
WASP-132 c,2022,Transit,1.0115,1.84,400.9
BD-17 63 b,2008,Radial Velocity,655.57,12.8,112.4
K2-261 b,2018,Transit,11.633,9.27,695.6
K2-321 b,2020,Transit,2.298,2.05,253.4
TOI-1777.01,2024,Transit,14.65,2.25,260.2
HD 20794 d,2011,Radial Velocity,89.68,2.04,19.6
HD 175167 b,2009,Radial Velocity,1175.0,12.3,231.9
Kepler-289 d,2014,Transit,66.028,3.03,2297.6
Kepler-289 c,2014,Transit,125.87,11.23,2297.6
K2-167 b,2018,Transit,9.9785,2.37,263.9
K2-265 b,2018,Transit,2.369,1.71,452.3
Kepler-289 b,2014,Transit,34.538,2.49,2297.6
KELT-24 b,2019,Transit,5.5515,12.71,314.8
TOI-3568 b,2024,Transit,4.418,5.3,645.5
K2-57 b,2016,Transit,9.0073,2.31,861.7
K2-54 b,2016,Transit,9.7833,2.61,570.6
TOI-4638.01,2024,Transit,10.284,2.93,548.8
TOI-5076 b,2024,Transit,23.443,3.49,270.2
K2-77 b,2016,Transit,8.2001,2.5,462.3
K2-180 b,2018,Transit,8.8657,2.47,665.0
TOI-2458 c,2024,Radial Velocity,16.553,3.18,368.4
K2-97 b,2016,Transit,8.4071,13.45,2865.1
K2-182 b,2018,Transit,4.737,2.71,505.0
Kepler-105 b,2013,Transit,5.4122,2.53,1497.8
TOI-2537 b,2024,Transit,94.102,11.25,603.3
K2-98 b,2016,Transit,10.137,5.07,1691.5
K2-114 b,2017,Transit,11.391,10.59,1551.7
TOI-4994 b,2024,Transit,21.492,8.54,1074.0
Kepler-105 c,2014,Transit,7.1259,1.44,1497.8
TOI-2295 c,2024,Radial Velocity,966.5,12.8,411.9
TOI-5110 b,2024,Transit,30.159,11.98,1279.4
TOI-2537 c,2024,Radial Velocity,1920.0,12.7,603.3
MOA-2008-BLG-310L b,2009,Microlensing,,5.18,25114.0
K2-115 b,2017,Transit,20.273,11.8,1349.0
K2-277 b,2018,Transit,6.3268,2.19,369.0
TOI-406 c,2024,Transit,3.3074,1.32,101.3
TOI-5005 b,2024,Transit,6.3085,6.25,678.0
HD 86728 b,2025,Radial Velocity,31.151,3.03,48.7
KMT-2021-BLG-2609L b,2024,Microlensing,,3.17,24396.5
TOI-5688 A b,2024,Transit,2.9482,10.3,738.1
HD 222237 b,2024,Radial Velocity,14892.0,12.8,37.3
HD 21520 b,2024,Transit,25.129,2.7,258.3
TOI-2768 b,2024,Transit,1.508,2.63,255.9
TOI-1174 b,2024,Transit,8.9535,2.56,308.7
TOI-2981 b,2024,Transit,3.6015,13.4,1721.4
TOI-1180 b,2024,Transit,9.6868,3.07,234.9
OGLE-2016-BLG-1800L b,2024,Microlensing,,13.2,21134.9
TOI-5713 b,2024,Transit,10.442,1.77,133.3
TOI-6002 b,2024,Transit,10.905,1.65,104.5
HD 135694 b,2023,Transit,15.923,2.86,240.9
TOI-1295 b,2024,Transit,3.1969,15.69,1266.2
TOI-6130 b,2024,Transit,2.3927,14.35,720.4
TOI-1437 b,2024,Transit,18.841,2.24,336.9
HD 183579 b,2021,Transit,17.471,3.49,186.8
KMT-2023-BLG-1866L b,2024,Microlensing,,1.43,20254.3
K2-203 b,2018,Transit,9.6952,1.27,541.9
TOI-6651 b,2024,Transit,5.057,5.09,691.9
TOI-1630.01,2024,Transit,12.056,2.42,215.6
TOI-1467 b,2024,Transit,5.9711,1.92,122.1
TOI-1659.01,2024,Transit,5.8776,2.26,399.5
HD 101581 c,2025,Transit,6.204,0.99,41.7
K2-208 b,2018,Transit,4.191,1.67,837.9
TOI-1716.01,2024,Transit,8.0824,3.14,339.7
TOI-6038 A b,2025,Transit,5.8267,6.41,584.3
HIP 116454 b,2014,Transit,9.1004,2.47,203.7
TOI-2420 b,2024,Transit,5.8426,15.02,1419.3
K2-225 b,2018,Transit,15.872,3.61,1166.9
TOI-1739 b,2024,Transit,8.3033,1.95,231.5
HD 73344 d,2025,Radial Velocity,5823.0,13.2,115.0
TOI-2485 b,2024,Transit,11.235,12.14,1297.9
K2-7 b,2015,Transit,28.678,4.04,2408.8
HD 118203 c,2024,Radial Velocity,5103.0,12.4,300.9
TOI-4734 b,2025,Transit,6.2356,10.92,1836.5
TOI-1453 c,2025,Transit,6.5887,2.22,256.8
TOI-3493 b,2025,Transit,8.1595,3.22,315.5
TOI-2969 b,2025,Transit,1.8237,12.33,534.9
TOI-5300 b,2025,Transit,2.2622,9.86,530.0
TOI-4794 b,2025,Transit,3.5658,14.36,1771.1
TOI-2443 b,2023,Transit,15.669,2.36,78.0
OGLE-2016-BLG-0007L b,2025,Microlensing,14200.0,1.09,14024.7
TOI-5340 b,2025,Transit,4.9394,15.08,1737.2
AT2021ueyL b,2025,Microlensing,4168.7,13.6,3392.0
Kepler-10 c,2011,Transit,45.294,2.36,605.0
TOI-2407 b,2025,Transit,2.703,4.26,301.5
TOI-5386 A b,2025,Transit,3.6216,14.71,1286.6
TOI-2015 c,2025,Transit Timing Variations,5.5828,2.93,154.4
TOI-2015 b,2023,Transit,3.3482,3.31,154.4
GJ 3998 b,2016,Radial Velocity,2.6503,1.39,59.2
TOI-1117 b,2025,Transit,2.2282,2.46,546.6
GJ 3998 c,2016,Radial Velocity,13.727,2.5,59.2
TOI-640 b,2021,Transit,5.0038,19.28,1115.4
K2-157 d,2025,Radial Velocity,66.5,5.16,973.2
TOI-1117 c,2025,Radial Velocity,4.579,2.91,546.6
TOI-1117 d,2025,Radial Velocity,8.665,3.27,546.6
Proxima Cen d,2025,Radial Velocity,5.1234,0.69,4.2
Proxima Cen b,2016,Radial Velocity,11.185,1.02,4.2
LP 261-75 b,2006,Imaging,,12.1,110.7
TIC 88785435 b,2025,Transit,10.509,5.03,399.2
TOI-1238 c,2022,Transit,3.2947,2.11,230.6
TOI-1238 b,2022,Transit,0.7646,1.21,230.6
KOI-1843.03,2013,Transit,0.17689,0.61,438.1
TOI-5143 c,2025,Transit,5.2097,16.25,591.6
TOI-1803 b,2025,Transit,6.2933,2.99,388.9
TOI-5882 b,2025,Transit,7.149,11.47,1357.1
TOI-4465 b,2025,Transit,101.94,14.01,395.1
TOI-1478 b,2021,Transit,10.18,11.99,498.7
HIP 67851 b,2015,Radial Velocity,89.23,13.7,209.1
HIP 67851 c,2015,Radial Velocity,3128.4,12.7,209.1
TOI-2346 b,2025,Transit,3.3312,16.12,1426.9
HD 94890 b,2025,Radial Velocity,824.61,13.3,201.2
HD 87816 b,2025,Radial Velocity,484.17,12.7,434.5
TOI-2886 b,2025,Transit,1.602,18.64,1349.2
TOI-2876 b,2025,Transit,6.2996,9.64,736.3
TOI-2986 b,2025,Transit,3.2784,9.29,1836.7
WASP-116 b,2025,Transit,6.6132,13.67,1824.0
HD 102888 b,2025,Radial Velocity,252.06,12.8,412.5
HD 94890 c,2025,Radial Velocity,2492.2,12.5,201.2
TOI-3135 b,2025,Transit,3.7066,13.65,723.0
Gaia-4 b,2025,Astrometry,571.3,12.4,239.7
WASP-188 b,2025,Transit,5.7489,14.82,2202.5
WASP-154 b,2025,Transit,3.8117,10.76,702.9
TIC 434398831 b,2025,Transit,3.6855,3.51,707.8
TOI-3464 b,2025,Transit,3.6516,13.76,1949.7
HR 858 c,2019,Transit,5.9739,1.98,104.3
WASP-197 b,2025,Transit,5.1672,14.45,1577.5
WASP-102 b,2025,Transit,2.7098,14.91,1747.2
TOI-3486 b,2025,Transit,2.2178,10.57,504.6
TOI-2328 b,2025,Transit,17.102,9.98,756.0
TOI-3837 b,2025,Transit,11.889,10.87,1016.6
Gl 410 b,2025,Radial Velocity,6.02,2.83,38.9
HD 219666 b,2018,Transit,6.0345,4.9,307.1
TOI-3682 b,2025,Transit,3.3462,12.8,1318.4
TOI-6628 b,2025,Transit,18.184,10.98,1045.4
Kepler-289 e,2025,Transit,330.07,2.94,2297.6
KMT-2022-BLG-2076L b,2025,Microlensing,,13.9,18166.9
TOI-4214 b,2025,Transit,3.4914,10.68,1131.4
GJ 581 c,2007,Radial Velocity,12.921,2.5,20.5
G 192-15 c,2025,Radial Velocity,1219.0,3.87,31.1
G 268-110 b,2025,Radial Velocity,1.4326,1.13,
TOI-2449 b,2025,Transit,106.14,11.24,511.4
KMT-2024-BLG-2242L b,2025,Microlensing,,3.82,24853.1
GJ 508.2 b,2025,Radial Velocity,5300.0,,54.3
GJ 3512 c,2020,Radial Velocity,2354.0,14.3,30.9
HD 28471 b,2025,Radial Velocity,3.1649,1.75,142.4
HD 28471 c,2025,Radial Velocity,6.1245,2.26,142.4
NGTS-32 b,2025,Transit,3.3121,15.92,2731.4
HD 143811 AB b,2025,Imaging,117000.0,15.69,445.6
AF Lep b,2023,Imaging,8905.0,13.0,87.6
TOI-238 b,2024,Transit,1.2731,1.56,262.7
HD 152843 b,2021,Transit,11.621,3.05,351.9
MOA-2022-BLG-033L b,2025,Microlensing,,3.52,6001.3
HD 28471 d,2025,Radial Velocity,11.681,2.06,142.4
HD 152843 c,2021,Transit,19.502,5.94,351.9
KMT-2023-BLG-1896L b,2025,Microlensing,,4.19,17906.0
KMT-2023-BLG-0119L b,2025,Microlensing,,11.0,17645.0
TOI-6054.02,2024,Transit,12.564,2.82,259.0
WASP-110 b,2021,Transit,3.7784,13.19,896.8
K2-233 d,2018,Transit,24.368,2.36,220.2
K2-233 c,2018,Transit,7.0602,1.27,220.2
BEBOP-4 AB b,2025,Radial Velocity,1823.5,,764.2
2MASS J22501512+2325342 b,2018,Imaging,,11.9,186.7
WASP-4 b,2007,Transit,1.3382,15.12,871.5
Kepler-391 b,2014,Transit,7.4175,2.5,2835.1
GJ 251 b,2020,Radial Velocity,14.237,1.79,18.2
TOI-1438 b,2025,Transit,5.1397,3.04,360.4
GJ 536 c,2025,Radial Velocity,32.761,2.3,34.0
TOI-1438 c,2025,Transit,9.4281,2.75,360.4
Kepler-391 c,2014,Transit,20.501,2.88,2835.1
TOI-756 b,2025,Transit,1.2392,2.81,281.1
TOI-756 c,2025,Radial Velocity,149.4,13.0,281.1
HD 224018 d,2025,Transit,138.07,2.4,344.0
TOI-2141 c,2025,Radial Velocity,5.4624,2.35,253.4
TOI-6448 b,2025,Transit,14.844,8.47,1261.8
K2-214 b,2018,Transit,8.5966,2.51,980.6
51 Eri b,2015,Imaging,9100.0,,97.1
TOI-1203.01,2021,Transit,25.503,2.92,212.0
TOI-2093 c,2025,Transit,53.811,2.3,270.1
KMT-2024-BLG-1209L b,2025,Microlensing,,13.2,12817.9
HD 135344 A b,2025,Imaging,,16.25,461.8
K2-10 b,2015,Transit,19.306,3.77,888.3
TOI-1203 b,2025,Radial Velocity,4.1573,1.52,212.0
TOI-1203 c,2025,Radial Velocity,13.077,2.2,212.0
HIP 18606 b,2025,Radial Velocity,674.94,14.0,153.4
HIP 111909 c,2025,Radial Velocity,893.63,13.9,287.3
TIC 257060897 b,2021,Transit,3.66,17.26,1649.4
OGLE-2016-BLG-1266L b,2018,Microlensing,,12.4,10045.6
BD+37 3172 b,2023,Radial Velocity,1887.8,12.4,1481.6
TOI-654.01,2024,Transit,1.5276,2.38,188.4
K2-37 b,2016,Transit,4.4434,1.39,586.9
K2-37 d,2016,Transit,14.092,2.31,586.9
K2-55 b,2016,Transit,2.8493,4.43,520.3
TOI-5261 b,2025,Transit,4.151,11.6,1229.8
TOI-4773 b,2025,Transit,1.7453,15.22,1607.6
BD+42 2315 b,2023,Radial Velocity,123.05,14.2,1991.9
Ross 176 b,2025,Transit,5.0066,1.84,151.5
K2-62 c,2016,Transit,16.197,1.99,366.8
K2-61 b,2016,Transit,2.5734,1.92,1323.3
TOI-6420 b,2025,Transit,6.9615,11.94,2070.2
TOI-5350 b,2025,Transit,7.5814,12.42,904.8
TOI-5817 b,2025,Transit,15.61,3.08,263.4
K2-73 b,2016,Transit,7.4956,2.58,878.0
TOI-5799 b,2024,Transit,4.1645,1.73,90.7
TOI-1346 b,2025,Transit,1.7623,2.39,376.5
TOI-1346 c,2025,Transit,5.5026,2.23,376.5
K2-105 b,2017,Transit,8.2673,3.4,645.8
TOI-5799 c,2025,Transit,14.01,1.76,90.7
TOI-6223 b,2025,Transit,3.8552,5.07,434.2
KOI-351 g,2013,Transit,210.74,7.72,2766.6
HD 63433 c,2020,Transit,20.544,2.69,73.1
HD 17156 b,2007,Radial Velocity,21.216,12.26,254.7
TOI-6000 b,2025,Transit,0.44896,0.94,247.1
K2-189 c,2018,Transit,6.6793,2.31,789.7
KMT-2024-BLG-0404L b,2025,Microlensing,,11.9,23515.8
KMT-2024-BLG-1281L b,2025,Microlensing,,4.59,23418.0
GJ 317 b,2007,Radial Velocity,695.69,13.3,49.6
TOI-6303 b,2025,Transit,9.4852,11.59,496.5
LHS 1903 d,2026,Transit,12.566,2.5,116.4
LHS 1903 e,2026,Transit,29.318,1.73,116.4
WASP-120 b,2016,Transit,3.6113,15.58,1243.2
WASP-140 b,2016,Transit,2.236,14.24,383.6
HD 85426 c,2026,Radial Velocity,35.73,3.19,176.0
TOI-1774.01,2021,Transit,16.71,2.78,176.0
HD 176986 b,2017,Radial Velocity,6.4916,,90.6
KOINTREAU-3 b,2026,Imaging,,13.1,458.5
PDS 70 b,2018,Imaging,43500.0,21.97,368.8
HD 176986 d,2026,Radial Velocity,61.376,2.49,90.6
TOI-6692 b,2026,Transit,131.12,11.68,1020.6
TOI-4342 b,2023,Transit,5.5383,2.33,200.7
PDS 70 c,2019,Imaging,,22.19,368.8
V2376 Ori b,2025,Imaging,,87.21,
TOI-5489 b,2025,Transit,3.1522,1.4,147.1
HD 208487 b,2004,Radial Velocity,129.36,14.3,147.2
HD 181433 b,2008,Radial Velocity,9.3745,,87.7
TOI-1135 b,2024,Transit,8.0277,9.92,372.0
TOI-5716 b,2025,Transit,6.7663,0.96,128.5
HD 181433 d,2008,Radial Velocity,6896.1,13.2,87.7
HD 181433 c,2008,Radial Velocity,1018.5,,87.7
DMPP-1 b,2019,Radial Velocity,17.812,4.26,204.0
HD 202206 b,2026,Radial Velocity,256.26,12.1,149.9
TOI-4940 b,2025,Transit,25.868,6.61,1127.4
TOI-5734 b,2026,Transit,6.1842,2.1,106.0
GJ 480 b,2020,Radial Velocity,9.5536,2.91,46.4
DMPP-1 d,2019,Radial Velocity,3.1417,2.02,204.0
DMPP-2 b,2019,Radial Velocity,5.203,14.2,449.9
K2-19 d,2016,Transit,2.5083,1.04,945.3
NGTS-35 b,2025,Transit,25.241,10.9,597.1
TOI-2267 c,2025,Transit,3.495,1.14,73.5
TOI-2267 b,2025,Transit,2.2891,1.0,73.5
HD 39194 c,2021,Radial Velocity,14.031,2.65,86.1
DMPP-3 A b,2019,Radial Velocity,5.59,1.44,152.9
TOI-5007 b,2026,Transit,2.5434,11.07,663.2
TOI-7166 b,2025,Transit,12.921,2.01,115.5
TOI-375 b,2026,Transit,9.4547,10.77,1292.3
TOI-5422 b,2026,Transit,5.3772,9.1,1129.0
HD 28185 b,2001,Radial Velocity,385.92,12.8,128.4
XO-3 b,2007,Transit,3.1915,14.8,694.9
DMPP-6 c,2026,Radial Velocity,36.441,3.74,178.2
TOI-7510 b,2025,Transit,11.531,7.31,812.1
TOI-5788 c,2026,Transit,16.213,2.27,318.4
TOI-5788 b,2026,Transit,6.3408,1.53,318.4
DMPP-9 b,2026,Radial Velocity,12.733,3.89,357.3
HD 72659 c,2022,Radial Velocity,35500.0,12.1,169.3
KMT-2020-BLG-0202L b,2026,Microlensing,,12.4,12524.4
KMT-2022-BLG-1551L b,2026,Microlensing,,13.2,22504.8
HD 95338 b,2020,Radial Velocity,55.083,4.27,120.7
KMT-2022-BLG-1818L b,2026,Microlensing,,13.0,17286.3
TOI-1243 b,2026,Transit,4.6595,2.33,140.9
TOI-5938 b,2026,Transit,2.2604,3.82,371.9
TOI-7009 b,2026,Transit,2.3207,3.71,600.5
KMT-2025-BLG-0121L b,2026,Microlensing,,12.6,20221.7
HD 28109 b,2022,Transit,22.891,2.69,455.3
TOI-5388.01,2024,Transit,2.5947,0.99,60.4
KMT-2024-BLG-2087L b,2026,Microlensing,,12.9,23450.6
HD 100508 b,2026,Radial Velocity,5681.0,13.7,106.8
HD 114386 c,2026,Radial Velocity,444.0,13.4,91.1
HD 28109 d,2022,Transit,84.29,3.11,455.3
KMT-2020-BLG-0414L b,2021,Microlensing,,1.2,3979.1
TOI-6716 b,2026,Transit,4.7186,0.98,61.6
HD 154345 b,2006,Radial Velocity,3280.0,13.7,59.6
HD 217107 b,1998,Radial Velocity,7.127,13.6,65.4
TOI-1472 b,2024,Transit,6.3634,4.06,397.4
TOI-1648 b,2025,Transit,7.3316,2.54,227.8
HD 164604 b,2009,Radial Velocity,653.9,12.3,128.4
HD 164604 c,2026,Radial Velocity,5387.0,12.5,128.4
HIP 54515 b,2026,Imaging,33000.0,12.2,270.1
TOI-1518 b,2021,Transit,1.9026,21.05,736.7
GJ 4274 b,2026,Radial Velocity,1.6339,1.53,23.6
LHS 1903 b,2026,Transit,2.1555,1.38,116.4
LHS 1903 c,2026,Transit,6.2262,2.05,116.4
TOI-1080 b,2026,Transit,3.9652,1.2,83.4
TOI-2145 b,2023,Transit,10.261,12.24,733.0
TIC 231949697 b,2026,Transit,0.9072,1.53,163.9
CWISEP J193518.59-154620.3 b,2025,Imaging,,12.2,47.1
HD 202772 A b,2019,Transit,3.3089,18.24,526.7
TOI-4588 b,2026,Transit,13.119,2.93,734.4
TOI-4513 b,2026,Transit,9.7604,2.35,334.7
TIC 24750448 b,2026,Transit,3.5916,2.44,581.0
TOI-4127 b,2023,Transit,56.399,12.07,1042.5
TOI-697 b,2026,Transit,8.6079,2.36,305.8
TOI-4561 b,2026,Transit,8.9355,1.78,583.8
TIC 24750448 c,2026,Transit,10.144,3.09,581.0
GJ 1137 c,2026,Radial Velocity,9.6412,2.11,93.0
TIC 87422071 b,2026,Transit,11.365,10.86,1254.9
TOI-883 b,2026,Transit,10.058,7.17,334.8
TOI-4640 b,2026,Transit,2.6857,2.84,799.4
TIC 38828280 b,2026,Transit,4.8556,2.63,934.2
TIC 147027702 b,2026,Transit,44.405,10.93,1491.1
TIC 245076932 b,2026,Transit,21.614,10.87,991.4
TOI-921 b,2026,Transit,5.1287,3.53,958.9
TOI-4930 b,2026,Transit,6.7813,6.93,1349.5
TIC 62895484 b,2026,Transit,2.8399,3.49,961.7
TOI-941 b,2026,Transit,8.5146,6.51,859.0
TOI-5159 b,2026,Transit,5.8364,1.55,180.0
TIC 86380416 b,2026,Transit,6.0409,2.41,798.0
K2-19 b,2015,Transit,7.9193,7.0,945.3
TOI-5335 b,2026,Transit,3.6137,4.02,1080.5
TIC 88692598 b,2026,Transit,2.6491,1.81,239.8
TOI-1752 b,2026,Transit,0.93519,1.69,336.0
TOI-1269 c,2026,Transit,9.2379,2.23,561.4
TOI-5486 b,2026,Transit,2.0247,3.97,292.5
TIC 139702105 b,2026,Transit,6.836,2.45,299.4
TOI-5624 c,2026,Transit,7.8854,2.47,332.4
TOI-1718 b,2026,Transit,5.587,4.11,170.6
TOI-5532 b,2026,Transit,5.654,2.53,296.8
TIC 161045582 b,2026,Transit,8.8558,2.25,529.2
TOI-1232 c,2026,Transit Timing Variations,30.356,8.88,1071.8
TOI-1732 b,2026,Transit,4.1192,2.5,243.8
TOI-5605 b,2026,Transit,5.9134,2.53,310.1
TOI-1756 b,2026,Transit,2.783,1.94,282.8
TOI-5630 b,2026,Transit,3.2212,2.37,437.2
TIC 206466666 b,2026,Transit,9.1049,2.15,416.9
TOI-198 b,2023,Transit,10.215,1.36,77.4
KMT-2024-BLG-2005L b,2026,Microlensing,,8.18,25179.2
gam Cep b,2003,Radial Velocity,904.0,12.5,46.0
HD 7449 b,2011,Radial Velocity,1270.6,12.6,126.1
WASP-104 b,2014,Transit,1.7554,12.74,606.4
WASP-74 b,2015,Transit,2.1378,15.24,486.7
HATS-34 b,2016,Transit,2.1062,14.37,1659.6
TOI-3894 b,2024,Transit,4.3345,15.28,1361.3
TOI-5301 b,2024,Transit,5.8589,13.09,2052.0
NGTS-33 b,2024,Transit,2.828,18.38,1428.1
KMT-2023-BLG-1118L b,2026,Microlensing,,9.6,23483.2
TOI-5926 b,2026,Transit,3.8112,7.57,897.3
TIC 290487717 b,2026,Transit,3.4008,6.64,1290.2
TOI-672 b,2023,Transit,3.6336,5.31,218.2
TOI-2071 b,2026,Transit,5.674,2.56,754.4
TOI-4156 c,2026,Transit,12.823,2.92,697.1
TIC 356227008 b,2026,Transit,2.9615,2.39,1264.2
TOI-2518 b,2026,Transit,6.898,2.27,524.5
TOI-6393 b,2026,Transit,9.5318,2.76,607.4
EPIC 220674823 b,2016,Transit,0.57131,1.61,797.7
EPIC 220674823 c,2016,Transit,13.341,2.71,797.7
TOI-2654 b,2026,Transit,2.9676,7.94,812.0
TOI-6699 b,2026,Transit,5.3201,2.33,280.0
K2-111 c,2020,Radial Velocity,15.675,3.34,653.6
TOI-4156 b,2026,Transit,4.4619,2.54,697.1
TOI-7333 b,2026,Transit,6.2645,2.09,512.8
rho CrB e,2023,Radial Velocity,12.904,1.75,57.0
MOA-2007-BLG-192L b,2008,Microlensing,,3.58,7045.0
K2-79 b,2016,Transit,10.995,4.15,835.0
K2-111 b,2017,Transit,5.3519,1.84,653.6
TOI-4363 b,2026,Transit,2.1187,1.77,253.7
HD 5388 b,2010,Radial Velocity,772.5,13.1,173.1
Kepler-79 b,2012,Transit,13.485,3.51,3329.1
Kepler-79 c,2012,Transit,27.403,3.76,3329.1
HD 16760 b,2009,Radial Velocity,466.08,12.1,163.7
TOI-3457 b,2026,Transit,32.6,10.64,1208.9
TOI-6884 b,2026,Transit,4.8083,10.39,1834.2
TOI-4602.01,2024,Transit,3.9813,2.45,205.7
TOI-791 b,2026,Transit,139.3,11.13,1112.9
eps Eri b,2000,Radial Velocity,2680.0,13.8,10.4
TOI-791 c,2026,Transit,232.02,12.95,1112.9
HD 190360 b,2003,Radial Velocity,2887.5,13.5,52.2
HD 190360 c,2005,Radial Velocity,17.116,5.53,52.2
HD 190360 d,2026,Radial Velocity,88.69,3.48,52.2
TOI-3664 b,2026,Transit,3.2975,13.7,1515.8
TOI-4034 b,2026,Transit,1.8021,17.71,2430.3
HD 126105 b,2026,Radial Velocity,524.0,13.5,270.3
TIC 52059926 b,2026,Transit,175.53,10.71,706.4
TOI-4427 b,2026,Transit,4.6183,13.09,646.6
TOI-2049 b,2026,Transit,5.3035,16.65,1863.9
TOI-4458 b,2026,Transit,3.9394,12.41,1648.5
TOI-159 b,2026,Transit,3.7628,18.18,1133.7
COCONUTS-2 b,2021,Imaging,402000000.0,12.58,35.5
HD 30177 c,2016,Radial Velocity,11320.0,12.9,181.3
TOI-1710 b,2022,Transit,24.283,5.06,264.9
K2-370 b,2022,Transit,2.1408,2.67,470.3
HIP 8923 b,2026,Radial Velocity,5160.0,12.5,215.2
TOI-201 c,2025,Transit Timing Variations,2890.0,10.4,371.2
KMT-2023-BLG-0332L b,2026,Microlensing,,12.0,21200.1
XO-2 S d,2024,Radial Velocity,4696.0,13.0,493.8
TOI-237 c,2026,Transit,1.7449,1.21,124.2
bet Pic b,2008,Imaging,8682.0,18.49,64.4
bet Pic c,2019,Radial Velocity,1202.0,12.5,64.4
bet Pic d,2026,Imaging,33200.0,14.12,64.4
Kepler-484 b,2016,Transit,10.046,2.28,1246.4
Kepler-758 c,2016,Transit,4.7579,1.69,4899.9
TOI-4311 b,2026,Transit,0.99027,1.38,440.3
TOI-2147 b,2026,Transit,26.205,10.5,920.1
TOI-6019 b,2026,Transit,14.548,12.3,849.1
Kepler-929 b,2016,Transit,0.92103,1.11,4276.7
Kepler-1767 b,2021,Transit,59.658,3.01,2676.1
Kepler-223 e,2014,Transit,19.726,4.6,6065.6
Kepler-1127 b,2016,Transit,5.1233,1.96,2747.7
Kepler-1793 b,2021,Transit,8.78,3.79,3880.9
HD 141937 b,2002,Radial Velocity,662.37,12.4,108.8
Kepler-1367 b,2016,Transit,1.5741,0.92,1309.5
Kepler-1900 b,2021,Transit,2.9862,1.62,5024.2
Kepler-1364 b,2016,Transit,13.322,2.15,3447.1
Kepler-482 b,2016,Transit,56.354,2.36,1021.1
Kepler-1646 b,2016,Transit,4.4856,1.23,416.1
HD 6718 b,2009,Radial Velocity,2476.0,13.3,167.5
Kepler-32 c,2011,Transit,8.7522,2.0,1056.2
K2-177 b,2018,Transit,14.155,2.12,1605.2
Kepler-259 c,2014,Transit,36.925,2.7,3268.5
K2-183 b,2018,Transit,0.46929,1.1,1073.2
Kepler-222 d,2014,Transit,28.082,3.69,2475.0
Kepler-165 c,2014,Transit,15.313,2.23,1829.4
K2-263 b,2018,Transit,50.819,2.51,529.9
Kepler-166 d,2016,Transit,1.554,1.73,1968.4
Kepler-52 b,2012,Transit,7.8774,2.1,1048.7
K2-186 b,2018,Transit,41.474,3.17,1078.7
K2-195 c,2018,Transit,28.483,2.58,1027.4
K2-187 e,2018,Transit,13.607,1.9,1079.3
K2-187 c,2018,Transit,2.8715,1.4,1079.3
K2-189 b,2018,Transit,2.5881,1.4,789.7
K2-280 b,2018,Transit,19.895,7.5,1277.0
K2-381 c,2022,Transit,16.035,2.0,475.2
Kepler-229 b,2014,Transit,6.253,2.2,2694.9
K2-222 b,2018,Transit,15.389,2.28,330.5
K2-220 b,2018,Transit,13.682,2.37,761.6
Kepler-491 b,2016,Transit,4.2254,8.92,2057.3
Kepler-197 b,2014,Transit,5.5993,1.02,1078.2
Kepler-216 b,2014,Transit,7.6936,2.35,3873.0
K2-176 b,2018,Transit,5.3294,1.49,806.6
Kepler-1732 b,2021,Transit,32.312,4.1,4205.5
14 Her b,2002,Radial Velocity,1766.4,12.5,58.5
16 Cyg B b,1996,Radial Velocity,798.5,13.5,68.9
K2-368 d,2022,Transit,20.201,1.95,673.9
Kepler-261 b,2014,Transit,10.381,2.18,1035.5
1RXS J160929.1-210524 b,2008,Imaging,,18.65,453.8
CoRoT-4 b,2008,Transit,9.202,13.34,2369.2
K2-224 c,2018,Transit,10.095,2.41,897.8
K2-368 c,2022,Transit,9.6602,1.36,673.9
24 Sex c,2010,Radial Velocity,883.0,13.9,235.1
CoRoT-7 b,2009,Transit,0.85359,1.68,521.5
K2-226 b,2018,Transit,3.2711,1.54,689.1
K2-227 b,2018,Transit,13.622,1.67,610.7
2MASS J12073346-3932539 b,2004,Imaging,,15.69,209.7
CoRoT-7 c,2009,Radial Velocity,3.698,2.83,521.5
eps Tau b,2006,Radial Velocity,585.82,12.7,155.0
gam1 Leo b,2009,Radial Velocity,428.5,12.5,130.1
K2-229 b,2018,Transit,0.58422,1.0,334.5
Kepler-752 b,2016,Transit,18.827,2.81,4019.2
CoRoT-9 b,2009,Transit,95.273,11.95,1347.0
K2-343 b,2021,Transit,2.7872,1.65,542.0
51 Peg b,1995,Radial Velocity,4.2308,14.1,50.4
K2-331 c,2021,Transit,22.997,2.72,689.6
EPIC 212624936 c,2021,Transit,11.811,2.3,1832.8
K2-334 b,2021,Transit,5.114,5.65,1212.7
K2-379 b,2022,Transit,8.7772,2.18,594.3
61 Vir d,2009,Radial Velocity,123.01,5.11,27.7
K2-202 b,2018,Transit,3.4052,2.3,979.8
K2-343 c,2021,Transit,7.677,2.02,542.0
K2-342 b,2021,Transit,11.561,2.03,679.6
Kepler-260 b,2014,Transit,8.1874,2.01,2046.2
K2-381 d,2022,Transit,26.803,1.69,475.2
K2-381 b,2022,Transit,7.9389,1.08,475.2
K2-348 b,2021,Transit,4.6884,3.26,658.4
K2-384 d,2022,Transit,6.6796,1.39,269.6
81 Cet b,2008,Radial Velocity,1005.6,13.1,330.3
K2-352 c,2021,Transit,8.2349,1.92,574.2
K2-384 c,2022,Transit,4.1948,1.19,269.6
BD+14 4559 b,2009,Radial Velocity,268.94,13.8,161.0
K2-204 b,2018,Transit,7.0559,3.17,1882.7
Kepler-1736 b,2021,Transit,37.81,3.88,4664.0
K2-205 b,2018,Transit,26.672,2.0,1321.9
Kepler-8 b,2010,Transit,3.5225,15.87,3332.9
K2-209 b,2018,Transit,2.0806,0.87,249.5
Kepler-745 b,2016,Transit,9.9314,2.16,5806.8
K2-211 b,2018,Transit,0.66956,1.33,888.1
Kepler-262 c,2014,Transit,21.854,1.64,1999.8
Kepler-119 b,2014,Transit,2.4221,3.6,2289.6
K2-394 b,2022,Transit,5.0957,1.69,319.7
CoRoT-19 b,2011,Transit,3.8971,14.46,2578.8
Kepler-748 b,2016,Transit,7.4074,2.52,5564.2
HD 113538 b,2010,Radial Velocity,663.2,13.2,53.1
Kepler-112 b,2014,Transit,8.4089,2.36,1673.9
HD 114386 b,2003,Radial Velocity,937.7,13.6,91.1
HD 136418 b,2009,Radial Velocity,464.3,13.3,343.0
GJ 676 A b,2010,Radial Velocity,1051.4,12.8,52.3
HAT-P-31 b,2011,Transit,5.0054,12.22,1122.1
HD 11506 b,2007,Radial Velocity,1617.7,12.9,167.2
HD 11506 c,2008,Radial Velocity,223.92,14.0,167.2
GJ 581 e,2009,Radial Velocity,3.1481,1.38,20.5
HAT-P-35 b,2011,Transit,3.6467,14.93,1653.5
HD 116029 b,2011,Radial Velocity,670.0,13.6,402.0
HD 142245 b,2011,Radial Velocity,1299.0,13.1,317.1
GJ 876 b,1998,Radial Velocity,61.117,13.3,15.2
HD 118203 b,2005,Radial Velocity,6.135,12.78,300.9
HD 142 b,2001,Radial Velocity,351.43,12.7,85.4
GJ 876 d,2005,Radial Velocity,1.9378,2.51,15.2
HD 125595 b,2011,Radial Velocity,9.6737,,92.0
GQ Lup b,2004,Imaging,,33.6,493.0
GJ 876 e,2010,Radial Velocity,124.26,3.92,15.2
HD 100655 b,2011,Radial Velocity,157.57,13.5,447.4
Kepler-744 b,2016,Transit,12.062,1.62,1467.6
HD 10180 f,2010,Radial Velocity,122.74,5.24,127.1
HD 126614 b,2009,Radial Velocity,1257.3,12.7,238.4
HD 10180 g,2010,Radial Velocity,604.67,,127.1
HD 12661 b,2000,Radial Velocity,262.71,13.3,123.4
HAT-P-15 b,2010,Transit,10.864,11.88,627.9
HAT-P-16 b,2010,Transit,2.776,14.68,739.2
Kepler-764 b,2016,Transit,7.3368,1.64,3417.6
Kepler-123 b,2014,Transit,17.232,2.94,3332.2
HD 104985 b,2003,Radial Velocity,199.68,12.8,328.0
HD 104067 b,2011,Radial Velocity,55.851,9.2,66.4
HD 13189 b,2005,Radial Velocity,471.6,12.4,1623.7
HD 106252 b,2002,Radial Velocity,1535.0,12.5,124.5
HD 132406 b,2007,Radial Velocity,908.0,12.8,230.9
HD 108874 c,2005,Radial Velocity,1624.0,13.8,194.1
HD 10647 b,2006,Radial Velocity,989.2,13.8,56.5
HD 134060 b,2019,Radial Velocity,3.2696,3.16,78.3
HAT-P-21 b,2010,Transit,4.1245,12.44,904.4
HD 215152 b,2018,Radial Velocity,5.76,,70.4
HD 37124 c,2002,Radial Velocity,885.5,14.1,103.3
HD 159868 b,2006,Radial Velocity,1184.1,13.3,182.2
HD 187085 b,2006,Radial Velocity,1019.7,13.9,149.7
HD 216437 b,2002,Radial Velocity,1359.0,13.0,87.1
HD 187123 c,2008,Radial Velocity,3810.0,13.2,149.9
HD 216770 b,2003,Radial Velocity,118.45,14.1,119.6
HD 18742 b,2011,Radial Velocity,766.0,13.1,530.6
HD 21693 c,2019,Radial Velocity,53.736,4.34,108.5
HD 162020 b,2002,Radial Velocity,8.4282,12.5,100.5
HD 190647 b,2007,Radial Velocity,1176.5,13.4,177.7
HD 190984 b,2009,Radial Velocity,4885.0,13.0,483.3
HD 192263 b,1999,Radial Velocity,24.356,14.2,64.0
HD 217786 b,2011,Radial Velocity,1301.4,12.3,181.0
HD 217107 c,2005,Radial Velocity,5138.7,12.9,65.4
HD 41004 B b,2003,Radial Velocity,1.3283,12.1,135.5
HD 163607 c,2012,Radial Velocity,1272.0,13.3,221.1
HD 192310 c,2011,Radial Velocity,525.8,5.25,28.7
HD 4208 b,2001,Radial Velocity,832.97,13.9,111.5
HD 164922 b,2005,Radial Velocity,1207.0,13.3,71.8
HD 197037 b,2012,Radial Velocity,1035.7,13.9,108.3
HD 4308 b,2005,Radial Velocity,15.56,4.12,71.8
Kepler-272 c,2014,Transit,6.0573,1.79,2901.5
HD 4313 b,2009,Radial Velocity,356.21,13.4,444.6
HD 168746 b,2002,Radial Velocity,6.404,11.1,135.6
HD 148156 b,2009,Radial Velocity,1027.0,13.9,186.3
HD 17092 b,2007,Radial Velocity,359.9,12.5,745.0
HD 27894 b,2005,Radial Velocity,18.019,14.1,142.9
HD 28254 b,2010,Radial Velocity,1333.0,13.0,180.3
HD 148427 b,2009,Radial Velocity,331.9,13.7,232.7
HD 171028 b,2007,Radial Velocity,550.0,13.2,364.2
HD 204313 c,2015,Radial Velocity,34.959,4.31,155.9
HD 30177 b,2002,Radial Velocity,2539.0,12.6,181.3
HD 290327 b,2009,Radial Velocity,2443.0,13.3,184.1
HD 152581 b,2011,Radial Velocity,686.5,13.4,540.6
HD 177830 b,1999,Radial Velocity,410.1,13.5,204.7
HD 20794 b,2011,Radial Velocity,18.314,1.45,19.6
HD 31253 b,2010,Radial Velocity,466.0,14.1,189.6
HD 178911 B b,2001,Radial Velocity,71.484,12.6,133.6
HD 155358 b,2007,Radial Velocity,194.3,13.8,142.3
HD 154857 b,2004,Radial Velocity,408.6,13.3,206.9
HD 155358 c,2007,Radial Velocity,391.9,13.9,142.3
HD 210702 b,2007,Radial Velocity,355.5,13.6,176.8
HD 3651 b,2003,Radial Velocity,62.25,10.1,36.3
HD 156668 b,2010,Radial Velocity,4.6455,1.87,79.4
HD 156411 b,2009,Radial Velocity,842.2,14.0,185.5
HD 183263 b,2004,Radial Velocity,624.87,13.1,176.8
HD 63454 b,2005,Radial Velocity,2.818,12.31,122.9
HD 89307 b,2009,Radial Velocity,2166.0,13.4,104.4
rho CrB b,1997,Radial Velocity,39.849,13.7,57.0
HD 66428 b,2005,Radial Velocity,2269.8,12.4,173.8
HD 93083 b,2005,Radial Velocity,144.72,14.3,93.0
HD 69830 b,2006,Radial Velocity,8.667,3.17,41.0
TrES-3 b,2007,Transit,1.3062,14.98,754.5
WASP-50 b,2011,Transit,1.9551,13.07,602.9
HD 69830 d,2006,Radial Velocity,197.0,4.45,41.0
HD 96127 b,2011,Radial Velocity,638.9,13.0,1916.7
HD 70573 b,2007,Radial Velocity,851.8,12.8,193.0
HD 97658 b,2010,Radial Velocity,9.4897,2.12,70.3
V0391 Peg b,2007,Pulsation Timing Variations,1170.0,13.1,3900.8
WASP-8 b,2010,Transit,8.1587,12.67,293.4
WASP-10 b,2008,Transit,3.0928,12.11,459.9
XO-2 N b,2007,Transit,2.6159,11.13,503.2
HD 74156 b,2003,Radial Velocity,51.636,13.5,187.9
HD 99706 b,2011,Radial Velocity,841.0,13.7,478.1
HIP 12961 b,2010,Radial Velocity,57.435,13.2,76.2
HD 45184 b,2019,Radial Velocity,5.8854,3.52,71.6
WASP-16 b,2009,Transit,3.1186,13.67,633.2
HD 45364 b,2008,Radial Velocity,225.79,9.03,112.0
HD 75898 b,2007,Radial Velocity,422.82,13.2,254.6
HD 7924 b,2008,Radial Velocity,5.3979,,55.4
Kepler-746 b,2016,Transit,3.4816,1.11,1467.7
HD 79498 b,2011,Radial Velocity,1807.0,13.6,159.6
HD 48265 b,2008,Radial Velocity,778.51,12.6,295.3
HD 49674 b,2002,Radial Velocity,4.9474,6.2,140.4
HIP 57274 c,2011,Radial Velocity,32.03,14.2,84.3
HD 52265 b,2000,Radial Velocity,119.27,13.7,97.8
HR 8799 e,2010,Imaging,20816.0,13.11,134.5
HD 5891 b,2011,Radial Velocity,177.11,12.6,924.7
HD 85390 b,2011,Radial Velocity,799.52,6.16,109.3
xi Aql b,2007,Radial Velocity,136.97,13.4,183.3
WASP-35 b,2011,Transit,3.1616,14.57,659.5
TOI-1408 b,2023,Transit,4.4259,25.0,454.9
TOI-2524 b,2023,Transit,7.1859,11.21,1431.3
HD 219415 b,2012,Radial Velocity,2093.3,13.8,538.8
WD 0806-661 b,2011,Imaging,,12.11,62.8
WASP-99 b,2014,Transit,5.7525,11.43,517.5
HD 32963 b,2015,Radial Velocity,2372.0,13.4,124.2
K2-133 b,2017,Transit,3.0713,1.34,245.2
HATS-53 b,2017,Transit,3.8538,15.02,1910.5
Kepler-286 b,2014,Transit,1.7963,1.24,4001.4
TOI-283 b,2025,Transit,17.617,2.34,269.7
Kepler-69 b,2013,Transit,13.722,2.24,2383.0
HD 169830 b,2000,Radial Velocity,225.67,13.2,122.7
HD 192699 b,2007,Radial Velocity,340.94,13.4,234.4
Pr0211 b,2012,Radial Velocity,2.1461,13.4,595.9
HATS-3 b,2013,Transit,3.5479,15.48,1341.2
HD 33844 c,2015,Radial Velocity,916.0,13.5,345.0
HATS-29 b,2016,Transit,4.6059,14.02,1154.2
K2-138 b,2017,Transit,2.3531,1.51,660.7
gam Lib c,2018,Radial Velocity,966.49,12.8,154.6
TOI-406.01,2024,Transit,13.176,2.08,101.3
Kepler-282 d,2013,Transit,24.806,2.46,4362.7
TOI-663 b,2024,Transit,2.5989,2.27,209.5
Kepler-283 b,2014,Transit,11.008,2.13,1526.7
HD 195019 b,1998,Radial Velocity,18.201,13.0,122.9
BD-06 1339 c,2013,Radial Velocity,125.94,8.38,66.1
CoRoT-25 b,2013,Transit,4.8607,12.11,3599.1
HD 564 b,2014,Radial Velocity,492.3,12.5,166.9
HATS-45 b,2018,Transit,4.1876,14.41,2518.3
Kepler-421 b,2014,Transit,704.2,4.16,1136.8
TOI-663 d,2024,Transit,7.1027,1.92,209.5
TOI-1443 b,2024,Transit,23.541,2.3,279.9
HAT-P-41 b,2012,Transit,2.694,22.98,1135.6
HD 5608 b,2012,Radial Velocity,768.7,13.7,189.5
HD 13908 b,2013,Radial Velocity,19.382,13.9,259.5
HD 108341 b,2014,Radial Velocity,1129.0,13.3,159.5
KELT-12 b,2017,Transit,5.0316,19.95,1200.4
HD 34445 f,2017,Radial Velocity,676.8,6.88,150.3
HD 34445 e,2017,Radial Velocity,49.175,4.26,150.3
KELT-19 A b,2017,Transit,4.6117,21.41,979.4
KOI-1257 b,2014,Transit,86.648,10.54,2139.6
TOI-1226 b,2026,Transit,3.9288,2.41,841.3
K2-219 d,2018,Transit,11.137,2.58,1061.3
HD 216435 b,2002,Radial Velocity,1311.0,13.7,107.6
HD 23079 b,2001,Radial Velocity,735.74,13.2,109.1
BD+49 828 b,2015,Radial Velocity,2590.0,13.5,1441.7
HD 20794 e,2017,Radial Velocity,147.02,2.03,19.6
K2-239 b,2018,Transit,5.24,1.1,101.4
TOI-880.02,2024,Transit,2.5757,2.19,197.9
TOI-1232 b,2026,Transit,14.256,10.93,1071.8
WASP-71 b,2012,Transit,2.9037,13.23,1183.0
HD 159243 c,2013,Radial Velocity,248.4,13.4,239.1
HIP 91258 b,2013,Radial Velocity,5.0505,13.7,149.7
HIP 109384 b,2016,Radial Velocity,499.48,13.5,192.3
HD 27894 c,2017,Radial Velocity,36.07,8.24,142.9
K2-239 d,2018,Transit,10.115,1.1,101.4
Kepler-778 b,2016,Transit,3.7557,1.68,3059.9
TOI-1244 b,2024,Transit,6.4003,2.47,334.5
TOI-1466 b,2026,Transit,1.8719,2.47,282.4
K2-157 b,2018,Transit,0.36526,0.94,973.2
HD 33564 b,2005,Radial Velocity,388.0,12.5,68.3
WASP-55 b,2012,Transit,4.4656,14.73,970.2
ROXs 12 b,2013,Imaging,,12.2,445.7
bet UMi b,2014,Radial Velocity,522.3,12.7,126.5
HD 216536 b,2015,Radial Velocity,148.6,13.8,1227.1
HIP 65407 b,2016,Radial Velocity,28.125,14.3,201.5
HD 12484 b,2016,Radial Velocity,58.83,13.2,157.7
NGTS-1 b,2017,Transit,2.6473,14.91,711.4
K2-148 b,2018,Transit,4.3839,1.33,405.9
K2-158 b,2018,Transit,10.06,2.64,643.5
HD 86081 b,2006,Radial Velocity,2.1378,13.6,339.0
HD 45652 b,2008,Radial Velocity,44.073,14.3,113.7
WASP-62 b,2012,Transit,4.412,14.8,572.8
TOI-1422 b,2022,Transit,12.999,3.83,506.0
HIP 65426 b,2017,Imaging,,16.81,355.1
K2-148 d,2018,Transit,9.7579,1.64,405.9
GJ 1265 b,2018,Radial Velocity,3.6511,2.63,33.4
HD 6061 b,2023,Transit,5.2549,2.43,220.5
FU Tau b,2008,Imaging,,12.2,435.4
Kepler-19 c,2011,Transit Timing Variations,28.731,3.68,712.9
Kepler-25 d,2014,Radial Velocity,122.4,10.0,793.4
HIP 8541 b,2016,Radial Velocity,1852.1,12.6,505.9
K2-113 b,2017,Transit,5.8177,12.14,2073.4
K2-152 b,2018,Transit,32.648,2.29,353.7
K2-243 c,2018,Transit,24.946,2.01,870.4
HD 13167 b,2018,Radial Velocity,2613.0,13.1,485.8
TOI-929 b,2026,Transit,5.8302,2.69,373.2
K2-162 b,2018,Transit,9.4589,1.44,405.8
K2-161 b,2018,Transit,9.2832,6.12,2988.6
KELT-3 b,2013,Transit,2.7034,17.49,685.7
Kepler-97 c,2014,Radial Velocity,789.0,,1307.6
KELT-14 b,2016,Transit,1.7101,19.54,815.8
tau Cet h,2017,Radial Velocity,49.41,1.19,11.8
K2-154 c,2018,Transit,7.9549,2.07,421.9
K2-246 b,2018,Transit,5.7692,3.49,2294.9
TOI-969 b,2022,Transit,1.8237,2.76,252.0
TOI-1291 b,2026,Transit,7.162,5.64,1396.3
HD 220689 b,2012,Radial Velocity,2266.4,13.7,152.9
GJ 163 b,2013,Radial Velocity,8.6318,3.25,49.3
HAT-P-53 b,2015,Transit,1.9616,14.77,2174.8
HD 111591 b,2017,Radial Velocity,1056.4,12.9,372.4
K2-155 b,2018,Transit,6.342,1.8,237.4
HD 180053 b,2018,Radial Velocity,213.72,13.3,447.0
TOI-1669 c,2024,Transit,2.6801,2.3,362.9
K2-165 d,2018,Transit,14.101,2.65,439.0
DENIS-P J082303.1-491201 b,2013,Astrometry,246.36,11.9,67.7
NGC 2682 YBP 1514 b,2014,Radial Velocity,5.118,14.0,2981.8
HD 14067 b,2014,Radial Velocity,2744.0,12.2,463.2
K2-30 b,2016,Transit,4.0985,11.65,1086.2
YZ Cet d,2017,Radial Velocity,4.6563,1.03,12.1
Kepler-90 i,2017,Transit,14.449,1.32,2766.6
HD 75784 c,2018,Radial Velocity,7900.0,12.8,278.6
WASP-56 b,2012,Transit,4.6171,10.54,1047.2
GJ 667 C g,2013,Radial Velocity,256.2,1.99,23.6
WASP-135 b,2015,Transit,1.4014,14.57,972.6
CoRoT-32 b,2018,Transit,6.7184,6.39,1880.9
TOI-1054.01,2021,Transit,15.508,2.43,288.4
Kepler-504 b,2016,Transit,9.5493,1.59,323.1
KMT-2025-BLG-0975L b,2026,Microlensing,,5.97,25841.3
TOI-1691 b,2024,Transit,16.737,3.66,363.5
K2-221 b,2018,Transit,2.3991,1.68,1039.8
GJ 504 b,2013,Imaging,,12.11,57.2
WASP-68 b,2014,Transit,5.0843,14.8,738.4
psi1 Dra B b,2015,Radial Velocity,3117.0,13.5,74.1
K2-118 b,2017,Transit,50.921,2.54,1049.3
GJ 3942 b,2017,Radial Velocity,6.905,2.57,55.2
Kepler-1654 b,2018,Transit,1047.8,9.18,1852.9
TOI-1695 b,2022,Transit,3.1343,1.9,147.2
Kepler-750 b,2016,Transit,9.4289,3.07,4227.0
WASP-78 b,2012,Transit,2.1752,21.63,2460.1
HD 66141 b,2012,Radial Velocity,480.5,12.8,222.3
HD 203030 b,2006,Imaging,,14.46,128.0
WASP-88 b,2014,Transit,4.954,16.37,1708.3
KIC 10001893 c,2014,Orbital Brightness Modulation,0.32528,,5456.4
Wolf 1061 d,2015,Radial Velocity,217.21,2.69,14.0
K2-130 b,2017,Transit,2.4941,1.25,384.9
K2-129 b,2017,Transit,8.2395,1.04,90.7
HD 147379 b,2017,Radial Velocity,86.58,4.94,35.1
HATS-42 b,2018,Transit,2.2921,15.69,2610.5
WASP-144 b,2018,Transit,2.2783,9.53,1159.5
HD 83443 c,2022,Radial Velocity,8241.0,13.6,133.4
TOI-1347 c,2024,Transit,4.842,1.6,481.0
HD 108147 b,2002,Radial Velocity,10.899,10.9,126.9
CHXR 73 b,2006,Imaging,,12.3,620.9
KIC 8540376 b,2015,Transit,31.81,4.1,3497.4
HATS-51 b,2017,Transit,3.3489,15.8,1270.6
K2-233 b,2018,Transit,2.4676,1.32,220.2
Kepler-814 b,2016,Transit,6.147,2.12,6705.0
HD 18599 b,2022,Transit,4.1374,2.6,125.8
Kepler-127 c,2014,Transit,29.393,2.66,1150.7
HIP 55507 b,2022,Radial Velocity,5138.4,12.6,83.1
NGC 2682 Sand 1429 b,2024,Radial Velocity,77.48,13.4,2781.4
Kepler-955 b,2016,Transit,14.532,3.13,1795.1
Kepler-962 b,2016,Transit,12.057,1.97,1342.1
TOI-5678 b,2023,Transit,47.73,4.91,539.4
HD 155918 c,2022,Radial Velocity,17202.0,12.8,89.9
TOI-6034 b,2024,Transit,2.5762,11.92,384.8
HD 101581 b,2025,Transit,4.4657,0.96,41.7
Kepler-922 b,2016,Transit,0.93847,1.42,1749.2
Barnard c,2025,Radial Velocity,4.1244,0.74,6.0
TIC 32032563 b,2026,Transit,13.835,3.48,1656.4
Kepler-911 b,2016,Transit,20.311,2.6,1814.0
HD 16905 b,2022,Radial Velocity,10256.0,12.4,129.6
HD 184010 b,2022,Radial Velocity,286.6,12.1,198.3
TOI-6041 b,2025,Transit,26.049,4.55,236.4
TOI-6281 b,2026,Transit,1.0543,1.92,188.3
TOI-4600 c,2023,Transit,482.82,9.42,704.7
Luhman 16 b,2017,Imaging,9697.0,11.9,
Barnard b,2024,Radial Velocity,3.1542,0.72,6.0
Barnard e,2025,Radial Velocity,6.7392,0.64,6.0
HD 224018 c,2025,Transit,36.577,2.42,344.0
TIC 38825265 b,2026,Transit,3.3134,2.19,540.2
Kepler-1012 b,2016,Transit,5.5086,1.29,1340.8
Kepler-1754 b,2021,Transit,8.1959,2.44,2344.9
LHS 1678 d,2024,Transit,4.9652,0.98,64.8
HD 18143 c,2022,Radial Velocity,28982.0,12.5,73.5
Kepler-935 b,2016,Transit,4.8808,1.35,1538.7
Kepler-879 c,2024,Transit,0.64672,0.4,2618.0
ZTF J1230-2655 b,2025,Transit,0.23598,13.79,608.9
TIC 270471727 b,2026,Transit,10.456,2.75,593.9
TIC 65612701 b,2026,Transit,10.225,5.08,494.5
Kepler-1014 b,2016,Transit,16.571,2.39,2037.8
Kepler-1044 b,2016,Transit,6.7741,2.67,4171.4
Kepler-66 b,2013,Transit,17.816,2.8,3923.5
Kepler-857 b,2016,Transit,85.351,6.8,3207.8
TOI-6080 b,2026,Transit,8.0556,3.32,613.8
Wolf 1069 b,2023,Radial Velocity,15.564,1.08,31.3
TOI-6330 b,2025,Transit,6.85,10.89,453.5
ITG 15 b,2024,Imaging,,12.1,444.8
WISPIT 2 b,2025,Imaging,,17.93,440.0
NGTS-38 b,2026,Transit,180.53,12.12,876.2
TOI-5210 b,2025,Transit,4.5661,10.73,985.3
TOI-5726.01,2024,Transit,5.4911,2.55,355.0
HD 194490 b,2022,Radial Velocity,13092.0,12.4,261.7
HD 190228 b,2022,Radial Velocity,1143.6,12.9,204.5
HD 206893 b,2021,Imaging,11100.0,14.01,132.9
HD 112570 b,2023,Radial Velocity,2615.0,13.1,330.0
HD 154391 b,2023,Radial Velocity,5163.0,12.5,329.2
G 196-3 b,2024,Imaging,,12.0,71.1
Kepler-1026 b,2016,Transit,36.516,2.21,1145.6
G 261-6 b,2025,Radial Velocity,5.4536,1.1,34.7
TOI-5789 d,2026,Radial Velocity,29.65,1.91,66.7
TOI-5789 b,2026,Radial Velocity,2.7637,1.26,66.7
TIC 142589416 b,2026,Transit,2.0952,2.68,551.0
NGTS-39 b,2026,Transit,58.205,12.2,908.0
Gliese 48 b,2026,Radial Velocity,39.63,2.77,26.9
Kepler-993 b,2016,Transit,22.086,2.97,1058.1
Kepler-80 d,2014,Transit,3.0722,1.53,1205.0
K2-411 b,2022,Transit,3.2141,0.99,972.7
HD 169142 b,2023,Imaging,,13.1,370.5
TOI-6383 A b,2024,Transit,1.7906,11.29,558.8
TIC 139270665 b,2024,Transit,23.624,7.23,619.3
TOI-7149 b,2025,Transit,2.6521,13.2,411.4
Kepler-348 b,2014,Transit,7.0568,1.52,1861.6
TOI-5789 e,2026,Radial Velocity,62.98,3.43,66.7
TIC 154870955 b,2026,Transit,7.9699,3.09,738.6
Kepler-332 b,2014,Transit,7.6263,1.17,1122.6
TOI-5238 b,2022,Transit,4.8722,5.22,948.0
Kepler-914 b,2016,Transit,4.4097,1.38,2458.3
K2-413 c,2022,Transit,5.3301,1.23,930.1
TOI-6086 b,2024,Transit,1.3889,1.18,102.6
Kepler-314 c,2014,Transit,5.9604,2.9,877.0
HIP 29442 c,2023,Radial Velocity,3.538,1.55,222.4
HD 63433 d,2023,Transit,4.2091,1.07,73.1
Kepler-317 b,2014,Transit,5.5242,2.09,3067.8
TOI-7384 b,2026,Transit,6.234,3.56,217.8
Kepler-1768 b,2021,Transit,15.136,2.23,2063.8
Kepler-981 b,2016,Transit,4.4698,2.31,2863.9
Kepler-1043 b,2016,Transit,38.505,2.55,2946.3
TOI-5777 b,2026,Transit,6.9172,3.1,372.7
HIP 113103 b,2023,Transit,7.6103,1.83,150.7
UCAC3 113-933 b,2024,Imaging,,12.1,171.5
HD 73344 c,2025,Radial Velocity,65.94,13.5,115.0
Kepler-139 f,2025,Transit Timing Variations,355.0,6.67,1275.4
TIC 249022743 b,2026,Transit,2.2572,4.8,1293.1
TIC 260969020 b,2026,Transit,8.4858,2.23,395.4
Kepler-62 e,2013,Transit,122.39,1.61,981.3
HD 105618 c,2022,Radial Velocity,77114.0,11.9,228.6
HIP 113103 c,2023,Transit,14.246,2.4,150.7
Kepler-1053 b,2016,Transit,2.4144,0.98,492.9
Kepler-102 d,2014,Transit,10.312,1.15,351.6
HD 196067 c,2025,Radial Velocity,4.6011,3.21,130.2
GJ 887 d,2026,Radial Velocity,50.77,2.34,10.7
Kepler-347 b,2014,Transit,12.798,1.97,4236.4
HD 11112 b,2022,Radial Velocity,17245.0,12.6,144.7
Kepler-485 b,2016,Transit,3.2433,14.41,3721.3
TIC 393818343 b,2024,Transit,16.249,12.18,305.7
Kepler-1032 b,2016,Transit,3.2901,1.87,2195.1
HD 284149 AB b,2017,Imaging,,12.0,384.2
WASP-132 d,2024,Radial Velocity,1816.6,12.8,400.9
K2-157 c,2025,Radial Velocity,25.942,6.08,973.2
KOINTREAU-4 b,2026,Imaging,,12.2,474.3
TIC 390586021 b,2026,Transit,2.747,2.86,373.6
HD 113337 c,2020,Radial Velocity,5429.9,12.1,118.0
HD 94771 b,2023,Radial Velocity,2164.0,14.2,188.5
TOI-6695 b,2025,Transit,80.389,9.53,921.5
Gaia-5 b,2025,Astrometry,358.62,12.1,134.3
DMPP-2 d,2026,Radial Velocity,16.491,11.6,449.9
TIC 423703298 b,2026,Transit,4.0371,2.77,444.2
Kepler-335 b,2014,Transit,6.5623,3.39,4171.4
Kepler-1023 b,2016,Transit,62.139,2.63,2264.1
TOI-5592 b,2025,Transit,2.6086,17.15,1947.2
HD 122562 c,2022,Radial Velocity,84.963,10.1,173.7
HD 115404 A c,2022,Radial Velocity,15319.0,12.5,35.8
GJ 1002 c,2022,Radial Velocity,21.202,1.1,15.8
Kepler-932 b,2016,Transit,1.9214,1.37,1518.6
TOI-6707 b,2026,Transit,3.8348,5.73,2092.2
Kepler-139 e,2023,Radial Velocity,2047.6,13.7,1275.4
Kepler-328 c,2013,Transit,71.312,5.4,7218.5
TOI-7510 d,2025,Transit,48.864,10.52,812.1
Kepler-138 d,2014,Transit,23.092,1.51,218.1
Kepler-1779 b,2021,Transit,16.344,3.03,2963.1
Kepler-973 b,2016,Transit,49.608,1.96,1071.5
TOI-5595 b,2026,Transit,5.99,4.74,446.7
HD 203387 b,2022,Radial Velocity,512.54,13.1,201.4
TOI-6016 b,2024,Transit,4.0237,13.67,1189.5
HIP 99770 b,2023,Imaging,18600.0,12.2,130.7
Kepler-1772 b,2021,Transit,3.2151,2.69,2842.7
GJ 2126 b,2025,Radial Velocity,272.7,13.6,124.4
TOI-5616 b,2024,Transit,2.0028,10.78,1273.4
Kepler-408 b,2014,Transit,2.465,0.82,289.6
Gaia23braL b,2026,Microlensing,,13.5,14122.6
Kepler-10 d,2023,Radial Velocity,151.06,3.49,605.0
GJ 3988 b,2023,Radial Velocity,6.9442,1.74,32.3
TOI-1408 c,2024,Transit Timing Variations,2.1664,2.22,454.9
HD 68475 b,2026,Radial Velocity,7832.0,12.8,109.0
HD 48265 c,2026,Radial Velocity,10418.0,12.9,295.3
Kepler-958 b,2016,Transit,9.7679,2.06,1467.0
TOI-5624 d,2026,Transit,13.731,3.58,332.4
KOI-351 d,2013,Transit,59.737,2.87,2766.6
Kepler-20 e,2011,Transit,6.0985,0.82,921.6
nu Oct A b,2016,Radial Velocity,402.4,13.3,69.1
TOI-1288 c,2022,Radial Velocity,416.0,11.1,374.6
Kepler-104 c,2014,Transit,23.668,3.13,1307.2
Kepler-507 b,2016,Transit,3.5681,1.3,1277.4
HN Lib b,2023,Radial Velocity,36.116,2.2,20.4
Kepler-49 d,2014,Transit,2.5765,1.6,1015.1
HIP 10090 b,2026,Radial Velocity,2960.0,13.0,268.7
Kepler-346 b,2014,Transit,6.5111,2.66,3209.7
Kepler-265 d,2014,Transit,43.131,2.49,4175.6
Kepler-399 b,2014,Transit,14.425,0.96,2415.3
Kepler-110 c,2014,Transit,31.72,2.21,1913.0
Kepler-1248 b,2016,Transit,7.4673,1.18,1934.2
Kepler-1269 b,2016,Transit,37.333,1.63,3578.7
Kepler-1314 b,2016,Transit,5.4247,5.11,463.1
Kepler-1870 b,2021,Transit,3.6069,2.1,1328.2
Kepler-236 b,2014,Transit,8.2956,1.57,941.8
Kepler-125 c,2014,Transit,5.7745,0.74,598.1
Kepler-304 d,2014,Transit,9.6535,2.75,1417.7
Kepler-326 d,2014,Transit,6.7669,1.21,1590.6
Kepler-126 c,2014,Transit,21.87,1.58,774.3
Kepler-400 c,2014,Transit,17.341,1.49,2759.2
Kepler-1089 b,2016,Transit,5.1325,1.83,845.8
Kepler-102 f,2014,Transit,27.454,0.86,351.6
Kepler-1223 b,2016,Transit,16.301,1.22,1500.2
Kepler-1853 b,2021,Transit,48.888,1.52,1834.1
Kepler-512 b,2016,Transit,34.436,2.69,1524.4
Kepler-369 b,2014,Transit,2.7328,1.13,698.0
Kepler-305 c,2013,Transit,8.291,3.3,2832.6
Kepler-975 c,2023,Transit,5.0582,10.69,1389.7
Kepler-22 b,2011,Transit,289.86,2.1,634.8
Kepler-1995 b,2023,Transit,73.758,4.28,1941.7
Kepler-1227 b,2016,Transit,94.289,2.29,2034.3
Kepler-1272 b,2016,Transit,51.131,2.37,3934.6
Kepler-201 c,2014,Transit,151.88,2.85,2075.8
Kepler-215 c,2014,Transit,14.667,1.77,1585.1
Kepler-267 c,2014,Transit,6.8774,2.13,864.3
Kepler-373 c,2014,Transit,16.726,1.24,3556.6
Kepler-54 d,2014,Transit,20.996,1.53,886.2
Kepler-329 b,2014,Transit,7.4164,1.4,1434.2
Kepler-279 d,2013,Transit,54.414,3.1,3383.5
HD 219134 c,2015,Radial Velocity,6.7646,1.51,21.3
Kepler-1198 b,2016,Transit,7.6848,1.47,2423.4
Kepler-161 c,2014,Transit,7.0642,2.05,1417.6
Kepler-1294 b,2016,Transit,115.69,3.19,6052.5
Kepler-1319 b,2016,Transit,2.8868,1.34,338.9
Kepler-275 d,2014,Transit,35.676,3.33,6634.8
Kepler-374 b,2014,Transit,1.8978,1.03,4127.9
Kepler-306 d,2014,Transit,17.327,2.47,2529.9
Kepler-305 e,2020,Transit,3.2054,1.79,2832.6
Kepler-11 f,2010,Transit,46.689,2.49,2108.1
Kepler-276 d,2013,Transit,48.648,2.8,3734.0
Kepler-36 c,2012,Transit,16.219,3.68,1722.0
Kepler-1251 b,2016,Transit,45.09,1.84,2942.6
Kepler-1843 b,2021,Transit,25.543,2.71,2559.1
Kepler-1857 b,2021,Transit,8.9434,1.96,2783.0
Kepler-190 c,2014,Transit,3.763,1.46,1413.5
Kepler-123 c,2014,Transit,26.695,1.48,3332.2
Kepler-380 c,2014,Transit,7.63,1.27,2654.0
Kepler-283 c,2014,Transit,92.744,1.82,1526.7
KELT-6 c,2015,Radial Velocity,1276.0,13.0,785.1
Kepler-85 b,2012,Transit,8.3,1.78,2495.2
Kepler-799 c,2021,Transit,15.194,2.78,4922.0
Kepler-1884 b,2021,Transit,8.9883,1.81,4706.7
Kepler-381 b,2014,Transit,5.629,0.99,871.9
Kepler-84 d,2014,Transit,4.2245,1.38,3339.5
Kepler-334 b,2014,Transit,5.4703,1.12,1391.3
Kepler-285 c,2014,Transit,6.1867,1.12,2688.5
Kepler-1232 b,2016,Transit,26.784,1.93,2064.1
Kepler-1858 b,2021,Transit,88.072,2.42,2717.1
Kepler-204 c,2014,Transit,25.661,1.79,2239.8
Kepler-515 b,2016,Transit,19.964,1.46,831.7
Kepler-221 e,2014,Transit,18.37,2.63,1256.5
Kepler-1877 b,2021,Transit,2.3776,0.62,930.6
Kepler-350 d,2013,Transit,26.136,2.8,3120.9
Kepler-58 e,2023,Transit,4.4581,1.61,3161.3
Kepler-1679 b,2020,Transit,9.7538,2.07,2965.7
Kepler-58 c,2012,Transit,15.574,2.86,3161.3
Kepler-1844 b,2021,Transit,3.9245,3.04,5885.0
Kepler-1278 b,2016,Transit,3.2394,1.01,2900.9
Kepler-1864 b,2021,Transit,3.8815,0.75,974.9
Kepler-1324 b,2016,Transit,4.1158,1.51,1571.0
Kepler-462 c,2018,Transit,207.62,4.0,1945.9
Kepler-226 d,2014,Transit,8.109,1.22,3196.8
Kepler-221 b,2014,Transit,2.7959,1.71,1256.5
Kepler-245 c,2014,Transit,17.461,2.18,2809.9
Kepler-352 b,2014,Transit,10.055,0.86,824.3
Kepler-382 c,2014,Transit,12.163,1.59,3051.0
Kepler-336 b,2014,Transit,2.0248,1.02,2507.7
HD 11755 b,2015,Radial Velocity,433.7,12.8,766.6
Kepler-385 c,2014,Transit,15.163,3.04,4672.5
Kepler-267 d,2014,Transit,28.465,2.27,864.3
Kepler-384 c,2014,Transit,45.348,1.13,2921.3
Kepler-299 e,2014,Transit,38.285,1.87,3431.9
8 UMi b,2015,Radial Velocity,93.31,13.5,530.2
Kepler-1104 b,2016,Transit,5.0373,1.23,1730.8
Kepler-1987 e,2023,Transit,8.7429,1.92,1942.9
Kepler-1830 b,2021,Transit,56.493,3.33,3447.1
Kepler-182 b,2014,Transit,9.8258,2.58,5052.4
Kepler-1688 b,2020,Transit,5.6201,1.26,1850.8
Kepler-385 b,2014,Transit,10.044,2.73,4672.5
Kepler-55 f,2014,Transit,10.199,1.59,1887.8
Kepler-339 d,2014,Transit,10.558,1.17,2011.2
Kepler-1669 d,2023,Transit,4.7294,1.22,1772.5
Kepler-69 c,2013,Transit,242.46,1.71,2383.0
HAT-P-57 b,2015,Transit,2.4653,19.5,912.8
Kepler-1067 c,2021,Transit,5.4258,1.75,2177.7
Kepler-299 d,2014,Transit,15.055,1.86,3431.9
Kepler-208 c,2014,Transit,7.4666,1.39,2528.8
Kepler-530 b,2016,Transit,39.309,3.01,1492.8
Kepler-354 d,2014,Transit,24.21,1.24,1807.1
Kepler-339 c,2014,Transit,6.9881,1.15,2011.2
Kepler-1114 b,2016,Transit,14.974,1.35,1364.7
Kepler-114 d,2013,Transit,11.776,2.53,846.5
Kepler-303 c,2014,Transit,7.0611,1.14,684.1
Kepler-1212 b,2016,Transit,12.941,2.14,4294.1
Kepler-394 c,2014,Transit,12.131,1.66,3453.1
Kepler-393 c,2014,Transit,14.614,1.33,2874.8
Kepler-318 c,2014,Transit,11.815,3.68,1595.4
Kepler-1241 b,2016,Transit,18.553,2.63,3159.5
Kepler-185 b,2014,Transit,1.6329,1.17,1522.3
Kepler-1283 b,2016,Transit,12.946,1.91,9530.2
Kepler-1714 b,2021,Transit,10.275,3.26,1335.5
Kepler-1331 b,2016,Transit,0.78916,1.05,1041.1
Kepler-319 b,2014,Transit,4.3627,1.63,1642.0
Kepler-396 b,2013,Transit,42.994,3.5,729.8
Kepler-1085 c,2020,Transit,56.777,3.27,4450.5
Kepler-1084 b,2016,Transit,2.0533,1.11,1322.7
Kepler-1108 b,2016,Transit,4.5101,1.46,2503.9
Kepler-1214 b,2016,Transit,18.826,2.36,2378.4
Kepler-155 c,2014,Transit,52.662,2.24,957.3
Kepler-396 c,2013,Transit,88.505,5.3,729.8
Kepler-1369 b,2016,Transit,25.873,2.69,4033.1
Kepler-1370 b,2016,Transit,20.264,1.84,3274.9
Kepler-252 b,2014,Transit,6.6684,1.23,1237.5
Kepler-360 c,2014,Transit,7.1864,2.1,2857.3
Kepler-245 e,2016,Transit,3.2198,1.75,2809.9
Kepler-298 d,2014,Transit,77.474,2.5,1690.2
Kepler-324 b,2014,Transit,4.3853,1.14,1635.9
Kepler-1796 b,2021,Transit,29.456,2.75,2693.7
Kepler-520 c,2016,Transit,5.211,1.07,2034.9
Kepler-1244 b,2016,Transit,3.7043,1.35,3508.8
Kepler-169 c,2014,Transit,6.1955,1.21,1325.9
Kepler-97 b,2014,Transit,2.5866,1.48,1307.6
Kepler-1336 b,2016,Transit,23.199,1.98,3674.6
Kepler-88 d,2020,Radial Velocity,1403.0,13.1,1229.2
Kepler-301 d,2014,Transit,13.751,1.75,2345.6
Kepler-104 d,2014,Transit,51.755,3.58,1307.2
Kepler-1192 b,2016,Transit,25.203,2.36,4253.7
Kepler-516 b,2016,Transit,24.855,5.74,2241.0
Kepler-1851 b,2021,Transit,12.023,3.9,5185.3
Kepler-212 b,2014,Transit,16.258,1.09,2241.3
Kepler-1372 b,2016,Transit,1.3116,1.27,4250.5
Kepler-364 b,2014,Transit,25.746,1.55,2907.6
KELT-23 A b,2019,Transit,2.2553,14.83,411.8
HD 191939 d,2020,Transit,38.353,3.0,174.8
HATS-77 b,2021,Transit,3.0876,13.06,1422.6
TOI-4479 b,2022,Transit,1.1589,2.82,263.1
TOI-1752 c,2026,Transit,32.714,2.29,336.0
Kepler-1705 c,2021,Transit,11.28,2.05,5327.7
TOI-1753 b,2024,Transit,5.3846,2.48,739.3
TOI-2274 b,2024,Transit,2.6796,2.45,159.4
Kepler-43 b,2011,Transit,3.0241,13.66,3280.6
Kepler-858 b,2016,Transit,76.136,4.87,973.7
TOI-3023 b,2023,Transit,3.9015,16.43,1271.7
Kepler-1752 b,2021,Transit,56.359,4.54,3140.5
Kepler-1408 b,2016,Transit,2.9979,0.89,1745.1
HIP 54373 b,2019,Radial Velocity,7.76,2.87,61.0
Teegarden's Star b,2019,Radial Velocity,4.9063,1.05,12.5
BD+60 1417 b,2021,Imaging,,14.68,146.6
TOI-1227 b,2022,Transit,27.364,9.57,328.2
CoRoT-7 d,2022,Radial Velocity,8.966,4.31,521.5
TOI-1758 b,2024,Transit,20.705,3.62,315.1
TOI-2567 b,2022,Transit,5.9839,10.93,1646.4
Kepler-1410 b,2016,Transit,60.866,1.78,1197.0
HD 24085 b,2019,Radial Velocity,2.0455,3.46,179.1
WASP-87 b,2016,Transit,1.6828,15.52,973.2
TOI-163 b,2019,Transit,4.2313,16.69,1342.8
K2-315 b,2020,Transit,3.1443,0.95,185.8
HD 216520 b,2020,Radial Velocity,35.45,3.18,63.8
TOI-1775 b,2024,Transit,10.241,8.05,486.7
Kepler-296 c,2014,Transit,5.8416,2.0,544.7
WASP-187 b,2020,Transit,5.1479,18.38,1211.4
HD 161178 b,2021,Radial Velocity,279.3,14.1,349.6
GJ 514 b,2022,Radial Velocity,140.43,2.13,24.8
HD 77946 b,2024,Transit,6.5274,2.9,324.4
TOI-2345 c,2025,Transit,21.064,2.45,266.3
Kepler-876 b,2016,Transit,5.1444,1.43,2677.5
Kepler-1894 c,2023,Transit,5.0537,1.21,3050.2
HD 233832 b,2018,Radial Velocity,2058.0,13.5,191.6
GJ 687 c,2020,Radial Velocity,727.56,4.14,14.8
HIP 5763 b,2021,Radial Velocity,30.014,14.2,104.1
TOI-712 b,2022,Transit,9.5314,2.05,191.2
TOI-1782.01,2024,Transit,4.9876,2.37,310.7
TOI-2092 b,2026,Transit,4.3033,2.95,576.5
Kepler-303 b,2014,Transit,1.9371,0.89,684.1
Kepler-271 c,2014,Transit,7.4109,0.95,1319.4
KOI-142 b,2013,Transit,10.916,3.44,1229.2
Qatar-6 b,2017,Transit,3.5062,11.9,328.9
GJ 9066 c,2020,Radial Velocity,771.36,9.6,14.6
K2-400 b,2022,Transit,3.8651,1.16,203.5
TOI-2094 b,2026,Transit,18.793,1.9,163.2
TOI-2714 b,2024,Transit,2.4994,13.72,1950.0
HD 164922 d,2020,Radial Velocity,12.458,1.83,71.8
2MASS J01033563-5515561 AB b,2013,Imaging,,12.3,153.9
TOI-2382 b,2025,Transit,4.6612,12.25,1418.5
Kepler-402 b,2014,Transit,4.0288,1.22,2039.6
EPIC 201841433 b,2019,Transit,4.1698,1.04,1423.6
USco1621 b,2019,Imaging,,12.2,449.8
K2-318 b,2020,Transit,7.01,1.66,482.3
K2-405 b,2022,Transit,3.4355,4.57,643.3
TOI-784 b,2023,Transit,2.797,1.93,210.7
TOI-1814 b,2026,Transit,6.3686,5.19,1182.4
Kepler-1419 b,2016,Transit,42.522,2.86,4887.7
EPIC 206215704 b,2019,Transit,2.2554,1.0,358.4
Kepler-848 b,2016,Transit,6.9113,1.7,4496.0
Kepler-819 b,2016,Transit,33.2,2.76,2166.7
TOI-799 b,2026,Transit,5.5452,2.07,517.0
K2-146 c,2019,Transit,4.005,2.19,258.6
K2-324 b,2020,Transit,3.262,2.43,445.7
Kepler-822 b,2016,Transit,3.223,1.77,2806.2
TOI-1181 b,2022,Transit,2.1032,17.03,987.7
TOI-808 b,2026,Transit,9.7394,2.2,320.2
TOI-815 b,2024,Transit,11.197,2.94,194.8
TOI-2141 b,2023,Transit,18.262,3.15,253.4
TOI-2447 b,2024,Transit,69.337,9.61,485.9
TOI-2818 b,2023,Transit,4.0397,15.28,1019.8
Kepler-1371 c,2016,Transit,2.0054,0.64,1680.8
EPIC 212587672 b,2019,Transit,15.281,1.26,1043.9
Kepler-843 b,2016,Transit,2.0539,2.59,3801.9
K2-408 b,2022,Transit,20.979,1.68,529.4
TOI-1516 b,2022,Transit,2.056,15.24,805.8
TOI-2458 b,2024,Transit,3.7366,2.83,368.4
Kepler-1423 b,2016,Transit,23.955,1.06,1464.4
HATS-57 b,2019,Transit,2.3506,12.77,911.6
HATS-56 b,2019,Transit,4.3248,18.92,1840.9
TOI-763 b,2020,Transit,5.6057,2.28,310.3
K2-409 b,2022,Transit,1.9081,2.48,1405.8
TOI-1722 b,2026,Transit,9.6052,4.38,444.9
TOI-1873 b,2026,Transit,7.0057,2.86,593.6
TOI-2158 b,2022,Transit,8.6008,10.76,647.3
Kepler-1888 b,2021,Transit,11.392,1.33,1314.2
Kepler-1901 b,2021,Transit,3.4841,1.47,3354.1
GJ 433 c,2014,Radial Velocity,5094.1,6.27,29.6
K2-374 c,2022,Transit,16.434,2.21,1172.3
TOI-1860 b,2022,Transit,1.0662,1.31,149.6
TOI-1723 b,2024,Transit,13.727,3.44,328.5
TOI-1937 A b,2023,Transit,0.94668,13.98,1354.0
Kepler-292 f,2014,Transit,20.834,2.35,3445.8
Kepler-1395 b,2016,Transit,3.7847,0.8,1607.6
Kepler-1905 b,2021,Transit,3.4239,1.45,3429.6
Kepler-65 e,2019,Radial Velocity,258.8,13.9,990.6
GJ 682 b,2014,Radial Velocity,17.478,1.93,16.3
TOI-132 b,2020,Transit,2.1097,3.42,533.8
TOI-2000 c,2023,Transit,9.1271,8.14,573.1
TOI-2000 b,2023,Transit,3.0983,2.7,573.1
TOI-2194 b,2023,Transit,15.338,1.99,63.8
TOI-2498 b,2023,Transit,3.7383,6.06,897.8
Kepler-102 e,2013,Transit,16.146,2.17,351.6
HD 2685 b,2019,Transit,4.1269,16.14,642.0
Kepler-95 b,2014,Transit,11.523,3.42,1453.5
Wendelstein-2 b,2020,Transit,1.7522,12.99,1844.5
K2-384 b,2022,Transit,2.2315,1.08,269.6
HD 174205 b,2022,Radial Velocity,582.0,13.0,763.3
Kepler-430 c,2015,Transit,110.98,1.75,2992.4
Kepler-1656 b,2018,Transit,31.562,4.57,606.2
Kepler-647 c,2020,Transit,29.666,4.0,3548.2
Kepler-210 b,2014,Transit,2.4532,2.94,759.1
OGLE-2006-BLG-109L c,2008,Microlensing,4927.5,11.1,4925.0
KMT-2016-BLG-1397L b,2018,Microlensing,,12.7,21526.3
KMT-2019-BLG-0253L b,2022,Microlensing,,2.99,15981.6
KMT-2023-BLG-0548L b,2025,Microlensing,,13.1,22276.5
Kepler-1963 b,2021,Transit,1.9623,0.74,1607.5
Kepler-1517 b,2016,Transit,5.5461,9.76,2763.5
Kepler-1711 b,2021,Transit,21.061,1.92,1925.2
MOA-2010-BLG-328L b,2013,Microlensing,,2.99,2641.9
MOA-2011-BLG-291L b,2018,Microlensing,,4.43,14350.9
KMT-2018-BLG-1743L b,2021,Microlensing,,10.5,21144.7
OGLE-2018-BLG-0516L b,2022,Microlensing,,4.73,22830.9
KMT-2023-BLG-0949L b,2025,Microlensing,,12.8,19765.1
KMT-2024-BLG-2059L b,2025,Microlensing,,2.54,19797.7
Kepler-146 b,2014,Transit,31.159,3.71,2337.9
Kepler-1468 d,2021,Transit,19.591,3.33,6194.5
Kepler-348 c,2014,Transit,17.265,1.33,1861.6
Kepler-1641 c,2016,Transit,32.657,2.95,2806.1
Kepler-1641 b,2016,Transit,19.672,3.11,2806.1
Kepler-39 b,2011,Transit,21.087,13.9,3448.8
Kepler-174 c,2014,Transit,44.001,1.49,1254.9
KMT-2023-BLG-1642L b,2024,Microlensing,,13.8,22765.7
Kepler-1468 b,2016,Transit,8.2398,1.73,6194.5
Kepler-203 b,2014,Transit,3.1627,2.57,2293.9
Kepler-152 b,2014,Transit,18.208,2.79,1438.6
OGLE-2015-BLG-0966L b,2016,Microlensing,,4.86,10763.1
MOA-2011-BLG-028L b,2016,Microlensing,,5.99,24070.3
OGLE-2018-BLG-0383L b,2022,Microlensing,,2.41,25114.0
KMT-2021-BLG-1391L b,2022,Microlensing,,1.97,18656.1
Kepler-195 c,2014,Transit,34.097,1.55,2126.7
Kepler-880 c,2023,Transit,11.806,2.87,1961.3
Kepler-608 b,2016,Transit,6.4125,3.64,3087.7
Kepler-1704 b,2021,Transit,988.88,11.95,2724.9
Kepler-561 c,2016,Transit,5.3502,2.68,2026.7
OGLE-2015-BLG-0051L b,2016,Microlensing,,14.0,26744.8
OGLE-2018-BLG-0740L b,2019,Microlensing,5480.0,12.9,10437.0
OGLE-2017-BLG-1099L b,2021,Microlensing,,13.1,23646.3
KMT-2021-BLG-0748L b,2022,Microlensing,,14.3,19862.9
TOI-2267 d,2025,Transit,2.0345,1.77,73.5
Kepler-1719 b,2021,Transit,6.1496,3.95,2953.0
Kepler-1254 c,2016,Transit,3.6008,1.3,2031.4
Kepler-639 b,2016,Transit,10.214,2.38,2773.1
KMT-2016-BLG-0212L b,2018,Microlensing,,12.2,20547.8
KMT-2019-BLG-1552L b,2022,Microlensing,,13.0,15003.2
KMT-2024-BLG-0349L b,2026,Microlensing,,12.4,18754.0
Kepler-208 d,2014,Transit,11.132,1.2,2528.8
Kepler-171 b,2014,Transit,4.167,2.34,2817.5
Kepler-1525 b,2016,Transit,2.4166,0.91,1249.1
Kepler-1645 b,2016,Transit,16.178,1.78,3921.9
KMT-2018-BLG-1990L b,2019,Microlensing,,12.9,3153.9
KMT-2018-BLG-0247L b,2022,Microlensing,,13.4,22048.1
Kepler-30 d,2012,Transit,143.34,8.8,2981.8
PSR B1257+12 d,1992,Pulsar Timing,98.211,1.8,1956.9
OGLE-2016-BLG-0263L b,2017,Microlensing,,13.0,21200.1
OGLE-2012-BLG-0026L c,2012,Microlensing,,13.9,13108.2
KMT-2018-BLG-2602L b,2022,Microlensing,,13.7,14057.3
KMT-2016-BLG-1337L b,2026,Microlensing,,11.4,22570.0
Kepler-220 d,2014,Transit,28.122,0.98,558.1
Kepler-1949 b,2021,Transit,2.2083,2.22,8536.6
Kepler-695 b,2016,Transit,3.0403,9.21,2749.3
Kepler-529 d,2021,Transit,35.866,2.8,2606.0
OGLE-2005-BLG-390L b,2005,Microlensing,3285.0,2.21,21526.3
Kepler-220 b,2014,Transit,4.1598,0.81,558.1
Kepler-1993 b,2023,Transit,26.657,4.15,3365.6
Kepler-154 e,2016,Transit,3.9328,1.5,2985.0
MOA-2009-BLG-387L b,2010,Microlensing,1980.0,13.2,18558.3
OGLE-2018-BLG-1647L b,2022,Microlensing,,13.8,25701.1
Kepler-154 c,2014,Transit,62.303,2.95,2985.0
Kepler-390 c,2014,Transit,13.06,0.79,1419.7
Kepler-967 c,2016,Transit,198.71,3.65,1854.3
Kepler-248 c,2014,Transit,16.239,4.07,2409.6
Kepler-648 b,2016,Transit,17.421,3.22,2074.5
OGLE-2017-BLG-0406L b,2020,Microlensing,,14.2,16960.1
OGLE-2018-BLG-1367L b,2022,Microlensing,,13.8,17514.6
OGLE-2018-BLG-0932L b,2022,Microlensing,,13.9,21591.5
OGLE-2017-BLG-0364L b,2024,Microlensing,,10.3,25635.9
Kepler-1814 c,2023,Transit,0.62628,1.76,2369.0
Kepler-1588 b,2016,Transit,7.8493,0.76,3014.1
Kepler-436 b,2015,Transit,64.002,2.73,1920.6
KOI-3503 c,2021,Transit,31.828,1.21,2893.2
Kepler-1491 c,2023,Transit,61.57,2.44,6737.0
Kepler-158 c,2014,Transit,28.551,1.9,1028.0
MOA-2011-BLG-293L b,2012,Microlensing,3000.0,12.9,25179.2
OGLE-2017-BLG-0173L b,2018,Microlensing,,1.62,15345.6
OGLE-2018-BLG-1269L b,2020,Microlensing,,14.1,8186.5
KMT-2021-BLG-0119L b,2022,Microlensing,,12.8,10208.7
Kepler-968 c,2016,Transit,5.7094,1.69,946.9
Kepler-28 b,2011,Transit,5.91,1.96,1429.7
MOA-2008-BLG-379L b,2013,Microlensing,,13.0,10763.1
MOA-2022-BLG-091L b,2025,Microlensing,,13.0,13861.6
KMT-2023-BLG-2209L b,2025,Microlensing,,13.9,18166.9
Kepler-1533 b,2016,Transit,308.55,3.46,3153.3
Kepler-558 b,2016,Transit,29.008,2.37,2158.7
Kepler-177 c,2013,Transit,49.409,8.73,4681.8
OGLE-2014-BLG-1722L b,2018,Microlensing,,8.59,20874.0
OGLE-2015-BLG-1609L b,2025,Microlensing,,10.4,10763.1
Kepler-690 b,2016,Transit,7.7481,5.95,5431.5
KMT-2025-BLG-1160L b,2026,Microlensing,,5.43,21461.1
Kepler-46 b,2012,Transit,33.601,9.06,2534.4
Kepler-188 c,2014,Transit,5.9966,3.19,3159.0
Kepler-586 b,2016,Transit,2.1047,2.79,2262.8
Kepler-245 d,2014,Transit,36.277,3.03,2809.9
OGLE-2013-BLG-0341L B b,2014,Microlensing,,1.16,2971.3
KMT-2018-BLG-1976L b,2021,Microlensing,,13.3,19047.5
KMT-2017-BLG-0428L b,2023,Microlensing,,2.23,17612.4
KMT-2019-BLG-1806L b,2023,Microlensing,,2.0,21656.8
OGLE-2014-BLG-0124L b,2015,Microlensing,,14.1,11415.5
Kepler-1616 b,2016,Transit,6.7628,1.02,3711.0
Kepler-362 b,2014,Transit,10.327,0.88,3556.8
Kepler-612 b,2016,Transit,3.7222,2.84,4714.7
Kepler-81 c,2012,Transit,12.04,2.37,1136.0
OGLE-2013-BLG-1761L b,2017,Microlensing,,13.2,22504.8
KMT-2016-BLG-1105L b,2023,Microlensing,,1.33,16568.7
TOI-5573 b,2025,Transit,8.7976,9.75,608.5
Kepler-1144 b,2016,Transit,17.146,1.99,3720.0
Kepler-172 e,2014,Transit,35.119,2.76,2702.5
Kepler-694 b,2016,Transit,6.3658,2.8,3336.8
K2-108 b,2017,Transit,4.734,5.33,1556.7
TOI-201 d,2026,Transit,5.8489,1.39,371.2
Kepler-373 b,2014,Transit,5.5353,1.36,3556.6
Kepler-377 c,2014,Transit,27.015,2.06,2686.9
Kepler-444 d,2015,Transit,6.1894,0.53,118.8
Kepler-1649 b,2017,Transit,8.6891,1.02,300.7
Kepler-179 c,2014,Transit,6.4001,2.0,1975.5
K2-179 b,2018,Transit,5.1722,2.51,622.3
Kepler-219 d,2014,Transit,47.904,2.81,2567.1
Kepler-50 b,2012,Transit,7.8125,1.71,815.7
Kepler-1787 b,2021,Transit,39.314,2.32,2539.5
Kepler-1542 b,2016,Transit,3.9512,0.76,1301.7
Kepler-1444 b,2016,Transit,33.42,2.18,1042.6
Kepler-1997 b,2023,Transit,26.758,2.28,4900.0
Kepler-241 b,2014,Transit,12.718,2.33,1669.9
Kepler-1624 b,2016,Transit,3.2903,6.59,844.7
K2-168 b,2018,Transit,15.852,1.86,795.6
K2-119 b,2017,Transit,7.7273,2.53,1192.4
Kepler-730 c,2018,Transit,2.8519,1.57,6311.2
TOI-5319 b,2024,Transit,4.0785,2.83,199.5
HD 80883 b,2022,Radial Velocity,6383.8,12.8,112.9
Kepler-1585 b,2016,Transit,3.5827,1.79,3080.4
Kepler-1961 b,2021,Transit,5.6047,1.62,3400.0
Kepler-1446 b,2016,Transit,0.68997,0.82,496.0
Kepler-342 c,2014,Transit,26.234,1.96,2549.3
K2-121 b,2017,Transit,5.1857,7.16,552.5
Kepler-279 e,2025,Transit,98.353,4.13,3383.5
KOI-3680 b,2018,Transit,141.24,11.1,3007.1
Kepler-1638 b,2016,Transit,259.34,1.87,4975.6
K2-146 b,2018,Transit,2.6446,2.05,258.6
Kepler-677 b,2016,Transit,6.5753,5.38,6373.3
TOI-5344 b,2023,Transit,3.7926,10.6,451.3
Kepler-1811 b,2021,Transit,76.422,3.85,4535.4
Kepler-481 b,2016,Transit,10.061,2.5,2654.0
Kepler-375 c,2014,Transit,19.986,2.65,4040.5
Kepler-113 c,2014,Transit,8.9251,2.18,855.7
Kepler-9 b,2010,Transit,19.239,8.29,2049.1
Kepler-1590 b,2016,Transit,7.6176,1.14,2515.2
Kepler-1514 b,2016,Transit,217.83,12.42,1295.8
Kepler-175 b,2014,Transit,11.904,2.56,4280.3
K2-83 b,2016,Transit,2.747,1.24,409.4
Kepler-231 c,2014,Transit,19.272,1.93,1032.7
Kepler-1683 b,2020,Transit,15.034,1.87,2391.2
Kepler-1653 b,2017,Transit,140.25,2.17,2462.5
Kepler-150 c,2014,Transit,7.382,3.69,2906.4
Kepler-239 b,2014,Transit,11.763,2.33,2113.8
Kepler-343 c,2014,Transit,23.222,2.02,3024.1
TOI-5380 b,2026,Transit,3.7723,3.48,935.4
Kepler-1022 b,2016,Transit,10.995,2.36,1370.0
Kepler-354 b,2014,Transit,5.4767,1.84,1807.1
Kepler-1434 b,2016,Transit,8.0533,1.11,2529.4
Kepler-1593 b,2016,Transit,174.51,3.17,2081.7
Kepler-1453 b,2016,Transit,47.161,2.67,3901.0
Kepler-1989 b,2023,Transit,10.161,4.62,4083.9
K2-122 b,2017,Transit,2.2193,1.16,235.0
Kepler-1046 b,2016,Transit,14.375,1.71,2353.3
Kepler-1907 c,2021,Transit,14.864,1.16,952.7
Kepler-1594 b,2016,Transit,2.716,1.06,3186.1
Kepler-80 b,2012,Transit,7.0525,2.67,1205.0
Kepler-438 b,2015,Transit,35.233,1.12,639.1
Kepler-1455 b,2016,Transit,49.277,2.16,1166.4
Kepler-1490 b,2016,Transit,92.436,3.04,2814.5
Kepler-700 b,2016,Transit,80.872,5.99,4865.5
K2-345 b,2021,Transit,10.367,2.11,529.7
Kepler-1133 b,2016,Transit,11.556,1.97,2456.4
Kepler-1953 b,2021,Transit,6.2457,1.29,1975.3
Kepler-53 b,2012,Transit,18.649,2.89,4455.5
Kepler-1518 b,2016,Transit,5.1118,3.05,2946.9
Kepler-251 b,2014,Transit,4.7909,1.33,3015.7
Kepler-370 c,2014,Transit,19.023,1.91,3809.3
Kepler-1161 b,2016,Transit,10.713,2.13,1786.4
Kepler-1184 b,2016,Transit,53.599,2.68,3776.4
Kepler-1181 c,2023,Transit,8.9348,1.83,3060.7
Kepler-1599 b,2016,Transit,122.36,1.62,4332.0
Kepler-442 b,2015,Transit,112.31,1.34,1193.6
Kepler-1185 b,2016,Transit,104.35,1.33,1497.9
K2-181 b,2018,Transit,6.8941,2.69,1177.1
Kepler-31 d,2014,Transit,87.645,3.9,5429.3
Kepler-1070 b,2016,Transit,6.2216,1.73,3062.6
Kepler-1162 b,2016,Transit,32.564,2.21,3066.6
Kepler-1560 b,2016,Transit,3.032,0.89,1638.9
Kepler-1702 b,2020,Transit,18.501,1.6,2795.6
Kepler-1621 b,2016,Transit,92.264,2.16,5321.8
Kepler-240 c,2014,Transit,7.9535,2.2,2436.1
Kepler-1972 c,2022,Transit,11.329,0.87,937.2
K2-278 b,2018,Transit,3.335,2.98,2565.0
Kepler-42 d,2011,Transit,1.8652,0.57,130.7
Kepler-1050 b,2016,Transit,15.379,1.6,1599.8
Kepler-1001 b,2016,Transit,14.305,3.15,3029.9
Kepler-478 b,2016,Transit,13.222,2.71,1369.9
Kepler-1164 b,2016,Transit,3.976,1.12,1407.8
Kepler-692 b,2016,Transit,21.813,3.11,3233.3
Kepler-1464 c,2016,Transit,5.3279,1.0,3756.4
K2-268 c,2018,Transit,9.3275,2.69,1069.1
Kepler-594 b,2016,Transit,13.646,2.18,2508.8
Kepler-23 c,2011,Transit,10.74,3.0,2725.9
Kepler-150 b,2014,Transit,3.4281,1.25,2906.4
Kepler-199 b,2014,Transit,23.638,3.11,1699.4
Kepler-1499 b,2016,Transit,44.201,1.19,1010.7
Kepler-1498 b,2016,Transit,48.051,1.33,2413.6
Kepler-611 b,2016,Transit,2.437,1.65,4551.7
TOI-5502 b,2026,Transit,11.626,4.13,811.0
Kepler-1141 b,2016,Transit,2.3445,0.82,1283.9
Kepler-1073 b,2016,Transit,8.6789,2.3,2641.5
Kepler-1170 b,2016,Transit,9.9897,2.41,3426.1
Kepler-157 d,2016,Transit,7.0257,1.46,2523.5
Kepler-549 c,2016,Transit,117.04,2.93,2071.6
Kepler-688 b,2016,Transit,3.8959,9.76,4428.4
Kepler-632 b,2016,Transit,30.997,2.21,1138.3
Kepler-1502 b,2016,Transit,41.708,3.18,4938.1
Kepler-253 b,2014,Transit,3.784,1.63,2735.1
Kepler-1119 b,2016,Transit,8.3265,1.92,5731.3
Kepler-543 b,2016,Transit,13.9,2.5,723.4
Kepler-693 b,2016,Transit,15.376,10.18,3755.7
Kepler-1710 b,2021,Transit,14.911,3.2,995.4
Kepler-1928 b,2021,Transit,19.578,1.99,1064.4
Kepler-1999 b,2023,Transit,8.7397,3.29,2287.2
KOI-7368 b,2022,Transit,6.843,2.22,864.3
K2-198 b,2018,Transit,17.043,4.19,360.6
Kepler-227 c,2014,Transit,54.419,3.04,3532.5
Kepler-26 d,2014,Transit,3.5439,1.07,1093.6
KELT-17 b,2016,Transit,3.0802,17.09,738.7
IC 4651 9122 b,2018,Radial Velocity,734.0,12.7,2802.7
GJ 229 b,2014,Radial Velocity,579.47,3.97,18.8
GJ 180 c,2014,Radial Velocity,24.329,2.41,38.9
HD 68988 c,2021,Radial Velocity,16000.0,12.2,198.4
KIC 5479689 b,2021,Orbital Brightness Modulation,1.7015,14.2,1483.8
HD 93385 b,2021,Radial Velocity,7.3426,1.88,141.4
Kepler-294 c,2014,Transit,6.6264,2.71,4426.0
TOI-4311 c,2026,Transit,15.07,2.47,440.3
WASP-118 b,2016,Transit,4.046,16.14,1228.5
TAP 26 b,2017,Radial Velocity,10.79,13.5,396.0
HD 92788 c,2019,Radial Velocity,11611.0,13.0,113.0
GJ 422 b,2014,Radial Velocity,20.129,3.33,41.3
GJ 414 A c,2021,Radial Velocity,749.83,8.4,38.8
TOI-3593 b,2025,Transit,3.8213,11.03,739.2
WASP-195 b,2025,Transit,5.0519,10.31,1581.4
TOI-4529 b,2026,Transit,5.8796,1.77,92.6
HD 27631 b,2012,Radial Velocity,2198.1,13.5,164.0
Wolf 503 b,2018,Transit,6.0013,2.04,145.2
WASP-183 b,2019,Transit,4.1118,16.48,1061.2
Kepler-1747 b,2021,Transit,6.2303,4.27,4309.8
Kepler-906 b,2016,Transit,41.698,2.11,2471.6
TOI-4551 b,2023,Transit,9.9558,11.86,704.5
HD 98649 b,2012,Radial Velocity,5384.0,12.5,137.5
Kepler-780 b,2016,Transit,0.67738,0.89,1818.8
NGTS-16 b,2021,Transit,4.8453,14.57,2929.4
TOI-1634 b,2021,Transit,0.98935,1.76,115.0
Kepler-275 b,2014,Transit,10.301,2.34,6634.8
Kepler-121 c,2014,Transit,41.008,2.27,1665.1
TOI-4342 c,2023,Transit,10.689,2.35,200.7
Kepler-168 b,2014,Transit,4.4254,1.46,4382.2
Kepler-471 b,2016,Transit,5.0142,14.96,4075.0
HD 42012 b,2017,Radial Velocity,857.5,13.5,120.0
Qatar-10 b,2019,Transit,1.6453,17.3,1823.4
GJ 720 A b,2021,Radial Velocity,19.466,3.77,50.7
HD 137496 b,2021,Transit,1.6212,1.31,506.6
K2-389 b,2022,Transit,8.5829,2.33,845.4
Kepler-17 b,2011,Transit,1.4857,14.68,2350.8
Kepler-176 b,2014,Transit,5.4331,1.43,1719.9
NN Ser d,2010,Eclipse Timing Variations,2880.0,13.3,1682.4
HD 214823 b,2016,Radial Velocity,1854.8,12.1,330.6
Kepler-761 b,2016,Transit,10.128,2.03,2709.4
TOI-216.01,2019,Transit,34.526,10.1,580.4
TOI-1259 A b,2021,Transit,3.478,11.6,385.2
Kepler-107 e,2014,Transit,14.749,2.9,1715.6
Kepler-450 c,2015,Transit,15.413,2.62,1487.2
TOI-4578 b,2026,Transit,8.6239,2.27,594.4
HD 1605 b,2015,Radial Velocity,577.2,13.8,289.6
HD 210193 b,2019,Radial Velocity,649.92,14.3,137.6
HD 108236 c,2020,Transit,6.2034,2.07,210.7
K2-392 b,2022,Transit,15.399,1.85,1327.4
TOI-4145 A b,2023,Transit,4.0664,13.31,669.9
TOI-4379 b,2024,Transit,3.2535,16.69,2104.2
Kepler-1663 b,2020,Transit,17.605,3.3,1102.2
Kepler-273 c,2014,Transit,8.0149,1.98,2328.6
GJ 3138 c,2017,Radial Velocity,5.974,1.88,92.9
K2-291 b,2019,Transit,2.2252,1.59,293.7
HD 39855 b,2019,Radial Velocity,3.2498,2.85,75.9
HIP 90988 b,2021,Radial Velocity,455.74,13.4,306.7
TOI-558 b,2021,Transit,14.574,12.17,1313.2
GPX-1 b,2021,Transit,1.7446,16.48,2136.4
TOI-3819 b,2023,Transit,3.2443,13.14,1820.4
Kepler-181 b,2014,Transit,3.1379,1.27,1987.2
K2-38 c,2016,Transit,10.561,2.29,628.5
HD 224538 b,2016,Radial Velocity,1202.1,12.7,257.9
GJ 273 b,2017,Radial Velocity,18.65,1.51,19.3
K2-292 b,2019,Transit,16.984,2.63,372.8
GJ 4276 b,2019,Radial Velocity,13.352,4.22,69.6
HD 102843 b,2019,Radial Velocity,3090.9,13.1,204.7
Kepler-271 b,2014,Transit,10.435,1.23,1319.4
CFHTWIR-Oph 98 b,2020,Imaging,8040000.0,20.85,
TOI-1431 b,2021,Transit,2.6502,16.7,485.7
K2-395 c,2022,Transit,8.4913,3.4,935.2
TOI-4406 b,2023,Transit,30.084,11.21,854.0
Kepler-149 d,2014,Transit,160.02,3.96,1862.5
TOI-4405 b,2026,Transit,5.9214,2.56,507.2
TOI-5027 b,2025,Transit,10.244,10.76,666.8
GJ 273 c,2017,Radial Velocity,4.7234,1.06,19.3
HD 20781 d,2019,Radial Velocity,29.158,3.25,117.3
HD 110113 b,2021,Transit,2.541,2.05,346.7
HAT-P-63 b,2021,Transit,3.3777,12.54,1315.9
K2-398 b,2022,Transit,6.393,2.27,1979.7
TOI-3862 b,2026,Transit,1.5575,5.53,812.2
Kepler-284 c,2014,Transit,37.514,2.61,3365.8
TOI-4662 b,2026,Transit,4.7034,2.88,362.2
HD 7924 c,2015,Radial Velocity,15.299,,55.4
NGC 2682 YBP 401 b,2016,Radial Velocity,4.087,14.3,2709.8
WASP-142 b,2016,Transit,2.0529,17.15,2384.0
WASP-171 b,2019,Transit,3.8186,10.98,2471.7
TOI-1789 b,2021,Transit,3.2087,16.14,747.1
HD 35843 c,2025,Transit,46.962,2.54,227.0
TOI-4666 b,2025,Transit,2.9089,12.53,504.7
BD+20 594 b,2016,Transit,41.685,2.58,585.3
Kepler-19 d,2017,Radial Velocity,62.95,5.06,712.9
GJ 143 b,2019,Transit,35.613,2.61,53.2
WASP-182 b,2019,Transit,3.377,9.53,1068.5
HD 107148 c,2021,Radial Velocity,18.327,4.7,161.2
Kepler-833 b,2016,Transit,18.755,2.02,1524.4
Kepler-94 b,2014,Transit,2.5081,3.51,625.9
TOI-4463 A b,2023,Transit,2.8807,13.26,564.6
HATS-9 b,2015,Transit,1.9153,13.85,2083.2
TYC 0434-04538-1 b,2021,Radial Velocity,193.2,12.7,2000.7
Kepler-839 b,2016,Transit,37.814,2.57,3080.7
HD 27969 b,2021,Radial Velocity,654.5,12.9,221.6
TOI-3912 b,2023,Transit,3.4936,14.28,1519.9
Kepler-294 b,2014,Transit,3.7012,1.77,4426.0
TOI-4487 A b,2025,Transit,3.9541,14.61,1562.8
K2-251 b,2018,Transit,9.3008,2.35,479.5
GJ 3512 b,2019,Radial Velocity,203.11,14.3,30.9
HD 145675 c,2021,Radial Velocity,15732.0,12.6,58.5
HD 95544 b,2021,Radial Velocity,2041.5,12.8,286.4
Kepler-309 b,2014,Transit,5.9237,1.56,1776.1
Qatar-7 b,2019,Transit,2.032,19.06,2302.6
Kepler-270 b,2014,Transit,11.476,2.01,3094.5
TOI-628 b,2021,Transit,3.4096,11.88,582.8
HD 168009 b,2021,Radial Velocity,15.148,3.05,76.0
HD 164922 e,2021,Radial Velocity,41.763,3.23,71.8
HD 115954 b,2021,Radial Velocity,3700.0,12.6,285.9
TOI-1278 b,2021,Transit,14.476,12.22,246.5
LHS 1678 b,2021,Transit,0.86023,0.68,64.8
TOI-3980 b,2025,Transit,3.6089,14.46,1587.5
Kepler-903 b,2016,Transit,10.351,2.01,4465.9
Kepler-84 c,2012,Transit,12.883,2.36,3339.5
TOI-4507 b,2025,Transit,104.62,8.2,581.4
TOI-5160 b,2026,Transit,4.2808,2.4,494.0
EPIC 211822797 b,2016,Transit,21.17,1.92,607.3
K2-254 c,2018,Transit,12.118,2.19,742.9
GJ 160.2 b,2014,Radial Velocity,5.2354,3.17,84.3
HD 39194 d,2021,Radial Velocity,33.874,2.12,86.1
Kepler-304 b,2014,Transit,3.2957,2.86,1417.7
Kepler-1756 b,2021,Transit,2.3558,1.47,
EPIC 206317286 c,2022,Transit,17.515,2.09,1025.3
Kepler-195 b,2014,Transit,8.3079,2.03,2126.7
K2-28 b,2016,Transit,2.2605,2.32,205.5
Kepler-1724 b,2021,Transit,6.4544,2.84,3459.8
HAT-P-7 b,2008,Transit,2.2047,16.93,1112.4
Kepler-551 b,2016,Transit,12.376,2.73,1014.9
K2-44 b,2016,Transit,5.657,2.43,1554.8
K2-27 b,2016,Transit,6.7713,4.74,814.2
K2-378 b,2022,Transit,2.0604,2.88,2243.9
K2-42 b,2016,Transit,6.688,2.15,1294.6
K2-193 b,2018,Transit,14.787,3.95,1343.5
Kepler-452 b,2015,Transit,384.84,1.63,1799.5
Kepler-220 c,2014,Transit,9.0342,1.57,558.1
Kepler-228 d,2014,Transit,11.094,4.04,5364.0
Kepler-565 b,2016,Transit,4.2437,3.64,3395.3
K2-35 b,2016,Transit,2.4,1.32,823.9
Kepler-1720 b,2021,Transit,12.706,3.22,2053.0
K2-368 b,2022,Transit,5.0256,1.33,673.9
OGLE-2016-BLG-0261L b,2026,Microlensing,,9.6,25603.2
KMT-2025-BLG-0026L b,2026,Microlensing,,13.3,23744.2
KMT-2025-BLG-0030L b,2026,Microlensing,,13.7,21917.7
KMT-2025-BLG-2272L b,2026,Microlensing,,13.3,21591.5
