Entity,Code,Year,"Share (top 1%, before tax)","Share (top 1%, before tax) (Projected)"
Afghanistan,AFG,1980,,16.22
Afghanistan,AFG,1981,,16.22
Afghanistan,AFG,1982,,16.22
Afghanistan,AFG,1983,,16.22
Afghanistan,AFG,1984,,16.22
Afghanistan,AFG,1985,,16.22
Afghanistan,AFG,1986,,16.22
Afghanistan,AFG,1987,,16.22
Afghanistan,AFG,1988,,16.22
Afghanistan,AFG,1989,,16.22
Afghanistan,AFG,1990,,16.22
Afghanistan,AFG,1991,,16.22
Afghanistan,AFG,1992,,16.22
Afghanistan,AFG,1993,,16.22
Afghanistan,AFG,1994,,16.22
Afghanistan,AFG,1995,,16.22
Afghanistan,AFG,1996,,16.22
Afghanistan,AFG,1997,,16.22
Afghanistan,AFG,1998,,16.22
Afghanistan,AFG,1999,,16.22
Afghanistan,AFG,2000,,16.22
Afghanistan,AFG,2001,,16.22
Afghanistan,AFG,2002,,16.22
Afghanistan,AFG,2003,,16.22
Afghanistan,AFG,2004,,16.22
Afghanistan,AFG,2005,,16.22
Afghanistan,AFG,2006,,16.22
Afghanistan,AFG,2007,,16.22
Afghanistan,AFG,2008,16.22,16.22
Afghanistan,AFG,2009,,15.36
Afghanistan,AFG,2010,,15.11
Afghanistan,AFG,2011,,14.32
Afghanistan,AFG,2012,13.82,13.82
Afghanistan,AFG,2013,,14.09
Afghanistan,AFG,2014,,14.29
Afghanistan,AFG,2015,,14.38
Afghanistan,AFG,2016,,14.71
Afghanistan,AFG,2017,,15.08
Afghanistan,AFG,2018,15.08,15.08
Afghanistan,AFG,2019,,15.08
Afghanistan,AFG,2020,,15.08
Afghanistan,AFG,2021,,15.08
Afghanistan,AFG,2022,,15.08
Afghanistan,AFG,2023,,15.08
Afghanistan,AFG,2024,,15.08
Albania,ALB,1980,,6.8
Albania,ALB,1981,,6.8
Albania,ALB,1982,,6.8
Albania,ALB,1983,,6.8
Albania,ALB,1984,,6.79
Albania,ALB,1985,,6.79
Albania,ALB,1986,,6.79
Albania,ALB,1987,,6.79
Albania,ALB,1988,,6.79
Albania,ALB,1989,,6.79
Albania,ALB,1990,,6.79
Albania,ALB,1991,,7
Albania,ALB,1992,,7.24
Albania,ALB,1993,,7.51
Albania,ALB,1994,,7.81
Albania,ALB,1995,,8.14
Albania,ALB,1996,8.13,8.13
Albania,ALB,1997,,8.39
Albania,ALB,1998,,8.5
Albania,ALB,1999,,8.49
Albania,ALB,2000,,8.33
Albania,ALB,2001,,8.43
Albania,ALB,2002,8.61,8.61
Albania,ALB,2003,,8.74
Albania,ALB,2004,,8.56
Albania,ALB,2005,8.41,8.41
Albania,ALB,2006,,8.32
Albania,ALB,2007,,7.85
Albania,ALB,2008,8.57,8.57
Albania,ALB,2009,,8.51
Albania,ALB,2010,,8.41
Albania,ALB,2011,,8.59
Albania,ALB,2012,8.54,8.54
Albania,ALB,2013,,9.31
Albania,ALB,2014,,9.59
Albania,ALB,2015,9.62,9.62
Albania,ALB,2016,9.33,9.33
Albania,ALB,2017,9.48,9.48
Albania,ALB,2018,9.29,9.29
Albania,ALB,2019,9.33,9.33
Albania,ALB,2020,9.33,9.33
Albania,ALB,2021,9.34,9.34
Albania,ALB,2022,9.29,9.29
Albania,ALB,2023,,9.32
Albania,ALB,2024,,9.32
Algeria,DZA,1820,,18
Algeria,DZA,1850,,18.5
Algeria,DZA,1880,,19
Algeria,DZA,1900,,19.5
Algeria,DZA,1910,,22
Algeria,DZA,1920,,22
Algeria,DZA,1930,,22
Algeria,DZA,1932,,21.92
Algeria,DZA,1933,,22.05
Algeria,DZA,1934,,21.46
Algeria,DZA,1935,,21.63
Algeria,DZA,1936,,21.04
Algeria,DZA,1937,,21.25
Algeria,DZA,1938,,21.4
Algeria,DZA,1939,,20.88
Algeria,DZA,1940,,21.5
Algeria,DZA,1941,,21.01
Algeria,DZA,1946,,17.36
Algeria,DZA,1947,,16.4
Algeria,DZA,1948,,15.63
Algeria,DZA,1949,,15.12
Algeria,DZA,1950,,13.9
Algeria,DZA,1951,,14.45
Algeria,DZA,1952,,14.54
Algeria,DZA,1953,,14.95
Algeria,DZA,1954,,15.16
Algeria,DZA,1955,,15.56
Algeria,DZA,1957,,16.4
Algeria,DZA,1960,,17
Algeria,DZA,1970,,17
Algeria,DZA,1980,,15.72
Algeria,DZA,1981,,15.72
Algeria,DZA,1982,,15.72
Algeria,DZA,1983,,15.72
Algeria,DZA,1984,,15.72
Algeria,DZA,1985,,15.72
Algeria,DZA,1986,,15.72
Algeria,DZA,1987,,15.72
Algeria,DZA,1988,,15.72
Algeria,DZA,1989,,15.72
Algeria,DZA,1990,,15.72
Algeria,DZA,1991,,15.72
Algeria,DZA,1992,,15.72
Algeria,DZA,1993,,15.72
Algeria,DZA,1994,,15.72
Algeria,DZA,1995,,15.72
Algeria,DZA,1996,,15.72
Algeria,DZA,1997,,15.72
Algeria,DZA,1998,,15.72
Algeria,DZA,1999,,15.72
Algeria,DZA,2000,,15.72
Algeria,DZA,2001,,15.72
Algeria,DZA,2002,,15.72
Algeria,DZA,2003,,15.72
Algeria,DZA,2004,,15.72
Algeria,DZA,2005,,15.72
Algeria,DZA,2006,15.72,15.72
Algeria,DZA,2007,,15.77
Algeria,DZA,2008,,15.81
Algeria,DZA,2009,,15.85
Algeria,DZA,2010,,15.89
Algeria,DZA,2011,15.93,15.93
Algeria,DZA,2012,,19.55
Algeria,DZA,2013,23.25,23.25
Algeria,DZA,2014,,23.25
Algeria,DZA,2015,,23.25
Algeria,DZA,2016,,23.25
Algeria,DZA,2017,,23.25
Algeria,DZA,2018,,23.25
Algeria,DZA,2019,,23.25
Algeria,DZA,2020,,23.25
Algeria,DZA,2021,,23.25
Algeria,DZA,2022,,23.25
Algeria,DZA,2023,,23.25
Algeria,DZA,2024,,23.25
Andorra,AND,1980,,9.09
Andorra,AND,1981,,9.07
Andorra,AND,1982,,9.04
Andorra,AND,1983,,9.15
Andorra,AND,1984,,9.35
Andorra,AND,1985,,9.37
Andorra,AND,1986,,9.35
Andorra,AND,1987,,9.28
Andorra,AND,1988,,9.33
Andorra,AND,1989,,9.44
Andorra,AND,1990,,9.23
Andorra,AND,1991,,9.15
Andorra,AND,1992,,9.51
Andorra,AND,1993,,9.62
Andorra,AND,1994,,10.07
Andorra,AND,1995,,9.75
Andorra,AND,1996,,10.09
Andorra,AND,1997,,10.68
Andorra,AND,1998,,10.81
Andorra,AND,1999,,10.88
Andorra,AND,2000,,11.29
Andorra,AND,2001,,10.86
Andorra,AND,2002,,10.5
Andorra,AND,2003,,10.74
Andorra,AND,2004,,11.14
Andorra,AND,2005,,11.33
Andorra,AND,2006,,12
Andorra,AND,2007,,11.98
Andorra,AND,2008,,10.78
Andorra,AND,2009,,9.88
Andorra,AND,2010,,10.93
Andorra,AND,2011,,10.87
Andorra,AND,2012,,10.25
Andorra,AND,2013,,10.4
Andorra,AND,2014,,10.86
Andorra,AND,2015,,10.66
Andorra,AND,2016,,10.78
Andorra,AND,2017,,10.79
Andorra,AND,2018,,10.84
Andorra,AND,2019,,10.5
Andorra,AND,2020,,10.59
Andorra,AND,2021,,11.41
Andorra,AND,2022,,11.51
Andorra,AND,2023,,11.51
Andorra,AND,2024,,11.51
Angola,AGO,1980,,22
Angola,AGO,1981,,22
Angola,AGO,1982,,22
Angola,AGO,1983,,22
Angola,AGO,1984,,22
Angola,AGO,1985,,22
Angola,AGO,1986,,22
Angola,AGO,1987,,22
Angola,AGO,1988,,22
Angola,AGO,1989,,22
Angola,AGO,1990,,22
Angola,AGO,1991,,22
Angola,AGO,1992,,22
Angola,AGO,1993,,22
Angola,AGO,1994,,22
Angola,AGO,1995,,22
Angola,AGO,1996,,22
Angola,AGO,1997,,22
Angola,AGO,1998,,22
Angola,AGO,1999,,22
Angola,AGO,2000,22,22
Angola,AGO,2001,,21.16
Angola,AGO,2002,,20.33
Angola,AGO,2003,,19.5
Angola,AGO,2004,,18.66
Angola,AGO,2005,,17.82
Angola,AGO,2006,,16.99
Angola,AGO,2007,,16.15
Angola,AGO,2008,15.3,15.3
Angola,AGO,2009,,16.38
Angola,AGO,2010,,17.45
Angola,AGO,2011,,18.52
Angola,AGO,2012,,19.59
Angola,AGO,2013,,20.65
Angola,AGO,2014,,21.72
Angola,AGO,2015,,22.79
Angola,AGO,2016,,23.85
Angola,AGO,2017,,24.91
Angola,AGO,2018,25.98,25.98
Angola,AGO,2019,,25.98
Angola,AGO,2020,,25.98
Angola,AGO,2021,,25.98
Angola,AGO,2022,,25.98
Angola,AGO,2023,,25.98
Angola,AGO,2024,,25.98
Anguilla,AIA,1980,,23.75
Anguilla,AIA,1981,,23.64
Anguilla,AIA,1982,,23.53
Anguilla,AIA,1983,,23.42
Anguilla,AIA,1984,,23.31
Anguilla,AIA,1985,,23.19
Anguilla,AIA,1986,,23.07
Anguilla,AIA,1987,,22.95
Anguilla,AIA,1988,,22.83
Anguilla,AIA,1989,,22.7
Anguilla,AIA,1990,,22.58
Anguilla,AIA,1991,,22.57
Anguilla,AIA,1992,,22.55
Anguilla,AIA,1993,,22.54
Anguilla,AIA,1994,,22.53
Anguilla,AIA,1995,,22.52
Anguilla,AIA,1996,,22.51
Anguilla,AIA,1997,,22.5
Anguilla,AIA,1998,,22.49
Anguilla,AIA,1999,,22.48
Anguilla,AIA,2000,,22.47
Anguilla,AIA,2001,,22.31
Anguilla,AIA,2002,,22.16
Anguilla,AIA,2003,,22.02
Anguilla,AIA,2004,,21.89
Anguilla,AIA,2005,,21.76
Anguilla,AIA,2006,,21.64
Anguilla,AIA,2007,,21.53
Anguilla,AIA,2008,,21.42
Anguilla,AIA,2009,,21.31
Anguilla,AIA,2010,,21.21
Anguilla,AIA,2011,,21.2
Anguilla,AIA,2012,,21.2
Anguilla,AIA,2013,,21.2
Anguilla,AIA,2014,,21.2
Anguilla,AIA,2015,,21.19
Anguilla,AIA,2016,,21.19
Anguilla,AIA,2017,,21.19
Anguilla,AIA,2018,,21.18
Anguilla,AIA,2019,,21.18
Anguilla,AIA,2020,,21.18
Anguilla,AIA,2021,,21.18
Anguilla,AIA,2022,,21.18
Anguilla,AIA,2023,,21.18
Anguilla,AIA,2024,,21.18
Antigua and Barbuda,ATG,1980,,23.75
Antigua and Barbuda,ATG,1981,,23.64
Antigua and Barbuda,ATG,1982,,23.53
Antigua and Barbuda,ATG,1983,,23.42
Antigua and Barbuda,ATG,1984,,23.31
Antigua and Barbuda,ATG,1985,,23.19
Antigua and Barbuda,ATG,1986,,23.07
Antigua and Barbuda,ATG,1987,,22.95
Antigua and Barbuda,ATG,1988,,22.83
Antigua and Barbuda,ATG,1989,,22.7
Antigua and Barbuda,ATG,1990,,22.58
Antigua and Barbuda,ATG,1991,,22.57
Antigua and Barbuda,ATG,1992,,22.55
Antigua and Barbuda,ATG,1993,,22.54
Antigua and Barbuda,ATG,1994,,22.53
Antigua and Barbuda,ATG,1995,,22.52
Antigua and Barbuda,ATG,1996,,22.51
Antigua and Barbuda,ATG,1997,,22.5
Antigua and Barbuda,ATG,1998,,22.49
Antigua and Barbuda,ATG,1999,,22.48
Antigua and Barbuda,ATG,2000,,22.47
Antigua and Barbuda,ATG,2001,,22.31
Antigua and Barbuda,ATG,2002,,22.16
Antigua and Barbuda,ATG,2003,,22.02
Antigua and Barbuda,ATG,2004,,21.89
Antigua and Barbuda,ATG,2005,,21.76
Antigua and Barbuda,ATG,2006,,21.64
Antigua and Barbuda,ATG,2007,,21.53
Antigua and Barbuda,ATG,2008,,21.42
Antigua and Barbuda,ATG,2009,,21.31
Antigua and Barbuda,ATG,2010,,21.21
Antigua and Barbuda,ATG,2011,,21.2
Antigua and Barbuda,ATG,2012,,21.2
Antigua and Barbuda,ATG,2013,,21.2
Antigua and Barbuda,ATG,2014,,21.2
Antigua and Barbuda,ATG,2015,,21.19
Antigua and Barbuda,ATG,2016,,21.19
Antigua and Barbuda,ATG,2017,,21.19
Antigua and Barbuda,ATG,2018,,21.18
Antigua and Barbuda,ATG,2019,,21.18
Antigua and Barbuda,ATG,2020,,21.18
Antigua and Barbuda,ATG,2021,,21.18
Antigua and Barbuda,ATG,2022,,21.18
Antigua and Barbuda,ATG,2023,,21.18
Antigua and Barbuda,ATG,2024,,21.18
Argentina,ARG,1820,,19.75
Argentina,ARG,1850,,19.96
Argentina,ARG,1880,,20.17
Argentina,ARG,1900,,20.37
Argentina,ARG,1910,,20.79
Argentina,ARG,1920,,20.79
Argentina,ARG,1930,,20.79
Argentina,ARG,1932,,20.7
Argentina,ARG,1933,,20
Argentina,ARG,1934,,20.25
Argentina,ARG,1935,,20.48
Argentina,ARG,1936,,21.08
Argentina,ARG,1937,,20.95
Argentina,ARG,1938,,20.77
Argentina,ARG,1939,,21.02
Argentina,ARG,1940,,20.5
Argentina,ARG,1941,,20.73
Argentina,ARG,1942,,20.16
Argentina,ARG,1943,,20.89
Argentina,ARG,1944,,20.35
Argentina,ARG,1945,,19.76
Argentina,ARG,1946,,20.22
Argentina,ARG,1947,,19.89
Argentina,ARG,1948,,19.35
Argentina,ARG,1949,,18.53
Argentina,ARG,1950,,18.66
Argentina,ARG,1951,,17.67
Argentina,ARG,1952,,17.5
Argentina,ARG,1953,,16.14
Argentina,ARG,1954,,15.95
Argentina,ARG,1956,,14.63
Argentina,ARG,1958,,13.84
Argentina,ARG,1959,,13.68
Argentina,ARG,1960,,13.03
Argentina,ARG,1961,,12.87
Argentina,ARG,1970,,12.61
Argentina,ARG,1980,,14.86
Argentina,ARG,1981,,14.86
Argentina,ARG,1982,,14.86
Argentina,ARG,1983,,14.86
Argentina,ARG,1984,,14.86
Argentina,ARG,1985,,14.86
Argentina,ARG,1986,,14.86
Argentina,ARG,1987,,14.86
Argentina,ARG,1988,,14.86
Argentina,ARG,1989,,14.86
Argentina,ARG,1990,,14.86
Argentina,ARG,1991,,14.86
Argentina,ARG,1992,,14.86
Argentina,ARG,1993,,14.86
Argentina,ARG,1994,,14.86
Argentina,ARG,1995,,14.86
Argentina,ARG,1996,,14.86
Argentina,ARG,1997,,14.86
Argentina,ARG,1998,,14.86
Argentina,ARG,1999,,14.86
Argentina,ARG,2000,,14.86
Argentina,ARG,2001,14.58,14.58
Argentina,ARG,2002,16.61,16.61
Argentina,ARG,2003,16.1,16.1
Argentina,ARG,2004,16.53,16.53
Argentina,ARG,2005,13.54,13.54
Argentina,ARG,2006,11.33,11.33
Argentina,ARG,2007,16.68,16.68
Argentina,ARG,2008,15.68,15.68
Argentina,ARG,2009,13.06,13.06
Argentina,ARG,2010,13.17,13.17
Argentina,ARG,2011,12.52,12.52
Argentina,ARG,2012,9.16,9.16
Argentina,ARG,2013,11.16,11.16
Argentina,ARG,2014,12.37,12.37
Argentina,ARG,2015,,13.25
Argentina,ARG,2016,,14.15
Argentina,ARG,2017,11.92,11.92
Argentina,ARG,2018,12.38,12.38
Argentina,ARG,2019,14.82,14.82
Argentina,ARG,2020,14.72,14.72
Argentina,ARG,2021,14.38,14.38
Argentina,ARG,2022,12.52,12.52
Argentina,ARG,2023,,18.1
Argentina,ARG,2024,,18.1
Armenia,ARM,1980,,4.06
Armenia,ARM,1981,,4.22
Armenia,ARM,1982,,4.38
Armenia,ARM,1983,,4.54
Armenia,ARM,1984,,4.69
Armenia,ARM,1985,,4.84
Armenia,ARM,1986,,5
Armenia,ARM,1987,,5.15
Armenia,ARM,1988,,5.3
Armenia,ARM,1989,,5.59
Armenia,ARM,1990,,7.45
Armenia,ARM,1991,,9.36
Armenia,ARM,1992,,11.28
Armenia,ARM,1993,,13.19
Armenia,ARM,1994,,15.11
Armenia,ARM,1995,,17.03
Armenia,ARM,1996,18.97,18.97
Armenia,ARM,1997,,18.44
Armenia,ARM,1998,,17.77
Armenia,ARM,1999,17.39,17.39
Armenia,ARM,2000,,15.89
Armenia,ARM,2001,,14.71
Armenia,ARM,2002,,16.01
Armenia,ARM,2003,,17.02
Armenia,ARM,2004,,18.8
Armenia,ARM,2005,,18.33
Armenia,ARM,2006,,13.15
Armenia,ARM,2007,,12.83
Armenia,ARM,2008,,12.59
Armenia,ARM,2009,,12.19
Armenia,ARM,2010,,14.76
Armenia,ARM,2011,,13.26
Armenia,ARM,2012,,13.58
Armenia,ARM,2013,,13.87
Armenia,ARM,2014,,14.24
Armenia,ARM,2015,,15.04
Armenia,ARM,2016,,16.53
Armenia,ARM,2017,,18.72
Armenia,ARM,2018,,17.46
Armenia,ARM,2019,,15
Armenia,ARM,2020,,15
Armenia,ARM,2021,,15
Armenia,ARM,2022,,15
Armenia,ARM,2023,,15
Armenia,ARM,2024,,15
Aruba,ABW,1980,,23.75
Aruba,ABW,1981,,23.64
Aruba,ABW,1982,,23.53
Aruba,ABW,1983,,23.42
Aruba,ABW,1984,,23.31
Aruba,ABW,1985,,23.19
Aruba,ABW,1986,,23.07
Aruba,ABW,1987,,22.95
Aruba,ABW,1988,,22.83
Aruba,ABW,1989,,22.7
Aruba,ABW,1990,,22.58
Aruba,ABW,1991,,22.57
Aruba,ABW,1992,,22.55
Aruba,ABW,1993,,22.54
Aruba,ABW,1994,,22.53
Aruba,ABW,1995,,22.52
Aruba,ABW,1996,,22.51
Aruba,ABW,1997,,22.5
Aruba,ABW,1998,,22.49
Aruba,ABW,1999,,22.48
Aruba,ABW,2000,,22.47
Aruba,ABW,2001,,22.31
Aruba,ABW,2002,,22.16
Aruba,ABW,2003,,22.02
Aruba,ABW,2004,,21.89
Aruba,ABW,2005,,21.76
Aruba,ABW,2006,,21.64
Aruba,ABW,2007,,21.53
Aruba,ABW,2008,,21.42
Aruba,ABW,2009,,21.31
Aruba,ABW,2010,,21.21
Aruba,ABW,2011,,21.2
Aruba,ABW,2012,,21.2
Aruba,ABW,2013,,21.2
Aruba,ABW,2014,,21.2
Aruba,ABW,2015,,21.19
Aruba,ABW,2016,,21.19
Aruba,ABW,2017,,21.19
Aruba,ABW,2018,,21.18
Aruba,ABW,2019,,21.18
Aruba,ABW,2020,,21.18
Aruba,ABW,2021,,21.18
Aruba,ABW,2022,,21.18
Aruba,ABW,2023,,21.18
Aruba,ABW,2024,,21.18
Australia,AUS,1820,,14.56
Australia,AUS,1850,,14.89
Australia,AUS,1880,,14.72
Australia,AUS,1900,,16.36
Australia,AUS,1910,16.66,16.66
Australia,AUS,1911,,16.25
Australia,AUS,1912,,15.85
Australia,AUS,1913,,14.55
Australia,AUS,1914,,13.66
Australia,AUS,1915,,12.98
Australia,AUS,1916,,11.13
Australia,AUS,1917,,11.48
Australia,AUS,1918,,11.64
Australia,AUS,1919,,15.82
Australia,AUS,1920,,12.62
Australia,AUS,1921,,14.37
Australia,AUS,1922,,13.19
Australia,AUS,1923,,14.51
Australia,AUS,1924,,14.57
Australia,AUS,1925,,14.05
Australia,AUS,1926,,13.73
Australia,AUS,1927,,14.35
Australia,AUS,1928,,14.75
Australia,AUS,1929,,13.14
Australia,AUS,1930,11.98,11.98
Australia,AUS,1931,,11.5
Australia,AUS,1932,,11.41
Australia,AUS,1933,,12.73
Australia,AUS,1934,,12.79
Australia,AUS,1935,,12.96
Australia,AUS,1936,,13.89
Australia,AUS,1937,,12.07
Australia,AUS,1938,,12.74
Australia,AUS,1939,,13.17
Australia,AUS,1940,12.66,12.66
Australia,AUS,1941,,13.12
Australia,AUS,1942,,12.67
Australia,AUS,1943,,12.66
Australia,AUS,1944,,10.9
Australia,AUS,1945,,10.14
Australia,AUS,1946,,11.4
Australia,AUS,1947,,12.72
Australia,AUS,1948,,12.88
Australia,AUS,1949,,13.55
Australia,AUS,1950,16.87,16.87
Australia,AUS,1951,10.75,10.75
Australia,AUS,1952,10.6,10.6
Australia,AUS,1953,10.06,10.06
Australia,AUS,1954,9.53,9.53
Australia,AUS,1955,8.95,8.95
Australia,AUS,1956,9.39,9.39
Australia,AUS,1957,8.21,8.21
Australia,AUS,1958,8.9,8.9
Australia,AUS,1959,8.31,8.31
Australia,AUS,1960,7.96,7.96
Australia,AUS,1961,7.86,7.86
Australia,AUS,1962,8.04,8.04
Australia,AUS,1963,8.37,8.37
Australia,AUS,1964,8.02,8.02
Australia,AUS,1965,7.74,7.74
Australia,AUS,1966,7.27,7.27
Australia,AUS,1967,7.49,7.49
Australia,AUS,1968,7.28,7.28
Australia,AUS,1969,7.27,7.27
Australia,AUS,1970,6.92,6.92
Australia,AUS,1971,6.75,6.75
Australia,AUS,1972,6.86,6.86
Australia,AUS,1973,6.59,6.59
Australia,AUS,1974,5.82,5.82
Australia,AUS,1975,5.38,5.38
Australia,AUS,1976,5.2,5.2
Australia,AUS,1977,5.33,5.33
Australia,AUS,1978,5.28,5.28
Australia,AUS,1979,5.46,5.46
Australia,AUS,1980,5.47,5.47
Australia,AUS,1981,5.27,5.27
Australia,AUS,1982,5.31,5.31
Australia,AUS,1983,5.29,5.29
Australia,AUS,1984,5.64,5.64
Australia,AUS,1985,5.99,5.99
Australia,AUS,1986,6.37,6.37
Australia,AUS,1987,7.51,7.51
Australia,AUS,1988,9.22,9.22
Australia,AUS,1989,7.57,7.57
Australia,AUS,1990,7.06,7.06
Australia,AUS,1991,7,7
Australia,AUS,1992,6.87,6.87
Australia,AUS,1993,7.23,7.23
Australia,AUS,1994,7.59,7.59
Australia,AUS,1995,7.88,7.88
Australia,AUS,1996,8.29,8.29
Australia,AUS,1997,7.51,7.51
Australia,AUS,1998,8.13,8.13
Australia,AUS,1999,8.33,8.33
Australia,AUS,2000,8.93,8.93
Australia,AUS,2001,8.94,8.94
Australia,AUS,2002,9.39,9.39
Australia,AUS,2003,9.48,9.48
Australia,AUS,2004,9.92,9.92
Australia,AUS,2005,10.13,10.13
Australia,AUS,2006,10,10
Australia,AUS,2007,10.79,10.79
Australia,AUS,2008,10.51,10.51
Australia,AUS,2009,10.94,10.94
Australia,AUS,2010,10.73,10.73
Australia,AUS,2011,10.88,10.88
Australia,AUS,2012,10.64,10.64
Australia,AUS,2013,10.39,10.39
Australia,AUS,2014,10.73,10.73
Australia,AUS,2015,10.19,10.19
Australia,AUS,2016,9.66,9.66
Australia,AUS,2017,10.02,10.02
Australia,AUS,2018,9.67,9.67
Australia,AUS,2019,9.91,9.91
Australia,AUS,2020,10.02,10.02
Australia,AUS,2021,10.98,10.98
Australia,AUS,2022,11,11
Australia,AUS,2023,,10.95
Australia,AUS,2024,,10.95
Austria,AUT,1980,,9.47
Austria,AUT,1981,,9.3
Austria,AUT,1982,,9.13
Austria,AUT,1983,,9.13
Austria,AUT,1984,,9.14
Austria,AUT,1985,,9.15
Austria,AUT,1986,,9.16
Austria,AUT,1987,,9.15
Austria,AUT,1988,,9.19
Austria,AUT,1989,,9.2
Austria,AUT,1990,,9.21
Austria,AUT,1991,,9.2
Austria,AUT,1992,,9.16
Austria,AUT,1993,,9.17
Austria,AUT,1994,,9.17
Austria,AUT,1995,,9.08
Austria,AUT,1996,,9.13
Austria,AUT,1997,,9.36
Austria,AUT,1998,,9.67
Austria,AUT,1999,,8.8
Austria,AUT,2000,,9.69
Austria,AUT,2001,,9.24
Austria,AUT,2002,,9.44
Austria,AUT,2003,,9.53
Austria,AUT,2004,9.64,9.64
Austria,AUT,2005,9.37,9.37
Austria,AUT,2006,9.94,9.94
Austria,AUT,2007,9.77,9.77
Austria,AUT,2008,9.59,9.59
Austria,AUT,2009,8.64,8.64
Austria,AUT,2010,9.58,9.58
Austria,AUT,2011,9.35,9.35
Austria,AUT,2012,9.27,9.27
Austria,AUT,2013,,8.97
Austria,AUT,2014,,8.77
Austria,AUT,2015,8.83,8.83
Austria,AUT,2016,9.78,9.78
Austria,AUT,2017,9.06,9.06
Austria,AUT,2018,,9.01
Austria,AUT,2019,,8.92
Austria,AUT,2020,,8.92
Austria,AUT,2021,,8.98
Austria,AUT,2022,,8.99
Austria,AUT,2023,,8.9
Austria,AUT,2024,,8.9
Azerbaijan,AZE,1980,,4.06
Azerbaijan,AZE,1981,,4.22
Azerbaijan,AZE,1982,,4.38
Azerbaijan,AZE,1983,,4.54
Azerbaijan,AZE,1984,,4.69
Azerbaijan,AZE,1985,,4.84
Azerbaijan,AZE,1986,,5
Azerbaijan,AZE,1987,,5.15
Azerbaijan,AZE,1988,,5.3
Azerbaijan,AZE,1989,,5.59
Azerbaijan,AZE,1990,,7.45
Azerbaijan,AZE,1991,,9.13
Azerbaijan,AZE,1992,,10.82
Azerbaijan,AZE,1993,,12.5
Azerbaijan,AZE,1994,,14.19
Azerbaijan,AZE,1995,15.89,15.89
Azerbaijan,AZE,1996,,16.28
Azerbaijan,AZE,1997,,16.48
Azerbaijan,AZE,1998,,16.22
Azerbaijan,AZE,1999,,16.44
Azerbaijan,AZE,2000,,16.09
Azerbaijan,AZE,2001,,15.98
Azerbaijan,AZE,2002,,13.92
Azerbaijan,AZE,2003,,13.29
Azerbaijan,AZE,2004,,14.26
Azerbaijan,AZE,2005,,14.7
Azerbaijan,AZE,2006,,17.53
Azerbaijan,AZE,2007,,18.22
Azerbaijan,AZE,2008,,14.49
Azerbaijan,AZE,2009,,14.26
Azerbaijan,AZE,2010,,13.82
Azerbaijan,AZE,2011,,14.2
Azerbaijan,AZE,2012,,14.65
Azerbaijan,AZE,2013,,14.32
Azerbaijan,AZE,2014,,14.32
Azerbaijan,AZE,2015,,13.92
Azerbaijan,AZE,2016,,13.33
Azerbaijan,AZE,2017,,13.99
Azerbaijan,AZE,2018,,13.99
Azerbaijan,AZE,2019,,13.99
Azerbaijan,AZE,2020,,13.99
Azerbaijan,AZE,2021,,13.99
Azerbaijan,AZE,2022,,13.99
Azerbaijan,AZE,2023,,13.99
Azerbaijan,AZE,2024,,13.99
Bahamas,BHS,1980,,22.27
Bahamas,BHS,1981,,22.27
Bahamas,BHS,1982,,22.27
Bahamas,BHS,1983,,22.27
Bahamas,BHS,1984,,22.27
Bahamas,BHS,1985,,22.27
Bahamas,BHS,1986,,22.27
Bahamas,BHS,1987,,22.27
Bahamas,BHS,1988,,22.27
Bahamas,BHS,1989,,22.27
Bahamas,BHS,1990,,22.27
Bahamas,BHS,1991,,22.27
Bahamas,BHS,1992,,22.27
Bahamas,BHS,1993,,22.27
Bahamas,BHS,1994,,22.27
Bahamas,BHS,1995,,22.27
Bahamas,BHS,1996,,22.27
Bahamas,BHS,1997,,22.27
Bahamas,BHS,1998,,22.27
Bahamas,BHS,1999,,22.27
Bahamas,BHS,2000,,22.27
Bahamas,BHS,2001,,22.79
Bahamas,BHS,2002,,22.45
Bahamas,BHS,2003,,23.3
Bahamas,BHS,2004,,24.14
Bahamas,BHS,2005,,22.75
Bahamas,BHS,2006,,23.23
Bahamas,BHS,2007,,24.73
Bahamas,BHS,2008,,23.95
Bahamas,BHS,2009,,22.85
Bahamas,BHS,2010,,23.78
Bahamas,BHS,2011,,23.91
Bahamas,BHS,2012,,23.62
Bahamas,BHS,2013,,24.9
Bahamas,BHS,2014,,25.49
Bahamas,BHS,2015,,23.3
Bahamas,BHS,2016,,23.45
Bahamas,BHS,2017,,22.48
Bahamas,BHS,2018,,22.84
Bahamas,BHS,2019,,22.66
Bahamas,BHS,2020,,23.62
Bahamas,BHS,2021,,22.79
Bahamas,BHS,2022,,21.99
Bahamas,BHS,2023,,21.97
Bahamas,BHS,2024,,21.97
Bahrain,BHR,1980,,22.21
Bahrain,BHR,1981,,22.21
Bahrain,BHR,1982,,22.21
Bahrain,BHR,1983,,22.21
Bahrain,BHR,1984,,22.21
Bahrain,BHR,1985,,22.21
Bahrain,BHR,1986,,22.21
Bahrain,BHR,1987,,22.21
Bahrain,BHR,1988,,22.21
Bahrain,BHR,1989,,22.21
Bahrain,BHR,1990,,22.21
Bahrain,BHR,1991,,22.21
Bahrain,BHR,1992,,22.21
Bahrain,BHR,1993,,22.21
Bahrain,BHR,1994,,22.21
Bahrain,BHR,1995,22.21,22.21
Bahrain,BHR,1996,,22.39
Bahrain,BHR,1997,,22.58
Bahrain,BHR,1998,,22.78
Bahrain,BHR,1999,,22.98
Bahrain,BHR,2000,,23.18
Bahrain,BHR,2001,,23.38
Bahrain,BHR,2002,,23.59
Bahrain,BHR,2003,,23.8
Bahrain,BHR,2004,,24.01
Bahrain,BHR,2005,24.23,24.23
Bahrain,BHR,2006,,22.29
Bahrain,BHR,2007,,20.15
Bahrain,BHR,2008,,17.8
Bahrain,BHR,2009,15.19,15.19
Bahrain,BHR,2010,,17.12
Bahrain,BHR,2011,,18.97
Bahrain,BHR,2012,,20.73
Bahrain,BHR,2013,,22.42
Bahrain,BHR,2014,,24.04
Bahrain,BHR,2015,25.59,25.59
Bahrain,BHR,2016,,25.59
Bahrain,BHR,2017,,25.59
Bahrain,BHR,2018,,25.59
Bahrain,BHR,2019,,25.59
Bahrain,BHR,2020,,25.59
Bahrain,BHR,2021,,25.59
Bahrain,BHR,2022,,25.59
Bahrain,BHR,2023,,25.59
Bahrain,BHR,2024,,25.59
Bangladesh,BGD,1820,,14.86
Bangladesh,BGD,1850,,15.93
Bangladesh,BGD,1880,,16.11
Bangladesh,BGD,1900,,15.48
Bangladesh,BGD,1910,,14.22
Bangladesh,BGD,1920,,15.55
Bangladesh,BGD,1930,,16.99
Bangladesh,BGD,1940,,21.72
Bangladesh,BGD,1950,,16.16
Bangladesh,BGD,1960,,18.43
Bangladesh,BGD,1970,,20.7
Bangladesh,BGD,1980,,11.64
Bangladesh,BGD,1981,,11.64
Bangladesh,BGD,1982,,11.64
Bangladesh,BGD,1983,11.64,11.64
Bangladesh,BGD,1984,,12.33
Bangladesh,BGD,1985,13,13
Bangladesh,BGD,1986,,13.44
Bangladesh,BGD,1987,,13.88
Bangladesh,BGD,1988,14.3,14.3
Bangladesh,BGD,1989,,13.71
Bangladesh,BGD,1990,,13.13
Bangladesh,BGD,1991,12.58,12.58
Bangladesh,BGD,1992,,13.74
Bangladesh,BGD,1993,,14.81
Bangladesh,BGD,1994,,15.79
Bangladesh,BGD,1995,16.71,16.71
Bangladesh,BGD,1996,,16.58
Bangladesh,BGD,1997,,16.47
Bangladesh,BGD,1998,,16.33
Bangladesh,BGD,1999,,16.31
Bangladesh,BGD,2000,16.23,16.23
Bangladesh,BGD,2001,,16.23
Bangladesh,BGD,2002,,16.42
Bangladesh,BGD,2003,,16.69
Bangladesh,BGD,2004,,16.7
Bangladesh,BGD,2005,16.77,16.77
Bangladesh,BGD,2006,,16.76
Bangladesh,BGD,2007,,16.82
Bangladesh,BGD,2008,,16.31
Bangladesh,BGD,2009,,16.12
Bangladesh,BGD,2010,16.36,16.36
Bangladesh,BGD,2011,,16.25
Bangladesh,BGD,2012,,16.31
Bangladesh,BGD,2013,,16.33
Bangladesh,BGD,2014,,16.27
Bangladesh,BGD,2015,,16.12
Bangladesh,BGD,2016,16.15,16.15
Bangladesh,BGD,2017,,16.16
Bangladesh,BGD,2018,,16.16
Bangladesh,BGD,2019,,16.16
Bangladesh,BGD,2020,,16.16
Bangladesh,BGD,2021,,16.16
Bangladesh,BGD,2022,,16.16
Bangladesh,BGD,2023,,16.16
Bangladesh,BGD,2024,,16.16
Barbados,BRB,1980,,23.75
Barbados,BRB,1981,,23.64
Barbados,BRB,1982,,23.53
Barbados,BRB,1983,,23.42
Barbados,BRB,1984,,23.31
Barbados,BRB,1985,,23.19
Barbados,BRB,1986,,23.07
Barbados,BRB,1987,,22.95
Barbados,BRB,1988,,22.83
Barbados,BRB,1989,,22.7
Barbados,BRB,1990,,22.58
Barbados,BRB,1991,,22.57
Barbados,BRB,1992,,22.55
Barbados,BRB,1993,,22.54
Barbados,BRB,1994,,22.53
Barbados,BRB,1995,,22.52
Barbados,BRB,1996,,22.51
Barbados,BRB,1997,,22.5
Barbados,BRB,1998,,22.49
Barbados,BRB,1999,,22.48
Barbados,BRB,2000,,22.47
Barbados,BRB,2001,,22.31
Barbados,BRB,2002,,22.16
Barbados,BRB,2003,,22.02
Barbados,BRB,2004,,21.89
Barbados,BRB,2005,,21.76
Barbados,BRB,2006,,21.64
Barbados,BRB,2007,,21.53
Barbados,BRB,2008,,21.42
Barbados,BRB,2009,,21.31
Barbados,BRB,2010,,21.21
Barbados,BRB,2011,,21.2
Barbados,BRB,2012,,21.2
Barbados,BRB,2013,,21.2
Barbados,BRB,2014,,21.2
Barbados,BRB,2015,,21.19
Barbados,BRB,2016,,21.19
Barbados,BRB,2017,,21.19
Barbados,BRB,2018,,21.18
Barbados,BRB,2019,,21.18
Barbados,BRB,2020,,21.18
Barbados,BRB,2021,,21.18
Barbados,BRB,2022,,21.18
Barbados,BRB,2023,,21.18
Barbados,BRB,2024,,21.18
Belarus,BLR,1980,,4.06
Belarus,BLR,1981,,4.22
Belarus,BLR,1982,,4.38
Belarus,BLR,1983,,4.54
Belarus,BLR,1984,,4.69
Belarus,BLR,1985,,4.84
Belarus,BLR,1986,,5
Belarus,BLR,1987,,5.15
Belarus,BLR,1988,,5.3
Belarus,BLR,1989,,5.59
Belarus,BLR,1990,,7.45
Belarus,BLR,1991,,7.84
Belarus,BLR,1992,,8.24
Belarus,BLR,1993,,8.66
Belarus,BLR,1994,,11.43
Belarus,BLR,1995,,12.4
Belarus,BLR,1996,,12.42
Belarus,BLR,1997,,13.3
Belarus,BLR,1998,,12.95
Belarus,BLR,1999,,11.93
Belarus,BLR,2000,,12.25
Belarus,BLR,2001,,11.93
Belarus,BLR,2002,,12.05
Belarus,BLR,2003,,10.64
Belarus,BLR,2004,,10
Belarus,BLR,2005,,10.05
Belarus,BLR,2006,,10.25
Belarus,BLR,2007,,12.03
Belarus,BLR,2008,,11.76
Belarus,BLR,2009,,11.38
Belarus,BLR,2010,,10
Belarus,BLR,2011,,12.47
Belarus,BLR,2012,,11.69
Belarus,BLR,2013,,10.38
Belarus,BLR,2014,,10.65
Belarus,BLR,2015,,9.03
Belarus,BLR,2016,,9.54
Belarus,BLR,2017,,10.13
Belarus,BLR,2018,,9.95
Belarus,BLR,2019,,9.61
Belarus,BLR,2020,,9.61
Belarus,BLR,2021,,9.61
Belarus,BLR,2022,,9.61
Belarus,BLR,2023,,9.61
Belarus,BLR,2024,,9.61
Belgium,BEL,1980,,8.35
Belgium,BEL,1981,,8.31
Belgium,BEL,1982,,7.8
Belgium,BEL,1983,,7.55
Belgium,BEL,1984,,7.27
Belgium,BEL,1985,7.5,7.5
Belgium,BEL,1986,,7.88
Belgium,BEL,1987,,8.04
Belgium,BEL,1988,8.91,8.91
Belgium,BEL,1989,,9.09
Belgium,BEL,1990,,8.24
Belgium,BEL,1991,7.87,7.87
Belgium,BEL,1992,7.57,7.57
Belgium,BEL,1993,7.56,7.56
Belgium,BEL,1994,8.19,8.19
Belgium,BEL,1995,8.05,8.05
Belgium,BEL,1996,8.31,8.31
Belgium,BEL,1997,8.32,8.32
Belgium,BEL,1998,8.13,8.13
Belgium,BEL,1999,8.22,8.22
Belgium,BEL,2000,8.19,8.19
Belgium,BEL,2001,7.96,7.96
Belgium,BEL,2002,7.63,7.63
Belgium,BEL,2003,7.67,7.67
Belgium,BEL,2004,8.52,8.52
Belgium,BEL,2005,8.44,8.44
Belgium,BEL,2006,8.71,8.71
Belgium,BEL,2007,9.52,9.52
Belgium,BEL,2008,8.5,8.5
Belgium,BEL,2009,7.49,7.49
Belgium,BEL,2010,7.63,7.63
Belgium,BEL,2011,7.94,7.94
Belgium,BEL,2012,8.17,8.17
Belgium,BEL,2013,,8.2
Belgium,BEL,2014,8.34,8.34
Belgium,BEL,2015,8.48,8.48
Belgium,BEL,2016,8.63,8.63
Belgium,BEL,2017,8.5,8.5
Belgium,BEL,2018,8.58,8.58
Belgium,BEL,2019,8.7,8.7
Belgium,BEL,2020,8.7,8.7
Belgium,BEL,2021,8.7,8.7
Belgium,BEL,2022,8.7,8.7
Belgium,BEL,2023,,8.69
Belgium,BEL,2024,,8.69
Belize,BLZ,1980,,22.27
Belize,BLZ,1981,,22.27
Belize,BLZ,1982,,22.27
Belize,BLZ,1983,,22.27
Belize,BLZ,1984,,22.27
Belize,BLZ,1985,,22.27
Belize,BLZ,1986,,22.27
Belize,BLZ,1987,,22.27
Belize,BLZ,1988,,22.27
Belize,BLZ,1989,,22.27
Belize,BLZ,1990,,22.27
Belize,BLZ,1991,,22.27
Belize,BLZ,1992,,22.27
Belize,BLZ,1993,,22.27
Belize,BLZ,1994,,22.27
Belize,BLZ,1995,,22.27
Belize,BLZ,1996,,22.27
Belize,BLZ,1997,,22.27
Belize,BLZ,1998,,22.27
Belize,BLZ,1999,,22.27
Belize,BLZ,2000,,22.27
Belize,BLZ,2001,,22.79
Belize,BLZ,2002,,22.45
Belize,BLZ,2003,,23.3
Belize,BLZ,2004,,24.14
Belize,BLZ,2005,,22.75
Belize,BLZ,2006,,23.23
Belize,BLZ,2007,,24.73
Belize,BLZ,2008,,23.95
Belize,BLZ,2009,,22.85
Belize,BLZ,2010,,23.78
Belize,BLZ,2011,,23.91
Belize,BLZ,2012,,23.62
Belize,BLZ,2013,,24.9
Belize,BLZ,2014,,25.49
Belize,BLZ,2015,,23.3
Belize,BLZ,2016,,23.45
Belize,BLZ,2017,,22.48
Belize,BLZ,2018,,22.84
Belize,BLZ,2019,,22.66
Belize,BLZ,2020,,23.62
Belize,BLZ,2021,,22.79
Belize,BLZ,2022,,21.99
Belize,BLZ,2023,,21.97
Belize,BLZ,2024,,21.97
Benin,BEN,1980,,16.35
Benin,BEN,1981,,16.35
Benin,BEN,1982,,16.35
Benin,BEN,1983,,16.35
Benin,BEN,1984,,16.35
Benin,BEN,1985,,16.35
Benin,BEN,1986,,16.35
Benin,BEN,1987,,16.35
Benin,BEN,1988,,16.35
Benin,BEN,1989,,16.35
Benin,BEN,1990,,16.35
Benin,BEN,1991,,16.35
Benin,BEN,1992,,16.35
Benin,BEN,1993,,16.35
Benin,BEN,1994,,16.35
Benin,BEN,1995,,16.35
Benin,BEN,1996,,16.35
Benin,BEN,1997,,16.35
Benin,BEN,1998,,16.35
Benin,BEN,1999,,16.35
Benin,BEN,2000,,16.35
Benin,BEN,2001,,16.35
Benin,BEN,2002,,16.35
Benin,BEN,2003,16.35,16.35
Benin,BEN,2004,,16.22
Benin,BEN,2005,,16.1
Benin,BEN,2006,,15.97
Benin,BEN,2007,,15.84
Benin,BEN,2008,,15.72
Benin,BEN,2009,,15.59
Benin,BEN,2010,,15.46
Benin,BEN,2011,15.34,15.34
Benin,BEN,2012,,15.89
Benin,BEN,2013,,16.43
Benin,BEN,2014,,16.97
Benin,BEN,2015,17.51,17.51
Benin,BEN,2016,,16.49
Benin,BEN,2017,,15.47
Benin,BEN,2018,14.43,14.43
Benin,BEN,2019,,13.9
Benin,BEN,2020,,13.37
Benin,BEN,2021,12.84,12.84
Benin,BEN,2022,,12.84
Benin,BEN,2023,,12.84
Benin,BEN,2024,,12.84
Bermuda,BMU,1980,,8.85
Bermuda,BMU,1981,,9
Bermuda,BMU,1982,,9.14
Bermuda,BMU,1983,,9.29
Bermuda,BMU,1984,,9.44
Bermuda,BMU,1985,,9.6
Bermuda,BMU,1986,,9.76
Bermuda,BMU,1987,,9.92
Bermuda,BMU,1988,,10.08
Bermuda,BMU,1989,,10.25
Bermuda,BMU,1990,,10.42
Bermuda,BMU,1991,,10.7
Bermuda,BMU,1992,,10.96
Bermuda,BMU,1993,,11.22
Bermuda,BMU,1994,,11.47
Bermuda,BMU,1995,,11.72
Bermuda,BMU,1996,,11.95
Bermuda,BMU,1997,,12.18
Bermuda,BMU,1998,,12.4
Bermuda,BMU,1999,,12.61
Bermuda,BMU,2000,,12.82
Bermuda,BMU,2001,,13.2
Bermuda,BMU,2002,,13.58
Bermuda,BMU,2003,,13.94
Bermuda,BMU,2004,,14.29
Bermuda,BMU,2005,,14.64
Bermuda,BMU,2006,,14.98
Bermuda,BMU,2007,,15.31
Bermuda,BMU,2008,,15.64
Bermuda,BMU,2009,,15.95
Bermuda,BMU,2010,,16.26
Bermuda,BMU,2011,,16.24
Bermuda,BMU,2012,,16.22
Bermuda,BMU,2013,,16.2
Bermuda,BMU,2014,,16.18
Bermuda,BMU,2015,,16.17
Bermuda,BMU,2016,,16.15
Bermuda,BMU,2017,,16.13
Bermuda,BMU,2018,,16.12
Bermuda,BMU,2019,,16.1
Bermuda,BMU,2020,,16.09
Bermuda,BMU,2021,,16.09
Bermuda,BMU,2022,,16.09
Bermuda,BMU,2023,,16.09
Bermuda,BMU,2024,,16.09
Bhutan,BTN,1980,,18.08
Bhutan,BTN,1981,,18.08
Bhutan,BTN,1982,,18.08
Bhutan,BTN,1983,,18.08
Bhutan,BTN,1984,,18.08
Bhutan,BTN,1985,,18.08
Bhutan,BTN,1986,,18.08
Bhutan,BTN,1987,,18.08
Bhutan,BTN,1988,,18.08
Bhutan,BTN,1989,,18.08
Bhutan,BTN,1990,,18.08
Bhutan,BTN,1991,,18.08
Bhutan,BTN,1992,,18.08
Bhutan,BTN,1993,,18.08
Bhutan,BTN,1994,,18.08
Bhutan,BTN,1995,,18.08
Bhutan,BTN,1996,,18.08
Bhutan,BTN,1997,,18.08
Bhutan,BTN,1998,,18.08
Bhutan,BTN,1999,,18.08
Bhutan,BTN,2000,,18.08
Bhutan,BTN,2001,,18.08
Bhutan,BTN,2002,,18.08
Bhutan,BTN,2003,18.08,18.08
Bhutan,BTN,2004,,17.21
Bhutan,BTN,2005,,16.5
Bhutan,BTN,2006,,15.97
Bhutan,BTN,2007,15.59,15.59
Bhutan,BTN,2008,,15.76
Bhutan,BTN,2009,,16.22
Bhutan,BTN,2010,,17
Bhutan,BTN,2011,,17.19
Bhutan,BTN,2012,17.51,17.51
Bhutan,BTN,2013,,16.78
Bhutan,BTN,2014,,16.01
Bhutan,BTN,2015,,15.16
Bhutan,BTN,2016,,14.54
Bhutan,BTN,2017,14,14
Bhutan,BTN,2018,,14
Bhutan,BTN,2019,,14
Bhutan,BTN,2020,,14
Bhutan,BTN,2021,,14
Bhutan,BTN,2022,,14
Bhutan,BTN,2023,,14
Bhutan,BTN,2024,,14
Bolivia,BOL,1980,,22.27
Bolivia,BOL,1981,,22.27
Bolivia,BOL,1982,,22.27
Bolivia,BOL,1983,,22.27
Bolivia,BOL,1984,,22.27
Bolivia,BOL,1985,,22.27
Bolivia,BOL,1986,,22.27
Bolivia,BOL,1987,,22.27
Bolivia,BOL,1988,,22.27
Bolivia,BOL,1989,,22.27
Bolivia,BOL,1990,,22.27
Bolivia,BOL,1991,,22.27
Bolivia,BOL,1992,,22.27
Bolivia,BOL,1993,,22.27
Bolivia,BOL,1994,,22.27
Bolivia,BOL,1995,,22.27
Bolivia,BOL,1996,,22.27
Bolivia,BOL,1997,,22.27
Bolivia,BOL,1998,,22.27
Bolivia,BOL,1999,,22.27
Bolivia,BOL,2000,,22.27
Bolivia,BOL,2001,,22.79
Bolivia,BOL,2002,,22.45
Bolivia,BOL,2003,,23.3
Bolivia,BOL,2004,,24.14
Bolivia,BOL,2005,,22.75
Bolivia,BOL,2006,,23.23
Bolivia,BOL,2007,,24.73
Bolivia,BOL,2008,,23.95
Bolivia,BOL,2009,,22.85
Bolivia,BOL,2010,,23.78
Bolivia,BOL,2011,,23.91
Bolivia,BOL,2012,,23.62
Bolivia,BOL,2013,,24.9
Bolivia,BOL,2014,,25.49
Bolivia,BOL,2015,,23.3
Bolivia,BOL,2016,,23.45
Bolivia,BOL,2017,,22.48
Bolivia,BOL,2018,,22.84
Bolivia,BOL,2019,,22.66
Bolivia,BOL,2020,,23.62
Bolivia,BOL,2021,,22.79
Bolivia,BOL,2022,,21.99
Bolivia,BOL,2023,,21.97
Bolivia,BOL,2024,,21.97
Bonaire Sint Eustatius and Saba,BES,1980,,23.75
Bonaire Sint Eustatius and Saba,BES,1981,,23.64
Bonaire Sint Eustatius and Saba,BES,1982,,23.53
Bonaire Sint Eustatius and Saba,BES,1983,,23.42
Bonaire Sint Eustatius and Saba,BES,1984,,23.31
Bonaire Sint Eustatius and Saba,BES,1985,,23.19
Bonaire Sint Eustatius and Saba,BES,1986,,23.07
Bonaire Sint Eustatius and Saba,BES,1987,,22.95
Bonaire Sint Eustatius and Saba,BES,1988,,22.83
Bonaire Sint Eustatius and Saba,BES,1989,,22.7
Bonaire Sint Eustatius and Saba,BES,1990,,22.58
Bonaire Sint Eustatius and Saba,BES,1991,,22.57
Bonaire Sint Eustatius and Saba,BES,1992,,22.55
Bonaire Sint Eustatius and Saba,BES,1993,,22.54
Bonaire Sint Eustatius and Saba,BES,1994,,22.53
Bonaire Sint Eustatius and Saba,BES,1995,,22.52
Bonaire Sint Eustatius and Saba,BES,1996,,22.51
Bonaire Sint Eustatius and Saba,BES,1997,,22.5
Bonaire Sint Eustatius and Saba,BES,1998,,22.49
Bonaire Sint Eustatius and Saba,BES,1999,,22.48
Bonaire Sint Eustatius and Saba,BES,2000,,22.47
Bonaire Sint Eustatius and Saba,BES,2001,,22.31
Bonaire Sint Eustatius and Saba,BES,2002,,22.16
Bonaire Sint Eustatius and Saba,BES,2003,,22.02
Bonaire Sint Eustatius and Saba,BES,2004,,21.89
Bonaire Sint Eustatius and Saba,BES,2005,,21.76
Bonaire Sint Eustatius and Saba,BES,2006,,21.64
Bonaire Sint Eustatius and Saba,BES,2007,,21.53
Bonaire Sint Eustatius and Saba,BES,2008,,21.42
Bonaire Sint Eustatius and Saba,BES,2009,,21.31
Bonaire Sint Eustatius and Saba,BES,2010,,21.21
Bonaire Sint Eustatius and Saba,BES,2011,,21.2
Bonaire Sint Eustatius and Saba,BES,2012,,21.2
Bonaire Sint Eustatius and Saba,BES,2013,,21.2
Bonaire Sint Eustatius and Saba,BES,2014,,21.2
Bonaire Sint Eustatius and Saba,BES,2015,,21.19
Bonaire Sint Eustatius and Saba,BES,2016,,21.19
Bonaire Sint Eustatius and Saba,BES,2017,,21.19
Bonaire Sint Eustatius and Saba,BES,2018,,21.18
Bonaire Sint Eustatius and Saba,BES,2019,,21.18
Bonaire Sint Eustatius and Saba,BES,2020,,21.18
Bonaire Sint Eustatius and Saba,BES,2021,,21.18
Bonaire Sint Eustatius and Saba,BES,2022,,21.18
Bonaire Sint Eustatius and Saba,BES,2023,,21.18
Bonaire Sint Eustatius and Saba,BES,2024,,21.18
Bosnia and Herzegovina,BIH,1980,,6.91
Bosnia and Herzegovina,BIH,1981,,6.91
Bosnia and Herzegovina,BIH,1982,,6.91
Bosnia and Herzegovina,BIH,1983,,6.9
Bosnia and Herzegovina,BIH,1984,7.43,7.43
Bosnia and Herzegovina,BIH,1985,7.06,7.06
Bosnia and Herzegovina,BIH,1986,6.52,6.52
Bosnia and Herzegovina,BIH,1987,7.25,7.25
Bosnia and Herzegovina,BIH,1988,7.75,7.75
Bosnia and Herzegovina,BIH,1989,,6.44
Bosnia and Herzegovina,BIH,1990,6.4,6.4
Bosnia and Herzegovina,BIH,1991,,6.8
Bosnia and Herzegovina,BIH,1992,,7.18
Bosnia and Herzegovina,BIH,1993,,7.62
Bosnia and Herzegovina,BIH,1994,,8.1
Bosnia and Herzegovina,BIH,1995,,8.64
Bosnia and Herzegovina,BIH,1996,,8.71
Bosnia and Herzegovina,BIH,1997,,8.82
Bosnia and Herzegovina,BIH,1998,,9.15
Bosnia and Herzegovina,BIH,1999,,8.78
Bosnia and Herzegovina,BIH,2000,,8.7
Bosnia and Herzegovina,BIH,2001,8.87,8.87
Bosnia and Herzegovina,BIH,2002,,8.98
Bosnia and Herzegovina,BIH,2003,,9.15
Bosnia and Herzegovina,BIH,2004,8.88,8.88
Bosnia and Herzegovina,BIH,2005,,9.08
Bosnia and Herzegovina,BIH,2006,,8.85
Bosnia and Herzegovina,BIH,2007,8.65,8.65
Bosnia and Herzegovina,BIH,2008,,9.33
Bosnia and Herzegovina,BIH,2009,,9.14
Bosnia and Herzegovina,BIH,2010,,9.36
Bosnia and Herzegovina,BIH,2011,9.76,9.76
Bosnia and Herzegovina,BIH,2012,,9.63
Bosnia and Herzegovina,BIH,2013,,9.76
Bosnia and Herzegovina,BIH,2014,,9.75
Bosnia and Herzegovina,BIH,2015,9.86,9.86
Bosnia and Herzegovina,BIH,2016,,9.83
Bosnia and Herzegovina,BIH,2017,,10.06
Bosnia and Herzegovina,BIH,2018,,9.88
Bosnia and Herzegovina,BIH,2019,,9.56
Bosnia and Herzegovina,BIH,2020,,9.56
Bosnia and Herzegovina,BIH,2021,,9.82
Bosnia and Herzegovina,BIH,2022,,10.12
Bosnia and Herzegovina,BIH,2023,,9.93
Bosnia and Herzegovina,BIH,2024,,9.93
Botswana,BWA,1980,,24.36
Botswana,BWA,1981,,24.36
Botswana,BWA,1982,,24.36
Botswana,BWA,1983,,24.36
Botswana,BWA,1984,,24.36
Botswana,BWA,1985,24.36,24.36
Botswana,BWA,1986,,26.03
Botswana,BWA,1987,,27.7
Botswana,BWA,1988,,29.36
Botswana,BWA,1989,,31.03
Botswana,BWA,1990,,32.7
Botswana,BWA,1991,,34.37
Botswana,BWA,1992,,36.03
Botswana,BWA,1993,37.7,37.7
Botswana,BWA,1994,,36.36
Botswana,BWA,1995,,35.02
Botswana,BWA,1996,,33.68
Botswana,BWA,1997,,32.34
Botswana,BWA,1998,,31
Botswana,BWA,1999,,29.66
Botswana,BWA,2000,,28.32
Botswana,BWA,2001,,26.98
Botswana,BWA,2002,25.64,25.64
Botswana,BWA,2003,,25.89
Botswana,BWA,2004,,26.15
Botswana,BWA,2005,,26.41
Botswana,BWA,2006,,26.67
Botswana,BWA,2007,,26.93
Botswana,BWA,2008,,27.19
Botswana,BWA,2009,27.44,27.44
Botswana,BWA,2010,,26.75
Botswana,BWA,2011,,26.06
Botswana,BWA,2012,,25.37
Botswana,BWA,2013,,24.67
Botswana,BWA,2014,,23.98
Botswana,BWA,2015,23.28,23.28
Botswana,BWA,2016,,23.28
Botswana,BWA,2017,,23.28
Botswana,BWA,2018,,23.28
Botswana,BWA,2019,,23.28
Botswana,BWA,2020,,23.28
Botswana,BWA,2021,,23.28
Botswana,BWA,2022,,23.28
Botswana,BWA,2023,,23.28
Botswana,BWA,2024,,23.28
Brazil,BRA,1820,,23.48
Brazil,BRA,1850,,23.73
Brazil,BRA,1880,,23.97
Brazil,BRA,1900,,24.22
Brazil,BRA,1910,,24.72
Brazil,BRA,1920,,27
Brazil,BRA,1930,,30
Brazil,BRA,1940,,34
Brazil,BRA,1950,,30
Brazil,BRA,1960,,25
Brazil,BRA,1970,,28
Brazil,BRA,1980,,27.24
Brazil,BRA,1981,,27.24
Brazil,BRA,1982,,27.24
Brazil,BRA,1983,,27.24
Brazil,BRA,1984,,27.24
Brazil,BRA,1985,,27.24
Brazil,BRA,1986,,27.24
Brazil,BRA,1987,,27.24
Brazil,BRA,1988,,27.24
Brazil,BRA,1989,,27.24
Brazil,BRA,1990,,27.24
Brazil,BRA,1991,,27.24
Brazil,BRA,1992,,27.24
Brazil,BRA,1993,,27.24
Brazil,BRA,1994,,27.24
Brazil,BRA,1995,,27.24
Brazil,BRA,1996,,27.24
Brazil,BRA,1997,,27.24
Brazil,BRA,1998,,27.24
Brazil,BRA,1999,,27.24
Brazil,BRA,2000,,27.24
Brazil,BRA,2001,,27.24
Brazil,BRA,2002,26.64,26.64
Brazil,BRA,2003,27.34,27.34
Brazil,BRA,2004,28.11,28.11
Brazil,BRA,2005,28.31,28.31
Brazil,BRA,2006,28.9,28.9
Brazil,BRA,2007,29.99,29.99
Brazil,BRA,2008,29.27,29.27
Brazil,BRA,2009,27.28,27.28
Brazil,BRA,2010,,29.07
Brazil,BRA,2011,,30.85
Brazil,BRA,2012,32.73,32.73
Brazil,BRA,2013,29.58,29.58
Brazil,BRA,2014,30.47,30.47
Brazil,BRA,2015,27.58,27.58
Brazil,BRA,2016,25.26,25.26
Brazil,BRA,2017,25.92,25.92
Brazil,BRA,2018,24.7,24.7
Brazil,BRA,2019,25.33,25.33
Brazil,BRA,2020,27.05,27.05
Brazil,BRA,2021,28.04,28.04
Brazil,BRA,2022,25.75,25.75
Brazil,BRA,2023,,26.5
Brazil,BRA,2024,,26.5
British Virgin Islands,VGB,1980,,23.75
British Virgin Islands,VGB,1981,,23.64
British Virgin Islands,VGB,1982,,23.53
British Virgin Islands,VGB,1983,,23.42
British Virgin Islands,VGB,1984,,23.31
British Virgin Islands,VGB,1985,,23.19
British Virgin Islands,VGB,1986,,23.07
British Virgin Islands,VGB,1987,,22.95
British Virgin Islands,VGB,1988,,22.83
British Virgin Islands,VGB,1989,,22.7
British Virgin Islands,VGB,1990,,22.58
British Virgin Islands,VGB,1991,,22.57
British Virgin Islands,VGB,1992,,22.55
British Virgin Islands,VGB,1993,,22.54
British Virgin Islands,VGB,1994,,22.53
British Virgin Islands,VGB,1995,,22.52
British Virgin Islands,VGB,1996,,22.51
British Virgin Islands,VGB,1997,,22.5
British Virgin Islands,VGB,1998,,22.49
British Virgin Islands,VGB,1999,,22.48
British Virgin Islands,VGB,2000,,22.47
British Virgin Islands,VGB,2001,,22.31
British Virgin Islands,VGB,2002,,22.16
British Virgin Islands,VGB,2003,,22.02
British Virgin Islands,VGB,2004,,21.89
British Virgin Islands,VGB,2005,,21.76
British Virgin Islands,VGB,2006,,21.64
British Virgin Islands,VGB,2007,,21.53
British Virgin Islands,VGB,2008,,21.42
British Virgin Islands,VGB,2009,,21.31
British Virgin Islands,VGB,2010,,21.21
British Virgin Islands,VGB,2011,,21.2
British Virgin Islands,VGB,2012,,21.2
British Virgin Islands,VGB,2013,,21.2
British Virgin Islands,VGB,2014,,21.2
British Virgin Islands,VGB,2015,,21.19
British Virgin Islands,VGB,2016,,21.19
British Virgin Islands,VGB,2017,,21.19
British Virgin Islands,VGB,2018,,21.18
British Virgin Islands,VGB,2019,,21.18
British Virgin Islands,VGB,2020,,21.18
British Virgin Islands,VGB,2021,,21.18
British Virgin Islands,VGB,2022,,21.18
British Virgin Islands,VGB,2023,,21.18
British Virgin Islands,VGB,2024,,21.18
Brunei,BRN,1980,,12.44
Brunei,BRN,1981,,12.44
Brunei,BRN,1982,,12.44
Brunei,BRN,1983,,12.44
Brunei,BRN,1984,,12.44
Brunei,BRN,1985,,12.44
Brunei,BRN,1986,,12.44
Brunei,BRN,1987,,12.44
Brunei,BRN,1988,,12.44
Brunei,BRN,1989,,12.44
Brunei,BRN,1990,,12.44
Brunei,BRN,1991,,12.44
Brunei,BRN,1992,,12.44
Brunei,BRN,1993,,12.44
Brunei,BRN,1994,,12.44
Brunei,BRN,1995,,12.44
Brunei,BRN,1996,,12.44
Brunei,BRN,1997,,12.44
Brunei,BRN,1998,,12.44
Brunei,BRN,1999,,12.44
Brunei,BRN,2000,,12.44
Brunei,BRN,2001,,12.44
Brunei,BRN,2002,,12.44
Brunei,BRN,2003,,12.44
Brunei,BRN,2004,,12.44
Brunei,BRN,2005,12.44,12.44
Brunei,BRN,2006,,12.3
Brunei,BRN,2007,,12.29
Brunei,BRN,2008,,12.29
Brunei,BRN,2009,,12.52
Brunei,BRN,2010,,12.53
Brunei,BRN,2011,12.41,12.41
Brunei,BRN,2012,,12.4
Brunei,BRN,2013,,12.56
Brunei,BRN,2014,,12.88
Brunei,BRN,2015,,13.03
Brunei,BRN,2016,13.25,13.25
Brunei,BRN,2017,,13.21
Brunei,BRN,2018,,13.14
Brunei,BRN,2019,,13.14
Brunei,BRN,2020,,13.14
Brunei,BRN,2021,,13.14
Brunei,BRN,2022,,13.14
Brunei,BRN,2023,,13.14
Brunei,BRN,2024,,13.14
Bulgaria,BGR,1924,11.67,11.67
Bulgaria,BGR,1925,11.34,11.34
Bulgaria,BGR,1926,10.69,10.69
Bulgaria,BGR,1927,10.56,10.56
Bulgaria,BGR,1928,10.5,10.5
Bulgaria,BGR,1929,10.14,10.14
Bulgaria,BGR,1930,10.21,10.21
Bulgaria,BGR,1931,10.37,10.37
Bulgaria,BGR,1932,10.09,10.09
Bulgaria,BGR,1933,10.54,10.54
Bulgaria,BGR,1934,10.32,10.32
Bulgaria,BGR,1935,9.97,9.97
Bulgaria,BGR,1936,9.63,9.63
Bulgaria,BGR,1937,9.85,9.85
Bulgaria,BGR,1938,9.58,9.58
Bulgaria,BGR,1939,9.09,9.09
Bulgaria,BGR,1940,9.49,9.49
Bulgaria,BGR,1941,9.23,9.23
Bulgaria,BGR,1942,9.25,9.25
Bulgaria,BGR,1943,8.56,8.56
Bulgaria,BGR,1944,8.63,8.63
Bulgaria,BGR,1945,8.81,8.81
Bulgaria,BGR,1980,3.29,3.29
Bulgaria,BGR,1981,3.52,3.52
Bulgaria,BGR,1982,5.45,5.45
Bulgaria,BGR,1983,5.42,5.42
Bulgaria,BGR,1984,5.13,5.13
Bulgaria,BGR,1985,,4.21
Bulgaria,BGR,1986,,3.35
Bulgaria,BGR,1987,2.18,2.18
Bulgaria,BGR,1988,2.05,2.05
Bulgaria,BGR,1989,4.5,4.5
Bulgaria,BGR,1990,5.68,5.68
Bulgaria,BGR,1991,,7.97
Bulgaria,BGR,1992,,9.51
Bulgaria,BGR,1993,10.47,10.47
Bulgaria,BGR,1994,12.72,12.72
Bulgaria,BGR,1995,13.81,13.81
Bulgaria,BGR,1996,12.83,12.83
Bulgaria,BGR,1997,12.18,12.18
Bulgaria,BGR,1998,11.17,11.17
Bulgaria,BGR,1999,10.89,10.89
Bulgaria,BGR,2000,10.24,10.24
Bulgaria,BGR,2001,11.2,11.2
Bulgaria,BGR,2002,12.2,12.2
Bulgaria,BGR,2003,10.97,10.97
Bulgaria,BGR,2004,,11.04
Bulgaria,BGR,2005,,11.31
Bulgaria,BGR,2006,11.51,11.51
Bulgaria,BGR,2007,,9.99
Bulgaria,BGR,2008,,9.03
Bulgaria,BGR,2009,11.87,11.87
Bulgaria,BGR,2010,11.88,11.88
Bulgaria,BGR,2011,12.54,12.54
Bulgaria,BGR,2012,13.96,13.96
Bulgaria,BGR,2013,12.61,12.61
Bulgaria,BGR,2014,13.88,13.88
Bulgaria,BGR,2015,14.26,14.26
Bulgaria,BGR,2016,16.88,16.88
Bulgaria,BGR,2017,19.64,19.64
Bulgaria,BGR,2018,19.06,19.06
Bulgaria,BGR,2019,16.5,16.5
Bulgaria,BGR,2020,16.5,16.5
Bulgaria,BGR,2021,17.59,17.59
Bulgaria,BGR,2022,18.56,18.56
Bulgaria,BGR,2023,18.32,18.32
Bulgaria,BGR,2024,,18.32
Burkina Faso,BFA,1980,,21.27
Burkina Faso,BFA,1981,,21.27
Burkina Faso,BFA,1982,,21.27
Burkina Faso,BFA,1983,,21.27
Burkina Faso,BFA,1984,,21.27
Burkina Faso,BFA,1985,,21.27
Burkina Faso,BFA,1986,,21.27
Burkina Faso,BFA,1987,,21.27
Burkina Faso,BFA,1988,,21.27
Burkina Faso,BFA,1989,,21.27
Burkina Faso,BFA,1990,,21.27
Burkina Faso,BFA,1991,,21.27
Burkina Faso,BFA,1992,,21.27
Burkina Faso,BFA,1993,,21.27
Burkina Faso,BFA,1994,21.27,21.27
Burkina Faso,BFA,1995,,22.63
Burkina Faso,BFA,1996,,24
Burkina Faso,BFA,1997,,25.36
Burkina Faso,BFA,1998,26.72,26.72
Burkina Faso,BFA,1999,,24.75
Burkina Faso,BFA,2000,,22.79
Burkina Faso,BFA,2001,,20.82
Burkina Faso,BFA,2002,,18.86
Burkina Faso,BFA,2003,16.89,16.89
Burkina Faso,BFA,2004,,16.94
Burkina Faso,BFA,2005,,16.98
Burkina Faso,BFA,2006,,17.03
Burkina Faso,BFA,2007,,17.08
Burkina Faso,BFA,2008,,17.13
Burkina Faso,BFA,2009,17.18,17.18
Burkina Faso,BFA,2010,,16.65
Burkina Faso,BFA,2011,,16.13
Burkina Faso,BFA,2012,,15.61
Burkina Faso,BFA,2013,,15.08
Burkina Faso,BFA,2014,14.55,14.55
Burkina Faso,BFA,2015,,15.1
Burkina Faso,BFA,2016,,15.64
Burkina Faso,BFA,2017,,16.18
Burkina Faso,BFA,2018,16.72,16.72
Burkina Faso,BFA,2019,,16.06
Burkina Faso,BFA,2020,,15.4
Burkina Faso,BFA,2021,14.73,14.73
Burkina Faso,BFA,2022,,14.73
Burkina Faso,BFA,2023,,14.73
Burkina Faso,BFA,2024,,14.73
Burundi,BDI,1980,,11.09
Burundi,BDI,1981,,11.09
Burundi,BDI,1982,,11.09
Burundi,BDI,1983,,11.09
Burundi,BDI,1984,,11.09
Burundi,BDI,1985,,11.09
Burundi,BDI,1986,,11.09
Burundi,BDI,1987,,11.09
Burundi,BDI,1988,,11.09
Burundi,BDI,1989,,11.09
Burundi,BDI,1990,,11.09
Burundi,BDI,1991,,11.09
Burundi,BDI,1992,11.09,11.09
Burundi,BDI,1993,,12.16
Burundi,BDI,1994,,13.23
Burundi,BDI,1995,,14.3
Burundi,BDI,1996,,15.36
Burundi,BDI,1997,,16.42
Burundi,BDI,1998,17.48,17.48
Burundi,BDI,1999,,16.91
Burundi,BDI,2000,,16.34
Burundi,BDI,2001,,15.77
Burundi,BDI,2002,,15.19
Burundi,BDI,2003,,14.61
Burundi,BDI,2004,,14.04
Burundi,BDI,2005,,13.46
Burundi,BDI,2006,12.87,12.87
Burundi,BDI,2007,,13.14
Burundi,BDI,2008,,13.41
Burundi,BDI,2009,,13.68
Burundi,BDI,2010,,13.95
Burundi,BDI,2011,,14.21
Burundi,BDI,2012,,14.48
Burundi,BDI,2013,14.74,14.74
Burundi,BDI,2014,,14.71
Burundi,BDI,2015,,14.67
Burundi,BDI,2016,,14.63
Burundi,BDI,2017,,14.6
Burundi,BDI,2018,,14.56
Burundi,BDI,2019,,14.52
Burundi,BDI,2020,14.49,14.49
Burundi,BDI,2021,,14.49
Burundi,BDI,2022,,14.49
Burundi,BDI,2023,,14.49
Burundi,BDI,2024,,14.49
Cambodia,KHM,1980,,26.79
Cambodia,KHM,1981,,26.79
Cambodia,KHM,1982,,26.79
Cambodia,KHM,1983,,26.79
Cambodia,KHM,1984,,26.79
Cambodia,KHM,1985,,26.79
Cambodia,KHM,1986,,26.79
Cambodia,KHM,1987,,26.79
Cambodia,KHM,1988,,26.79
Cambodia,KHM,1989,,26.79
Cambodia,KHM,1990,,26.79
Cambodia,KHM,1991,,26.79
Cambodia,KHM,1992,,26.79
Cambodia,KHM,1993,,26.79
Cambodia,KHM,1994,,26.79
Cambodia,KHM,1995,,26.79
Cambodia,KHM,1996,,26.79
Cambodia,KHM,1997,,26.79
Cambodia,KHM,1998,,26.79
Cambodia,KHM,1999,,26.79
Cambodia,KHM,2000,,26.79
Cambodia,KHM,2001,,26.79
Cambodia,KHM,2002,,26.79
Cambodia,KHM,2003,,26.79
Cambodia,KHM,2004,,26.79
Cambodia,KHM,2005,,26.79
Cambodia,KHM,2006,,26.79
Cambodia,KHM,2007,,26.79
Cambodia,KHM,2008,,26.79
Cambodia,KHM,2009,,26.79
Cambodia,KHM,2010,27.66,27.66
Cambodia,KHM,2011,19.37,19.37
Cambodia,KHM,2012,18.4,18.4
Cambodia,KHM,2013,20.75,20.75
Cambodia,KHM,2014,18.2,18.2
Cambodia,KHM,2015,,18.18
Cambodia,KHM,2016,,18.21
Cambodia,KHM,2017,,18.18
Cambodia,KHM,2018,,18.13
Cambodia,KHM,2019,,18.13
Cambodia,KHM,2020,,18.13
Cambodia,KHM,2021,,18.13
Cambodia,KHM,2022,,18.13
Cambodia,KHM,2023,,18.13
Cambodia,KHM,2024,,18.13
Cameroon,CMR,1945,20.5,20.5
Cameroon,CMR,1980,,18.49
Cameroon,CMR,1981,,18.49
Cameroon,CMR,1982,,18.49
Cameroon,CMR,1983,,18.49
Cameroon,CMR,1984,,18.49
Cameroon,CMR,1985,,18.49
Cameroon,CMR,1986,,18.49
Cameroon,CMR,1987,,18.49
Cameroon,CMR,1988,,18.49
Cameroon,CMR,1989,,18.49
Cameroon,CMR,1990,,18.49
Cameroon,CMR,1991,,18.49
Cameroon,CMR,1992,,18.49
Cameroon,CMR,1993,,18.49
Cameroon,CMR,1994,,18.49
Cameroon,CMR,1995,,18.49
Cameroon,CMR,1996,18.49,18.49
Cameroon,CMR,1997,,18.62
Cameroon,CMR,1998,,18.75
Cameroon,CMR,1999,,18.89
Cameroon,CMR,2000,,19.02
Cameroon,CMR,2001,19.15,19.15
Cameroon,CMR,2002,,18.57
Cameroon,CMR,2003,,17.99
Cameroon,CMR,2004,,17.41
Cameroon,CMR,2005,,16.83
Cameroon,CMR,2006,,16.25
Cameroon,CMR,2007,15.67,15.67
Cameroon,CMR,2008,,15.69
Cameroon,CMR,2009,,15.72
Cameroon,CMR,2010,,15.75
Cameroon,CMR,2011,,15.77
Cameroon,CMR,2012,,15.8
Cameroon,CMR,2013,,15.82
Cameroon,CMR,2014,15.85,15.85
Cameroon,CMR,2015,,15.48
Cameroon,CMR,2016,,15.11
Cameroon,CMR,2017,,14.74
Cameroon,CMR,2018,,14.38
Cameroon,CMR,2019,,14.01
Cameroon,CMR,2020,,13.64
Cameroon,CMR,2021,13.27,13.27
Cameroon,CMR,2022,,13.27
Cameroon,CMR,2023,,13.27
Cameroon,CMR,2024,,13.27
Canada,CAN,1820,,15.5
Canada,CAN,1850,,14
Canada,CAN,1880,,16
Canada,CAN,1900,,16.5
Canada,CAN,1910,,17
Canada,CAN,1920,10.41,10.41
Canada,CAN,1921,,13.75
Canada,CAN,1922,,11.31
Canada,CAN,1923,,10.43
Canada,CAN,1924,,10.54
Canada,CAN,1925,,9.53
Canada,CAN,1926,,10.11
Canada,CAN,1927,,10.6
Canada,CAN,1928,,11.12
Canada,CAN,1929,,11.38
Canada,CAN,1930,11.78,11.78
Canada,CAN,1931,,12.52
Canada,CAN,1932,,13.64
Canada,CAN,1933,,14.11
Canada,CAN,1934,,14.11
Canada,CAN,1935,,12.99
Canada,CAN,1936,,12.99
Canada,CAN,1937,,12.24
Canada,CAN,1938,,14.27
Canada,CAN,1939,,12.84
Canada,CAN,1940,11,11
Canada,CAN,1941,,9.72
Canada,CAN,1942,,8.1
Canada,CAN,1943,,7.69
Canada,CAN,1944,,7.15
Canada,CAN,1945,,7.27
Canada,CAN,1946,,7.71
Canada,CAN,1947,,7.91
Canada,CAN,1948,,7.45
Canada,CAN,1949,,7.73
Canada,CAN,1950,7.85,7.85
Canada,CAN,1951,7.17,7.17
Canada,CAN,1952,7.06,7.06
Canada,CAN,1953,7.11,7.11
Canada,CAN,1954,7.49,7.49
Canada,CAN,1955,7.34,7.34
Canada,CAN,1956,6.93,6.93
Canada,CAN,1957,6.99,6.99
Canada,CAN,1958,7.16,7.16
Canada,CAN,1959,7.07,7.07
Canada,CAN,1960,7.15,7.15
Canada,CAN,1961,7.27,7.27
Canada,CAN,1962,6.87,6.87
Canada,CAN,1963,6.69,6.69
Canada,CAN,1964,6.87,6.87
Canada,CAN,1965,6.71,6.71
Canada,CAN,1966,6.48,6.48
Canada,CAN,1967,6.58,6.58
Canada,CAN,1968,6.6,6.6
Canada,CAN,1969,6.6,6.6
Canada,CAN,1970,6.62,6.62
Canada,CAN,1971,6.49,6.49
Canada,CAN,1972,6.46,6.46
Canada,CAN,1973,6.67,6.67
Canada,CAN,1974,6.68,6.68
Canada,CAN,1975,7.42,7.42
Canada,CAN,1976,6.84,6.84
Canada,CAN,1977,6.53,6.53
Canada,CAN,1978,6.7,6.7
Canada,CAN,1979,7.16,7.16
Canada,CAN,1980,7.6,7.6
Canada,CAN,1981,7.08,7.08
Canada,CAN,1982,7.01,7.01
Canada,CAN,1983,7.39,7.39
Canada,CAN,1984,7.73,7.73
Canada,CAN,1985,7.66,7.66
Canada,CAN,1986,7.81,7.81
Canada,CAN,1987,8.06,8.06
Canada,CAN,1988,8.87,8.87
Canada,CAN,1989,9.48,9.48
Canada,CAN,1990,9.27,9.27
Canada,CAN,1991,9.15,9.15
Canada,CAN,1992,9.19,9.19
Canada,CAN,1993,9.57,9.57
Canada,CAN,1994,9.61,9.61
Canada,CAN,1995,9.88,9.88
Canada,CAN,1996,10.39,10.39
Canada,CAN,1997,11.13,11.13
Canada,CAN,1998,11.27,11.27
Canada,CAN,1999,11.83,11.83
Canada,CAN,2000,12.69,12.69
Canada,CAN,2001,12.71,12.71
Canada,CAN,2002,12.79,12.79
Canada,CAN,2003,13.06,13.06
Canada,CAN,2004,13.59,13.59
Canada,CAN,2005,14.02,14.02
Canada,CAN,2006,14.21,14.21
Canada,CAN,2007,14.21,14.21
Canada,CAN,2008,13.47,13.47
Canada,CAN,2009,11.86,11.86
Canada,CAN,2010,12.35,12.35
Canada,CAN,2011,12.28,12.28
Canada,CAN,2012,11.62,11.62
Canada,CAN,2013,11.61,11.61
Canada,CAN,2014,11.44,11.44
Canada,CAN,2015,11.49,11.49
Canada,CAN,2016,9.9,9.9
Canada,CAN,2017,10.53,10.53
Canada,CAN,2018,10.53,10.53
Canada,CAN,2019,10.39,10.39
Canada,CAN,2020,10.59,10.59
Canada,CAN,2021,11.62,11.62
Canada,CAN,2022,12.06,12.06
Canada,CAN,2023,,12.06
Canada,CAN,2024,,12.06
Cape Verde,CPV,1980,,23.2
Cape Verde,CPV,1981,,23.2
Cape Verde,CPV,1982,,23.2
Cape Verde,CPV,1983,,23.2
Cape Verde,CPV,1984,,23.2
Cape Verde,CPV,1985,,23.2
Cape Verde,CPV,1986,,23.2
Cape Verde,CPV,1987,,23.2
Cape Verde,CPV,1988,,23.2
Cape Verde,CPV,1989,,23.2
Cape Verde,CPV,1990,,23.2
Cape Verde,CPV,1991,,23.2
Cape Verde,CPV,1992,,23.2
Cape Verde,CPV,1993,,23.2
Cape Verde,CPV,1994,,23.2
Cape Verde,CPV,1995,,23.2
Cape Verde,CPV,1996,,23.2
Cape Verde,CPV,1997,,23.2
Cape Verde,CPV,1998,,23.2
Cape Verde,CPV,1999,,23.2
Cape Verde,CPV,2000,,23.2
Cape Verde,CPV,2001,23.2,23.2
Cape Verde,CPV,2002,,22.55
Cape Verde,CPV,2003,,21.91
Cape Verde,CPV,2004,,21.27
Cape Verde,CPV,2005,,20.63
Cape Verde,CPV,2006,,19.99
Cape Verde,CPV,2007,19.35,19.35
Cape Verde,CPV,2008,,18.67
Cape Verde,CPV,2009,,17.99
Cape Verde,CPV,2010,,17.31
Cape Verde,CPV,2011,,16.63
Cape Verde,CPV,2012,,15.95
Cape Verde,CPV,2013,,15.27
Cape Verde,CPV,2014,,14.59
Cape Verde,CPV,2015,13.91,13.91
Cape Verde,CPV,2016,,13.91
Cape Verde,CPV,2017,,13.91
Cape Verde,CPV,2018,,13.91
Cape Verde,CPV,2019,,13.91
Cape Verde,CPV,2020,,13.91
Cape Verde,CPV,2021,,13.91
Cape Verde,CPV,2022,,13.91
Cape Verde,CPV,2023,,13.91
Cape Verde,CPV,2024,,13.91
Cayman Islands,CYM,1980,,23.75
Cayman Islands,CYM,1981,,23.64
Cayman Islands,CYM,1982,,23.53
Cayman Islands,CYM,1983,,23.42
Cayman Islands,CYM,1984,,23.31
Cayman Islands,CYM,1985,,23.19
Cayman Islands,CYM,1986,,23.07
Cayman Islands,CYM,1987,,22.95
Cayman Islands,CYM,1988,,22.83
Cayman Islands,CYM,1989,,22.7
Cayman Islands,CYM,1990,,22.58
Cayman Islands,CYM,1991,,22.57
Cayman Islands,CYM,1992,,22.55
Cayman Islands,CYM,1993,,22.54
Cayman Islands,CYM,1994,,22.53
Cayman Islands,CYM,1995,,22.52
Cayman Islands,CYM,1996,,22.51
Cayman Islands,CYM,1997,,22.5
Cayman Islands,CYM,1998,,22.49
Cayman Islands,CYM,1999,,22.48
Cayman Islands,CYM,2000,,22.47
Cayman Islands,CYM,2001,,22.31
Cayman Islands,CYM,2002,,22.16
Cayman Islands,CYM,2003,,22.02
Cayman Islands,CYM,2004,,21.89
Cayman Islands,CYM,2005,,21.76
Cayman Islands,CYM,2006,,21.64
Cayman Islands,CYM,2007,,21.53
Cayman Islands,CYM,2008,,21.42
Cayman Islands,CYM,2009,,21.31
Cayman Islands,CYM,2010,,21.21
Cayman Islands,CYM,2011,,21.2
Cayman Islands,CYM,2012,,21.2
Cayman Islands,CYM,2013,,21.2
Cayman Islands,CYM,2014,,21.2
Cayman Islands,CYM,2015,,21.19
Cayman Islands,CYM,2016,,21.19
Cayman Islands,CYM,2017,,21.19
Cayman Islands,CYM,2018,,21.18
Cayman Islands,CYM,2019,,21.18
Cayman Islands,CYM,2020,,21.18
Cayman Islands,CYM,2021,,21.18
Cayman Islands,CYM,2022,,21.18
Cayman Islands,CYM,2023,,21.18
Cayman Islands,CYM,2024,,21.18
Central African Republic,CAF,1980,,22.03
Central African Republic,CAF,1981,,22.03
Central African Republic,CAF,1982,,22.03
Central African Republic,CAF,1983,,22.03
Central African Republic,CAF,1984,,22.03
Central African Republic,CAF,1985,,22.03
Central African Republic,CAF,1986,,22.03
Central African Republic,CAF,1987,,22.03
Central African Republic,CAF,1988,,22.03
Central African Republic,CAF,1989,,22.03
Central African Republic,CAF,1990,,22.03
Central African Republic,CAF,1991,,22.03
Central African Republic,CAF,1992,22.03,22.03
Central African Republic,CAF,1993,,22.59
Central African Republic,CAF,1994,,23.15
Central African Republic,CAF,1995,,23.72
Central African Republic,CAF,1996,,24.28
Central African Republic,CAF,1997,,24.84
Central African Republic,CAF,1998,,25.4
Central African Republic,CAF,1999,,25.96
Central African Republic,CAF,2000,,26.52
Central African Republic,CAF,2001,,27.08
Central African Republic,CAF,2002,,27.64
Central African Republic,CAF,2003,,28.2
Central African Republic,CAF,2004,,28.76
Central African Republic,CAF,2005,,29.32
Central African Republic,CAF,2006,,29.88
Central African Republic,CAF,2007,,30.44
Central African Republic,CAF,2008,31,31
Central African Republic,CAF,2009,,29.82
Central African Republic,CAF,2010,,28.64
Central African Republic,CAF,2011,,27.46
Central African Republic,CAF,2012,,26.28
Central African Republic,CAF,2013,,25.1
Central African Republic,CAF,2014,,23.91
Central African Republic,CAF,2015,,22.73
Central African Republic,CAF,2016,,21.54
Central African Republic,CAF,2017,,20.35
Central African Republic,CAF,2018,,19.16
Central African Republic,CAF,2019,,17.97
Central African Republic,CAF,2020,,16.78
Central African Republic,CAF,2021,15.59,15.59
Central African Republic,CAF,2022,,15.59
Central African Republic,CAF,2023,,15.59
Central African Republic,CAF,2024,,15.59
Chad,TCD,1980,,14.49
Chad,TCD,1981,,14.49
Chad,TCD,1982,,14.49
Chad,TCD,1983,,14.49
Chad,TCD,1984,,14.49
Chad,TCD,1985,,14.49
Chad,TCD,1986,,14.49
Chad,TCD,1987,,14.49
Chad,TCD,1988,,14.49
Chad,TCD,1989,,14.49
Chad,TCD,1990,,14.49
Chad,TCD,1991,,14.49
Chad,TCD,1992,,14.49
Chad,TCD,1993,,14.49
Chad,TCD,1994,,14.49
Chad,TCD,1995,,14.49
Chad,TCD,1996,,14.49
Chad,TCD,1997,,14.49
Chad,TCD,1998,,14.49
Chad,TCD,1999,,14.49
Chad,TCD,2000,,14.49
Chad,TCD,2001,,14.49
Chad,TCD,2002,,14.49
Chad,TCD,2003,14.49,14.49
Chad,TCD,2004,,14.64
Chad,TCD,2005,,14.79
Chad,TCD,2006,,14.95
Chad,TCD,2007,,15.1
Chad,TCD,2008,,15.25
Chad,TCD,2009,,15.4
Chad,TCD,2010,,15.56
Chad,TCD,2011,15.71,15.71
Chad,TCD,2012,,15.38
Chad,TCD,2013,,15.05
Chad,TCD,2014,,14.72
Chad,TCD,2015,,14.39
Chad,TCD,2016,,14.05
Chad,TCD,2017,,13.72
Chad,TCD,2018,13.39,13.39
Chad,TCD,2019,,13.24
Chad,TCD,2020,,13.1
Chad,TCD,2021,,12.95
Chad,TCD,2022,12.81,12.81
Chad,TCD,2023,,12.81
Chad,TCD,2024,,12.81
Chile,CHL,1820,,19.75
Chile,CHL,1850,,19.96
Chile,CHL,1880,,20.17
Chile,CHL,1900,,20.37
Chile,CHL,1910,,20.79
Chile,CHL,1920,,20.79
Chile,CHL,1930,,20.79
Chile,CHL,1940,,20.5
Chile,CHL,1950,,18.66
Chile,CHL,1960,,20.25
Chile,CHL,1964,,20.13
Chile,CHL,1965,,20.43
Chile,CHL,1966,,21.04
Chile,CHL,1967,,20.79
Chile,CHL,1968,,20.35
Chile,CHL,1969,,19.84
Chile,CHL,1970,,20.25
Chile,CHL,1971,,21.65
Chile,CHL,1972,,22.21
Chile,CHL,1973,,22.36
Chile,CHL,1974,,23.66
Chile,CHL,1976,,25.47
Chile,CHL,1978,,27.95
Chile,CHL,1979,,28.43
Chile,CHL,1980,,30.23
Chile,CHL,1981,,30.23
Chile,CHL,1982,,30.23
Chile,CHL,1983,,30.23
Chile,CHL,1984,,30.23
Chile,CHL,1985,,30.23
Chile,CHL,1986,,30.23
Chile,CHL,1987,,30.23
Chile,CHL,1988,,30.23
Chile,CHL,1989,,30.23
Chile,CHL,1990,,30.23
Chile,CHL,1991,,30.23
Chile,CHL,1992,,30.23
Chile,CHL,1993,,30.23
Chile,CHL,1994,,30.23
Chile,CHL,1995,,30.23
Chile,CHL,1996,,30.23
Chile,CHL,1997,,30.23
Chile,CHL,1998,,30.23
Chile,CHL,1999,,30.23
Chile,CHL,2000,30.23,30.23
Chile,CHL,2001,,29.22
Chile,CHL,2002,,28.21
Chile,CHL,2003,27.2,27.2
Chile,CHL,2004,,29.8
Chile,CHL,2005,,32.4
Chile,CHL,2006,35,35
Chile,CHL,2007,,33.41
Chile,CHL,2008,,31.83
Chile,CHL,2009,30.27,30.27
Chile,CHL,2010,,31.62
Chile,CHL,2011,32.98,32.98
Chile,CHL,2012,,33.21
Chile,CHL,2013,33.43,33.43
Chile,CHL,2014,,33.56
Chile,CHL,2015,33.69,33.69
Chile,CHL,2016,,32.72
Chile,CHL,2017,31.75,31.75
Chile,CHL,2018,,30.8
Chile,CHL,2019,,29.84
Chile,CHL,2020,28.89,28.89
Chile,CHL,2021,,27.8
Chile,CHL,2022,26.71,26.71
Chile,CHL,2023,,26.71
Chile,CHL,2024,,26.71
China,CHN,1820,,16.16
China,CHN,1850,,17.35
China,CHN,1880,,17.61
China,CHN,1900,,17.84
China,CHN,1910,,20.26
China,CHN,1920,,21.78
China,CHN,1930,,20.14
China,CHN,1940,,18.17
China,CHN,1950,,5
China,CHN,1960,,5
China,CHN,1970,,5
China,CHN,1978,,6.54
China,CHN,1979,6.56,6.56
China,CHN,1980,6.61,6.61
China,CHN,1981,6.9,6.9
China,CHN,1982,7.13,7.13
China,CHN,1983,7.31,7.31
China,CHN,1984,7.65,7.65
China,CHN,1985,8.22,8.22
China,CHN,1986,8.15,8.15
China,CHN,1987,8.04,8.04
China,CHN,1988,8.17,8.17
China,CHN,1989,8.37,8.37
China,CHN,1990,8.25,8.25
China,CHN,1991,8.46,8.46
China,CHN,1992,8.89,8.89
China,CHN,1993,9.33,9.33
China,CHN,1994,9.58,9.58
China,CHN,1995,9.42,9.42
China,CHN,1996,9.69,9.69
China,CHN,1997,9.69,9.69
China,CHN,1998,9.98,9.98
China,CHN,1999,10.06,10.06
China,CHN,2000,10.5,10.5
China,CHN,2001,11,11
China,CHN,2002,12.69,12.69
China,CHN,2003,13.27,13.27
China,CHN,2004,13.97,13.97
China,CHN,2005,14.34,14.34
China,CHN,2006,14.91,14.91
China,CHN,2007,15.42,15.42
China,CHN,2008,15.33,15.33
China,CHN,2009,15.56,15.56
China,CHN,2010,15.24,15.24
China,CHN,2011,14.71,14.71
China,CHN,2012,13.87,13.87
China,CHN,2013,13.93,13.93
China,CHN,2014,13.78,13.78
China,CHN,2015,14.04,14.04
China,CHN,2016,,14.05
China,CHN,2017,,15.16
China,CHN,2018,,14.85
China,CHN,2019,,14.66
China,CHN,2020,,15.56
China,CHN,2021,,15.72
China,CHN,2022,,15.76
China,CHN,2023,,15.76
China,CHN,2024,,15.76
Colombia,COL,1820,,22.7
Colombia,COL,1850,,22.94
Colombia,COL,1880,,23.18
Colombia,COL,1900,,23.42
Colombia,COL,1910,,23.9
Colombia,COL,1920,,23.9
Colombia,COL,1930,,25.4
Colombia,COL,1940,,27.25
Colombia,COL,1950,,24.33
Colombia,COL,1960,,19.02
Colombia,COL,1970,,20.31
Colombia,COL,1980,,28.83
Colombia,COL,1981,,28.83
Colombia,COL,1982,,28.83
Colombia,COL,1983,,28.83
Colombia,COL,1984,,28.83
Colombia,COL,1985,,28.83
Colombia,COL,1986,,28.83
Colombia,COL,1987,,28.83
Colombia,COL,1988,,28.83
Colombia,COL,1989,,28.83
Colombia,COL,1990,,28.83
Colombia,COL,1991,,28.83
Colombia,COL,1992,,28.83
Colombia,COL,1993,,28.83
Colombia,COL,1994,,28.83
Colombia,COL,1995,,28.83
Colombia,COL,1996,,28.83
Colombia,COL,1997,,28.83
Colombia,COL,1998,,28.83
Colombia,COL,1999,,28.83
Colombia,COL,2000,,28.83
Colombia,COL,2001,,28.83
Colombia,COL,2002,,28.83
Colombia,COL,2003,23.85,23.85
Colombia,COL,2004,25.83,25.83
Colombia,COL,2005,24.86,24.86
Colombia,COL,2006,,25.65
Colombia,COL,2007,,26.46
Colombia,COL,2008,,27.27
Colombia,COL,2009,26.11,26.11
Colombia,COL,2010,26.48,26.48
Colombia,COL,2011,27.59,27.59
Colombia,COL,2012,24.1,24.1
Colombia,COL,2013,24.35,24.35
Colombia,COL,2014,24.45,24.45
Colombia,COL,2015,21.9,21.9
Colombia,COL,2016,22.74,22.74
Colombia,COL,2017,22.38,22.38
Colombia,COL,2018,22.7,22.7
Colombia,COL,2019,22.44,22.44
Colombia,COL,2020,20.66,20.66
Colombia,COL,2021,20.91,20.91
Colombia,COL,2022,26.96,26.96
Colombia,COL,2023,,22.45
Colombia,COL,2024,,22.45
Comoros,COM,1980,,29.13
Comoros,COM,1981,,29.13
Comoros,COM,1982,,29.13
Comoros,COM,1983,,29.13
Comoros,COM,1984,,29.13
Comoros,COM,1985,,29.13
Comoros,COM,1986,,29.13
Comoros,COM,1987,,29.13
Comoros,COM,1988,,29.13
Comoros,COM,1989,,29.13
Comoros,COM,1990,,29.13
Comoros,COM,1991,,29.13
Comoros,COM,1992,,29.13
Comoros,COM,1993,,29.13
Comoros,COM,1994,,29.13
Comoros,COM,1995,,29.13
Comoros,COM,1996,,29.13
Comoros,COM,1997,,29.13
Comoros,COM,1998,,29.13
Comoros,COM,1999,,29.13
Comoros,COM,2000,,29.13
Comoros,COM,2001,,29.13
Comoros,COM,2002,,29.13
Comoros,COM,2003,,29.13
Comoros,COM,2004,29.13,29.13
Comoros,COM,2005,,27.63
Comoros,COM,2006,,26.14
Comoros,COM,2007,,24.64
Comoros,COM,2008,,23.14
Comoros,COM,2009,,21.64
Comoros,COM,2010,,20.15
Comoros,COM,2011,,18.65
Comoros,COM,2012,,17.15
Comoros,COM,2013,,15.65
Comoros,COM,2014,14.15,14.15
Comoros,COM,2015,,14.15
Comoros,COM,2016,,14.15
Comoros,COM,2017,,14.15
Comoros,COM,2018,,14.15
Comoros,COM,2019,,14.15
Comoros,COM,2020,,14.15
Comoros,COM,2021,,14.15
Comoros,COM,2022,,14.15
Comoros,COM,2023,,14.15
Comoros,COM,2024,,14.15
Congo,COG,1980,,18.57
Congo,COG,1981,,18.57
Congo,COG,1982,,18.57
Congo,COG,1983,,18.57
Congo,COG,1984,,18.57
Congo,COG,1985,,18.57
Congo,COG,1986,,18.57
Congo,COG,1987,,18.57
Congo,COG,1988,,18.57
Congo,COG,1989,,18.57
Congo,COG,1990,,18.57
Congo,COG,1991,,18.57
Congo,COG,1992,,18.57
Congo,COG,1993,,18.57
Congo,COG,1994,,18.57
Congo,COG,1995,,18.57
Congo,COG,1996,,18.57
Congo,COG,1997,,18.57
Congo,COG,1998,,18.57
Congo,COG,1999,,18.57
Congo,COG,2000,,18.57
Congo,COG,2001,,18.57
Congo,COG,2002,,18.57
Congo,COG,2003,,18.57
Congo,COG,2004,,18.57
Congo,COG,2005,18.57,18.57
Congo,COG,2006,,18.9
Congo,COG,2007,,19.22
Congo,COG,2008,,19.55
Congo,COG,2009,,19.87
Congo,COG,2010,,20.2
Congo,COG,2011,20.52,20.52
Congo,COG,2012,,20.52
Congo,COG,2013,,20.52
Congo,COG,2014,,20.52
Congo,COG,2015,,20.52
Congo,COG,2016,,20.52
Congo,COG,2017,,20.52
Congo,COG,2018,,20.52
Congo,COG,2019,,20.52
Congo,COG,2020,,20.52
Congo,COG,2021,,20.52
Congo,COG,2022,,20.52
Congo,COG,2023,,20.52
Congo,COG,2024,,20.52
Costa Rica,CRI,1980,,20.15
Costa Rica,CRI,1981,,20.15
Costa Rica,CRI,1982,,20.15
Costa Rica,CRI,1983,,20.15
Costa Rica,CRI,1984,,20.15
Costa Rica,CRI,1985,,20.15
Costa Rica,CRI,1986,,20.15
Costa Rica,CRI,1987,,20.15
Costa Rica,CRI,1988,,20.15
Costa Rica,CRI,1989,,20.15
Costa Rica,CRI,1990,,20.15
Costa Rica,CRI,1991,,20.15
Costa Rica,CRI,1992,,20.15
Costa Rica,CRI,1993,,20.15
Costa Rica,CRI,1994,,20.15
Costa Rica,CRI,1995,,20.15
Costa Rica,CRI,1996,,20.15
Costa Rica,CRI,1997,,20.15
Costa Rica,CRI,1998,,20.15
Costa Rica,CRI,1999,,20.15
Costa Rica,CRI,2000,,20.15
Costa Rica,CRI,2001,,20.15
Costa Rica,CRI,2002,,20.15
Costa Rica,CRI,2003,,20.15
Costa Rica,CRI,2004,,20.15
Costa Rica,CRI,2005,,20.15
Costa Rica,CRI,2006,,20.15
Costa Rica,CRI,2007,,20.15
Costa Rica,CRI,2008,,20.15
Costa Rica,CRI,2009,,20.15
Costa Rica,CRI,2010,,20.15
Costa Rica,CRI,2011,20.3,20.3
Costa Rica,CRI,2012,18.33,18.33
Costa Rica,CRI,2013,17.78,17.78
Costa Rica,CRI,2014,18.53,18.53
Costa Rica,CRI,2015,19.68,19.68
Costa Rica,CRI,2016,19.75,19.75
Costa Rica,CRI,2017,18.74,18.74
Costa Rica,CRI,2018,21.43,21.43
Costa Rica,CRI,2019,22.68,22.68
Costa Rica,CRI,2020,21.51,21.51
Costa Rica,CRI,2021,26.15,26.15
Costa Rica,CRI,2022,20.32,20.32
Costa Rica,CRI,2023,,18.14
Costa Rica,CRI,2024,,18.14
Cote d'Ivoire,CIV,1820,,20.33
Cote d'Ivoire,CIV,1850,,20.79
Cote d'Ivoire,CIV,1880,,21.29
Cote d'Ivoire,CIV,1900,,21.58
Cote d'Ivoire,CIV,1910,,23.36
Cote d'Ivoire,CIV,1920,,21.63
Cote d'Ivoire,CIV,1930,,20.29
Cote d'Ivoire,CIV,1940,,21
Cote d'Ivoire,CIV,1950,,20
Cote d'Ivoire,CIV,1960,,22
Cote d'Ivoire,CIV,1970,,23
Cote d'Ivoire,CIV,1980,,19.35
Cote d'Ivoire,CIV,1981,,19.35
Cote d'Ivoire,CIV,1982,,19.35
Cote d'Ivoire,CIV,1983,,19.35
Cote d'Ivoire,CIV,1984,,19.35
Cote d'Ivoire,CIV,1985,,19.35
Cote d'Ivoire,CIV,1986,12.82,12.82
Cote d'Ivoire,CIV,1987,14.5,14.5
Cote d'Ivoire,CIV,1988,12.89,12.89
Cote d'Ivoire,CIV,1989,,12.84
Cote d'Ivoire,CIV,1990,,12.78
Cote d'Ivoire,CIV,1991,,12.73
Cote d'Ivoire,CIV,1992,12.67,12.67
Cote d'Ivoire,CIV,1993,,13.42
Cote d'Ivoire,CIV,1994,,14.18
Cote d'Ivoire,CIV,1995,14.93,14.93
Cote d'Ivoire,CIV,1996,,14.45
Cote d'Ivoire,CIV,1997,,13.98
Cote d'Ivoire,CIV,1998,,13.5
Cote d'Ivoire,CIV,1999,,14.03
Cote d'Ivoire,CIV,2000,,14.56
Cote d'Ivoire,CIV,2001,,15.09
Cote d'Ivoire,CIV,2002,,15.62
Cote d'Ivoire,CIV,2003,,15.48
Cote d'Ivoire,CIV,2004,,15.35
Cote d'Ivoire,CIV,2005,,15.22
Cote d'Ivoire,CIV,2006,,15.09
Cote d'Ivoire,CIV,2007,,14.95
Cote d'Ivoire,CIV,2008,14.82,14.82
Cote d'Ivoire,CIV,2009,,14.82
Cote d'Ivoire,CIV,2010,,14.81
Cote d'Ivoire,CIV,2011,,14.81
Cote d'Ivoire,CIV,2012,,14.8
Cote d'Ivoire,CIV,2013,,14.8
Cote d'Ivoire,CIV,2014,,14.79
Cote d'Ivoire,CIV,2015,14.79,14.79
Cote d'Ivoire,CIV,2016,,14.05
Cote d'Ivoire,CIV,2017,,13.31
Cote d'Ivoire,CIV,2018,12.57,12.57
Cote d'Ivoire,CIV,2019,,12.43
Cote d'Ivoire,CIV,2020,,12.28
Cote d'Ivoire,CIV,2021,12.14,12.14
Cote d'Ivoire,CIV,2022,,12.14
Cote d'Ivoire,CIV,2023,,12.14
Cote d'Ivoire,CIV,2024,,12.14
Croatia,HRV,1967,6.44,6.44
Croatia,HRV,1968,6.24,6.24
Croatia,HRV,1970,5.96,5.96
Croatia,HRV,1973,5.25,5.25
Croatia,HRV,1974,5.1,5.1
Croatia,HRV,1977,4.59,4.59
Croatia,HRV,1978,4.45,4.45
Croatia,HRV,1979,4.39,4.39
Croatia,HRV,1980,,4.16
Croatia,HRV,1981,,4.16
Croatia,HRV,1982,,4.16
Croatia,HRV,1983,,4.16
Croatia,HRV,1984,4.17,4.17
Croatia,HRV,1985,4.2,4.2
Croatia,HRV,1986,4.23,4.23
Croatia,HRV,1987,4.01,4.01
Croatia,HRV,1988,3.99,3.99
Croatia,HRV,1989,,4.49
Croatia,HRV,1990,4.77,4.77
Croatia,HRV,1991,,5.31
Croatia,HRV,1992,,5.75
Croatia,HRV,1993,,6.25
Croatia,HRV,1994,,6.72
Croatia,HRV,1995,,7.22
Croatia,HRV,1996,,7.16
Croatia,HRV,1997,,7.59
Croatia,HRV,1998,7.26,7.26
Croatia,HRV,1999,7.38,7.38
Croatia,HRV,2000,7.16,7.16
Croatia,HRV,2001,7.51,7.51
Croatia,HRV,2002,7.71,7.71
Croatia,HRV,2003,7.53,7.53
Croatia,HRV,2004,8.17,8.17
Croatia,HRV,2005,9.19,9.19
Croatia,HRV,2006,9.54,9.54
Croatia,HRV,2007,10.03,10.03
Croatia,HRV,2008,10,10
Croatia,HRV,2009,8.68,8.68
Croatia,HRV,2010,8.93,8.93
Croatia,HRV,2011,9.88,9.88
Croatia,HRV,2012,9.47,9.47
Croatia,HRV,2013,10.13,10.13
Croatia,HRV,2014,10.23,10.23
Croatia,HRV,2015,10.77,10.77
Croatia,HRV,2016,9.63,9.63
Croatia,HRV,2017,10.11,10.11
Croatia,HRV,2018,9.83,9.83
Croatia,HRV,2019,9.63,9.63
Croatia,HRV,2020,9.63,9.63
Croatia,HRV,2021,9.73,9.73
Croatia,HRV,2022,9.65,9.65
Croatia,HRV,2023,,9.65
Croatia,HRV,2024,,9.65
Cuba,CUB,1980,,18.91
Cuba,CUB,1981,,18.91
Cuba,CUB,1982,,18.91
Cuba,CUB,1983,,18.91
Cuba,CUB,1984,,18.91
Cuba,CUB,1985,,18.91
Cuba,CUB,1986,,18.91
Cuba,CUB,1987,,18.91
Cuba,CUB,1988,,18.91
Cuba,CUB,1989,,18.91
Cuba,CUB,1990,,18.91
Cuba,CUB,1991,,18.91
Cuba,CUB,1992,,18.91
Cuba,CUB,1993,,18.91
Cuba,CUB,1994,,18.91
Cuba,CUB,1995,,18.91
Cuba,CUB,1996,,18.91
Cuba,CUB,1997,,18.91
Cuba,CUB,1998,,18.91
Cuba,CUB,1999,,18.91
Cuba,CUB,2000,,18.91
Cuba,CUB,2001,,19.85
Cuba,CUB,2002,,19.76
Cuba,CUB,2003,,20.58
Cuba,CUB,2004,,20.19
Cuba,CUB,2005,,17.88
Cuba,CUB,2006,,16.95
Cuba,CUB,2007,,20.07
Cuba,CUB,2008,,18.52
Cuba,CUB,2009,,16.84
Cuba,CUB,2010,,17.11
Cuba,CUB,2011,,15.73
Cuba,CUB,2012,,14.84
Cuba,CUB,2013,,15.93
Cuba,CUB,2014,,15.92
Cuba,CUB,2015,,15.56
Cuba,CUB,2016,,16.06
Cuba,CUB,2017,,15.65
Cuba,CUB,2018,,16.17
Cuba,CUB,2019,,16.32
Cuba,CUB,2020,,18.14
Cuba,CUB,2021,,17.86
Cuba,CUB,2022,,15.22
Cuba,CUB,2023,,19.09
Cuba,CUB,2024,,19.09
Curacao,CUW,1980,,23.75
Curacao,CUW,1981,,23.64
Curacao,CUW,1982,,23.53
Curacao,CUW,1983,,23.42
Curacao,CUW,1984,,23.31
Curacao,CUW,1985,,23.19
Curacao,CUW,1986,,23.07
Curacao,CUW,1987,,22.95
Curacao,CUW,1988,,22.83
Curacao,CUW,1989,,22.7
Curacao,CUW,1990,,22.58
Curacao,CUW,1991,,22.57
Curacao,CUW,1992,,22.55
Curacao,CUW,1993,,22.54
Curacao,CUW,1994,,22.53
Curacao,CUW,1995,,22.52
Curacao,CUW,1996,,22.51
Curacao,CUW,1997,,22.5
Curacao,CUW,1998,,22.49
Curacao,CUW,1999,,22.48
Curacao,CUW,2000,,22.47
Curacao,CUW,2001,,22.31
Curacao,CUW,2002,,22.16
Curacao,CUW,2003,,22.02
Curacao,CUW,2004,,21.89
Curacao,CUW,2005,,21.76
Curacao,CUW,2006,,21.64
Curacao,CUW,2007,,21.53
Curacao,CUW,2008,,21.42
Curacao,CUW,2009,,21.31
Curacao,CUW,2010,,21.21
Curacao,CUW,2011,,21.2
Curacao,CUW,2012,,21.2
Curacao,CUW,2013,,21.2
Curacao,CUW,2014,,21.2
Curacao,CUW,2015,,21.19
Curacao,CUW,2016,,21.19
Curacao,CUW,2017,,21.19
Curacao,CUW,2018,,21.18
Curacao,CUW,2019,,21.18
Curacao,CUW,2020,,21.18
Curacao,CUW,2021,,21.18
Curacao,CUW,2022,,21.18
Curacao,CUW,2023,,21.18
Curacao,CUW,2024,,21.18
Cyprus,CYP,1980,,11.66
Cyprus,CYP,1981,,11.6
Cyprus,CYP,1982,,11.56
Cyprus,CYP,1983,,11.5
Cyprus,CYP,1984,,11.46
Cyprus,CYP,1985,,11.49
Cyprus,CYP,1986,,11.62
Cyprus,CYP,1987,,11.59
Cyprus,CYP,1988,,11.62
Cyprus,CYP,1989,,11.69
Cyprus,CYP,1990,11.57,11.57
Cyprus,CYP,1991,,11.41
Cyprus,CYP,1992,,11.18
Cyprus,CYP,1993,,11.19
Cyprus,CYP,1994,,11.24
Cyprus,CYP,1995,,11.38
Cyprus,CYP,1996,10.81,10.81
Cyprus,CYP,1997,,10.1
Cyprus,CYP,1998,,14.12
Cyprus,CYP,1999,,11
Cyprus,CYP,2000,,10.29
Cyprus,CYP,2001,,11.01
Cyprus,CYP,2002,,12.46
Cyprus,CYP,2003,,11.37
Cyprus,CYP,2004,7.39,7.39
Cyprus,CYP,2005,7.83,7.83
Cyprus,CYP,2006,9.55,9.55
Cyprus,CYP,2007,7.78,7.78
Cyprus,CYP,2008,10.57,10.57
Cyprus,CYP,2009,10.01,10.01
Cyprus,CYP,2010,9.1,9.1
Cyprus,CYP,2011,11.66,11.66
Cyprus,CYP,2012,12.2,12.2
Cyprus,CYP,2013,,16.89
Cyprus,CYP,2014,,12.05
Cyprus,CYP,2015,11.52,11.52
Cyprus,CYP,2016,11.09,11.09
Cyprus,CYP,2017,10.26,10.26
Cyprus,CYP,2018,12.25,12.25
Cyprus,CYP,2019,8.85,8.85
Cyprus,CYP,2020,8.85,8.85
Cyprus,CYP,2021,8.89,8.89
Cyprus,CYP,2022,8.53,8.53
Cyprus,CYP,2023,,7.99
Cyprus,CYP,2024,,7.99
Czechia,CZE,1980,2.56,2.56
Czechia,CZE,1981,2.53,2.53
Czechia,CZE,1982,,2.54
Czechia,CZE,1983,,2.54
Czechia,CZE,1984,,2.53
Czechia,CZE,1985,2.51,2.51
Czechia,CZE,1986,,2.66
Czechia,CZE,1987,,2.83
Czechia,CZE,1988,,2.98
Czechia,CZE,1989,3.85,3.85
Czechia,CZE,1990,4.75,4.75
Czechia,CZE,1991,,6.81
Czechia,CZE,1992,,8.95
Czechia,CZE,1993,10.56,10.56
Czechia,CZE,1994,11.44,11.44
Czechia,CZE,1995,10.99,10.99
Czechia,CZE,1996,11.11,11.11
Czechia,CZE,1997,10.28,10.28
Czechia,CZE,1998,11.56,11.56
Czechia,CZE,1999,11.32,11.32
Czechia,CZE,2000,11.19,11.19
Czechia,CZE,2001,11.37,11.37
Czechia,CZE,2002,10.74,10.74
Czechia,CZE,2003,,10.68
Czechia,CZE,2004,,10.95
Czechia,CZE,2005,11.69,11.69
Czechia,CZE,2006,10.69,10.69
Czechia,CZE,2007,11.45,11.45
Czechia,CZE,2008,13.73,13.73
Czechia,CZE,2009,11.54,11.54
Czechia,CZE,2010,10.87,10.87
Czechia,CZE,2011,10.39,10.39
Czechia,CZE,2012,11.26,11.26
Czechia,CZE,2013,10.55,10.55
Czechia,CZE,2014,10.74,10.74
Czechia,CZE,2015,11.39,11.39
Czechia,CZE,2016,10.93,10.93
Czechia,CZE,2017,10.88,10.88
Czechia,CZE,2018,10.32,10.32
Czechia,CZE,2019,10.36,10.36
Czechia,CZE,2020,10.36,10.36
Czechia,CZE,2021,10.23,10.23
Czechia,CZE,2022,10.35,10.35
Czechia,CZE,2023,,10.12
Czechia,CZE,2024,,10.12
Democratic Republic of Congo,COD,1820,,20.33
Democratic Republic of Congo,COD,1850,,20.79
Democratic Republic of Congo,COD,1880,,21.29
Democratic Republic of Congo,COD,1900,,21.58
Democratic Republic of Congo,COD,1910,,23.36
Democratic Republic of Congo,COD,1920,,21.63
Democratic Republic of Congo,COD,1930,,20.29
Democratic Republic of Congo,COD,1940,,21
Democratic Republic of Congo,COD,1950,,20
Democratic Republic of Congo,COD,1960,,22
Democratic Republic of Congo,COD,1970,,23
Democratic Republic of Congo,COD,1980,,14.41
Democratic Republic of Congo,COD,1981,,14.41
Democratic Republic of Congo,COD,1982,,14.41
Democratic Republic of Congo,COD,1983,,14.41
Democratic Republic of Congo,COD,1984,,14.41
Democratic Republic of Congo,COD,1985,,14.41
Democratic Republic of Congo,COD,1986,,14.41
Democratic Republic of Congo,COD,1987,,14.41
Democratic Republic of Congo,COD,1988,,14.41
Democratic Republic of Congo,COD,1989,,14.41
Democratic Republic of Congo,COD,1990,,14.41
Democratic Republic of Congo,COD,1991,,14.41
Democratic Republic of Congo,COD,1992,,14.41
Democratic Republic of Congo,COD,1993,,14.41
Democratic Republic of Congo,COD,1994,,14.41
Democratic Republic of Congo,COD,1995,,14.41
Democratic Republic of Congo,COD,1996,,14.41
Democratic Republic of Congo,COD,1997,,14.41
Democratic Republic of Congo,COD,1998,,14.41
Democratic Republic of Congo,COD,1999,,14.41
Democratic Republic of Congo,COD,2000,,14.41
Democratic Republic of Congo,COD,2001,,14.41
Democratic Republic of Congo,COD,2002,,14.41
Democratic Republic of Congo,COD,2003,,14.41
Democratic Republic of Congo,COD,2004,14.41,14.41
Democratic Republic of Congo,COD,2005,,14.44
Democratic Republic of Congo,COD,2006,,14.46
Democratic Republic of Congo,COD,2007,,14.49
Democratic Republic of Congo,COD,2008,,14.52
Democratic Republic of Congo,COD,2009,,14.55
Democratic Republic of Congo,COD,2010,,14.58
Democratic Republic of Congo,COD,2011,,14.61
Democratic Republic of Congo,COD,2012,14.64,14.64
Democratic Republic of Congo,COD,2013,,15.24
Democratic Republic of Congo,COD,2014,,15.84
Democratic Republic of Congo,COD,2015,,16.43
Democratic Republic of Congo,COD,2016,,17.03
Democratic Republic of Congo,COD,2017,,17.63
Democratic Republic of Congo,COD,2018,,18.23
Democratic Republic of Congo,COD,2019,,18.83
Democratic Republic of Congo,COD,2020,19.43,19.43
Democratic Republic of Congo,COD,2021,,19.43
Democratic Republic of Congo,COD,2022,,19.43
Democratic Republic of Congo,COD,2023,,19.43
Democratic Republic of Congo,COD,2024,,19.43
Denmark,DNK,1820,,20.16
Denmark,DNK,1850,,20.65
Denmark,DNK,1870,,20.94
Denmark,DNK,1880,,20.42
Denmark,DNK,1900,,25.29
Denmark,DNK,1903,,24.5
Denmark,DNK,1908,,24.51
Denmark,DNK,1910,,24.94
Denmark,DNK,1915,,23.49
Denmark,DNK,1917,,23.85
Denmark,DNK,1918,,22.7
Denmark,DNK,1919,,23.64
Denmark,DNK,1920,,21.31
Denmark,DNK,1921,,20.05
Denmark,DNK,1922,,20.24
Denmark,DNK,1923,,19.11
Denmark,DNK,1924,,18.78
Denmark,DNK,1925,,18.47
Denmark,DNK,1926,,17.06
Denmark,DNK,1927,,17.15
Denmark,DNK,1928,,17.01
Denmark,DNK,1929,,16.6
Denmark,DNK,1930,,16.31
Denmark,DNK,1931,,16.26
Denmark,DNK,1932,,16.06
Denmark,DNK,1933,,16.22
Denmark,DNK,1934,,16.25
Denmark,DNK,1935,,15.81
Denmark,DNK,1936,,16.03
Denmark,DNK,1937,,15.72
Denmark,DNK,1938,,14.85
Denmark,DNK,1939,,14.68
Denmark,DNK,1940,,14.79
Denmark,DNK,1941,,14.62
Denmark,DNK,1942,,14.03
Denmark,DNK,1943,,13.24
Denmark,DNK,1944,,12.63
Denmark,DNK,1945,,12.62
Denmark,DNK,1946,,11.9
Denmark,DNK,1947,,11.9
Denmark,DNK,1948,,11.26
Denmark,DNK,1949,,10.93
Denmark,DNK,1950,,10.71
Denmark,DNK,1951,,10.56
Denmark,DNK,1952,,10.54
Denmark,DNK,1953,,10.35
Denmark,DNK,1954,,10.12
Denmark,DNK,1955,,10.24
Denmark,DNK,1956,,10.37
Denmark,DNK,1957,,9.83
Denmark,DNK,1958,,10.09
Denmark,DNK,1959,,10.22
Denmark,DNK,1960,,10.12
Denmark,DNK,1961,,9.82
Denmark,DNK,1962,,9.74
Denmark,DNK,1963,,9.2
Denmark,DNK,1964,,8.98
Denmark,DNK,1965,,8.99
Denmark,DNK,1966,,8.54
Denmark,DNK,1967,,8.43
Denmark,DNK,1968,,8.55
Denmark,DNK,1970,,8.77
Denmark,DNK,1971,,8.07
Denmark,DNK,1972,,8.03
Denmark,DNK,1973,,7.76
Denmark,DNK,1974,,7.61
Denmark,DNK,1975,,7.48
Denmark,DNK,1976,,7.32
Denmark,DNK,1977,,7.17
Denmark,DNK,1978,,7.03
Denmark,DNK,1979,,6.88
Denmark,DNK,1980,,6.9
Denmark,DNK,1981,6.74,6.74
Denmark,DNK,1982,6.94,6.94
Denmark,DNK,1983,8.34,8.34
Denmark,DNK,1984,9.1,9.1
Denmark,DNK,1985,9.66,9.66
Denmark,DNK,1986,8.69,8.69
Denmark,DNK,1987,8.53,8.53
Denmark,DNK,1988,8.05,8.05
Denmark,DNK,1989,8.37,8.37
Denmark,DNK,1990,8.39,8.39
Denmark,DNK,1991,8.35,8.35
Denmark,DNK,1992,8.43,8.43
Denmark,DNK,1993,8.43,8.43
Denmark,DNK,1994,9.38,9.38
Denmark,DNK,1995,9.52,9.52
Denmark,DNK,1996,9.79,9.79
Denmark,DNK,1997,10.66,10.66
Denmark,DNK,1998,10.47,10.47
Denmark,DNK,1999,11.6,11.6
Denmark,DNK,2000,11.85,11.85
Denmark,DNK,2001,10.31,10.31
Denmark,DNK,2002,9.77,9.77
Denmark,DNK,2003,9.42,9.42
Denmark,DNK,2004,9.96,9.96
Denmark,DNK,2005,11.21,11.21
Denmark,DNK,2006,11.69,11.69
Denmark,DNK,2007,11.15,11.15
Denmark,DNK,2008,10.58,10.58
Denmark,DNK,2009,9.69,9.69
Denmark,DNK,2010,11.64,11.64
Denmark,DNK,2011,11.69,11.69
Denmark,DNK,2012,11.96,11.96
Denmark,DNK,2013,12.43,12.43
Denmark,DNK,2014,13.14,13.14
Denmark,DNK,2015,12.95,12.95
Denmark,DNK,2016,13.01,13.01
Denmark,DNK,2017,12.75,12.75
Denmark,DNK,2018,12.65,12.65
Denmark,DNK,2019,12.42,12.42
Denmark,DNK,2020,12.42,12.42
Denmark,DNK,2021,12.57,12.57
Denmark,DNK,2022,12.59,12.59
Denmark,DNK,2023,,12.42
Denmark,DNK,2024,,12.42
Djibouti,DJI,1980,,15.41
Djibouti,DJI,1981,,15.41
Djibouti,DJI,1982,,15.41
Djibouti,DJI,1983,,15.41
Djibouti,DJI,1984,,15.41
Djibouti,DJI,1985,,15.41
Djibouti,DJI,1986,,15.41
Djibouti,DJI,1987,,15.41
Djibouti,DJI,1988,,15.41
Djibouti,DJI,1989,,15.41
Djibouti,DJI,1990,,15.41
Djibouti,DJI,1991,,15.41
Djibouti,DJI,1992,,15.41
Djibouti,DJI,1993,,15.41
Djibouti,DJI,1994,,15.41
Djibouti,DJI,1995,,15.41
Djibouti,DJI,1996,,15.41
Djibouti,DJI,1997,,15.41
Djibouti,DJI,1998,,15.41
Djibouti,DJI,1999,,15.41
Djibouti,DJI,2000,,15.41
Djibouti,DJI,2001,,15.41
Djibouti,DJI,2002,15.41,15.41
Djibouti,DJI,2003,,15.59
Djibouti,DJI,2004,,15.77
Djibouti,DJI,2005,,15.94
Djibouti,DJI,2006,,16.12
Djibouti,DJI,2007,,16.3
Djibouti,DJI,2008,,16.47
Djibouti,DJI,2009,,16.65
Djibouti,DJI,2010,,16.82
Djibouti,DJI,2011,,17
Djibouti,DJI,2012,,17.18
Djibouti,DJI,2013,16.5,16.5
Djibouti,DJI,2014,,16.34
Djibouti,DJI,2015,,16.18
Djibouti,DJI,2016,,16.02
Djibouti,DJI,2017,15.86,15.86
Djibouti,DJI,2018,,15.86
Djibouti,DJI,2019,,15.86
Djibouti,DJI,2020,,15.86
Djibouti,DJI,2021,,15.86
Djibouti,DJI,2022,,15.86
Djibouti,DJI,2023,,15.86
Djibouti,DJI,2024,,15.86
Dominica,DMA,1980,,23.75
Dominica,DMA,1981,,23.64
Dominica,DMA,1982,,23.53
Dominica,DMA,1983,,23.42
Dominica,DMA,1984,,23.31
Dominica,DMA,1985,,23.19
Dominica,DMA,1986,,23.07
Dominica,DMA,1987,,22.95
Dominica,DMA,1988,,22.83
Dominica,DMA,1989,,22.7
Dominica,DMA,1990,,22.58
Dominica,DMA,1991,,22.57
Dominica,DMA,1992,,22.55
Dominica,DMA,1993,,22.54
Dominica,DMA,1994,,22.53
Dominica,DMA,1995,,22.52
Dominica,DMA,1996,,22.51
Dominica,DMA,1997,,22.5
Dominica,DMA,1998,,22.49
Dominica,DMA,1999,,22.48
Dominica,DMA,2000,,22.47
Dominica,DMA,2001,,22.31
Dominica,DMA,2002,,22.16
Dominica,DMA,2003,,22.02
Dominica,DMA,2004,,21.89
Dominica,DMA,2005,,21.76
Dominica,DMA,2006,,21.64
Dominica,DMA,2007,,21.53
Dominica,DMA,2008,,21.42
Dominica,DMA,2009,,21.31
Dominica,DMA,2010,,21.21
Dominica,DMA,2011,,21.2
Dominica,DMA,2012,,21.2
Dominica,DMA,2013,,21.2
Dominica,DMA,2014,,21.2
Dominica,DMA,2015,,21.19
Dominica,DMA,2016,,21.19
Dominica,DMA,2017,,21.19
Dominica,DMA,2018,,21.18
Dominica,DMA,2019,,21.18
Dominica,DMA,2020,,21.18
Dominica,DMA,2021,,21.18
Dominica,DMA,2022,,21.18
Dominica,DMA,2023,,21.18
Dominica,DMA,2024,,21.18
Dominican Republic,DOM,1980,,22.79
Dominican Republic,DOM,1981,,22.79
Dominican Republic,DOM,1982,,22.79
Dominican Republic,DOM,1983,,22.79
Dominican Republic,DOM,1984,,22.79
Dominican Republic,DOM,1985,,22.79
Dominican Republic,DOM,1986,,22.79
Dominican Republic,DOM,1987,,22.79
Dominican Republic,DOM,1988,,22.79
Dominican Republic,DOM,1989,,22.79
Dominican Republic,DOM,1990,,22.79
Dominican Republic,DOM,1991,,22.79
Dominican Republic,DOM,1992,,22.79
Dominican Republic,DOM,1993,,22.79
Dominican Republic,DOM,1994,,22.79
Dominican Republic,DOM,1995,,22.79
Dominican Republic,DOM,1996,,22.79
Dominican Republic,DOM,1997,,22.79
Dominican Republic,DOM,1998,,22.79
Dominican Republic,DOM,1999,,22.79
Dominican Republic,DOM,2000,,22.79
Dominican Republic,DOM,2001,,22.79
Dominican Republic,DOM,2002,,22.79
Dominican Republic,DOM,2003,,22.79
Dominican Republic,DOM,2004,,22.79
Dominican Republic,DOM,2005,,22.79
Dominican Republic,DOM,2006,,22.79
Dominican Republic,DOM,2007,,22.79
Dominican Republic,DOM,2008,,22.79
Dominican Republic,DOM,2009,,22.79
Dominican Republic,DOM,2010,,22.79
Dominican Republic,DOM,2011,,22.79
Dominican Republic,DOM,2012,,22.79
Dominican Republic,DOM,2013,22.6,22.6
Dominican Republic,DOM,2014,24.85,24.85
Dominican Republic,DOM,2015,23.93,23.93
Dominican Republic,DOM,2016,24.08,24.08
Dominican Republic,DOM,2017,22.39,22.39
Dominican Republic,DOM,2018,25.3,25.3
Dominican Republic,DOM,2019,25.63,25.63
Dominican Republic,DOM,2020,19.59,19.59
Dominican Republic,DOM,2021,19.18,19.18
Dominican Republic,DOM,2022,18.7,18.7
Dominican Republic,DOM,2023,,16.87
Dominican Republic,DOM,2024,,16.87
East Asia (WID),,1820,16.99,16.99
East Asia (WID),,1850,18.22,18.22
East Asia (WID),,1880,18.41,18.41
East Asia (WID),,1900,19.13,19.13
East Asia (WID),,1910,21.71,21.71
East Asia (WID),,1920,23.85,23.85
East Asia (WID),,1930,22.96,22.96
East Asia (WID),,1940,23.35,23.35
East Asia (WID),,1950,10.31,10.31
East Asia (WID),,1960,13.66,13.66
East Asia (WID),,1970,18.24,18.24
East Asia (WID),,1980,19.56,19.56
East Asia (WID),,1981,19.29,19.29
East Asia (WID),,1982,19.14,19.14
East Asia (WID),,1983,18.84,18.84
East Asia (WID),,1984,18.94,18.94
East Asia (WID),,1985,19.32,19.32
East Asia (WID),,1986,19.71,19.71
East Asia (WID),,1987,20.61,20.61
East Asia (WID),,1988,21.36,21.36
East Asia (WID),,1989,22.12,22.12
East Asia (WID),,1990,23.05,23.05
East Asia (WID),,1991,21.99,21.99
East Asia (WID),,1992,19.52,19.52
East Asia (WID),,1993,19.41,19.41
East Asia (WID),,1994,19.07,19.07
East Asia (WID),,1995,18.85,18.85
East Asia (WID),,1996,19.27,19.27
East Asia (WID),,1997,18.8,18.8
East Asia (WID),,1998,19.07,19.07
East Asia (WID),,1999,19.22,19.22
East Asia (WID),,2000,19.66,19.66
East Asia (WID),,2001,20.84,20.84
East Asia (WID),,2002,20.79,20.79
East Asia (WID),,2003,21.17,21.17
East Asia (WID),,2004,21.43,21.43
East Asia (WID),,2005,21.47,21.47
East Asia (WID),,2006,20.96,20.96
East Asia (WID),,2007,19.77,19.77
East Asia (WID),,2008,19.07,19.07
East Asia (WID),,2009,19.52,19.52
East Asia (WID),,2010,19.5,19.5
East Asia (WID),,2011,18.46,18.46
East Asia (WID),,2012,17.57,17.57
East Asia (WID),,2013,17.5,17.5
East Asia (WID),,2014,17.29,17.29
East Asia (WID),,2015,17.15,17.15
East Asia (WID),,2016,17.21,17.21
East Asia (WID),,2017,17.93,17.93
East Asia (WID),,2018,17.5,17.5
East Asia (WID),,2019,16.91,16.91
East Asia (WID),,2020,17.36,17.36
East Asia (WID),,2021,17.53,17.53
East Asia (WID),,2022,17.32,17.32
East Asia (WID),,2023,17.33,17.33
East Asia (WID),,2024,17.36,17.36
East Germany,OWID_GDR,1980,2.58,2.58
East Germany,OWID_GDR,1981,2.78,2.78
East Germany,OWID_GDR,1982,3,3
East Germany,OWID_GDR,1983,3.21,3.21
East Germany,OWID_GDR,1984,3.41,3.41
East Germany,OWID_GDR,1985,3.6,3.6
East Germany,OWID_GDR,1986,3.71,3.71
East Germany,OWID_GDR,1987,3.82,3.82
East Germany,OWID_GDR,1988,3.93,3.93
East Germany,OWID_GDR,1989,3.93,3.93
East Germany,OWID_GDR,1990,3.93,3.93
East Timor,TLS,1980,,17.59
East Timor,TLS,1981,,17.59
East Timor,TLS,1982,,17.59
East Timor,TLS,1983,,17.59
East Timor,TLS,1984,,17.59
East Timor,TLS,1985,,17.59
East Timor,TLS,1986,,17.59
East Timor,TLS,1987,,17.59
East Timor,TLS,1988,,17.59
East Timor,TLS,1989,,17.59
East Timor,TLS,1990,,17.59
East Timor,TLS,1991,,17.59
East Timor,TLS,1992,,17.59
East Timor,TLS,1993,,17.59
East Timor,TLS,1994,,17.59
East Timor,TLS,1995,,17.59
East Timor,TLS,1996,,17.59
East Timor,TLS,1997,,17.59
East Timor,TLS,1998,,17.59
East Timor,TLS,1999,,17.59
East Timor,TLS,2000,,17.59
East Timor,TLS,2001,17.59,17.59
East Timor,TLS,2002,,16.97
East Timor,TLS,2003,,16.34
East Timor,TLS,2004,,15.99
East Timor,TLS,2005,,15.52
East Timor,TLS,2006,,15
East Timor,TLS,2007,14.6,14.6
East Timor,TLS,2008,,14.75
East Timor,TLS,2009,,15.07
East Timor,TLS,2010,,15.2
East Timor,TLS,2011,,15.21
East Timor,TLS,2012,,15.12
East Timor,TLS,2013,,15.17
East Timor,TLS,2014,15.33,15.33
East Timor,TLS,2015,,15.3
East Timor,TLS,2016,,15.33
East Timor,TLS,2017,,15.3
East Timor,TLS,2018,,15.23
East Timor,TLS,2019,,15.23
East Timor,TLS,2020,,15.23
East Timor,TLS,2021,,15.23
East Timor,TLS,2022,,15.23
East Timor,TLS,2023,,15.23
East Timor,TLS,2024,,15.23
Ecuador,ECU,1980,,22.86
Ecuador,ECU,1981,,22.86
Ecuador,ECU,1982,,22.86
Ecuador,ECU,1983,,22.86
Ecuador,ECU,1984,,22.86
Ecuador,ECU,1985,,22.86
Ecuador,ECU,1986,,22.86
Ecuador,ECU,1987,,22.86
Ecuador,ECU,1988,,22.86
Ecuador,ECU,1989,,22.86
Ecuador,ECU,1990,,22.86
Ecuador,ECU,1991,,22.86
Ecuador,ECU,1992,,22.86
Ecuador,ECU,1993,,22.86
Ecuador,ECU,1994,,22.86
Ecuador,ECU,1995,,22.86
Ecuador,ECU,1996,,22.86
Ecuador,ECU,1997,,22.86
Ecuador,ECU,1998,,22.86
Ecuador,ECU,1999,,22.86
Ecuador,ECU,2000,,22.86
Ecuador,ECU,2001,22.86,22.86
Ecuador,ECU,2002,,23.06
Ecuador,ECU,2003,23.26,23.26
Ecuador,ECU,2004,,22.7
Ecuador,ECU,2005,,22.14
Ecuador,ECU,2006,19.09,19.09
Ecuador,ECU,2007,20.61,20.61
Ecuador,ECU,2008,17.27,17.27
Ecuador,ECU,2009,15.9,15.9
Ecuador,ECU,2010,18.2,18.2
Ecuador,ECU,2011,15.61,15.61
Ecuador,ECU,2012,19.75,19.75
Ecuador,ECU,2013,19.33,19.33
Ecuador,ECU,2014,17.87,17.87
Ecuador,ECU,2015,15.28,15.28
Ecuador,ECU,2016,15.17,15.17
Ecuador,ECU,2017,16.86,16.86
Ecuador,ECU,2018,17.4,17.4
Ecuador,ECU,2019,16.84,16.84
Ecuador,ECU,2020,22.31,22.31
Ecuador,ECU,2021,20.92,20.92
Ecuador,ECU,2022,17.41,17.41
Ecuador,ECU,2023,,17.83
Ecuador,ECU,2024,,17.83
Egypt,EGY,1820,,26.36
Egypt,EGY,1850,,26.97
Egypt,EGY,1880,,27.27
Egypt,EGY,1900,,28.48
Egypt,EGY,1910,,30.3
Egypt,EGY,1920,,30.3
Egypt,EGY,1930,,30.3
Egypt,EGY,1940,,30.3
Egypt,EGY,1950,,30.3
Egypt,EGY,1960,,26.4
Egypt,EGY,1970,,22.5
Egypt,EGY,1980,,16.53
Egypt,EGY,1981,,16.53
Egypt,EGY,1982,,16.53
Egypt,EGY,1983,,16.53
Egypt,EGY,1984,,16.53
Egypt,EGY,1985,,16.53
Egypt,EGY,1986,,16.53
Egypt,EGY,1987,,16.53
Egypt,EGY,1988,,16.53
Egypt,EGY,1989,,16.53
Egypt,EGY,1990,16.53,16.53
Egypt,EGY,1991,,16.65
Egypt,EGY,1992,,16.77
Egypt,EGY,1993,,16.88
Egypt,EGY,1994,,16.98
Egypt,EGY,1995,17.09,17.09
Egypt,EGY,1996,,17.87
Egypt,EGY,1997,,18.61
Egypt,EGY,1998,,19.32
Egypt,EGY,1999,19.98,19.98
Egypt,EGY,2000,,19.81
Egypt,EGY,2001,,19.64
Egypt,EGY,2002,,19.47
Egypt,EGY,2003,,19.3
Egypt,EGY,2004,19.14,19.14
Egypt,EGY,2005,,19.4
Egypt,EGY,2006,,19.64
Egypt,EGY,2007,,19.87
Egypt,EGY,2008,20.08,20.08
Egypt,EGY,2009,,19.12
Egypt,EGY,2010,18.17,18.17
Egypt,EGY,2011,,18.66
Egypt,EGY,2012,19.15,19.15
Egypt,EGY,2013,,19.87
Egypt,EGY,2014,,20.57
Egypt,EGY,2015,21.24,21.24
Egypt,EGY,2016,,20.79
Egypt,EGY,2017,20.36,20.36
Egypt,EGY,2018,,20.55
Egypt,EGY,2019,,20.75
Egypt,EGY,2020,19.12,19.12
Egypt,EGY,2021,,19.12
Egypt,EGY,2022,,19.12
Egypt,EGY,2023,,19.12
Egypt,EGY,2024,,19.12
El Salvador,SLV,1980,,19.23
El Salvador,SLV,1981,,19.23
El Salvador,SLV,1982,,19.23
El Salvador,SLV,1983,,19.23
El Salvador,SLV,1984,,19.23
El Salvador,SLV,1985,,19.23
El Salvador,SLV,1986,,19.23
El Salvador,SLV,1987,,19.23
El Salvador,SLV,1988,,19.23
El Salvador,SLV,1989,,19.23
El Salvador,SLV,1990,,19.23
El Salvador,SLV,1991,,19.23
El Salvador,SLV,1992,,19.23
El Salvador,SLV,1993,,19.23
El Salvador,SLV,1994,,19.23
El Salvador,SLV,1995,,19.23
El Salvador,SLV,1996,,19.23
El Salvador,SLV,1997,,19.23
El Salvador,SLV,1998,,19.23
El Salvador,SLV,1999,,19.23
El Salvador,SLV,2000,,19.23
El Salvador,SLV,2001,19.23,19.23
El Salvador,SLV,2002,20.54,20.54
El Salvador,SLV,2003,18.46,18.46
El Salvador,SLV,2004,19.94,19.94
El Salvador,SLV,2005,23.07,23.07
El Salvador,SLV,2006,17.48,17.48
El Salvador,SLV,2007,19.82,19.82
El Salvador,SLV,2008,,18.97
El Salvador,SLV,2009,,18.13
El Salvador,SLV,2010,15.88,15.88
El Salvador,SLV,2011,,16.08
El Salvador,SLV,2012,,16.29
El Salvador,SLV,2013,26.91,26.91
El Salvador,SLV,2014,25.91,25.91
El Salvador,SLV,2015,16.48,16.48
El Salvador,SLV,2016,24.07,24.07
El Salvador,SLV,2017,16.17,16.17
El Salvador,SLV,2018,16.04,16.04
El Salvador,SLV,2019,16.5,16.5
El Salvador,SLV,2020,21.04,21.04
El Salvador,SLV,2021,15.4,15.4
El Salvador,SLV,2022,14.75,14.75
El Salvador,SLV,2023,,16.73
El Salvador,SLV,2024,,16.73
Equatorial Guinea,GNQ,1980,,12.01
Equatorial Guinea,GNQ,1981,,12.01
Equatorial Guinea,GNQ,1982,,12.01
Equatorial Guinea,GNQ,1983,,12.01
Equatorial Guinea,GNQ,1984,,12.01
Equatorial Guinea,GNQ,1985,,12.01
Equatorial Guinea,GNQ,1986,,12.01
Equatorial Guinea,GNQ,1987,,12.01
Equatorial Guinea,GNQ,1988,,12.01
Equatorial Guinea,GNQ,1989,,12.01
Equatorial Guinea,GNQ,1990,,12.01
Equatorial Guinea,GNQ,1991,,12.01
Equatorial Guinea,GNQ,1992,,12.01
Equatorial Guinea,GNQ,1993,,12.01
Equatorial Guinea,GNQ,1994,,12.01
Equatorial Guinea,GNQ,1995,,12.01
Equatorial Guinea,GNQ,1996,,12.01
Equatorial Guinea,GNQ,1997,,12.01
Equatorial Guinea,GNQ,1998,,12.01
Equatorial Guinea,GNQ,1999,,12.01
Equatorial Guinea,GNQ,2000,,12.01
Equatorial Guinea,GNQ,2001,,12.01
Equatorial Guinea,GNQ,2002,,12.01
Equatorial Guinea,GNQ,2003,,12.01
Equatorial Guinea,GNQ,2004,,12.01
Equatorial Guinea,GNQ,2005,,12.01
Equatorial Guinea,GNQ,2006,,12.01
Equatorial Guinea,GNQ,2007,,12.01
Equatorial Guinea,GNQ,2008,,12.01
Equatorial Guinea,GNQ,2009,,12.01
Equatorial Guinea,GNQ,2010,,12.01
Equatorial Guinea,GNQ,2011,,12.01
Equatorial Guinea,GNQ,2012,,12.01
Equatorial Guinea,GNQ,2013,,12.01
Equatorial Guinea,GNQ,2014,,12.01
Equatorial Guinea,GNQ,2015,,12.01
Equatorial Guinea,GNQ,2016,,12.01
Equatorial Guinea,GNQ,2017,,12.01
Equatorial Guinea,GNQ,2018,,12.01
Equatorial Guinea,GNQ,2019,,12.01
Equatorial Guinea,GNQ,2020,,12.01
Equatorial Guinea,GNQ,2021,,12.01
Equatorial Guinea,GNQ,2022,12.01,12.01
Equatorial Guinea,GNQ,2023,,12.01
Equatorial Guinea,GNQ,2024,,12.01
Eritrea,ERI,1980,,29.69
Eritrea,ERI,1981,,29.69
Eritrea,ERI,1982,,29.69
Eritrea,ERI,1983,,29.69
Eritrea,ERI,1984,,29.69
Eritrea,ERI,1985,,29.69
Eritrea,ERI,1986,,29.69
Eritrea,ERI,1987,,29.69
Eritrea,ERI,1988,,29.69
Eritrea,ERI,1989,,29.69
Eritrea,ERI,1990,,29.69
Eritrea,ERI,1991,,29.69
Eritrea,ERI,1992,,29.69
Eritrea,ERI,1993,,29.69
Eritrea,ERI,1994,,29.69
Eritrea,ERI,1995,,29.69
Eritrea,ERI,1996,,25.69
Eritrea,ERI,1997,,21.66
Eritrea,ERI,1998,,17.62
Eritrea,ERI,1999,,13.56
Eritrea,ERI,2000,,13.87
Eritrea,ERI,2001,,14.19
Eritrea,ERI,2002,,14.5
Eritrea,ERI,2003,,14.82
Eritrea,ERI,2004,,15.13
Eritrea,ERI,2005,,15.1
Eritrea,ERI,2006,,15.06
Eritrea,ERI,2007,,15.02
Eritrea,ERI,2008,,14.99
Eritrea,ERI,2009,,14.95
Eritrea,ERI,2010,,14.91
Eritrea,ERI,2011,,14.69
Eritrea,ERI,2012,,14.48
Eritrea,ERI,2013,,14.26
Eritrea,ERI,2014,,14.04
Eritrea,ERI,2015,,13.82
Eritrea,ERI,2016,,13.26
Eritrea,ERI,2017,,12.7
Eritrea,ERI,2018,,12.14
Eritrea,ERI,2019,,11.58
Eritrea,ERI,2020,,11.02
Eritrea,ERI,2021,,10.46
Eritrea,ERI,2022,,10.46
Eritrea,ERI,2023,,10.46
Eritrea,ERI,2024,,10.46
Estonia,EST,1980,,4.68
Estonia,EST,1981,,4.68
Estonia,EST,1982,,4.68
Estonia,EST,1983,,4.68
Estonia,EST,1984,,4.68
Estonia,EST,1985,,4.68
Estonia,EST,1986,,4.68
Estonia,EST,1987,,4.69
Estonia,EST,1988,4.68,4.68
Estonia,EST,1989,,7.03
Estonia,EST,1990,,9.55
Estonia,EST,1991,,11.5
Estonia,EST,1992,,11.27
Estonia,EST,1993,14.47,14.47
Estonia,EST,1994,,15.61
Estonia,EST,1995,,15.84
Estonia,EST,1996,,18.19
Estonia,EST,1997,,17.36
Estonia,EST,1998,15.48,15.48
Estonia,EST,1999,,15.95
Estonia,EST,2000,,15.14
Estonia,EST,2001,14.6,14.6
Estonia,EST,2002,16.37,16.37
Estonia,EST,2003,16.07,16.07
Estonia,EST,2004,15.39,15.39
Estonia,EST,2005,19.25,19.25
Estonia,EST,2006,15.52,15.52
Estonia,EST,2007,15.56,15.56
Estonia,EST,2008,13.07,13.07
Estonia,EST,2009,9.53,9.53
Estonia,EST,2010,11.01,11.01
Estonia,EST,2011,12.72,12.72
Estonia,EST,2012,14.2,14.2
Estonia,EST,2013,12.92,12.92
Estonia,EST,2014,13.1,13.1
Estonia,EST,2015,11.23,11.23
Estonia,EST,2016,11.36,11.36
Estonia,EST,2017,12.53,12.53
Estonia,EST,2018,12.96,12.96
Estonia,EST,2019,16.92,16.92
Estonia,EST,2020,16.92,16.92
Estonia,EST,2021,17.09,17.09
Estonia,EST,2022,17.31,17.31
Estonia,EST,2023,,17.07
Estonia,EST,2024,,17.07
Eswatini,SWZ,1980,,34.85
Eswatini,SWZ,1981,,34.85
Eswatini,SWZ,1982,,34.85
Eswatini,SWZ,1983,,34.85
Eswatini,SWZ,1984,,34.85
Eswatini,SWZ,1985,,34.85
Eswatini,SWZ,1986,,34.85
Eswatini,SWZ,1987,,34.85
Eswatini,SWZ,1988,,34.85
Eswatini,SWZ,1989,,34.85
Eswatini,SWZ,1990,,34.85
Eswatini,SWZ,1991,,34.85
Eswatini,SWZ,1992,,34.85
Eswatini,SWZ,1993,,34.85
Eswatini,SWZ,1994,34.85,34.85
Eswatini,SWZ,1995,,32.68
Eswatini,SWZ,1996,,30.5
Eswatini,SWZ,1997,,28.31
Eswatini,SWZ,1998,,26.13
Eswatini,SWZ,1999,,23.94
Eswatini,SWZ,2000,21.76,21.76
Eswatini,SWZ,2001,,21.38
Eswatini,SWZ,2002,,20.99
Eswatini,SWZ,2003,,20.61
Eswatini,SWZ,2004,,20.23
Eswatini,SWZ,2005,,19.85
Eswatini,SWZ,2006,,19.47
Eswatini,SWZ,2007,,19.08
Eswatini,SWZ,2008,,18.7
Eswatini,SWZ,2009,18.32,18.32
Eswatini,SWZ,2010,,18.46
Eswatini,SWZ,2011,,18.61
Eswatini,SWZ,2012,,18.75
Eswatini,SWZ,2013,,18.9
Eswatini,SWZ,2014,,19.04
Eswatini,SWZ,2015,,19.19
Eswatini,SWZ,2016,19.33,19.33
Eswatini,SWZ,2017,,19.33
Eswatini,SWZ,2018,,19.33
Eswatini,SWZ,2019,,19.33
Eswatini,SWZ,2020,,19.33
Eswatini,SWZ,2021,,19.33
Eswatini,SWZ,2022,,19.33
Eswatini,SWZ,2023,,19.33
Eswatini,SWZ,2024,,19.33
Ethiopia,ETH,1820,,20.33
Ethiopia,ETH,1850,,20.79
Ethiopia,ETH,1880,,21.29
Ethiopia,ETH,1900,,21.58
Ethiopia,ETH,1910,,23.36
Ethiopia,ETH,1920,,21.63
Ethiopia,ETH,1930,,20.29
Ethiopia,ETH,1940,,21
Ethiopia,ETH,1950,,20
Ethiopia,ETH,1960,,22
Ethiopia,ETH,1970,,23
Ethiopia,ETH,1980,,29.69
Ethiopia,ETH,1981,,29.69
Ethiopia,ETH,1982,,29.69
Ethiopia,ETH,1983,,29.69
Ethiopia,ETH,1984,,29.69
Ethiopia,ETH,1985,,29.69
Ethiopia,ETH,1986,,29.69
Ethiopia,ETH,1987,,29.69
Ethiopia,ETH,1988,,29.69
Ethiopia,ETH,1989,,29.69
Ethiopia,ETH,1990,,29.69
Ethiopia,ETH,1991,,29.69
Ethiopia,ETH,1992,,29.69
Ethiopia,ETH,1993,,29.69
Ethiopia,ETH,1994,,29.69
Ethiopia,ETH,1995,29.69,29.69
Ethiopia,ETH,1996,,25.69
Ethiopia,ETH,1997,,21.66
Ethiopia,ETH,1998,,17.62
Ethiopia,ETH,1999,13.56,13.56
Ethiopia,ETH,2000,,13.87
Ethiopia,ETH,2001,,14.19
Ethiopia,ETH,2002,,14.5
Ethiopia,ETH,2003,,14.82
Ethiopia,ETH,2004,15.13,15.13
Ethiopia,ETH,2005,,15.1
Ethiopia,ETH,2006,,15.06
Ethiopia,ETH,2007,,15.02
Ethiopia,ETH,2008,,14.99
Ethiopia,ETH,2009,,14.95
Ethiopia,ETH,2010,14.91,14.91
Ethiopia,ETH,2011,,14.69
Ethiopia,ETH,2012,,14.48
Ethiopia,ETH,2013,,14.26
Ethiopia,ETH,2014,,14.04
Ethiopia,ETH,2015,13.82,13.82
Ethiopia,ETH,2016,,13.26
Ethiopia,ETH,2017,,12.7
Ethiopia,ETH,2018,,12.14
Ethiopia,ETH,2019,,11.58
Ethiopia,ETH,2020,,11.02
Ethiopia,ETH,2021,10.46,10.46
Ethiopia,ETH,2022,,10.46
Ethiopia,ETH,2023,,10.46
Ethiopia,ETH,2024,,10.46
Europe (WID),,1820,21.92,21.92
Europe (WID),,1850,22.9,22.9
Europe (WID),,1880,23.32,23.32
Europe (WID),,1900,25.95,25.95
Europe (WID),,1910,25.23,25.23
Europe (WID),,1920,22.4,22.4
Europe (WID),,1930,17.74,17.74
Europe (WID),,1940,15.71,15.71
Europe (WID),,1950,11.48,11.48
Europe (WID),,1960,10.92,10.92
Europe (WID),,1970,9.16,9.16
Europe (WID),,1980,8.23,8.23
Europe (WID),,1981,8.09,8.09
Europe (WID),,1982,7.93,7.93
Europe (WID),,1983,7.92,7.92
Europe (WID),,1984,8,8
Europe (WID),,1985,8.16,8.16
Europe (WID),,1986,8.46,8.46
Europe (WID),,1987,8.69,8.69
Europe (WID),,1988,9.08,9.08
Europe (WID),,1989,9.34,9.34
Europe (WID),,1990,9.35,9.35
Europe (WID),,1991,9.4,9.4
Europe (WID),,1992,9.39,9.39
Europe (WID),,1993,9.45,9.45
Europe (WID),,1994,9.61,9.61
Europe (WID),,1995,9.8,9.8
Europe (WID),,1996,10.29,10.29
Europe (WID),,1997,10.74,10.74
Europe (WID),,1998,11.1,11.1
Europe (WID),,1999,10.95,10.95
Europe (WID),,2000,11.07,11.07
Europe (WID),,2001,10.93,10.93
Europe (WID),,2002,10.79,10.79
Europe (WID),,2003,10.97,10.97
Europe (WID),,2004,11.45,11.45
Europe (WID),,2005,12.02,12.02
Europe (WID),,2006,12.26,12.26
Europe (WID),,2007,12.67,12.67
Europe (WID),,2008,12.19,12.19
Europe (WID),,2009,11.74,11.74
Europe (WID),,2010,11.64,11.64
Europe (WID),,2011,11.83,11.83
Europe (WID),,2012,11.62,11.62
Europe (WID),,2013,11.78,11.78
Europe (WID),,2014,12,12
Europe (WID),,2015,11.93,11.93
Europe (WID),,2016,11.94,11.94
Europe (WID),,2017,12.15,12.15
Europe (WID),,2018,12.13,12.13
Europe (WID),,2019,11.95,11.95
Europe (WID),,2020,11.99,11.99
Europe (WID),,2021,12.2,12.2
Europe (WID),,2022,12.26,12.26
Europe (WID),,2023,12.11,12.11
Europe (WID),,2024,12.14,12.14
Fiji,FJI,1980,,8.85
Fiji,FJI,1981,,9
Fiji,FJI,1982,,9.14
Fiji,FJI,1983,,9.29
Fiji,FJI,1984,,9.44
Fiji,FJI,1985,,9.6
Fiji,FJI,1986,,9.76
Fiji,FJI,1987,,9.92
Fiji,FJI,1988,,10.08
Fiji,FJI,1989,,10.25
Fiji,FJI,1990,,10.42
Fiji,FJI,1991,,10.7
Fiji,FJI,1992,,10.96
Fiji,FJI,1993,,11.22
Fiji,FJI,1994,,11.47
Fiji,FJI,1995,,11.72
Fiji,FJI,1996,,11.95
Fiji,FJI,1997,,12.18
Fiji,FJI,1998,,12.4
Fiji,FJI,1999,,12.61
Fiji,FJI,2000,,12.82
Fiji,FJI,2001,,13.2
Fiji,FJI,2002,,13.58
Fiji,FJI,2003,,13.94
Fiji,FJI,2004,,14.29
Fiji,FJI,2005,,14.64
Fiji,FJI,2006,,14.98
Fiji,FJI,2007,,15.31
Fiji,FJI,2008,,15.64
Fiji,FJI,2009,,15.95
Fiji,FJI,2010,,16.26
Fiji,FJI,2011,,16.24
Fiji,FJI,2012,,16.22
Fiji,FJI,2013,,16.2
Fiji,FJI,2014,,16.18
Fiji,FJI,2015,,16.17
Fiji,FJI,2016,,16.15
Fiji,FJI,2017,,16.13
Fiji,FJI,2018,,16.12
Fiji,FJI,2019,,16.1
Fiji,FJI,2020,,16.09
Fiji,FJI,2021,,16.09
Fiji,FJI,2022,,16.09
Fiji,FJI,2023,,16.09
Fiji,FJI,2024,,16.09
Finland,FIN,1920,21.31,21.31
Finland,FIN,1921,20.88,20.88
Finland,FIN,1922,20.29,20.29
Finland,FIN,1923,19.25,19.25
Finland,FIN,1924,18.87,18.87
Finland,FIN,1925,18.67,18.67
Finland,FIN,1926,17.77,17.77
Finland,FIN,1927,17.45,17.45
Finland,FIN,1928,17.14,17.14
Finland,FIN,1929,16.69,16.69
Finland,FIN,1930,16.31,16.31
Finland,FIN,1931,16.27,16.27
Finland,FIN,1932,16.03,16.03
Finland,FIN,1933,16.2,16.2
Finland,FIN,1934,16.02,16.02
Finland,FIN,1935,15.42,15.42
Finland,FIN,1936,15.53,15.53
Finland,FIN,1937,15.66,15.66
Finland,FIN,1938,15.33,15.33
Finland,FIN,1939,15.36,15.36
Finland,FIN,1940,14.79,14.79
Finland,FIN,1941,14.16,14.16
Finland,FIN,1942,13.95,13.95
Finland,FIN,1943,13,13
Finland,FIN,1944,12.72,12.72
Finland,FIN,1945,12.6,12.6
Finland,FIN,1946,11.54,11.54
Finland,FIN,1947,11.35,11.35
Finland,FIN,1948,11.26,11.26
Finland,FIN,1949,10.77,10.77
Finland,FIN,1950,10.71,10.71
Finland,FIN,1951,10.78,10.78
Finland,FIN,1952,10.62,10.62
Finland,FIN,1953,10.81,10.81
Finland,FIN,1954,10.78,10.78
Finland,FIN,1955,10.54,10.54
Finland,FIN,1956,10.72,10.72
Finland,FIN,1957,10.52,10.52
Finland,FIN,1958,10.46,10.46
Finland,FIN,1959,10.64,10.64
Finland,FIN,1960,10.12,10.12
Finland,FIN,1961,10.2,10.2
Finland,FIN,1962,9.76,9.76
Finland,FIN,1963,9.98,9.98
Finland,FIN,1964,9.49,9.49
Finland,FIN,1965,9.26,9.26
Finland,FIN,1966,9.22,9.22
Finland,FIN,1967,9.04,9.04
Finland,FIN,1968,8.73,8.73
Finland,FIN,1969,7.84,7.84
Finland,FIN,1970,7.76,7.76
Finland,FIN,1971,7.71,7.71
Finland,FIN,1972,7.77,7.77
Finland,FIN,1973,7.23,7.23
Finland,FIN,1974,7.14,7.14
Finland,FIN,1975,7.09,7.09
Finland,FIN,1976,6.76,6.76
Finland,FIN,1977,6.64,6.64
Finland,FIN,1978,6.52,6.52
Finland,FIN,1979,6.36,6.36
Finland,FIN,1980,6.41,6.41
Finland,FIN,1981,5.43,5.43
Finland,FIN,1982,5.21,5.21
Finland,FIN,1983,5.31,5.31
Finland,FIN,1984,5.99,5.99
Finland,FIN,1985,5.6,5.6
Finland,FIN,1986,5.32,5.32
Finland,FIN,1987,6.56,6.56
Finland,FIN,1988,6.72,6.72
Finland,FIN,1989,5.74,5.74
Finland,FIN,1990,4.49,4.49
Finland,FIN,1991,3.68,3.68
Finland,FIN,1992,3.69,3.69
Finland,FIN,1993,4.84,4.84
Finland,FIN,1994,7.17,7.17
Finland,FIN,1995,8.96,8.96
Finland,FIN,1996,9.04,9.04
Finland,FIN,1997,10.58,10.58
Finland,FIN,1998,11.61,11.61
Finland,FIN,1999,12.54,12.54
Finland,FIN,2000,13.48,13.48
Finland,FIN,2001,12.89,12.89
Finland,FIN,2002,12.53,12.53
Finland,FIN,2003,11.8,11.8
Finland,FIN,2004,12.95,12.95
Finland,FIN,2005,11.01,11.01
Finland,FIN,2006,11.81,11.81
Finland,FIN,2007,11.55,11.55
Finland,FIN,2008,11.26,11.26
Finland,FIN,2009,9.01,9.01
Finland,FIN,2010,9.62,9.62
Finland,FIN,2011,9.24,9.24
Finland,FIN,2012,8.76,8.76
Finland,FIN,2013,8.6,8.6
Finland,FIN,2014,9.01,9.01
Finland,FIN,2015,9.56,9.56
Finland,FIN,2016,9.68,9.68
Finland,FIN,2017,10.61,10.61
Finland,FIN,2018,10.47,10.47
Finland,FIN,2019,10.26,10.26
Finland,FIN,2020,10.26,10.26
Finland,FIN,2021,10.05,10.05
Finland,FIN,2022,9.97,9.97
Finland,FIN,2023,,9.43
Finland,FIN,2024,,9.43
France,FRA,1820,,19.7
France,FRA,1850,,20.8
France,FRA,1880,,21.5
France,FRA,1900,,23.69
France,FRA,1910,22.73,22.73
France,FRA,1915,19.89,19.89
France,FRA,1916,22.93,22.93
France,FRA,1917,22.66,22.66
France,FRA,1918,20.14,20.14
France,FRA,1919,21.04,21.04
France,FRA,1920,20.13,20.13
France,FRA,1921,19.19,19.19
France,FRA,1922,21,21
France,FRA,1923,23.34,23.34
France,FRA,1924,21.64,21.64
France,FRA,1925,21.02,21.02
France,FRA,1926,20.65,20.65
France,FRA,1927,21.35,21.35
France,FRA,1928,21.49,21.49
France,FRA,1929,20.12,20.12
France,FRA,1930,17.33,17.33
France,FRA,1931,16.55,16.55
France,FRA,1932,16.96,16.96
France,FRA,1933,17.75,17.75
France,FRA,1934,17.72,17.72
France,FRA,1935,18.47,18.47
France,FRA,1936,17.39,17.39
France,FRA,1937,17.55,17.55
France,FRA,1938,16.61,16.61
France,FRA,1939,16.51,16.51
France,FRA,1940,16.88,16.88
France,FRA,1941,16.12,16.12
France,FRA,1942,14.75,14.75
France,FRA,1943,11.92,11.92
France,FRA,1944,10.06,10.06
France,FRA,1945,8.54,8.54
France,FRA,1946,10.51,10.51
France,FRA,1947,10.79,10.79
France,FRA,1948,9.99,9.99
France,FRA,1949,10.35,10.35
France,FRA,1950,10.43,10.43
France,FRA,1951,10.79,10.79
France,FRA,1952,11.05,11.05
France,FRA,1953,10.94,10.94
France,FRA,1954,11.14,11.14
France,FRA,1955,11.36,11.36
France,FRA,1956,11.06,11.06
France,FRA,1957,11.33,11.33
France,FRA,1958,10.46,10.46
France,FRA,1959,11.32,11.32
France,FRA,1960,11.53,11.53
France,FRA,1961,11.65,11.65
France,FRA,1962,11.05,11.05
France,FRA,1963,10.82,10.82
France,FRA,1964,10.94,10.94
France,FRA,1965,11.03,11.03
France,FRA,1966,10.82,10.82
France,FRA,1967,10.81,10.81
France,FRA,1968,10.26,10.26
France,FRA,1969,10,10
France,FRA,1970,9.76,9.76
France,FRA,1971,9.78,9.78
France,FRA,1972,9.6,9.6
France,FRA,1973,10.2,10.2
France,FRA,1974,9.84,9.84
France,FRA,1975,9.2,9.2
France,FRA,1976,9.22,9.22
France,FRA,1977,8.65,8.65
France,FRA,1978,8.4,8.4
France,FRA,1979,8.75,8.75
France,FRA,1980,7.54,7.54
France,FRA,1981,7.34,7.34
France,FRA,1982,7.03,7.03
France,FRA,1983,6.98,6.98
France,FRA,1984,7.01,7.01
France,FRA,1985,7.27,7.27
France,FRA,1986,7.84,7.84
France,FRA,1987,8.22,8.22
France,FRA,1988,8.44,8.44
France,FRA,1989,8.91,8.91
France,FRA,1990,8.97,8.97
France,FRA,1991,9.03,9.03
France,FRA,1992,8.72,8.72
France,FRA,1993,8.66,8.66
France,FRA,1994,9.13,9.13
France,FRA,1995,9.29,9.29
France,FRA,1996,10.22,10.22
France,FRA,1997,10.67,10.67
France,FRA,1998,11.18,11.18
France,FRA,1999,11.05,11.05
France,FRA,2000,11.33,11.33
France,FRA,2001,11.5,11.5
France,FRA,2002,11.08,11.08
France,FRA,2003,11.2,11.2
France,FRA,2004,11.71,11.71
France,FRA,2005,11.52,11.52
France,FRA,2006,11.17,11.17
France,FRA,2007,11.85,11.85
France,FRA,2008,12.09,12.09
France,FRA,2009,10.36,10.36
France,FRA,2010,11.02,11.02
France,FRA,2011,11.24,11.24
France,FRA,2012,10.24,10.24
France,FRA,2013,9.55,9.55
France,FRA,2014,9.79,9.79
France,FRA,2015,10.34,10.34
France,FRA,2016,10.39,10.39
France,FRA,2017,10.79,10.79
France,FRA,2018,11.75,11.75
France,FRA,2019,11.39,11.39
France,FRA,2020,11.15,11.15
France,FRA,2021,12.72,12.72
France,FRA,2022,12.1,12.1
France,FRA,2023,,11.82
France,FRA,2024,,11.82
French Polynesia,PYF,1980,,8.85
French Polynesia,PYF,1981,,9
French Polynesia,PYF,1982,,9.14
French Polynesia,PYF,1983,,9.29
French Polynesia,PYF,1984,,9.44
French Polynesia,PYF,1985,,9.6
French Polynesia,PYF,1986,,9.76
French Polynesia,PYF,1987,,9.92
French Polynesia,PYF,1988,,10.08
French Polynesia,PYF,1989,,10.25
French Polynesia,PYF,1990,,10.42
French Polynesia,PYF,1991,,10.7
French Polynesia,PYF,1992,,10.96
French Polynesia,PYF,1993,,11.22
French Polynesia,PYF,1994,,11.47
French Polynesia,PYF,1995,,11.72
French Polynesia,PYF,1996,,11.95
French Polynesia,PYF,1997,,12.18
French Polynesia,PYF,1998,,12.4
French Polynesia,PYF,1999,,12.61
French Polynesia,PYF,2000,,12.82
French Polynesia,PYF,2001,,13.2
French Polynesia,PYF,2002,,13.58
French Polynesia,PYF,2003,,13.94
French Polynesia,PYF,2004,,14.29
French Polynesia,PYF,2005,,14.64
French Polynesia,PYF,2006,,14.98
French Polynesia,PYF,2007,,15.31
French Polynesia,PYF,2008,,15.64
French Polynesia,PYF,2009,,15.95
French Polynesia,PYF,2010,,16.26
French Polynesia,PYF,2011,,16.24
French Polynesia,PYF,2012,,16.22
French Polynesia,PYF,2013,,16.2
French Polynesia,PYF,2014,,16.18
French Polynesia,PYF,2015,,16.17
French Polynesia,PYF,2016,,16.15
French Polynesia,PYF,2017,,16.13
French Polynesia,PYF,2018,,16.12
French Polynesia,PYF,2019,,16.1
French Polynesia,PYF,2020,,16.09
French Polynesia,PYF,2021,,16.09
French Polynesia,PYF,2022,,16.09
French Polynesia,PYF,2023,,16.09
French Polynesia,PYF,2024,,16.09
Gabon,GAB,1980,,17.14
Gabon,GAB,1981,,17.14
Gabon,GAB,1982,,17.14
Gabon,GAB,1983,,17.14
Gabon,GAB,1984,,17.14
Gabon,GAB,1985,,17.14
Gabon,GAB,1986,,17.14
Gabon,GAB,1987,,17.14
Gabon,GAB,1988,,17.14
Gabon,GAB,1989,,17.14
Gabon,GAB,1990,,17.14
Gabon,GAB,1991,,17.14
Gabon,GAB,1992,,17.14
Gabon,GAB,1993,,17.14
Gabon,GAB,1994,,17.14
Gabon,GAB,1995,,17.14
Gabon,GAB,1996,,17.14
Gabon,GAB,1997,,17.14
Gabon,GAB,1998,,17.14
Gabon,GAB,1999,,17.14
Gabon,GAB,2000,,17.14
Gabon,GAB,2001,,17.14
Gabon,GAB,2002,,17.14
Gabon,GAB,2003,,17.14
Gabon,GAB,2004,,17.14
Gabon,GAB,2005,17.14,17.14
Gabon,GAB,2006,,16.63
Gabon,GAB,2007,,16.12
Gabon,GAB,2008,,15.61
Gabon,GAB,2009,,15.1
Gabon,GAB,2010,,14.59
Gabon,GAB,2011,,14.08
Gabon,GAB,2012,,13.57
Gabon,GAB,2013,,13.06
Gabon,GAB,2014,,12.55
Gabon,GAB,2015,,12.04
Gabon,GAB,2016,,11.53
Gabon,GAB,2017,11.02,11.02
Gabon,GAB,2018,,11.02
Gabon,GAB,2019,,11.02
Gabon,GAB,2020,,11.02
Gabon,GAB,2021,,11.02
Gabon,GAB,2022,,11.02
Gabon,GAB,2023,,11.02
Gabon,GAB,2024,,11.02
Gambia,GMB,1980,,18.57
Gambia,GMB,1981,,18.57
Gambia,GMB,1982,,18.57
Gambia,GMB,1983,,18.57
Gambia,GMB,1984,,18.57
Gambia,GMB,1985,,18.57
Gambia,GMB,1986,,18.57
Gambia,GMB,1987,,18.57
Gambia,GMB,1988,,18.57
Gambia,GMB,1989,,18.57
Gambia,GMB,1990,,18.57
Gambia,GMB,1991,,18.57
Gambia,GMB,1992,,18.57
Gambia,GMB,1993,,18.57
Gambia,GMB,1994,,18.57
Gambia,GMB,1995,,18.57
Gambia,GMB,1996,,18.57
Gambia,GMB,1997,,18.57
Gambia,GMB,1998,18.57,18.57
Gambia,GMB,1999,,18.98
Gambia,GMB,2000,,19.39
Gambia,GMB,2001,,19.8
Gambia,GMB,2002,,20.21
Gambia,GMB,2003,20.62,20.62
Gambia,GMB,2004,,20.72
Gambia,GMB,2005,,20.83
Gambia,GMB,2006,,20.94
Gambia,GMB,2007,,21.05
Gambia,GMB,2008,,21.15
Gambia,GMB,2009,,21.26
Gambia,GMB,2010,21.37,21.37
Gambia,GMB,2011,,19.82
Gambia,GMB,2012,,18.27
Gambia,GMB,2013,,16.72
Gambia,GMB,2014,,15.17
Gambia,GMB,2015,13.61,13.61
Gambia,GMB,2016,,14.09
Gambia,GMB,2017,,14.57
Gambia,GMB,2018,,15.06
Gambia,GMB,2019,,15.54
Gambia,GMB,2020,16.02,16.02
Gambia,GMB,2021,,16.02
Gambia,GMB,2022,,16.02
Gambia,GMB,2023,,16.02
Gambia,GMB,2024,,16.02
Georgia,GEO,1980,,4.06
Georgia,GEO,1981,,4.22
Georgia,GEO,1982,,4.38
Georgia,GEO,1983,,4.54
Georgia,GEO,1984,,4.69
Georgia,GEO,1985,,4.84
Georgia,GEO,1986,,5
Georgia,GEO,1987,,5.15
Georgia,GEO,1988,,5.3
Georgia,GEO,1989,,5.59
Georgia,GEO,1990,,7.45
Georgia,GEO,1991,,9.31
Georgia,GEO,1992,,11.15
Georgia,GEO,1993,,13
Georgia,GEO,1994,,14.84
Georgia,GEO,1995,,16.68
Georgia,GEO,1996,,18.53
Georgia,GEO,1997,18.68,18.68
Georgia,GEO,1998,25.58,25.58
Georgia,GEO,1999,19.65,19.65
Georgia,GEO,2000,19.94,19.94
Georgia,GEO,2001,20.49,20.49
Georgia,GEO,2002,18.03,18.03
Georgia,GEO,2003,17.4,17.4
Georgia,GEO,2004,17.18,17.18
Georgia,GEO,2005,18.8,18.8
Georgia,GEO,2006,18.2,18.2
Georgia,GEO,2007,20.46,20.46
Georgia,GEO,2008,19.4,19.4
Georgia,GEO,2009,18.07,18.07
Georgia,GEO,2010,18.16,18.16
Georgia,GEO,2011,23.45,23.45
Georgia,GEO,2012,19.65,19.65
Georgia,GEO,2013,19.92,19.92
Georgia,GEO,2014,21.73,21.73
Georgia,GEO,2015,20.6,20.6
Georgia,GEO,2016,23.75,23.75
Georgia,GEO,2017,24.73,24.73
Georgia,GEO,2018,22.04,22.04
Georgia,GEO,2019,,21.11
Georgia,GEO,2020,,21.11
Georgia,GEO,2021,,21.11
Georgia,GEO,2022,21.11,21.11
Georgia,GEO,2023,21.11,21.11
Georgia,GEO,2024,21.11,21.11
Germany,DEU,1820,,17.69
Germany,DEU,1850,,18.08
Germany,DEU,1871,,17.62
Germany,DEU,1872,,17.6
Germany,DEU,1873,,17.58
Germany,DEU,1874,,17.55
Germany,DEU,1875,,17.49
Germany,DEU,1876,,17.37
Germany,DEU,1877,,17.34
Germany,DEU,1878,,17.39
Germany,DEU,1879,,17.4
Germany,DEU,1880,,17.45
Germany,DEU,1881,,17.72
Germany,DEU,1882,,17.97
Germany,DEU,1883,,18.34
Germany,DEU,1884,,18.57
Germany,DEU,1885,,18.72
Germany,DEU,1886,,18.98
Germany,DEU,1887,,19.21
Germany,DEU,1888,,19.56
Germany,DEU,1889,,19.9
Germany,DEU,1890,,20.15
Germany,DEU,1891,,20.28
Germany,DEU,1892,,20.41
Germany,DEU,1893,,20.24
Germany,DEU,1894,,20.56
Germany,DEU,1895,,21.04
Germany,DEU,1896,,21.01
Germany,DEU,1897,,21.42
Germany,DEU,1898,,21.89
Germany,DEU,1899,,22.22
Germany,DEU,1900,,22.44
Germany,DEU,1901,,22.24
Germany,DEU,1902,,22.2
Germany,DEU,1903,,21.78
Germany,DEU,1904,,21.83
Germany,DEU,1905,,22.01
Germany,DEU,1906,,22.03
Germany,DEU,1907,,21.88
Germany,DEU,1908,,21.52
Germany,DEU,1909,,21.32
Germany,DEU,1910,,21.4
Germany,DEU,1911,,21.33
Germany,DEU,1912,,21.47
Germany,DEU,1913,,21.88
Germany,DEU,1914,,21.93
Germany,DEU,1915,,21.8
Germany,DEU,1916,,22.65
Germany,DEU,1917,,22.42
Germany,DEU,1918,,22.06
Germany,DEU,1919,,22.49
Germany,DEU,1920,,21.85
Germany,DEU,1925,,16.98
Germany,DEU,1926,,15.29
Germany,DEU,1927,,14.69
Germany,DEU,1928,,14.05
Germany,DEU,1929,,12.9
Germany,DEU,1930,,12.49
Germany,DEU,1932,,13.11
Germany,DEU,1933,,12.82
Germany,DEU,1934,,13.3
Germany,DEU,1935,,13.95
Germany,DEU,1936,,14.67
Germany,DEU,1937,,15.27
Germany,DEU,1938,,15.4
Germany,DEU,1940,,15.74
Germany,DEU,1949,,10.67
Germany,DEU,1950,,10.78
Germany,DEU,1954,,10.55
Germany,DEU,1957,,10.9
Germany,DEU,1960,,11.43
Germany,DEU,1961,,11.6
Germany,DEU,1965,,11.09
Germany,DEU,1968,,10.52
Germany,DEU,1970,,10.22
Germany,DEU,1971,,10.37
Germany,DEU,1974,,9.79
Germany,DEU,1977,,9.6
Germany,DEU,1980,,9.84
Germany,DEU,1981,9.42,9.42
Germany,DEU,1982,9.22,9.22
Germany,DEU,1983,9.4,9.4
Germany,DEU,1984,9.41,9.41
Germany,DEU,1985,9.55,9.55
Germany,DEU,1986,9.97,9.97
Germany,DEU,1987,10.4,10.4
Germany,DEU,1988,11.29,11.29
Germany,DEU,1989,11.8,11.8
Germany,DEU,1990,11.45,11.45
Germany,DEU,1991,10.3,10.3
Germany,DEU,1992,9.6,9.6
Germany,DEU,1993,9.21,9.21
Germany,DEU,1994,8.92,8.92
Germany,DEU,1995,8.78,8.78
Germany,DEU,1996,9.54,9.54
Germany,DEU,1997,10.27,10.27
Germany,DEU,1998,10.97,10.97
Germany,DEU,1999,10.64,10.64
Germany,DEU,2000,10.49,10.49
Germany,DEU,2001,10.28,10.28
Germany,DEU,2002,10.1,10.1
Germany,DEU,2003,9.45,9.45
Germany,DEU,2004,10.58,10.58
Germany,DEU,2005,12.09,12.09
Germany,DEU,2006,12.69,12.69
Germany,DEU,2007,13.61,13.61
Germany,DEU,2008,13.45,13.45
Germany,DEU,2009,12.98,12.98
Germany,DEU,2010,12.87,12.87
Germany,DEU,2011,12.8,12.8
Germany,DEU,2012,12.58,12.58
Germany,DEU,2013,13.1,13.1
Germany,DEU,2014,13.26,13.26
Germany,DEU,2015,13.26,13.26
Germany,DEU,2016,13.25,13.25
Germany,DEU,2017,13.19,13.19
Germany,DEU,2018,13,13
Germany,DEU,2019,13.05,13.05
Germany,DEU,2020,13.05,13.05
Germany,DEU,2021,13.09,13.09
Germany,DEU,2022,13.28,13.28
Germany,DEU,2023,,13.31
Germany,DEU,2024,,13.31
Ghana,GHA,1943,21.44,21.44
Ghana,GHA,1951,20.31,20.31
Ghana,GHA,1952,20.44,20.44
Ghana,GHA,1953,21.48,21.48
Ghana,GHA,1954,21.34,21.34
Ghana,GHA,1955,21.21,21.21
Ghana,GHA,1956,22.36,22.36
Ghana,GHA,1957,22.18,22.18
Ghana,GHA,1958,21.95,21.95
Ghana,GHA,1959,21.37,21.37
Ghana,GHA,1980,,11.44
Ghana,GHA,1981,,11.44
Ghana,GHA,1982,,11.44
Ghana,GHA,1983,,11.44
Ghana,GHA,1984,,11.44
Ghana,GHA,1985,,11.44
Ghana,GHA,1986,,11.44
Ghana,GHA,1987,,11.44
Ghana,GHA,1988,12.49,12.49
Ghana,GHA,1989,,12.93
Ghana,GHA,1990,,13.36
Ghana,GHA,1991,13.8,13.8
Ghana,GHA,1992,,13.57
Ghana,GHA,1993,,13.34
Ghana,GHA,1994,,13.11
Ghana,GHA,1995,,12.87
Ghana,GHA,1996,,12.64
Ghana,GHA,1997,,12.41
Ghana,GHA,1998,12.18,12.18
Ghana,GHA,1999,,12.71
Ghana,GHA,2000,,13.23
Ghana,GHA,2001,,13.75
Ghana,GHA,2002,,14.27
Ghana,GHA,2003,,14.79
Ghana,GHA,2004,,15.31
Ghana,GHA,2005,15.83,15.83
Ghana,GHA,2006,,15.63
Ghana,GHA,2007,,15.42
Ghana,GHA,2008,,15.22
Ghana,GHA,2009,,15.01
Ghana,GHA,2010,,14.8
Ghana,GHA,2011,,14.6
Ghana,GHA,2012,14.39,14.39
Ghana,GHA,2013,,14.6
Ghana,GHA,2014,,14.81
Ghana,GHA,2015,,15.02
Ghana,GHA,2016,15.23,15.23
Ghana,GHA,2017,,15.23
Ghana,GHA,2018,,15.23
Ghana,GHA,2019,,15.23
Ghana,GHA,2020,,15.23
Ghana,GHA,2021,,15.23
Ghana,GHA,2022,,15.23
Ghana,GHA,2023,,15.23
Ghana,GHA,2024,,15.23
Gibraltar,GIB,1980,,9.09
Gibraltar,GIB,1981,,9.07
Gibraltar,GIB,1982,,9.04
Gibraltar,GIB,1983,,9.15
Gibraltar,GIB,1984,,9.35
Gibraltar,GIB,1985,,9.37
Gibraltar,GIB,1986,,9.35
Gibraltar,GIB,1987,,9.28
Gibraltar,GIB,1988,,9.33
Gibraltar,GIB,1989,,9.44
Gibraltar,GIB,1990,,9.23
Gibraltar,GIB,1991,,9.15
Gibraltar,GIB,1992,,9.51
Gibraltar,GIB,1993,,9.62
Gibraltar,GIB,1994,,10.07
Gibraltar,GIB,1995,,9.75
Gibraltar,GIB,1996,,10.09
Gibraltar,GIB,1997,,10.68
Gibraltar,GIB,1998,,10.81
Gibraltar,GIB,1999,,10.88
Gibraltar,GIB,2000,,11.29
Gibraltar,GIB,2001,,10.86
Gibraltar,GIB,2002,,10.5
Gibraltar,GIB,2003,,10.74
Gibraltar,GIB,2004,,11.14
Gibraltar,GIB,2005,,11.33
Gibraltar,GIB,2006,,12
Gibraltar,GIB,2007,,11.98
Gibraltar,GIB,2008,,10.78
Gibraltar,GIB,2009,,9.88
Gibraltar,GIB,2010,,10.93
Gibraltar,GIB,2011,,10.87
Gibraltar,GIB,2012,,10.25
Gibraltar,GIB,2013,,10.4
Gibraltar,GIB,2014,,10.86
Gibraltar,GIB,2015,,10.66
Gibraltar,GIB,2016,,10.78
Gibraltar,GIB,2017,,10.79
Gibraltar,GIB,2018,,10.84
Gibraltar,GIB,2019,,10.5
Gibraltar,GIB,2020,,10.59
Gibraltar,GIB,2021,,11.41
Gibraltar,GIB,2022,,11.51
Gibraltar,GIB,2023,,11.51
Gibraltar,GIB,2024,,11.51
Greece,GRC,1967,10.44,10.44
Greece,GRC,1968,10.22,10.22
Greece,GRC,1969,10.61,10.61
Greece,GRC,1970,10.46,10.46
Greece,GRC,1971,10.26,10.26
Greece,GRC,1972,10,10
Greece,GRC,1973,10.41,10.41
Greece,GRC,1974,10.23,10.23
Greece,GRC,1975,10.03,10.03
Greece,GRC,1976,9.94,9.94
Greece,GRC,1977,10.09,10.09
Greece,GRC,1978,10.03,10.03
Greece,GRC,1979,10,10
Greece,GRC,1980,9.91,9.91
Greece,GRC,1981,10.08,10.08
Greece,GRC,1982,9.56,9.56
Greece,GRC,1983,8.93,8.93
Greece,GRC,1984,8.92,8.92
Greece,GRC,1985,9.25,9.25
Greece,GRC,1986,9.25,9.25
Greece,GRC,1987,9.18,9.18
Greece,GRC,1988,9.08,9.08
Greece,GRC,1989,9.03,9.03
Greece,GRC,1990,9.14,9.14
Greece,GRC,1991,9.32,9.32
Greece,GRC,1992,9.15,9.15
Greece,GRC,1993,9.41,9.41
Greece,GRC,1994,9.63,9.63
Greece,GRC,1995,9.7,9.7
Greece,GRC,1996,10.02,10.02
Greece,GRC,1997,11.46,11.46
Greece,GRC,1998,12.18,12.18
Greece,GRC,1999,12.87,12.87
Greece,GRC,2000,12.55,12.55
Greece,GRC,2001,12.31,12.31
Greece,GRC,2002,10.89,10.89
Greece,GRC,2003,10.76,10.76
Greece,GRC,2004,11.46,11.46
Greece,GRC,2005,11.43,11.43
Greece,GRC,2006,11.37,11.37
Greece,GRC,2007,10.67,10.67
Greece,GRC,2008,8.92,8.92
Greece,GRC,2009,8.46,8.46
Greece,GRC,2010,8.81,8.81
Greece,GRC,2011,7.28,7.28
Greece,GRC,2012,7.85,7.85
Greece,GRC,2013,9.96,9.96
Greece,GRC,2014,12.5,12.5
Greece,GRC,2015,12.29,12.29
Greece,GRC,2016,11.25,11.25
Greece,GRC,2017,11,11
Greece,GRC,2018,11.1,11.1
Greece,GRC,2019,10.84,10.84
Greece,GRC,2020,10.84,10.84
Greece,GRC,2021,11.29,11.29
Greece,GRC,2022,11.84,11.84
Greece,GRC,2023,,11.34
Greece,GRC,2024,,11.34
Greenland,GRL,1980,,8.85
Greenland,GRL,1981,,9
Greenland,GRL,1982,,9.14
Greenland,GRL,1983,,9.29
Greenland,GRL,1984,,9.44
Greenland,GRL,1985,,9.6
Greenland,GRL,1986,,9.76
Greenland,GRL,1987,,9.92
Greenland,GRL,1988,,10.08
Greenland,GRL,1989,,10.25
Greenland,GRL,1990,,10.42
Greenland,GRL,1991,,10.7
Greenland,GRL,1992,,10.96
Greenland,GRL,1993,,11.22
Greenland,GRL,1994,,11.47
Greenland,GRL,1995,,11.72
Greenland,GRL,1996,,11.95
Greenland,GRL,1997,,12.18
Greenland,GRL,1998,,12.4
Greenland,GRL,1999,,12.61
Greenland,GRL,2000,,12.82
Greenland,GRL,2001,,13.2
Greenland,GRL,2002,,13.58
Greenland,GRL,2003,,13.94
Greenland,GRL,2004,,14.29
Greenland,GRL,2005,,14.64
Greenland,GRL,2006,,14.98
Greenland,GRL,2007,,15.31
Greenland,GRL,2008,,15.64
Greenland,GRL,2009,,15.95
Greenland,GRL,2010,,16.26
Greenland,GRL,2011,,16.24
Greenland,GRL,2012,,16.22
Greenland,GRL,2013,,16.2
Greenland,GRL,2014,,16.18
Greenland,GRL,2015,,16.17
Greenland,GRL,2016,,16.15
Greenland,GRL,2017,,16.13
Greenland,GRL,2018,,16.12
Greenland,GRL,2019,,16.1
Greenland,GRL,2020,,16.09
Greenland,GRL,2021,,16.09
Greenland,GRL,2022,,16.09
Greenland,GRL,2023,,16.09
Greenland,GRL,2024,,16.09
Grenada,GRD,1980,,23.75
Grenada,GRD,1981,,23.64
Grenada,GRD,1982,,23.53
Grenada,GRD,1983,,23.42
Grenada,GRD,1984,,23.31
Grenada,GRD,1985,,23.19
Grenada,GRD,1986,,23.07
Grenada,GRD,1987,,22.95
Grenada,GRD,1988,,22.83
Grenada,GRD,1989,,22.7
Grenada,GRD,1990,,22.58
Grenada,GRD,1991,,22.57
Grenada,GRD,1992,,22.55
Grenada,GRD,1993,,22.54
Grenada,GRD,1994,,22.53
Grenada,GRD,1995,,22.52
Grenada,GRD,1996,,22.51
Grenada,GRD,1997,,22.5
Grenada,GRD,1998,,22.49
Grenada,GRD,1999,,22.48
Grenada,GRD,2000,,22.47
Grenada,GRD,2001,,22.31
Grenada,GRD,2002,,22.16
Grenada,GRD,2003,,22.02
Grenada,GRD,2004,,21.89
Grenada,GRD,2005,,21.76
Grenada,GRD,2006,,21.64
Grenada,GRD,2007,,21.53
Grenada,GRD,2008,,21.42
Grenada,GRD,2009,,21.31
Grenada,GRD,2010,,21.21
Grenada,GRD,2011,,21.2
Grenada,GRD,2012,,21.2
Grenada,GRD,2013,,21.2
Grenada,GRD,2014,,21.2
Grenada,GRD,2015,,21.19
Grenada,GRD,2016,,21.19
Grenada,GRD,2017,,21.19
Grenada,GRD,2018,,21.18
Grenada,GRD,2019,,21.18
Grenada,GRD,2020,,21.18
Grenada,GRD,2021,,21.18
Grenada,GRD,2022,,21.18
Grenada,GRD,2023,,21.18
Grenada,GRD,2024,,21.18
Guatemala,GTM,1980,,22.27
Guatemala,GTM,1981,,22.27
Guatemala,GTM,1982,,22.27
Guatemala,GTM,1983,,22.27
Guatemala,GTM,1984,,22.27
Guatemala,GTM,1985,,22.27
Guatemala,GTM,1986,,22.27
Guatemala,GTM,1987,,22.27
Guatemala,GTM,1988,,22.27
Guatemala,GTM,1989,,22.27
Guatemala,GTM,1990,,22.27
Guatemala,GTM,1991,,22.27
Guatemala,GTM,1992,,22.27
Guatemala,GTM,1993,,22.27
Guatemala,GTM,1994,,22.27
Guatemala,GTM,1995,,22.27
Guatemala,GTM,1996,,22.27
Guatemala,GTM,1997,,22.27
Guatemala,GTM,1998,,22.27
Guatemala,GTM,1999,,22.27
Guatemala,GTM,2000,,22.27
Guatemala,GTM,2001,,22.79
Guatemala,GTM,2002,,22.45
Guatemala,GTM,2003,,23.3
Guatemala,GTM,2004,,24.14
Guatemala,GTM,2005,,22.75
Guatemala,GTM,2006,,23.23
Guatemala,GTM,2007,,24.73
Guatemala,GTM,2008,,23.95
Guatemala,GTM,2009,,22.85
Guatemala,GTM,2010,,23.78
Guatemala,GTM,2011,,23.91
Guatemala,GTM,2012,,23.62
Guatemala,GTM,2013,,24.9
Guatemala,GTM,2014,,25.49
Guatemala,GTM,2015,,23.3
Guatemala,GTM,2016,,23.45
Guatemala,GTM,2017,,22.48
Guatemala,GTM,2018,,22.84
Guatemala,GTM,2019,,22.66
Guatemala,GTM,2020,,23.62
Guatemala,GTM,2021,,22.79
Guatemala,GTM,2022,,21.99
Guatemala,GTM,2023,,21.97
Guatemala,GTM,2024,,21.97
Guernsey,GGY,1980,,9.09
Guernsey,GGY,1981,,9.07
Guernsey,GGY,1982,,9.04
Guernsey,GGY,1983,,9.15
Guernsey,GGY,1984,,9.35
Guernsey,GGY,1985,,9.37
Guernsey,GGY,1986,,9.35
Guernsey,GGY,1987,,9.28
Guernsey,GGY,1988,,9.33
Guernsey,GGY,1989,,9.44
Guernsey,GGY,1990,,9.23
Guernsey,GGY,1991,,9.15
Guernsey,GGY,1992,,9.51
Guernsey,GGY,1993,,9.62
Guernsey,GGY,1994,,10.07
Guernsey,GGY,1995,,9.75
Guernsey,GGY,1996,,10.09
Guernsey,GGY,1997,,10.68
Guernsey,GGY,1998,,10.81
Guernsey,GGY,1999,,10.88
Guernsey,GGY,2000,,11.29
Guernsey,GGY,2001,,10.86
Guernsey,GGY,2002,,10.5
Guernsey,GGY,2003,,10.74
Guernsey,GGY,2004,,11.14
Guernsey,GGY,2005,,11.33
Guernsey,GGY,2006,,12
Guernsey,GGY,2007,,11.98
Guernsey,GGY,2008,,10.78
Guernsey,GGY,2009,,9.88
Guernsey,GGY,2010,,10.93
Guernsey,GGY,2011,,10.87
Guernsey,GGY,2012,,10.25
Guernsey,GGY,2013,,10.4
Guernsey,GGY,2014,,10.86
Guernsey,GGY,2015,,10.66
Guernsey,GGY,2016,,10.78
Guernsey,GGY,2017,,10.79
Guernsey,GGY,2018,,10.84
Guernsey,GGY,2019,,10.5
Guernsey,GGY,2020,,10.59
Guernsey,GGY,2021,,11.41
Guernsey,GGY,2022,,11.51
Guernsey,GGY,2023,,11.51
Guernsey,GGY,2024,,11.51
Guinea,GIN,1980,,9.73
Guinea,GIN,1981,,9.73
Guinea,GIN,1982,,9.73
Guinea,GIN,1983,,9.73
Guinea,GIN,1984,,9.73
Guinea,GIN,1985,,9.73
Guinea,GIN,1986,,9.73
Guinea,GIN,1987,,9.73
Guinea,GIN,1988,,9.73
Guinea,GIN,1989,,9.73
Guinea,GIN,1990,,9.73
Guinea,GIN,1991,9.73,9.73
Guinea,GIN,1992,,12.73
Guinea,GIN,1993,,15.73
Guinea,GIN,1994,18.74,18.74
Guinea,GIN,1995,,18.72
Guinea,GIN,1996,,18.7
Guinea,GIN,1997,,18.68
Guinea,GIN,1998,,18.66
Guinea,GIN,1999,,18.64
Guinea,GIN,2000,,18.61
Guinea,GIN,2001,,18.59
Guinea,GIN,2002,18.57,18.57
Guinea,GIN,2003,,17.49
Guinea,GIN,2004,,16.41
Guinea,GIN,2005,,15.33
Guinea,GIN,2006,,14.25
Guinea,GIN,2007,13.17,13.17
Guinea,GIN,2008,,13.04
Guinea,GIN,2009,,12.91
Guinea,GIN,2010,,12.79
Guinea,GIN,2011,,12.66
Guinea,GIN,2012,12.54,12.54
Guinea,GIN,2013,,11.9
Guinea,GIN,2014,,11.26
Guinea,GIN,2015,,10.63
Guinea,GIN,2016,,9.99
Guinea,GIN,2017,,9.35
Guinea,GIN,2018,8.71,8.71
Guinea,GIN,2019,,8.71
Guinea,GIN,2020,,8.71
Guinea,GIN,2021,,8.71
Guinea,GIN,2022,,8.71
Guinea,GIN,2023,,8.71
Guinea,GIN,2024,,8.71
Guinea-Bissau,GNB,1980,,23.28
Guinea-Bissau,GNB,1981,,23.28
Guinea-Bissau,GNB,1982,,23.28
Guinea-Bissau,GNB,1983,,23.28
Guinea-Bissau,GNB,1984,,23.28
Guinea-Bissau,GNB,1985,,23.28
Guinea-Bissau,GNB,1986,,23.28
Guinea-Bissau,GNB,1987,,23.28
Guinea-Bissau,GNB,1988,,23.28
Guinea-Bissau,GNB,1989,,23.28
Guinea-Bissau,GNB,1990,,23.28
Guinea-Bissau,GNB,1991,23.28,23.28
Guinea-Bissau,GNB,1992,,21.48
Guinea-Bissau,GNB,1993,19.65,19.65
Guinea-Bissau,GNB,1994,,19.05
Guinea-Bissau,GNB,1995,,18.45
Guinea-Bissau,GNB,1996,,17.84
Guinea-Bissau,GNB,1997,,17.24
Guinea-Bissau,GNB,1998,,16.63
Guinea-Bissau,GNB,1999,,16.03
Guinea-Bissau,GNB,2000,,15.42
Guinea-Bissau,GNB,2001,,14.81
Guinea-Bissau,GNB,2002,14.2,14.2
Guinea-Bissau,GNB,2003,,14.57
Guinea-Bissau,GNB,2004,,14.93
Guinea-Bissau,GNB,2005,,15.29
Guinea-Bissau,GNB,2006,,15.66
Guinea-Bissau,GNB,2007,,16.02
Guinea-Bissau,GNB,2008,,16.38
Guinea-Bissau,GNB,2009,,16.74
Guinea-Bissau,GNB,2010,17.1,17.1
Guinea-Bissau,GNB,2011,,16.56
Guinea-Bissau,GNB,2012,,16.02
Guinea-Bissau,GNB,2013,,15.47
Guinea-Bissau,GNB,2014,,14.93
Guinea-Bissau,GNB,2015,,14.38
Guinea-Bissau,GNB,2016,,13.84
Guinea-Bissau,GNB,2017,,13.29
Guinea-Bissau,GNB,2018,12.74,12.74
Guinea-Bissau,GNB,2019,,12.17
Guinea-Bissau,GNB,2020,,11.6
Guinea-Bissau,GNB,2021,11.03,11.03
Guinea-Bissau,GNB,2022,,11.03
Guinea-Bissau,GNB,2023,,11.03
Guinea-Bissau,GNB,2024,,11.03
Guyana,GUY,1980,,22.27
Guyana,GUY,1981,,22.27
Guyana,GUY,1982,,22.27
Guyana,GUY,1983,,22.27
Guyana,GUY,1984,,22.27
Guyana,GUY,1985,,22.27
Guyana,GUY,1986,,22.27
Guyana,GUY,1987,,22.27
Guyana,GUY,1988,,22.27
Guyana,GUY,1989,,22.27
Guyana,GUY,1990,,22.27
Guyana,GUY,1991,,22.27
Guyana,GUY,1992,,22.27
Guyana,GUY,1993,,22.27
Guyana,GUY,1994,,22.27
Guyana,GUY,1995,,22.27
Guyana,GUY,1996,,22.27
Guyana,GUY,1997,,22.27
Guyana,GUY,1998,,22.27
Guyana,GUY,1999,,22.27
Guyana,GUY,2000,,22.27
Guyana,GUY,2001,,22.79
Guyana,GUY,2002,,22.45
Guyana,GUY,2003,,23.3
Guyana,GUY,2004,,24.14
Guyana,GUY,2005,,22.75
Guyana,GUY,2006,,23.23
Guyana,GUY,2007,,24.73
Guyana,GUY,2008,,23.95
Guyana,GUY,2009,,22.85
Guyana,GUY,2010,,23.78
Guyana,GUY,2011,,23.91
Guyana,GUY,2012,,23.62
Guyana,GUY,2013,,24.9
Guyana,GUY,2014,,25.49
Guyana,GUY,2015,,23.3
Guyana,GUY,2016,,23.45
Guyana,GUY,2017,,22.48
Guyana,GUY,2018,,22.84
Guyana,GUY,2019,,22.66
Guyana,GUY,2020,,23.62
Guyana,GUY,2021,,22.79
Guyana,GUY,2022,,21.99
Guyana,GUY,2023,,21.97
Guyana,GUY,2024,,21.97
Haiti,HTI,1980,,22.27
Haiti,HTI,1981,,22.27
Haiti,HTI,1982,,22.27
Haiti,HTI,1983,,22.27
Haiti,HTI,1984,,22.27
Haiti,HTI,1985,,22.27
Haiti,HTI,1986,,22.27
Haiti,HTI,1987,,22.27
Haiti,HTI,1988,,22.27
Haiti,HTI,1989,,22.27
Haiti,HTI,1990,,22.27
Haiti,HTI,1991,,22.27
Haiti,HTI,1992,,22.27
Haiti,HTI,1993,,22.27
Haiti,HTI,1994,,22.27
Haiti,HTI,1995,,22.27
Haiti,HTI,1996,,22.27
Haiti,HTI,1997,,22.27
Haiti,HTI,1998,,22.27
Haiti,HTI,1999,,22.27
Haiti,HTI,2000,,22.27
Haiti,HTI,2001,,22.79
Haiti,HTI,2002,,22.45
Haiti,HTI,2003,,23.3
Haiti,HTI,2004,,24.14
Haiti,HTI,2005,,22.75
Haiti,HTI,2006,,23.23
Haiti,HTI,2007,,24.73
Haiti,HTI,2008,,23.95
Haiti,HTI,2009,,22.85
Haiti,HTI,2010,,23.78
Haiti,HTI,2011,,23.91
Haiti,HTI,2012,,23.62
Haiti,HTI,2013,,24.9
Haiti,HTI,2014,,25.49
Haiti,HTI,2015,,23.3
Haiti,HTI,2016,,23.45
Haiti,HTI,2017,,22.48
Haiti,HTI,2018,,22.84
Haiti,HTI,2019,,22.66
Haiti,HTI,2020,,23.62
Haiti,HTI,2021,,22.79
Haiti,HTI,2022,,21.99
Haiti,HTI,2023,,21.97
Haiti,HTI,2024,,21.97
Honduras,HND,1980,,22.27
Honduras,HND,1981,,22.27
Honduras,HND,1982,,22.27
Honduras,HND,1983,,22.27
Honduras,HND,1984,,22.27
Honduras,HND,1985,,22.27
Honduras,HND,1986,,22.27
Honduras,HND,1987,,22.27
Honduras,HND,1988,,22.27
Honduras,HND,1989,,22.27
Honduras,HND,1990,,22.27
Honduras,HND,1991,,22.27
Honduras,HND,1992,,22.27
Honduras,HND,1993,,22.27
Honduras,HND,1994,,22.27
Honduras,HND,1995,,22.27
Honduras,HND,1996,,22.27
Honduras,HND,1997,,22.27
Honduras,HND,1998,,22.27
Honduras,HND,1999,,22.27
Honduras,HND,2000,,22.27
Honduras,HND,2001,,22.79
Honduras,HND,2002,,22.45
Honduras,HND,2003,,23.3
Honduras,HND,2004,,24.14
Honduras,HND,2005,,22.75
Honduras,HND,2006,,23.23
Honduras,HND,2007,,24.73
Honduras,HND,2008,,23.95
Honduras,HND,2009,,22.85
Honduras,HND,2010,,23.78
Honduras,HND,2011,,23.91
Honduras,HND,2012,,23.62
Honduras,HND,2013,,24.9
Honduras,HND,2014,,25.49
Honduras,HND,2015,,23.3
Honduras,HND,2016,,23.45
Honduras,HND,2017,,22.48
Honduras,HND,2018,,22.84
Honduras,HND,2019,,22.66
Honduras,HND,2020,,23.62
Honduras,HND,2021,,22.79
Honduras,HND,2022,,21.99
Honduras,HND,2023,,21.97
Honduras,HND,2024,,21.97
Hong Kong,HKG,1980,,13.24
Hong Kong,HKG,1981,13.24,13.24
Hong Kong,HKG,1982,,13.79
Hong Kong,HKG,1983,,14.18
Hong Kong,HKG,1984,,14.52
Hong Kong,HKG,1985,,14.81
Hong Kong,HKG,1986,15.07,15.07
Hong Kong,HKG,1987,,15.63
Hong Kong,HKG,1988,,16.02
Hong Kong,HKG,1989,,16.29
Hong Kong,HKG,1990,,16.5
Hong Kong,HKG,1991,16.66,16.66
Hong Kong,HKG,1992,,16
Hong Kong,HKG,1993,,15.47
Hong Kong,HKG,1994,,15.04
Hong Kong,HKG,1995,,14.69
Hong Kong,HKG,1996,14.36,14.36
Hong Kong,HKG,1997,,14.78
Hong Kong,HKG,1998,,15.19
Hong Kong,HKG,1999,,15.58
Hong Kong,HKG,2000,,15.97
Hong Kong,HKG,2001,16.22,16.22
Hong Kong,HKG,2002,,17.56
Hong Kong,HKG,2003,,18.69
Hong Kong,HKG,2004,,19.76
Hong Kong,HKG,2005,,20.75
Hong Kong,HKG,2006,21.68,21.68
Hong Kong,HKG,2007,,21.34
Hong Kong,HKG,2008,,21.01
Hong Kong,HKG,2009,,20.7
Hong Kong,HKG,2010,,20.41
Hong Kong,HKG,2011,20.13,20.13
Hong Kong,HKG,2012,,19.65
Hong Kong,HKG,2013,,19.17
Hong Kong,HKG,2014,,18.71
Hong Kong,HKG,2015,,18.27
Hong Kong,HKG,2016,17.84,17.84
Hong Kong,HKG,2017,,17.84
Hong Kong,HKG,2018,,17.84
Hong Kong,HKG,2019,,17.84
Hong Kong,HKG,2020,,17.84
Hong Kong,HKG,2021,,17.84
Hong Kong,HKG,2022,17.84,17.84
Hong Kong,HKG,2023,17.84,17.84
Hong Kong,HKG,2024,17.84,17.84
Hungary,HUN,1914,17.98,17.98
Hungary,HUN,1915,17.18,17.18
Hungary,HUN,1927,11.19,11.19
Hungary,HUN,1930,10.21,10.21
Hungary,HUN,1931,10.27,10.27
Hungary,HUN,1932,10.07,10.07
Hungary,HUN,1933,10.19,10.19
Hungary,HUN,1934,10.02,10.02
Hungary,HUN,1935,9.83,9.83
Hungary,HUN,1936,9.68,9.68
Hungary,HUN,1937,9.66,9.66
Hungary,HUN,1938,9.67,9.67
Hungary,HUN,1939,9.48,9.48
Hungary,HUN,1940,9.49,9.49
Hungary,HUN,1951,8.28,8.28
Hungary,HUN,1955,7.96,7.96
Hungary,HUN,1956,7.88,7.88
Hungary,HUN,1957,7.8,7.8
Hungary,HUN,1958,7.72,7.72
Hungary,HUN,1960,7.56,7.56
Hungary,HUN,1961,7.32,7.32
Hungary,HUN,1962,7.07,7.07
Hungary,HUN,1964,6.59,6.59
Hungary,HUN,1966,6.1,6.1
Hungary,HUN,1968,5.61,5.61
Hungary,HUN,1970,5.13,5.13
Hungary,HUN,1972,4.64,4.64
Hungary,HUN,1974,4.16,4.16
Hungary,HUN,1976,3.67,3.67
Hungary,HUN,1978,3.18,3.18
Hungary,HUN,1980,2.87,2.87
Hungary,HUN,1981,,2.85
Hungary,HUN,1982,2.82,2.82
Hungary,HUN,1983,,2.8
Hungary,HUN,1984,2.79,2.79
Hungary,HUN,1985,,2.86
Hungary,HUN,1986,,2.95
Hungary,HUN,1987,3.41,3.41
Hungary,HUN,1988,3.86,3.86
Hungary,HUN,1989,,4.58
Hungary,HUN,1990,,5.37
Hungary,HUN,1991,,6.05
Hungary,HUN,1992,6.75,6.75
Hungary,HUN,1993,7.01,7.01
Hungary,HUN,1994,6.98,6.98
Hungary,HUN,1995,7.29,7.29
Hungary,HUN,1996,8.09,8.09
Hungary,HUN,1997,8.37,8.37
Hungary,HUN,1998,8.71,8.71
Hungary,HUN,1999,8.91,8.91
Hungary,HUN,2000,9.23,9.23
Hungary,HUN,2001,10.11,10.11
Hungary,HUN,2002,10.91,10.91
Hungary,HUN,2003,10.68,10.68
Hungary,HUN,2004,10.58,10.58
Hungary,HUN,2005,11.79,11.79
Hungary,HUN,2006,12.62,12.62
Hungary,HUN,2007,11.41,11.41
Hungary,HUN,2008,11.34,11.34
Hungary,HUN,2009,11.19,11.19
Hungary,HUN,2010,11.46,11.46
Hungary,HUN,2011,11,11
Hungary,HUN,2012,10.37,10.37
Hungary,HUN,2013,11.67,11.67
Hungary,HUN,2014,11.62,11.62
Hungary,HUN,2015,11.64,11.64
Hungary,HUN,2016,12.03,12.03
Hungary,HUN,2017,11.37,11.37
Hungary,HUN,2018,10.97,10.97
Hungary,HUN,2019,11.43,11.43
Hungary,HUN,2020,11.43,11.43
Hungary,HUN,2021,11.35,11.35
Hungary,HUN,2022,11.84,11.84
Hungary,HUN,2023,,11.52
Hungary,HUN,2024,,11.52
Iceland,ISL,1980,,7.68
Iceland,ISL,1981,,7.68
Iceland,ISL,1982,,7.69
Iceland,ISL,1983,,7.69
Iceland,ISL,1984,,7.69
Iceland,ISL,1985,,7.69
Iceland,ISL,1986,,7.68
Iceland,ISL,1987,,7.68
Iceland,ISL,1988,,7.68
Iceland,ISL,1989,,7.68
Iceland,ISL,1990,,7.68
Iceland,ISL,1991,7.6,7.6
Iceland,ISL,1992,7.81,7.81
Iceland,ISL,1993,7.71,7.71
Iceland,ISL,1994,7.71,7.71
Iceland,ISL,1995,7.7,7.7
Iceland,ISL,1996,7.73,7.73
Iceland,ISL,1997,7.85,7.85
Iceland,ISL,1998,7.94,7.94
Iceland,ISL,1999,8.19,8.19
Iceland,ISL,2000,8.47,8.47
Iceland,ISL,2001,10.35,10.35
Iceland,ISL,2002,11.14,11.14
Iceland,ISL,2003,11.07,11.07
Iceland,ISL,2004,9.33,9.33
Iceland,ISL,2005,10.05,10.05
Iceland,ISL,2006,10.55,10.55
Iceland,ISL,2007,14.49,14.49
Iceland,ISL,2008,7.59,7.59
Iceland,ISL,2009,6.56,6.56
Iceland,ISL,2010,5.62,5.62
Iceland,ISL,2011,5.9,5.9
Iceland,ISL,2012,6.41,6.41
Iceland,ISL,2013,8.43,8.43
Iceland,ISL,2014,8.57,8.57
Iceland,ISL,2015,8.46,8.46
Iceland,ISL,2016,8.55,8.55
Iceland,ISL,2017,,8.96
Iceland,ISL,2018,,7.97
Iceland,ISL,2019,,8.01
Iceland,ISL,2020,,8.01
Iceland,ISL,2021,,8.05
Iceland,ISL,2022,,7.94
Iceland,ISL,2023,,7.97
Iceland,ISL,2024,,7.97
India,IND,1820,,16
India,IND,1850,,18
India,IND,1880,,18.2
India,IND,1900,,16.8
India,IND,1910,,14
India,IND,1920,,16.65
India,IND,1922,,16.02
India,IND,1923,15.95,15.95
India,IND,1924,14.98,14.98
India,IND,1925,14.99,14.99
India,IND,1926,14.4,14.4
India,IND,1927,14.25,14.25
India,IND,1928,14.07,14.07
India,IND,1929,13.35,13.35
India,IND,1930,13.65,13.65
India,IND,1931,14.57,14.57
India,IND,1932,14.85,14.85
India,IND,1933,16.06,16.06
India,IND,1934,16.42,16.42
India,IND,1935,16.73,16.73
India,IND,1936,17.14,17.14
India,IND,1937,17.59,17.59
India,IND,1938,18.59,18.59
India,IND,1939,18.98,18.98
India,IND,1940,19.49,19.49
India,IND,1941,18.34,18.34
India,IND,1943,,16.28
India,IND,1944,15.84,15.84
India,IND,1945,15.43,15.43
India,IND,1947,,13.43
India,IND,1948,12.99,12.99
India,IND,1949,11.78,11.78
India,IND,1950,11.72,11.72
India,IND,1951,,11.77
India,IND,1952,,12.08
India,IND,1953,,11.37
India,IND,1954,12.85,12.85
India,IND,1955,13.94,13.94
India,IND,1956,14.08,14.08
India,IND,1957,14.44,14.44
India,IND,1958,13.94,13.94
India,IND,1959,13.28,13.28
India,IND,1960,13.54,13.54
India,IND,1961,13.03,13.03
India,IND,1962,12.91,12.91
India,IND,1963,,12.56
India,IND,1964,,12.33
India,IND,1965,12.99,12.99
India,IND,1966,13.26,13.26
India,IND,1967,12.94,12.94
India,IND,1968,12.46,12.46
India,IND,1969,,13.28
India,IND,1970,,13.31
India,IND,1971,11.71,11.71
India,IND,1972,,11.29
India,IND,1973,,10.54
India,IND,1974,10.42,10.42
India,IND,1975,10.7,10.7
India,IND,1976,10.56,10.56
India,IND,1977,10.01,10.01
India,IND,1978,9.52,9.52
India,IND,1979,8.24,8.24
India,IND,1980,7.54,7.54
India,IND,1981,6.88,6.88
India,IND,1982,6.28,6.28
India,IND,1983,10.57,10.57
India,IND,1984,9.12,9.12
India,IND,1985,10.72,10.72
India,IND,1986,11.09,11.09
India,IND,1987,10.59,10.59
India,IND,1988,11.4,11.4
India,IND,1989,11.31,11.31
India,IND,1990,10.74,10.74
India,IND,1991,10.44,10.44
India,IND,1992,10.27,10.27
India,IND,1993,12.79,12.79
India,IND,1994,12.67,12.67
India,IND,1995,13.35,13.35
India,IND,1996,13.56,13.56
India,IND,1997,14.19,14.19
India,IND,1998,14.73,14.73
India,IND,1999,,15.08
India,IND,2000,,15.51
India,IND,2001,,16.29
India,IND,2002,,17.1
India,IND,2003,,17.94
India,IND,2004,,18.81
India,IND,2005,19.71,19.71
India,IND,2006,,20.1
India,IND,2007,,20.5
India,IND,2008,,20.88
India,IND,2009,,21.27
India,IND,2010,,21.64
India,IND,2011,,21.54
India,IND,2012,21.7,21.7
India,IND,2013,22,22
India,IND,2014,21.73,21.73
India,IND,2015,22.1,22.1
India,IND,2016,22.64,22.64
India,IND,2017,22.65,22.65
India,IND,2018,22.78,22.78
India,IND,2019,22.03,22.03
India,IND,2020,21.99,21.99
India,IND,2021,22.13,22.13
India,IND,2022,23.07,23.07
India,IND,2023,,23.07
India,IND,2024,,23.07
Indonesia,IDN,1820,,13.72
Indonesia,IDN,1850,,13.87
Indonesia,IDN,1880,,14.01
Indonesia,IDN,1900,,14.16
Indonesia,IDN,1910,,14.45
Indonesia,IDN,1920,,14.45
Indonesia,IDN,1921,,16.28
Indonesia,IDN,1922,,15.71
Indonesia,IDN,1923,,18.67
Indonesia,IDN,1924,,18.32
Indonesia,IDN,1925,,17.88
Indonesia,IDN,1926,,20.2
Indonesia,IDN,1927,,20.09
Indonesia,IDN,1928,,19.91
Indonesia,IDN,1929,,21.13
Indonesia,IDN,1930,,20.34
Indonesia,IDN,1931,,21.62
Indonesia,IDN,1932,,21.15
Indonesia,IDN,1933,,23.06
Indonesia,IDN,1934,,22.92
Indonesia,IDN,1935,,22.52
Indonesia,IDN,1936,,23.36
Indonesia,IDN,1937,,22.45
Indonesia,IDN,1938,,23.57
Indonesia,IDN,1939,,23.87
Indonesia,IDN,1940,,23.96
Indonesia,IDN,1950,,20.59
Indonesia,IDN,1960,,17.22
Indonesia,IDN,1970,,13.86
Indonesia,IDN,1980,,14.79
Indonesia,IDN,1981,,14.79
Indonesia,IDN,1982,,14.79
Indonesia,IDN,1983,,14.79
Indonesia,IDN,1984,14.79,14.79
Indonesia,IDN,1985,,15.47
Indonesia,IDN,1986,,16.09
Indonesia,IDN,1987,16.66,16.66
Indonesia,IDN,1988,,16.03
Indonesia,IDN,1989,,15.48
Indonesia,IDN,1990,15,15
Indonesia,IDN,1991,,16.04
Indonesia,IDN,1992,,16.92
Indonesia,IDN,1993,17.66,17.66
Indonesia,IDN,1994,18.42,18.42
Indonesia,IDN,1995,19.02,19.02
Indonesia,IDN,1996,19.51,19.51
Indonesia,IDN,1997,16.88,16.88
Indonesia,IDN,1998,13.99,13.99
Indonesia,IDN,1999,13.58,13.58
Indonesia,IDN,2000,13.7,13.7
Indonesia,IDN,2001,14.67,14.67
Indonesia,IDN,2002,14.29,14.29
Indonesia,IDN,2003,13.88,13.88
Indonesia,IDN,2004,15.17,15.17
Indonesia,IDN,2005,16.12,16.12
Indonesia,IDN,2006,15.4,15.4
Indonesia,IDN,2007,15.84,15.84
Indonesia,IDN,2008,18.12,18.12
Indonesia,IDN,2009,20.15,20.15
Indonesia,IDN,2010,16.36,16.36
Indonesia,IDN,2011,17.56,17.56
Indonesia,IDN,2012,17.48,17.48
Indonesia,IDN,2013,17.03,17.03
Indonesia,IDN,2014,17.06,17.06
Indonesia,IDN,2015,18.08,18.08
Indonesia,IDN,2016,15.82,15.82
Indonesia,IDN,2017,15.53,15.53
Indonesia,IDN,2018,17.85,17.85
Indonesia,IDN,2019,,17.85
Indonesia,IDN,2020,,17.85
Indonesia,IDN,2021,,17.85
Indonesia,IDN,2022,,17.85
Indonesia,IDN,2023,,17.85
Indonesia,IDN,2024,,17.85
Iran,IRN,1820,,22.04
Iran,IRN,1850,,22.5
Iran,IRN,1880,,22.87
Iran,IRN,1900,,23.52
Iran,IRN,1910,,25.17
Iran,IRN,1920,,25.78
Iran,IRN,1930,,25.78
Iran,IRN,1940,,25.6
Iran,IRN,1950,,23.02
Iran,IRN,1960,,26.6
Iran,IRN,1970,,30.23
Iran,IRN,1980,,23.05
Iran,IRN,1981,,23.05
Iran,IRN,1982,,23.05
Iran,IRN,1983,,23.05
Iran,IRN,1984,,23.05
Iran,IRN,1985,,23.05
Iran,IRN,1986,23.05,23.05
Iran,IRN,1987,,22.39
Iran,IRN,1988,,21.72
Iran,IRN,1989,,21.02
Iran,IRN,1990,20.3,20.3
Iran,IRN,1991,,20.28
Iran,IRN,1992,,20.27
Iran,IRN,1993,,20.25
Iran,IRN,1994,20.23,20.23
Iran,IRN,1995,,20.06
Iran,IRN,1996,,19.9
Iran,IRN,1997,,19.75
Iran,IRN,1998,19.22,19.22
Iran,IRN,1999,20.44,20.44
Iran,IRN,2000,20.36,20.36
Iran,IRN,2001,18.28,18.28
Iran,IRN,2002,18.77,18.77
Iran,IRN,2003,19.34,19.34
Iran,IRN,2004,18.97,18.97
Iran,IRN,2005,19.32,19.32
Iran,IRN,2006,19.38,19.38
Iran,IRN,2007,20.83,20.83
Iran,IRN,2008,17.83,17.83
Iran,IRN,2009,16.45,16.45
Iran,IRN,2010,17.48,17.48
Iran,IRN,2011,15.03,15.03
Iran,IRN,2012,18.41,18.41
Iran,IRN,2013,15.69,15.69
Iran,IRN,2014,16.9,16.9
Iran,IRN,2015,15.31,15.31
Iran,IRN,2016,14.07,14.07
Iran,IRN,2017,15.12,15.12
Iran,IRN,2018,15.9,15.9
Iran,IRN,2019,15.3,15.3
Iran,IRN,2020,14.5,14.5
Iran,IRN,2021,15.24,15.24
Iran,IRN,2022,15.65,15.65
Iran,IRN,2023,,16.58
Iran,IRN,2024,,16.58
Iraq,IRQ,1980,,24.41
Iraq,IRQ,1981,,24.41
Iraq,IRQ,1982,,24.41
Iraq,IRQ,1983,,24.41
Iraq,IRQ,1984,,24.41
Iraq,IRQ,1985,,24.41
Iraq,IRQ,1986,,24.41
Iraq,IRQ,1987,,24.41
Iraq,IRQ,1988,,24.41
Iraq,IRQ,1989,,24.41
Iraq,IRQ,1990,,24.41
Iraq,IRQ,1991,,24.41
Iraq,IRQ,1992,,24.41
Iraq,IRQ,1993,,24.41
Iraq,IRQ,1994,,24.41
Iraq,IRQ,1995,,24.41
Iraq,IRQ,1996,,24.41
Iraq,IRQ,1997,,24.41
Iraq,IRQ,1998,,24.41
Iraq,IRQ,1999,,24.41
Iraq,IRQ,2000,,24.41
Iraq,IRQ,2001,,24.41
Iraq,IRQ,2002,,24.41
Iraq,IRQ,2003,,24.41
Iraq,IRQ,2004,,24.41
Iraq,IRQ,2005,,24.41
Iraq,IRQ,2006,,24.41
Iraq,IRQ,2007,24.41,24.41
Iraq,IRQ,2008,,24.58
Iraq,IRQ,2009,,24.74
Iraq,IRQ,2010,,24.89
Iraq,IRQ,2011,,25.03
Iraq,IRQ,2012,21.13,21.13
Iraq,IRQ,2013,15.8,15.8
Iraq,IRQ,2014,,18.02
Iraq,IRQ,2015,,20.29
Iraq,IRQ,2016,,22.63
Iraq,IRQ,2017,,25.03
Iraq,IRQ,2018,,27.49
Iraq,IRQ,2019,,30.03
Iraq,IRQ,2020,,32.64
Iraq,IRQ,2021,,35.33
Iraq,IRQ,2022,38.1,38.1
Iraq,IRQ,2023,,41.28
Iraq,IRQ,2024,44.6,44.6
Ireland,IRL,1922,20.27,20.27
Ireland,IRL,1923,20.51,20.51
Ireland,IRL,1924,19.2,19.2
Ireland,IRL,1925,19.01,19.01
Ireland,IRL,1926,18.08,18.08
Ireland,IRL,1927,17.77,17.77
Ireland,IRL,1929,16.57,16.57
Ireland,IRL,1930,16.31,16.31
Ireland,IRL,1931,16.82,16.82
Ireland,IRL,1932,16.05,16.05
Ireland,IRL,1933,17.06,17.06
Ireland,IRL,1934,16.49,16.49
Ireland,IRL,1935,15.81,15.81
Ireland,IRL,1936,16.63,16.63
Ireland,IRL,1937,16.15,16.15
Ireland,IRL,1938,15.52,15.52
Ireland,IRL,1939,15.79,15.79
Ireland,IRL,1940,14.79,14.79
Ireland,IRL,1941,14.6,14.6
Ireland,IRL,1942,13.93,13.93
Ireland,IRL,1943,12.74,12.74
Ireland,IRL,1944,13.24,13.24
Ireland,IRL,1945,12.88,12.88
Ireland,IRL,1946,12.9,12.9
Ireland,IRL,1947,12.51,12.51
Ireland,IRL,1948,11.76,11.76
Ireland,IRL,1949,11.32,11.32
Ireland,IRL,1950,10.71,10.71
Ireland,IRL,1951,10.28,10.28
Ireland,IRL,1952,10.55,10.55
Ireland,IRL,1953,9.76,9.76
Ireland,IRL,1964,9.71,9.71
Ireland,IRL,1965,9.91,9.91
Ireland,IRL,1966,10.08,10.08
Ireland,IRL,1967,9.88,9.88
Ireland,IRL,1968,9.48,9.48
Ireland,IRL,1969,9.22,9.22
Ireland,IRL,1970,9.18,9.18
Ireland,IRL,1971,8.95,8.95
Ireland,IRL,1972,9.31,9.31
Ireland,IRL,1973,8.34,8.34
Ireland,IRL,1975,8.92,8.92
Ireland,IRL,1976,8.23,8.23
Ireland,IRL,1977,8.32,8.32
Ireland,IRL,1978,8.64,8.64
Ireland,IRL,1979,9.82,9.82
Ireland,IRL,1980,9.03,9.03
Ireland,IRL,1981,8.87,8.87
Ireland,IRL,1982,9.12,9.12
Ireland,IRL,1983,9.21,9.21
Ireland,IRL,1984,8.96,8.96
Ireland,IRL,1985,8.82,8.82
Ireland,IRL,1986,8.73,8.73
Ireland,IRL,1987,8.75,8.75
Ireland,IRL,1988,8.79,8.79
Ireland,IRL,1989,8.99,8.99
Ireland,IRL,1990,9.07,9.07
Ireland,IRL,1991,9.45,9.45
Ireland,IRL,1992,9.82,9.82
Ireland,IRL,1993,9.51,9.51
Ireland,IRL,1994,9.82,9.82
Ireland,IRL,1995,10.12,10.12
Ireland,IRL,1996,9.73,9.73
Ireland,IRL,1997,10.76,10.76
Ireland,IRL,1998,12.15,12.15
Ireland,IRL,1999,11.77,11.77
Ireland,IRL,2000,12.58,12.58
Ireland,IRL,2001,11.86,11.86
Ireland,IRL,2002,12.07,12.07
Ireland,IRL,2003,12.4,12.4
Ireland,IRL,2004,12.34,12.34
Ireland,IRL,2005,13.26,13.26
Ireland,IRL,2006,13.51,13.51
Ireland,IRL,2007,12.04,12.04
Ireland,IRL,2008,10.29,10.29
Ireland,IRL,2009,10.03,10.03
Ireland,IRL,2010,9.91,9.91
Ireland,IRL,2011,10.01,10.01
Ireland,IRL,2012,9.19,9.19
Ireland,IRL,2013,10.04,10.04
Ireland,IRL,2014,10.34,10.34
Ireland,IRL,2015,11.81,11.81
Ireland,IRL,2016,12.26,12.26
Ireland,IRL,2017,11.56,11.56
Ireland,IRL,2018,12.45,12.45
Ireland,IRL,2019,12.71,12.71
Ireland,IRL,2020,12.71,12.71
Ireland,IRL,2021,12.93,12.93
Ireland,IRL,2022,12.97,12.97
Ireland,IRL,2023,,12.95
Ireland,IRL,2024,,12.95
Isle of Man,IMN,1980,,9.09
Isle of Man,IMN,1981,,9.07
Isle of Man,IMN,1982,,9.04
Isle of Man,IMN,1983,,9.15
Isle of Man,IMN,1984,,9.35
Isle of Man,IMN,1985,,9.37
Isle of Man,IMN,1986,,9.35
Isle of Man,IMN,1987,,9.28
Isle of Man,IMN,1988,,9.33
Isle of Man,IMN,1989,,9.44
Isle of Man,IMN,1990,,9.23
Isle of Man,IMN,1991,,9.15
Isle of Man,IMN,1992,,9.51
Isle of Man,IMN,1993,,9.62
Isle of Man,IMN,1994,,10.07
Isle of Man,IMN,1995,,9.75
Isle of Man,IMN,1996,,10.09
Isle of Man,IMN,1997,,10.68
Isle of Man,IMN,1998,,10.81
Isle of Man,IMN,1999,,10.88
Isle of Man,IMN,2000,,11.29
Isle of Man,IMN,2001,,10.86
Isle of Man,IMN,2002,,10.5
Isle of Man,IMN,2003,,10.74
Isle of Man,IMN,2004,,11.14
Isle of Man,IMN,2005,,11.33
Isle of Man,IMN,2006,,12
Isle of Man,IMN,2007,,11.98
Isle of Man,IMN,2008,,10.78
Isle of Man,IMN,2009,,9.88
Isle of Man,IMN,2010,,10.93
Isle of Man,IMN,2011,,10.87
Isle of Man,IMN,2012,,10.25
Isle of Man,IMN,2013,,10.4
Isle of Man,IMN,2014,,10.86
Isle of Man,IMN,2015,,10.66
Isle of Man,IMN,2016,,10.78
Isle of Man,IMN,2017,,10.79
Isle of Man,IMN,2018,,10.84
Isle of Man,IMN,2019,,10.5
Isle of Man,IMN,2020,,10.59
Isle of Man,IMN,2021,,11.41
Isle of Man,IMN,2022,,11.51
Isle of Man,IMN,2023,,11.51
Isle of Man,IMN,2024,,11.51
Israel,ISR,1979,18.35,18.35
Israel,ISR,1980,,18.21
Israel,ISR,1981,,18.07
Israel,ISR,1982,,17.93
Israel,ISR,1983,,17.79
Israel,ISR,1984,,17.65
Israel,ISR,1985,,17.52
Israel,ISR,1986,17.39,17.39
Israel,ISR,1987,,17.67
Israel,ISR,1988,,17.93
Israel,ISR,1989,,18.18
Israel,ISR,1990,,18.41
Israel,ISR,1991,,18.63
Israel,ISR,1992,18.83,18.83
Israel,ISR,1993,,18.85
Israel,ISR,1994,,18.86
Israel,ISR,1995,,18.88
Israel,ISR,1996,,18.89
Israel,ISR,1997,18.91,18.91
Israel,ISR,1998,,19.03
Israel,ISR,1999,,19.14
Israel,ISR,2000,,19.26
Israel,ISR,2001,19.38,19.38
Israel,ISR,2002,,19.45
Israel,ISR,2003,,19.52
Israel,ISR,2004,,19.58
Israel,ISR,2005,19.65,19.65
Israel,ISR,2006,,19.71
Israel,ISR,2007,19.77,19.77
Israel,ISR,2008,,20
Israel,ISR,2009,,20.22
Israel,ISR,2010,20.44,20.44
Israel,ISR,2011,,20
Israel,ISR,2012,19.56,19.56
Israel,ISR,2013,,18.62
Israel,ISR,2014,17.74,17.74
Israel,ISR,2015,,17.31
Israel,ISR,2016,16.91,16.91
Israel,ISR,2017,,16.91
Israel,ISR,2018,,16.91
Israel,ISR,2019,,16.91
Israel,ISR,2020,,16.91
Israel,ISR,2021,,16.91
Israel,ISR,2022,,16.91
Israel,ISR,2023,,16.91
Israel,ISR,2024,,16.91
Italy,ITA,1820,,20.16
Italy,ITA,1850,,20.65
Italy,ITA,1880,,20.42
Italy,ITA,1900,,25.29
Italy,ITA,1910,,24.94
Italy,ITA,1920,,21.31
Italy,ITA,1930,,16.31
Italy,ITA,1940,,14.79
Italy,ITA,1950,,10.71
Italy,ITA,1960,,10.12
Italy,ITA,1970,,5.3
Italy,ITA,1974,,6.43
Italy,ITA,1975,,6.15
Italy,ITA,1976,,5.89
Italy,ITA,1977,,5.58
Italy,ITA,1978,,5.33
Italy,ITA,1979,,5.05
Italy,ITA,1980,,4.96
Italy,ITA,1981,,4.59
Italy,ITA,1982,,4.57
Italy,ITA,1983,,4.5
Italy,ITA,1984,,4.75
Italy,ITA,1985,,5.06
Italy,ITA,1986,,5.74
Italy,ITA,1987,,5.85
Italy,ITA,1988,,6.15
Italy,ITA,1989,,6.3
Italy,ITA,1990,,6.25
Italy,ITA,1991,,6.31
Italy,ITA,1992,,6.33
Italy,ITA,1993,,6.55
Italy,ITA,1994,,6.72
Italy,ITA,1995,,7.27
Italy,ITA,1996,,7.47
Italy,ITA,1997,,7.58
Italy,ITA,1998,,7.93
Italy,ITA,1999,,7.73
Italy,ITA,2000,,8.24
Italy,ITA,2001,,8.62
Italy,ITA,2002,,8.27
Italy,ITA,2003,,8.36
Italy,ITA,2004,,8.19
Italy,ITA,2005,8.15,8.15
Italy,ITA,2006,8.27,8.27
Italy,ITA,2007,8.23,8.23
Italy,ITA,2008,7.88,7.88
Italy,ITA,2009,7.6,7.6
Italy,ITA,2010,8.03,8.03
Italy,ITA,2011,8.21,8.21
Italy,ITA,2012,8.09,8.09
Italy,ITA,2013,7.91,7.91
Italy,ITA,2014,7.99,7.99
Italy,ITA,2015,7.8,7.8
Italy,ITA,2016,,8.88
Italy,ITA,2017,,9.22
Italy,ITA,2018,,9.13
Italy,ITA,2019,,9.01
Italy,ITA,2020,,9.01
Italy,ITA,2021,,9.06
Italy,ITA,2022,,9.27
Italy,ITA,2023,,9.1
Italy,ITA,2024,,9.1
Jamaica,JAM,1980,,22.27
Jamaica,JAM,1981,,22.27
Jamaica,JAM,1982,,22.27
Jamaica,JAM,1983,,22.27
Jamaica,JAM,1984,,22.27
Jamaica,JAM,1985,,22.27
Jamaica,JAM,1986,,22.27
Jamaica,JAM,1987,,22.27
Jamaica,JAM,1988,,22.27
Jamaica,JAM,1989,,22.27
Jamaica,JAM,1990,,22.27
Jamaica,JAM,1991,,22.27
Jamaica,JAM,1992,,22.27
Jamaica,JAM,1993,,22.27
Jamaica,JAM,1994,,22.27
Jamaica,JAM,1995,,22.27
Jamaica,JAM,1996,,22.27
Jamaica,JAM,1997,,22.27
Jamaica,JAM,1998,,22.27
Jamaica,JAM,1999,,22.27
Jamaica,JAM,2000,,22.27
Jamaica,JAM,2001,,22.79
Jamaica,JAM,2002,,22.45
Jamaica,JAM,2003,,23.3
Jamaica,JAM,2004,,24.14
Jamaica,JAM,2005,,22.75
Jamaica,JAM,2006,,23.23
Jamaica,JAM,2007,,24.73
Jamaica,JAM,2008,,23.95
Jamaica,JAM,2009,,22.85
Jamaica,JAM,2010,,23.78
Jamaica,JAM,2011,,23.91
Jamaica,JAM,2012,,23.62
Jamaica,JAM,2013,,24.9
Jamaica,JAM,2014,,25.49
Jamaica,JAM,2015,,23.3
Jamaica,JAM,2016,,23.45
Jamaica,JAM,2017,,22.48
Jamaica,JAM,2018,,22.84
Jamaica,JAM,2019,,22.66
Jamaica,JAM,2020,,23.62
Jamaica,JAM,2021,,22.79
Jamaica,JAM,2022,,21.99
Jamaica,JAM,2023,,21.97
Jamaica,JAM,2024,,21.97
Japan,JPN,1820,,17.9
Japan,JPN,1850,,18.2
Japan,JPN,1880,,18
Japan,JPN,1886,,19.16
Japan,JPN,1887,,19.4
Japan,JPN,1888,,18.62
Japan,JPN,1889,,17.9
Japan,JPN,1890,,17.81
Japan,JPN,1891,,18.26
Japan,JPN,1892,,19.02
Japan,JPN,1893,,18.02
Japan,JPN,1894,,18.38
Japan,JPN,1895,,19.04
Japan,JPN,1896,,18.06
Japan,JPN,1897,,18.43
Japan,JPN,1898,,19.11
Japan,JPN,1899,,19.2
Japan,JPN,1900,,19.8
Japan,JPN,1901,,20.28
Japan,JPN,1902,,20.25
Japan,JPN,1903,,20.8
Japan,JPN,1904,,20.17
Japan,JPN,1905,,20.99
Japan,JPN,1906,,21.25
Japan,JPN,1907,,21.35
Japan,JPN,1908,,21.68
Japan,JPN,1909,,21.71
Japan,JPN,1910,,21.79
Japan,JPN,1911,,21.42
Japan,JPN,1912,,21.74
Japan,JPN,1913,,21.22
Japan,JPN,1914,,22.08
Japan,JPN,1915,,22.05
Japan,JPN,1916,,22.73
Japan,JPN,1917,,22.38
Japan,JPN,1918,,21.44
Japan,JPN,1919,,20.66
Japan,JPN,1920,,21.78
Japan,JPN,1921,,22.12
Japan,JPN,1922,,21.44
Japan,JPN,1923,,22.32
Japan,JPN,1924,,21.8
Japan,JPN,1925,,21.07
Japan,JPN,1926,,21.54
Japan,JPN,1927,,21
Japan,JPN,1928,,20.67
Japan,JPN,1929,,20.95
Japan,JPN,1930,,19.84
Japan,JPN,1931,,20.03
Japan,JPN,1932,,19.56
Japan,JPN,1933,,20.19
Japan,JPN,1934,,19.93
Japan,JPN,1935,,19.29
Japan,JPN,1936,,19.87
Japan,JPN,1937,,19.58
Japan,JPN,1938,,19.02
Japan,JPN,1939,,19.21
Japan,JPN,1940,,18.17
Japan,JPN,1941,,17.92
Japan,JPN,1942,,16.69
Japan,JPN,1943,,16.07
Japan,JPN,1944,,14.37
Japan,JPN,1945,,14.01
Japan,JPN,1947,,11.79
Japan,JPN,1948,,11.59
Japan,JPN,1949,,10.81
Japan,JPN,1950,,10.54
Japan,JPN,1951,,10.78
Japan,JPN,1952,,10.71
Japan,JPN,1953,,10.77
Japan,JPN,1954,,10.42
Japan,JPN,1955,,10.54
Japan,JPN,1956,,10.4
Japan,JPN,1957,,10.64
Japan,JPN,1958,,10.71
Japan,JPN,1959,,10.82
Japan,JPN,1960,,11.09
Japan,JPN,1961,,11.4
Japan,JPN,1962,,11.08
Japan,JPN,1963,,10.73
Japan,JPN,1964,,10.6
Japan,JPN,1965,,10.66
Japan,JPN,1966,,10.1
Japan,JPN,1967,,10.24
Japan,JPN,1968,,10.41
Japan,JPN,1969,,11.62
Japan,JPN,1970,,11.57
Japan,JPN,1971,,11.55
Japan,JPN,1972,,10.77
Japan,JPN,1973,,12.25
Japan,JPN,1974,,10.36
Japan,JPN,1975,,10.81
Japan,JPN,1976,,9.79
Japan,JPN,1977,,9.94
Japan,JPN,1978,,10.19
Japan,JPN,1979,,10.47
Japan,JPN,1980,,10.5
Japan,JPN,1981,,10.18
Japan,JPN,1982,,10.12
Japan,JPN,1983,,10.08
Japan,JPN,1984,,10.23
Japan,JPN,1985,,10.51
Japan,JPN,1986,,11.02
Japan,JPN,1987,,12.36
Japan,JPN,1988,,12.64
Japan,JPN,1989,,13.64
Japan,JPN,1990,,14.43
Japan,JPN,1991,,13.49
Japan,JPN,1992,,9.84
Japan,JPN,1993,,10.04
Japan,JPN,1994,,9.88
Japan,JPN,1995,,10.26
Japan,JPN,1996,,10.91
Japan,JPN,1997,,10.33
Japan,JPN,1998,,10.23
Japan,JPN,1999,,10.49
Japan,JPN,2000,,11.15
Japan,JPN,2001,,11.4
Japan,JPN,2002,,11.69
Japan,JPN,2003,,12.16
Japan,JPN,2004,,12.96
Japan,JPN,2005,,13.39
Japan,JPN,2006,,13.55
Japan,JPN,2007,,13.58
Japan,JPN,2008,12.84,12.84
Japan,JPN,2009,,12.07
Japan,JPN,2010,12.58,12.58
Japan,JPN,2011,,12.41
Japan,JPN,2012,,12.5
Japan,JPN,2013,12.68,12.68
Japan,JPN,2014,,12.65
Japan,JPN,2015,,12.74
Japan,JPN,2016,,12.68
Japan,JPN,2017,,12.65
Japan,JPN,2018,,12.65
Japan,JPN,2019,,12.65
Japan,JPN,2020,,12.65
Japan,JPN,2021,,12.65
Japan,JPN,2022,,12.65
Japan,JPN,2023,,12.65
Japan,JPN,2024,,12.65
Jersey,JEY,1980,,9.09
Jersey,JEY,1981,,9.07
Jersey,JEY,1982,,9.04
Jersey,JEY,1983,,9.15
Jersey,JEY,1984,,9.35
Jersey,JEY,1985,,9.37
Jersey,JEY,1986,,9.35
Jersey,JEY,1987,,9.28
Jersey,JEY,1988,,9.33
Jersey,JEY,1989,,9.44
Jersey,JEY,1990,,9.23
Jersey,JEY,1991,,9.15
Jersey,JEY,1992,,9.51
Jersey,JEY,1993,,9.62
Jersey,JEY,1994,,10.07
Jersey,JEY,1995,,9.75
Jersey,JEY,1996,,10.09
Jersey,JEY,1997,,10.68
Jersey,JEY,1998,,10.81
Jersey,JEY,1999,,10.88
Jersey,JEY,2000,,11.29
Jersey,JEY,2001,,10.86
Jersey,JEY,2002,,10.5
Jersey,JEY,2003,,10.74
Jersey,JEY,2004,,11.14
Jersey,JEY,2005,,11.33
Jersey,JEY,2006,,12
Jersey,JEY,2007,,11.98
Jersey,JEY,2008,,10.78
Jersey,JEY,2009,,9.88
Jersey,JEY,2010,,10.93
Jersey,JEY,2011,,10.87
Jersey,JEY,2012,,10.25
Jersey,JEY,2013,,10.4
Jersey,JEY,2014,,10.86
Jersey,JEY,2015,,10.66
Jersey,JEY,2016,,10.78
Jersey,JEY,2017,,10.79
Jersey,JEY,2018,,10.84
Jersey,JEY,2019,,10.5
Jersey,JEY,2020,,10.59
Jersey,JEY,2021,,11.41
Jersey,JEY,2022,,11.51
Jersey,JEY,2023,,11.51
Jersey,JEY,2024,,11.51
Jordan,JOR,1980,,17.8
Jordan,JOR,1981,,17.8
Jordan,JOR,1982,,17.8
Jordan,JOR,1983,,17.8
Jordan,JOR,1984,,17.8
Jordan,JOR,1985,,17.8
Jordan,JOR,1986,17.8,17.8
Jordan,JOR,1987,,18.41
Jordan,JOR,1988,,19.11
Jordan,JOR,1989,,19.91
Jordan,JOR,1990,,20.84
Jordan,JOR,1991,,21.94
Jordan,JOR,1992,23.25,23.25
Jordan,JOR,1993,,21.84
Jordan,JOR,1994,,20.39
Jordan,JOR,1995,,18.92
Jordan,JOR,1996,,17.41
Jordan,JOR,1997,15.87,15.87
Jordan,JOR,1998,,16.64
Jordan,JOR,1999,,17.35
Jordan,JOR,2000,,18.02
Jordan,JOR,2001,,18.65
Jordan,JOR,2002,19.24,19.24
Jordan,JOR,2003,,19.68
Jordan,JOR,2004,,20.1
Jordan,JOR,2005,,20.49
Jordan,JOR,2006,20.85,20.85
Jordan,JOR,2007,,21.17
Jordan,JOR,2008,21.47,21.47
Jordan,JOR,2009,,22.5
Jordan,JOR,2010,,23.53
Jordan,JOR,2011,20.12,20.12
Jordan,JOR,2012,,18.99
Jordan,JOR,2013,17.83,17.83
Jordan,JOR,2014,,17.83
Jordan,JOR,2015,,17.83
Jordan,JOR,2016,,17.83
Jordan,JOR,2017,,17.83
Jordan,JOR,2018,,17.83
Jordan,JOR,2019,,17.83
Jordan,JOR,2020,,17.83
Jordan,JOR,2021,,17.83
Jordan,JOR,2022,,17.83
Jordan,JOR,2023,,17.83
Jordan,JOR,2024,,17.83
Kazakhstan,KAZ,1980,,4.06
Kazakhstan,KAZ,1981,,4.22
Kazakhstan,KAZ,1982,,4.38
Kazakhstan,KAZ,1983,,4.54
Kazakhstan,KAZ,1984,,4.69
Kazakhstan,KAZ,1985,,4.84
Kazakhstan,KAZ,1986,,5
Kazakhstan,KAZ,1987,,5.15
Kazakhstan,KAZ,1988,,5.3
Kazakhstan,KAZ,1989,,5.59
Kazakhstan,KAZ,1990,,7.45
Kazakhstan,KAZ,1991,,8.5
Kazakhstan,KAZ,1992,,9.57
Kazakhstan,KAZ,1993,10.64,10.64
Kazakhstan,KAZ,1994,,10.39
Kazakhstan,KAZ,1995,,11.4
Kazakhstan,KAZ,1996,12.28,12.28
Kazakhstan,KAZ,1997,,12.86
Kazakhstan,KAZ,1998,,14.08
Kazakhstan,KAZ,1999,,14.27
Kazakhstan,KAZ,2000,,14.69
Kazakhstan,KAZ,2001,15.22,15.22
Kazakhstan,KAZ,2002,16.18,16.18
Kazakhstan,KAZ,2003,15.11,15.11
Kazakhstan,KAZ,2004,12.88,12.88
Kazakhstan,KAZ,2005,15.58,15.58
Kazakhstan,KAZ,2006,16.59,16.59
Kazakhstan,KAZ,2007,15.18,15.18
Kazakhstan,KAZ,2008,15.1,15.1
Kazakhstan,KAZ,2009,15.67,15.67
Kazakhstan,KAZ,2010,15.18,15.18
Kazakhstan,KAZ,2011,13.79,13.79
Kazakhstan,KAZ,2012,13.97,13.97
Kazakhstan,KAZ,2013,14.18,14.18
Kazakhstan,KAZ,2014,13.84,13.84
Kazakhstan,KAZ,2015,12.71,12.71
Kazakhstan,KAZ,2016,14.61,14.61
Kazakhstan,KAZ,2017,14.8,14.8
Kazakhstan,KAZ,2018,14.88,14.88
Kazakhstan,KAZ,2019,,14.88
Kazakhstan,KAZ,2020,,14.88
Kazakhstan,KAZ,2021,,14.88
Kazakhstan,KAZ,2022,,14.88
Kazakhstan,KAZ,2023,,14.88
Kazakhstan,KAZ,2024,,14.88
Kenya,KEN,1820,,20.33
Kenya,KEN,1850,,20.79
Kenya,KEN,1880,,21.29
Kenya,KEN,1900,,21.58
Kenya,KEN,1910,,23.36
Kenya,KEN,1920,,21.63
Kenya,KEN,1930,,20.29
Kenya,KEN,1936,,20.14
Kenya,KEN,1940,,21
Kenya,KEN,1943,,21.07
Kenya,KEN,1948,,20.31
Kenya,KEN,1949,,19.8
Kenya,KEN,1950,,20
Kenya,KEN,1951,,20.39
Kenya,KEN,1952,,20.42
Kenya,KEN,1953,,21.09
Kenya,KEN,1954,,21.06
Kenya,KEN,1955,,20.94
Kenya,KEN,1956,,21.43
Kenya,KEN,1957,,21.19
Kenya,KEN,1958,,21.47
Kenya,KEN,1959,,21.73
Kenya,KEN,1960,,22
Kenya,KEN,1961,,22.77
Kenya,KEN,1962,,23.25
Kenya,KEN,1963,,23.86
Kenya,KEN,1964,,24.35
Kenya,KEN,1965,,25.26
Kenya,KEN,1966,,25.31
Kenya,KEN,1967,,26.11
Kenya,KEN,1968,,26.9
Kenya,KEN,1969,,27.11
Kenya,KEN,1970,,23
Kenya,KEN,1980,,34.81
Kenya,KEN,1981,,34.81
Kenya,KEN,1982,,34.81
Kenya,KEN,1983,,34.81
Kenya,KEN,1984,,34.81
Kenya,KEN,1985,,34.81
Kenya,KEN,1986,,34.81
Kenya,KEN,1987,,34.81
Kenya,KEN,1988,,34.81
Kenya,KEN,1989,,34.81
Kenya,KEN,1990,,34.81
Kenya,KEN,1991,,34.81
Kenya,KEN,1992,34.81,34.81
Kenya,KEN,1993,,26.91
Kenya,KEN,1994,18.98,18.98
Kenya,KEN,1995,,19
Kenya,KEN,1996,,19.03
Kenya,KEN,1997,19.06,19.06
Kenya,KEN,1998,,19.36
Kenya,KEN,1999,,19.66
Kenya,KEN,2000,,19.96
Kenya,KEN,2001,,20.26
Kenya,KEN,2002,,20.57
Kenya,KEN,2003,,20.87
Kenya,KEN,2004,,21.17
Kenya,KEN,2005,21.47,21.47
Kenya,KEN,2006,,20.84
Kenya,KEN,2007,,20.22
Kenya,KEN,2008,,19.59
Kenya,KEN,2009,,18.96
Kenya,KEN,2010,,18.34
Kenya,KEN,2011,,17.71
Kenya,KEN,2012,,17.08
Kenya,KEN,2013,,16.45
Kenya,KEN,2014,,15.83
Kenya,KEN,2015,15.2,15.2
Kenya,KEN,2016,,14.57
Kenya,KEN,2017,,13.95
Kenya,KEN,2018,,13.33
Kenya,KEN,2019,,12.7
Kenya,KEN,2020,,12.07
Kenya,KEN,2021,16.11,16.11
Kenya,KEN,2022,,13.8
Kenya,KEN,2023,,13.8
Kenya,KEN,2024,,13.8
Kiribati,KIR,1980,,8.85
Kiribati,KIR,1981,,9
Kiribati,KIR,1982,,9.14
Kiribati,KIR,1983,,9.29
Kiribati,KIR,1984,,9.44
Kiribati,KIR,1985,,9.6
Kiribati,KIR,1986,,9.76
Kiribati,KIR,1987,,9.92
Kiribati,KIR,1988,,10.08
Kiribati,KIR,1989,,10.25
Kiribati,KIR,1990,,10.42
Kiribati,KIR,1991,,10.7
Kiribati,KIR,1992,,10.96
Kiribati,KIR,1993,,11.22
Kiribati,KIR,1994,,11.47
Kiribati,KIR,1995,,11.72
Kiribati,KIR,1996,,11.95
Kiribati,KIR,1997,,12.18
Kiribati,KIR,1998,,12.4
Kiribati,KIR,1999,,12.61
Kiribati,KIR,2000,,12.82
Kiribati,KIR,2001,,13.2
Kiribati,KIR,2002,,13.58
Kiribati,KIR,2003,,13.94
Kiribati,KIR,2004,,14.29
Kiribati,KIR,2005,,14.64
Kiribati,KIR,2006,,14.98
Kiribati,KIR,2007,,15.31
Kiribati,KIR,2008,,15.64
Kiribati,KIR,2009,,15.95
Kiribati,KIR,2010,,16.26
Kiribati,KIR,2011,,16.24
Kiribati,KIR,2012,,16.22
Kiribati,KIR,2013,,16.2
Kiribati,KIR,2014,,16.18
Kiribati,KIR,2015,,16.17
Kiribati,KIR,2016,,16.15
Kiribati,KIR,2017,,16.13
Kiribati,KIR,2018,,16.12
Kiribati,KIR,2019,,16.1
Kiribati,KIR,2020,,16.09
Kiribati,KIR,2021,,16.09
Kiribati,KIR,2022,,16.09
Kiribati,KIR,2023,,16.09
Kiribati,KIR,2024,,16.09
Kosovo,OWID_KOS,1980,,8.55
Kosovo,OWID_KOS,1981,,8.55
Kosovo,OWID_KOS,1982,,8.55
Kosovo,OWID_KOS,1983,,8.55
Kosovo,OWID_KOS,1984,,8.55
Kosovo,OWID_KOS,1985,,8.55
Kosovo,OWID_KOS,1986,,8.55
Kosovo,OWID_KOS,1987,,8.55
Kosovo,OWID_KOS,1988,,8.55
Kosovo,OWID_KOS,1989,,8.55
Kosovo,OWID_KOS,1990,,8.55
Kosovo,OWID_KOS,1991,,8.55
Kosovo,OWID_KOS,1992,,8.55
Kosovo,OWID_KOS,1993,,8.55
Kosovo,OWID_KOS,1994,,8.55
Kosovo,OWID_KOS,1995,,8.55
Kosovo,OWID_KOS,1996,,8.55
Kosovo,OWID_KOS,1997,,8.55
Kosovo,OWID_KOS,1998,,8.55
Kosovo,OWID_KOS,1999,,8.55
Kosovo,OWID_KOS,2000,,8.38
Kosovo,OWID_KOS,2001,,8.47
Kosovo,OWID_KOS,2002,,8.51
Kosovo,OWID_KOS,2003,8.69,8.69
Kosovo,OWID_KOS,2004,,8.49
Kosovo,OWID_KOS,2005,,8.47
Kosovo,OWID_KOS,2006,8.46,8.46
Kosovo,OWID_KOS,2007,,8.26
Kosovo,OWID_KOS,2008,,9.49
Kosovo,OWID_KOS,2009,8.67,8.67
Kosovo,OWID_KOS,2010,8.88,8.88
Kosovo,OWID_KOS,2011,8.83,8.83
Kosovo,OWID_KOS,2012,9.12,9.12
Kosovo,OWID_KOS,2013,9.23,9.23
Kosovo,OWID_KOS,2014,9.24,9.24
Kosovo,OWID_KOS,2015,9.21,9.21
Kosovo,OWID_KOS,2016,9.25,9.25
Kosovo,OWID_KOS,2017,9.75,9.75
Kosovo,OWID_KOS,2018,,9.57
Kosovo,OWID_KOS,2019,,9.25
Kosovo,OWID_KOS,2020,,9.25
Kosovo,OWID_KOS,2021,,9.55
Kosovo,OWID_KOS,2022,,9.88
Kosovo,OWID_KOS,2023,,9.66
Kosovo,OWID_KOS,2024,,9.66
Kuwait,KWT,1980,,21.1
Kuwait,KWT,1981,,21.1
Kuwait,KWT,1982,,21.1
Kuwait,KWT,1983,,21.1
Kuwait,KWT,1984,,21.1
Kuwait,KWT,1985,,21.1
Kuwait,KWT,1986,,21.1
Kuwait,KWT,1987,,21.1
Kuwait,KWT,1988,,21.1
Kuwait,KWT,1989,,21.1
Kuwait,KWT,1990,,21.1
Kuwait,KWT,1991,,21.1
Kuwait,KWT,1992,,21.1
Kuwait,KWT,1993,,21.1
Kuwait,KWT,1994,,21.1
Kuwait,KWT,1995,,21.1
Kuwait,KWT,1996,,21.1
Kuwait,KWT,1997,,21.1
Kuwait,KWT,1998,,21.1
Kuwait,KWT,1999,,21.1
Kuwait,KWT,2000,,21.1
Kuwait,KWT,2001,,21.1
Kuwait,KWT,2002,,21.1
Kuwait,KWT,2003,,21.1
Kuwait,KWT,2004,,21.1
Kuwait,KWT,2005,,21.1
Kuwait,KWT,2006,,21.1
Kuwait,KWT,2007,21.1,21.1
Kuwait,KWT,2008,,20.91
Kuwait,KWT,2009,,20.7
Kuwait,KWT,2010,,20.46
Kuwait,KWT,2011,,20.19
Kuwait,KWT,2012,,19.9
Kuwait,KWT,2013,,19.56
Kuwait,KWT,2014,17.73,17.73
Kuwait,KWT,2015,,17.73
Kuwait,KWT,2016,,17.73
Kuwait,KWT,2017,,17.73
Kuwait,KWT,2018,,17.73
Kuwait,KWT,2019,,17.73
Kuwait,KWT,2020,,17.73
Kuwait,KWT,2021,,17.73
Kuwait,KWT,2022,,17.73
Kuwait,KWT,2023,,17.73
Kuwait,KWT,2024,,17.73
Kyrgyzstan,KGZ,1980,,4.06
Kyrgyzstan,KGZ,1981,,4.22
Kyrgyzstan,KGZ,1982,,4.38
Kyrgyzstan,KGZ,1983,,4.54
Kyrgyzstan,KGZ,1984,,4.69
Kyrgyzstan,KGZ,1985,,4.84
Kyrgyzstan,KGZ,1986,,5
Kyrgyzstan,KGZ,1987,,5.15
Kyrgyzstan,KGZ,1988,,5.3
Kyrgyzstan,KGZ,1989,,5.59
Kyrgyzstan,KGZ,1990,,7.45
Kyrgyzstan,KGZ,1991,,8.47
Kyrgyzstan,KGZ,1992,,9.48
Kyrgyzstan,KGZ,1993,,10.5
Kyrgyzstan,KGZ,1994,,11.51
Kyrgyzstan,KGZ,1995,,12.53
Kyrgyzstan,KGZ,1996,,13.54
Kyrgyzstan,KGZ,1997,,14.56
Kyrgyzstan,KGZ,1998,15.58,15.58
Kyrgyzstan,KGZ,1999,,12.28
Kyrgyzstan,KGZ,2000,,9.65
Kyrgyzstan,KGZ,2001,,11.12
Kyrgyzstan,KGZ,2002,10.77,10.77
Kyrgyzstan,KGZ,2003,10.42,10.42
Kyrgyzstan,KGZ,2004,13.96,13.96
Kyrgyzstan,KGZ,2005,14.71,14.71
Kyrgyzstan,KGZ,2006,17.5,17.5
Kyrgyzstan,KGZ,2007,13.44,13.44
Kyrgyzstan,KGZ,2008,14.3,14.3
Kyrgyzstan,KGZ,2009,14.43,14.43
Kyrgyzstan,KGZ,2010,14.07,14.07
Kyrgyzstan,KGZ,2011,12.98,12.98
Kyrgyzstan,KGZ,2012,12.65,12.65
Kyrgyzstan,KGZ,2013,12.39,12.39
Kyrgyzstan,KGZ,2014,12.34,12.34
Kyrgyzstan,KGZ,2015,14.59,14.59
Kyrgyzstan,KGZ,2016,12.15,12.15
Kyrgyzstan,KGZ,2017,14.05,14.05
Kyrgyzstan,KGZ,2018,14.16,14.16
Kyrgyzstan,KGZ,2019,18.09,18.09
Kyrgyzstan,KGZ,2020,,18.09
Kyrgyzstan,KGZ,2021,,18.09
Kyrgyzstan,KGZ,2022,,18.09
Kyrgyzstan,KGZ,2023,,18.09
Kyrgyzstan,KGZ,2024,,18.09
Laos,LAO,1980,,17.06
Laos,LAO,1981,,17.06
Laos,LAO,1982,,17.06
Laos,LAO,1983,,17.06
Laos,LAO,1984,,17.06
Laos,LAO,1985,,17.06
Laos,LAO,1986,,17.06
Laos,LAO,1987,,17.06
Laos,LAO,1988,,17.06
Laos,LAO,1989,,17.06
Laos,LAO,1990,,17.06
Laos,LAO,1991,,17.06
Laos,LAO,1992,17.06,17.06
Laos,LAO,1993,,17.6
Laos,LAO,1994,,18.15
Laos,LAO,1995,,18.6
Laos,LAO,1996,,18.97
Laos,LAO,1997,19.33,19.33
Laos,LAO,1998,,18.97
Laos,LAO,1999,,18.62
Laos,LAO,2000,,18.56
Laos,LAO,2001,,18.4
Laos,LAO,2002,18.01,18.01
Laos,LAO,2003,,18.15
Laos,LAO,2004,,18.47
Laos,LAO,2005,,18.65
Laos,LAO,2006,,18.77
Laos,LAO,2007,18.94,18.94
Laos,LAO,2008,,18.53
Laos,LAO,2009,,18.31
Laos,LAO,2010,,18.02
Laos,LAO,2011,,17.7
Laos,LAO,2012,17.32,17.32
Laos,LAO,2013,,17.82
Laos,LAO,2014,,18.36
Laos,LAO,2015,,18.74
Laos,LAO,2016,,19.13
Laos,LAO,2017,,19.44
Laos,LAO,2018,19.71,19.71
Laos,LAO,2019,,19.71
Laos,LAO,2020,,19.71
Laos,LAO,2021,,19.71
Laos,LAO,2022,,19.71
Laos,LAO,2023,,19.71
Laos,LAO,2024,,19.71
Latin America (WID),,1820,23.4,23.4
Latin America (WID),,1850,23.72,23.72
Latin America (WID),,1880,24.56,24.56
Latin America (WID),,1900,24.38,24.38
Latin America (WID),,1910,25.42,25.42
Latin America (WID),,1920,25.74,25.74
Latin America (WID),,1930,26.88,26.88
Latin America (WID),,1940,28.2,28.2
Latin America (WID),,1950,25.2,25.2
Latin America (WID),,1960,20.18,20.18
Latin America (WID),,1970,21.77,21.77
Latin America (WID),,1980,21.82,21.82
Latin America (WID),,1981,21.62,21.62
Latin America (WID),,1982,21.62,21.62
Latin America (WID),,1983,21.54,21.54
Latin America (WID),,1984,21.64,21.64
Latin America (WID),,1985,21.9,21.9
Latin America (WID),,1986,21.93,21.93
Latin America (WID),,1987,21.92,21.92
Latin America (WID),,1988,21.75,21.75
Latin America (WID),,1989,21.92,21.92
Latin America (WID),,1990,21.97,21.97
Latin America (WID),,1991,21.84,21.84
Latin America (WID),,1992,21.7,21.7
Latin America (WID),,1993,21.65,21.65
Latin America (WID),,1994,21.66,21.66
Latin America (WID),,1995,22.21,22.21
Latin America (WID),,1996,22.04,22.04
Latin America (WID),,1997,21.91,21.91
Latin America (WID),,1998,21.63,21.63
Latin America (WID),,1999,21.68,21.68
Latin America (WID),,2000,21.74,21.74
Latin America (WID),,2001,21.71,21.71
Latin America (WID),,2002,21.68,21.68
Latin America (WID),,2003,22.96,22.96
Latin America (WID),,2004,24.85,24.85
Latin America (WID),,2005,23.49,23.49
Latin America (WID),,2006,23.45,23.45
Latin America (WID),,2007,25.66,25.66
Latin America (WID),,2008,26.28,26.28
Latin America (WID),,2009,25.27,25.27
Latin America (WID),,2010,26.79,26.79
Latin America (WID),,2011,27.63,27.63
Latin America (WID),,2012,27.94,27.94
Latin America (WID),,2013,27.61,27.61
Latin America (WID),,2014,28.51,28.51
Latin America (WID),,2015,26.18,26.18
Latin America (WID),,2016,25.05,25.05
Latin America (WID),,2017,25.12,25.12
Latin America (WID),,2018,25.39,25.39
Latin America (WID),,2019,25.37,25.37
Latin America (WID),,2020,25.61,25.61
Latin America (WID),,2021,25.5,25.5
Latin America (WID),,2022,24.29,24.29
Latin America (WID),,2023,24.59,24.59
Latin America (WID),,2024,24.63,24.63
Latvia,LVA,1980,,3.7
Latvia,LVA,1981,,3.7
Latvia,LVA,1982,,3.7
Latvia,LVA,1983,,3.7
Latvia,LVA,1984,,3.7
Latvia,LVA,1985,,3.7
Latvia,LVA,1986,,3.7
Latvia,LVA,1987,,3.7
Latvia,LVA,1988,3.7,3.7
Latvia,LVA,1989,,3.94
Latvia,LVA,1990,,4.2
Latvia,LVA,1991,,4.98
Latvia,LVA,1992,,5.98
Latvia,LVA,1993,6.93,6.93
Latvia,LVA,1994,,8.23
Latvia,LVA,1995,,9.86
Latvia,LVA,1996,9.96,9.96
Latvia,LVA,1997,10.12,10.12
Latvia,LVA,1998,10.97,10.97
Latvia,LVA,1999,10.25,10.25
Latvia,LVA,2000,10.37,10.37
Latvia,LVA,2001,,9.78
Latvia,LVA,2002,,10.87
Latvia,LVA,2003,11.11,11.11
Latvia,LVA,2004,11.31,11.31
Latvia,LVA,2005,11.95,11.95
Latvia,LVA,2006,9.81,9.81
Latvia,LVA,2007,10.87,10.87
Latvia,LVA,2008,10.91,10.91
Latvia,LVA,2009,11.59,11.59
Latvia,LVA,2010,9.76,9.76
Latvia,LVA,2011,10.63,10.63
Latvia,LVA,2012,11.44,11.44
Latvia,LVA,2013,11.73,11.73
Latvia,LVA,2014,10.61,10.61
Latvia,LVA,2015,10.1,10.1
Latvia,LVA,2016,8.59,8.59
Latvia,LVA,2017,9.94,9.94
Latvia,LVA,2018,9.92,9.92
Latvia,LVA,2019,9.41,9.41
Latvia,LVA,2020,9.41,9.41
Latvia,LVA,2021,9.63,9.63
Latvia,LVA,2022,9.61,9.61
Latvia,LVA,2023,,9.33
Latvia,LVA,2024,,9.33
Lebanon,LBN,1980,,20.41
Lebanon,LBN,1981,,20.41
Lebanon,LBN,1982,,20.41
Lebanon,LBN,1983,,20.41
Lebanon,LBN,1984,,20.41
Lebanon,LBN,1985,,20.41
Lebanon,LBN,1986,,20.41
Lebanon,LBN,1987,,20.41
Lebanon,LBN,1988,,20.41
Lebanon,LBN,1989,,20.41
Lebanon,LBN,1990,,20.41
Lebanon,LBN,1991,,20.41
Lebanon,LBN,1992,,20.41
Lebanon,LBN,1993,,20.41
Lebanon,LBN,1994,,20.41
Lebanon,LBN,1995,,20.41
Lebanon,LBN,1996,,20.41
Lebanon,LBN,1997,,20.41
Lebanon,LBN,1998,,20.41
Lebanon,LBN,1999,,20.41
Lebanon,LBN,2000,,20.41
Lebanon,LBN,2001,,20.41
Lebanon,LBN,2002,,20.41
Lebanon,LBN,2003,,20.41
Lebanon,LBN,2004,,20.41
Lebanon,LBN,2005,,20.41
Lebanon,LBN,2006,20.35,20.35
Lebanon,LBN,2007,22.09,22.09
Lebanon,LBN,2008,22.04,22.04
Lebanon,LBN,2009,20.57,20.57
Lebanon,LBN,2010,21.04,21.04
Lebanon,LBN,2011,21.51,21.51
Lebanon,LBN,2012,21.85,21.85
Lebanon,LBN,2013,21.15,21.15
Lebanon,LBN,2014,21.4,21.4
Lebanon,LBN,2015,,21.28
Lebanon,LBN,2016,,21.15
Lebanon,LBN,2017,,21.02
Lebanon,LBN,2018,,20.88
Lebanon,LBN,2019,,20.73
Lebanon,LBN,2020,,20.58
Lebanon,LBN,2021,,20.41
Lebanon,LBN,2022,,20.24
Lebanon,LBN,2023,,20.06
Lebanon,LBN,2024,19.88,19.88
Lesotho,LSO,1980,,23.41
Lesotho,LSO,1981,,23.41
Lesotho,LSO,1982,,23.41
Lesotho,LSO,1983,,23.41
Lesotho,LSO,1984,,23.41
Lesotho,LSO,1985,,23.41
Lesotho,LSO,1986,23.41,23.41
Lesotho,LSO,1987,,23.29
Lesotho,LSO,1988,,23.16
Lesotho,LSO,1989,,23.03
Lesotho,LSO,1990,,22.9
Lesotho,LSO,1991,,22.77
Lesotho,LSO,1992,,22.64
Lesotho,LSO,1993,,22.52
Lesotho,LSO,1994,22.39,22.39
Lesotho,LSO,1995,,21.9
Lesotho,LSO,1996,,21.42
Lesotho,LSO,1997,,20.94
Lesotho,LSO,1998,,20.46
Lesotho,LSO,1999,,19.97
Lesotho,LSO,2000,,19.49
Lesotho,LSO,2001,,19
Lesotho,LSO,2002,18.52,18.52
Lesotho,LSO,2003,,18.25
Lesotho,LSO,2004,,17.98
Lesotho,LSO,2005,,17.71
Lesotho,LSO,2006,,17.44
Lesotho,LSO,2007,,17.17
Lesotho,LSO,2008,,16.9
Lesotho,LSO,2009,,16.63
Lesotho,LSO,2010,,16.36
Lesotho,LSO,2011,,16.08
Lesotho,LSO,2012,,15.81
Lesotho,LSO,2013,,15.54
Lesotho,LSO,2014,,15.27
Lesotho,LSO,2015,,15
Lesotho,LSO,2016,,14.73
Lesotho,LSO,2017,14.45,14.45
Lesotho,LSO,2018,,14.45
Lesotho,LSO,2019,,14.45
Lesotho,LSO,2020,,14.45
Lesotho,LSO,2021,,14.45
Lesotho,LSO,2022,,14.45
Lesotho,LSO,2023,,14.45
Lesotho,LSO,2024,,14.45
Liberia,LBR,1980,,12.7
Liberia,LBR,1981,,12.7
Liberia,LBR,1982,,12.7
Liberia,LBR,1983,,12.7
Liberia,LBR,1984,,12.7
Liberia,LBR,1985,,12.7
Liberia,LBR,1986,,12.7
Liberia,LBR,1987,,12.7
Liberia,LBR,1988,,12.7
Liberia,LBR,1989,,12.7
Liberia,LBR,1990,,12.7
Liberia,LBR,1991,,12.7
Liberia,LBR,1992,,12.7
Liberia,LBR,1993,,12.7
Liberia,LBR,1994,,12.7
Liberia,LBR,1995,,12.7
Liberia,LBR,1996,,12.7
Liberia,LBR,1997,,12.7
Liberia,LBR,1998,,12.7
Liberia,LBR,1999,,12.7
Liberia,LBR,2000,,12.7
Liberia,LBR,2001,,12.7
Liberia,LBR,2002,,12.7
Liberia,LBR,2003,,12.7
Liberia,LBR,2004,,12.7
Liberia,LBR,2005,,12.7
Liberia,LBR,2006,,12.7
Liberia,LBR,2007,12.7,12.7
Liberia,LBR,2008,,12.44
Liberia,LBR,2009,,12.18
Liberia,LBR,2010,,11.92
Liberia,LBR,2011,,11.66
Liberia,LBR,2012,,11.4
Liberia,LBR,2013,,11.14
Liberia,LBR,2014,10.88,10.88
Liberia,LBR,2015,,11.54
Liberia,LBR,2016,12.2,12.2
Liberia,LBR,2017,,12.2
Liberia,LBR,2018,,12.2
Liberia,LBR,2019,,12.2
Liberia,LBR,2020,,12.2
Liberia,LBR,2021,,12.2
Liberia,LBR,2022,,12.2
Liberia,LBR,2023,,12.2
Liberia,LBR,2024,,12.2
Libya,LBY,1980,,16.26
Libya,LBY,1981,,16.26
Libya,LBY,1982,,16.27
Libya,LBY,1983,,16.28
Libya,LBY,1984,,16.3
Libya,LBY,1985,,16.11
Libya,LBY,1986,,15.91
Libya,LBY,1987,,15.71
Libya,LBY,1988,,15.51
Libya,LBY,1989,,15.31
Libya,LBY,1990,,15.11
Libya,LBY,1991,,15.12
Libya,LBY,1992,,15.13
Libya,LBY,1993,,15.14
Libya,LBY,1994,,15.14
Libya,LBY,1995,,15.14
Libya,LBY,1996,,15.15
Libya,LBY,1997,,15.15
Libya,LBY,1998,,15.15
Libya,LBY,1999,,15.32
Libya,LBY,2000,,15.49
Libya,LBY,2001,,15.52
Libya,LBY,2002,,15.56
Libya,LBY,2003,,15.59
Libya,LBY,2004,,15.62
Libya,LBY,2005,,15.71
Libya,LBY,2006,,15.78
Libya,LBY,2007,,15.77
Libya,LBY,2008,,15.76
Libya,LBY,2009,,15.41
Libya,LBY,2010,,15.17
Libya,LBY,2011,,14.97
Libya,LBY,2012,,14.77
Libya,LBY,2013,,15.43
Libya,LBY,2014,,16.13
Libya,LBY,2015,,16.73
Libya,LBY,2016,,16.32
Libya,LBY,2017,,15.89
Libya,LBY,2018,,16.3
Libya,LBY,2019,,16.7
Libya,LBY,2020,,16.73
Libya,LBY,2021,,16.77
Libya,LBY,2022,,16.76
Libya,LBY,2023,,16.76
Libya,LBY,2024,,16.76
Liechtenstein,LIE,1980,,9.09
Liechtenstein,LIE,1981,,9.07
Liechtenstein,LIE,1982,,9.04
Liechtenstein,LIE,1983,,9.15
Liechtenstein,LIE,1984,,9.35
Liechtenstein,LIE,1985,,9.37
Liechtenstein,LIE,1986,,9.35
Liechtenstein,LIE,1987,,9.28
Liechtenstein,LIE,1988,,9.33
Liechtenstein,LIE,1989,,9.44
Liechtenstein,LIE,1990,,9.23
Liechtenstein,LIE,1991,,9.15
Liechtenstein,LIE,1992,,9.51
Liechtenstein,LIE,1993,,9.62
Liechtenstein,LIE,1994,,10.07
Liechtenstein,LIE,1995,,9.75
Liechtenstein,LIE,1996,,10.09
Liechtenstein,LIE,1997,,10.68
Liechtenstein,LIE,1998,,10.81
Liechtenstein,LIE,1999,,10.88
Liechtenstein,LIE,2000,,11.29
Liechtenstein,LIE,2001,,10.86
Liechtenstein,LIE,2002,,10.5
Liechtenstein,LIE,2003,,10.74
Liechtenstein,LIE,2004,,11.14
Liechtenstein,LIE,2005,,11.33
Liechtenstein,LIE,2006,,12
Liechtenstein,LIE,2007,,11.98
Liechtenstein,LIE,2008,,10.78
Liechtenstein,LIE,2009,,9.88
Liechtenstein,LIE,2010,,10.93
Liechtenstein,LIE,2011,,10.87
Liechtenstein,LIE,2012,,10.25
Liechtenstein,LIE,2013,,10.4
Liechtenstein,LIE,2014,,10.86
Liechtenstein,LIE,2015,,10.66
Liechtenstein,LIE,2016,,10.78
Liechtenstein,LIE,2017,,10.79
Liechtenstein,LIE,2018,,10.84
Liechtenstein,LIE,2019,,10.5
Liechtenstein,LIE,2020,,10.59
Liechtenstein,LIE,2021,,11.41
Liechtenstein,LIE,2022,,11.51
Liechtenstein,LIE,2023,,11.51
Liechtenstein,LIE,2024,,11.51
Lithuania,LTU,1980,,4.49
Lithuania,LTU,1981,,4.49
Lithuania,LTU,1982,,4.49
Lithuania,LTU,1983,,4.49
Lithuania,LTU,1984,,4.49
Lithuania,LTU,1985,,4.49
Lithuania,LTU,1986,,4.49
Lithuania,LTU,1987,,4.49
Lithuania,LTU,1988,4.49,4.49
Lithuania,LTU,1989,,5.46
Lithuania,LTU,1990,,6.27
Lithuania,LTU,1991,,7.16
Lithuania,LTU,1992,,8.23
Lithuania,LTU,1993,,9.25
Lithuania,LTU,1994,9.33,9.33
Lithuania,LTU,1995,,9.01
Lithuania,LTU,1996,,8.78
Lithuania,LTU,1997,8.73,8.73
Lithuania,LTU,1998,7.73,7.73
Lithuania,LTU,1999,7.41,7.41
Lithuania,LTU,2000,8.2,8.2
Lithuania,LTU,2001,8.31,8.31
Lithuania,LTU,2002,7.9,7.9
Lithuania,LTU,2003,9.08,9.08
Lithuania,LTU,2004,8.84,8.84
Lithuania,LTU,2005,9.85,9.85
Lithuania,LTU,2006,8.84,8.84
Lithuania,LTU,2007,11.94,11.94
Lithuania,LTU,2008,12.29,12.29
Lithuania,LTU,2009,11.44,11.44
Lithuania,LTU,2010,9.47,9.47
Lithuania,LTU,2011,9.9,9.9
Lithuania,LTU,2012,11.74,11.74
Lithuania,LTU,2013,12.22,12.22
Lithuania,LTU,2014,15.03,15.03
Lithuania,LTU,2015,11.25,11.25
Lithuania,LTU,2016,11.17,11.17
Lithuania,LTU,2017,12.45,12.45
Lithuania,LTU,2018,11.66,11.66
Lithuania,LTU,2019,11.09,11.09
Lithuania,LTU,2020,10.55,10.55
Lithuania,LTU,2021,10.03,10.03
Lithuania,LTU,2022,9.53,9.53
Lithuania,LTU,2023,,9.05
Lithuania,LTU,2024,,9.05
Luxembourg,LUX,1980,,12.98
Luxembourg,LUX,1981,,12.98
Luxembourg,LUX,1982,,12.98
Luxembourg,LUX,1983,,12.98
Luxembourg,LUX,1984,,13.01
Luxembourg,LUX,1985,13.03,13.03
Luxembourg,LUX,1986,,13.13
Luxembourg,LUX,1987,,13.19
Luxembourg,LUX,1988,,13.3
Luxembourg,LUX,1989,,13.43
Luxembourg,LUX,1990,,13.46
Luxembourg,LUX,1991,13.45,13.45
Luxembourg,LUX,1992,,13.41
Luxembourg,LUX,1993,,13.43
Luxembourg,LUX,1994,13.47,13.47
Luxembourg,LUX,1995,,13.65
Luxembourg,LUX,1996,,13.86
Luxembourg,LUX,1997,15.09,15.09
Luxembourg,LUX,1998,,17.1
Luxembourg,LUX,1999,,16.37
Luxembourg,LUX,2000,,17.21
Luxembourg,LUX,2001,16.38,16.38
Luxembourg,LUX,2002,14.34,14.34
Luxembourg,LUX,2003,14.4,14.4
Luxembourg,LUX,2004,18.1,18.1
Luxembourg,LUX,2005,18.53,18.53
Luxembourg,LUX,2006,15.52,15.52
Luxembourg,LUX,2007,18.52,18.52
Luxembourg,LUX,2008,17.37,17.37
Luxembourg,LUX,2009,14.05,14.05
Luxembourg,LUX,2010,13.53,13.53
Luxembourg,LUX,2011,12.9,12.9
Luxembourg,LUX,2012,15.87,15.87
Luxembourg,LUX,2013,13.55,13.55
Luxembourg,LUX,2014,13.62,13.62
Luxembourg,LUX,2015,10.62,10.62
Luxembourg,LUX,2016,12.1,12.1
Luxembourg,LUX,2017,13.75,13.75
Luxembourg,LUX,2018,12.52,12.52
Luxembourg,LUX,2019,10.1,10.1
Luxembourg,LUX,2020,10.1,10.1
Luxembourg,LUX,2021,10.39,10.39
Luxembourg,LUX,2022,11.02,11.02
Luxembourg,LUX,2023,,10.23
Luxembourg,LUX,2024,,10.23
Macao,MAC,1980,,8.21
Macao,MAC,1981,,8.21
Macao,MAC,1982,,8.21
Macao,MAC,1983,,8.21
Macao,MAC,1984,,8.21
Macao,MAC,1985,,8.21
Macao,MAC,1986,,8.21
Macao,MAC,1987,,8.21
Macao,MAC,1988,,8.21
Macao,MAC,1989,,8.21
Macao,MAC,1990,,8.21
Macao,MAC,1991,,8.42
Macao,MAC,1992,,8.85
Macao,MAC,1993,,9.29
Macao,MAC,1994,,9.54
Macao,MAC,1995,,9.38
Macao,MAC,1996,,9.65
Macao,MAC,1997,,9.65
Macao,MAC,1998,,9.94
Macao,MAC,1999,,10.02
Macao,MAC,2000,,10.46
Macao,MAC,2001,,10.96
Macao,MAC,2002,,12.65
Macao,MAC,2003,,13.23
Macao,MAC,2004,,13.93
Macao,MAC,2005,,14.3
Macao,MAC,2006,,14.87
Macao,MAC,2007,,15.38
Macao,MAC,2008,,15.29
Macao,MAC,2009,,15.52
Macao,MAC,2010,,15.2
Macao,MAC,2011,,14.67
Macao,MAC,2012,,13.83
Macao,MAC,2013,,13.89
Macao,MAC,2014,,13.74
Macao,MAC,2015,,14
Macao,MAC,2016,,14
Macao,MAC,2017,,14
Macao,MAC,2018,,14
Macao,MAC,2019,,14
Macao,MAC,2020,,14
Macao,MAC,2021,,14
Macao,MAC,2022,,14
Macao,MAC,2023,,14
Macao,MAC,2024,,14
Madagascar,MDG,1980,21.26,21.26
Madagascar,MDG,1981,,21.74
Madagascar,MDG,1982,,22.21
Madagascar,MDG,1983,,22.69
Madagascar,MDG,1984,,23.17
Madagascar,MDG,1985,,23.65
Madagascar,MDG,1986,,24.13
Madagascar,MDG,1987,,24.6
Madagascar,MDG,1988,,25.08
Madagascar,MDG,1989,,25.56
Madagascar,MDG,1990,,26.04
Madagascar,MDG,1991,,26.52
Madagascar,MDG,1992,,26.99
Madagascar,MDG,1993,27.47,27.47
Madagascar,MDG,1994,,24.32
Madagascar,MDG,1995,,21.16
Madagascar,MDG,1996,,18
Madagascar,MDG,1997,14.84,14.84
Madagascar,MDG,1998,,13.32
Madagascar,MDG,1999,11.81,11.81
Madagascar,MDG,2000,,13.83
Madagascar,MDG,2001,15.85,15.85
Madagascar,MDG,2002,,16.53
Madagascar,MDG,2003,,17.2
Madagascar,MDG,2004,,17.88
Madagascar,MDG,2005,18.57,18.57
Madagascar,MDG,2006,,18.59
Madagascar,MDG,2007,,18.62
Madagascar,MDG,2008,,18.65
Madagascar,MDG,2009,,18.68
Madagascar,MDG,2010,18.7,18.7
Madagascar,MDG,2011,,16.94
Madagascar,MDG,2012,15.17,15.17
Madagascar,MDG,2013,,15.04
Madagascar,MDG,2014,,14.91
Madagascar,MDG,2015,,14.78
Madagascar,MDG,2016,,14.64
Madagascar,MDG,2017,,14.51
Madagascar,MDG,2018,,14.38
Madagascar,MDG,2019,,14.25
Madagascar,MDG,2020,,14.11
Madagascar,MDG,2021,13.98,13.98
Madagascar,MDG,2022,,13.98
Madagascar,MDG,2023,,13.98
Madagascar,MDG,2024,,13.98
Malawi,MWI,1938,20.75,20.75
Malawi,MWI,1945,21.51,21.51
Malawi,MWI,1953,22.62,22.62
Malawi,MWI,1954,19.89,19.89
Malawi,MWI,1955,21.09,21.09
Malawi,MWI,1956,22.7,22.7
Malawi,MWI,1957,23.97,23.97
Malawi,MWI,1958,22.92,22.92
Malawi,MWI,1964,27.81,27.81
Malawi,MWI,1965,31.17,31.17
Malawi,MWI,1966,29.83,29.83
Malawi,MWI,1967,32.76,32.76
Malawi,MWI,1968,36.62,36.62
Malawi,MWI,1969,34.88,34.88
Malawi,MWI,1970,38.14,38.14
Malawi,MWI,1971,42.06,42.06
Malawi,MWI,1972,46.85,46.85
Malawi,MWI,1973,43.86,43.86
Malawi,MWI,1974,47.83,47.83
Malawi,MWI,1975,52.28,52.28
Malawi,MWI,1976,49.74,49.74
Malawi,MWI,1977,53.75,53.75
Malawi,MWI,1978,57.95,57.95
Malawi,MWI,1979,56.06,56.06
Malawi,MWI,1980,,64.09
Malawi,MWI,1981,,64.09
Malawi,MWI,1982,,64.09
Malawi,MWI,1983,,64.09
Malawi,MWI,1984,,64.09
Malawi,MWI,1985,,64.09
Malawi,MWI,1986,,64.09
Malawi,MWI,1987,,64.09
Malawi,MWI,1988,,64.09
Malawi,MWI,1989,,64.09
Malawi,MWI,1990,,64.09
Malawi,MWI,1991,,64.09
Malawi,MWI,1992,,64.09
Malawi,MWI,1993,,64.09
Malawi,MWI,1994,,64.09
Malawi,MWI,1995,,64.09
Malawi,MWI,1996,,64.09
Malawi,MWI,1997,64.09,64.09
Malawi,MWI,1998,,57.71
Malawi,MWI,1999,,51.32
Malawi,MWI,2000,,44.92
Malawi,MWI,2001,,38.5
Malawi,MWI,2002,,32.06
Malawi,MWI,2003,,25.61
Malawi,MWI,2004,19.15,19.15
Malawi,MWI,2005,,19.62
Malawi,MWI,2006,,20.09
Malawi,MWI,2007,,20.55
Malawi,MWI,2008,,21.02
Malawi,MWI,2009,,21.49
Malawi,MWI,2010,21.95,21.95
Malawi,MWI,2011,,23.53
Malawi,MWI,2012,,25.1
Malawi,MWI,2013,,26.68
Malawi,MWI,2014,,28.26
Malawi,MWI,2015,,29.84
Malawi,MWI,2016,31.42,31.42
Malawi,MWI,2017,,26.03
Malawi,MWI,2018,,20.63
Malawi,MWI,2019,15.23,15.23
Malawi,MWI,2020,,15.23
Malawi,MWI,2021,,15.23
Malawi,MWI,2022,,15.23
Malawi,MWI,2023,,15.23
Malawi,MWI,2024,,15.23
Malaysia,MYS,1948,16.86,16.86
Malaysia,MYS,1949,15.62,15.62
Malaysia,MYS,1950,16.16,16.16
Malaysia,MYS,1951,15.83,15.83
Malaysia,MYS,1952,16.57,16.57
Malaysia,MYS,1953,15.8,15.8
Malaysia,MYS,1954,16.37,16.37
Malaysia,MYS,1955,17.09,17.09
Malaysia,MYS,1956,17.01,17.01
Malaysia,MYS,1957,17.24,17.24
Malaysia,MYS,1958,17.78,17.78
Malaysia,MYS,1959,17.93,17.93
Malaysia,MYS,1960,18.43,18.43
Malaysia,MYS,1961,18.91,18.91
Malaysia,MYS,1962,18.53,18.53
Malaysia,MYS,1963,18.89,18.89
Malaysia,MYS,1964,19.03,19.03
Malaysia,MYS,1965,18.98,18.98
Malaysia,MYS,1966,18.04,18.04
Malaysia,MYS,1967,18.22,18.22
Malaysia,MYS,1968,18.67,18.67
Malaysia,MYS,1969,18.13,18.13
Malaysia,MYS,1970,19.9,19.9
Malaysia,MYS,1971,19.68,19.68
Malaysia,MYS,1972,19.29,19.29
Malaysia,MYS,1973,20.38,20.38
Malaysia,MYS,1974,19.91,19.91
Malaysia,MYS,1975,19.67,19.67
Malaysia,MYS,1980,,20.13
Malaysia,MYS,1981,,20.13
Malaysia,MYS,1982,,20.13
Malaysia,MYS,1983,,20.13
Malaysia,MYS,1984,20.13,20.13
Malaysia,MYS,1985,,19.81
Malaysia,MYS,1986,,19.47
Malaysia,MYS,1987,19.13,19.13
Malaysia,MYS,1988,,19.14
Malaysia,MYS,1989,19.15,19.15
Malaysia,MYS,1990,,19.16
Malaysia,MYS,1991,,19.17
Malaysia,MYS,1992,19.18,19.18
Malaysia,MYS,1993,,19.37
Malaysia,MYS,1994,,19.53
Malaysia,MYS,1995,19.66,19.66
Malaysia,MYS,1996,,19.79
Malaysia,MYS,1997,19.89,19.89
Malaysia,MYS,1998,,19.64
Malaysia,MYS,1999,,19.41
Malaysia,MYS,2000,,19.2
Malaysia,MYS,2001,,19.01
Malaysia,MYS,2002,18.84,18.84
Malaysia,MYS,2003,,17.88
Malaysia,MYS,2004,16.91,16.91
Malaysia,MYS,2005,,17.32
Malaysia,MYS,2006,,17.72
Malaysia,MYS,2007,18.13,18.13
Malaysia,MYS,2008,,18.09
Malaysia,MYS,2009,18.05,18.05
Malaysia,MYS,2010,,17.52
Malaysia,MYS,2011,,16.99
Malaysia,MYS,2012,16.46,16.46
Malaysia,MYS,2013,,15.66
Malaysia,MYS,2014,14.87,14.87
Malaysia,MYS,2015,,14.87
Malaysia,MYS,2016,11.8,11.8
Malaysia,MYS,2017,,12
Malaysia,MYS,2018,,12.15
Malaysia,MYS,2019,12.22,12.22
Malaysia,MYS,2020,,12.57
Malaysia,MYS,2021,,12.82
Malaysia,MYS,2022,13,13
Malaysia,MYS,2023,,13
Malaysia,MYS,2024,,13
Maldives,MDV,1980,,35.61
Maldives,MDV,1981,,35.61
Maldives,MDV,1982,,35.61
Maldives,MDV,1983,,35.61
Maldives,MDV,1984,,35.61
Maldives,MDV,1985,,35.61
Maldives,MDV,1986,,35.61
Maldives,MDV,1987,,35.61
Maldives,MDV,1988,,35.61
Maldives,MDV,1989,,35.61
Maldives,MDV,1990,,35.61
Maldives,MDV,1991,,35.61
Maldives,MDV,1992,,35.61
Maldives,MDV,1993,,35.61
Maldives,MDV,1994,,35.61
Maldives,MDV,1995,,35.61
Maldives,MDV,1996,,35.61
Maldives,MDV,1997,,35.61
Maldives,MDV,1998,,35.61
Maldives,MDV,1999,,35.61
Maldives,MDV,2000,,35.61
Maldives,MDV,2001,,35.61
Maldives,MDV,2002,35.61,35.61
Maldives,MDV,2003,,33.24
Maldives,MDV,2004,,31.01
Maldives,MDV,2005,,28.7
Maldives,MDV,2006,,26.34
Maldives,MDV,2007,,23.97
Maldives,MDV,2008,,21.31
Maldives,MDV,2009,18.61,18.61
Maldives,MDV,2010,,18.08
Maldives,MDV,2011,,17.12
Maldives,MDV,2012,,16.34
Maldives,MDV,2013,,15.55
Maldives,MDV,2014,,14.71
Maldives,MDV,2015,,13.77
Maldives,MDV,2016,13.07,13.07
Maldives,MDV,2017,,13.08
Maldives,MDV,2018,,13.08
Maldives,MDV,2019,,13.08
Maldives,MDV,2020,,13.08
Maldives,MDV,2021,,13.08
Maldives,MDV,2022,,13.08
Maldives,MDV,2023,,13.08
Maldives,MDV,2024,,13.08
Mali,MLI,1820,,20.33
Mali,MLI,1850,,20.79
Mali,MLI,1880,,21.29
Mali,MLI,1900,,21.58
Mali,MLI,1910,,23.36
Mali,MLI,1920,,21.63
Mali,MLI,1930,,20.29
Mali,MLI,1940,,21
Mali,MLI,1950,,20
Mali,MLI,1960,,22
Mali,MLI,1970,,23
Mali,MLI,1980,,21.64
Mali,MLI,1981,,21.64
Mali,MLI,1982,,21.64
Mali,MLI,1983,,21.64
Mali,MLI,1984,,21.64
Mali,MLI,1985,,21.64
Mali,MLI,1986,,21.64
Mali,MLI,1987,,21.64
Mali,MLI,1988,,21.64
Mali,MLI,1989,,21.64
Mali,MLI,1990,,21.64
Mali,MLI,1991,,21.64
Mali,MLI,1992,,21.64
Mali,MLI,1993,,21.64
Mali,MLI,1994,21.64,21.64
Mali,MLI,1995,,20.52
Mali,MLI,1996,,19.41
Mali,MLI,1997,,18.29
Mali,MLI,1998,,17.17
Mali,MLI,1999,,16.05
Mali,MLI,2000,,14.93
Mali,MLI,2001,13.8,13.8
Mali,MLI,2002,,13.61
Mali,MLI,2003,,13.41
Mali,MLI,2004,,13.22
Mali,MLI,2005,,13.02
Mali,MLI,2006,12.83,12.83
Mali,MLI,2007,,11.78
Mali,MLI,2008,,10.74
Mali,MLI,2009,9.69,9.69
Mali,MLI,2010,,9.94
Mali,MLI,2011,,10.19
Mali,MLI,2012,,10.44
Mali,MLI,2013,,10.69
Mali,MLI,2014,,10.94
Mali,MLI,2015,,11.19
Mali,MLI,2016,,11.44
Mali,MLI,2017,,11.69
Mali,MLI,2018,11.93,11.93
Mali,MLI,2019,,12
Mali,MLI,2020,,12.06
Mali,MLI,2021,12.12,12.12
Mali,MLI,2022,,12.12
Mali,MLI,2023,,12.12
Mali,MLI,2024,,12.12
Malta,MLT,1980,,8.66
Malta,MLT,1981,,8.61
Malta,MLT,1982,,8.58
Malta,MLT,1983,,8.53
Malta,MLT,1984,,8.63
Malta,MLT,1985,,8.68
Malta,MLT,1986,,8.92
Malta,MLT,1987,,8.88
Malta,MLT,1988,,8.95
Malta,MLT,1989,,9.01
Malta,MLT,1990,,8.9
Malta,MLT,1991,,8.87
Malta,MLT,1992,,8.79
Malta,MLT,1993,,8.84
Malta,MLT,1994,,8.98
Malta,MLT,1995,,9.18
Malta,MLT,1996,,8.89
Malta,MLT,1997,,8.99
Malta,MLT,1998,,9.88
Malta,MLT,1999,,9.23
Malta,MLT,2000,,8.75
Malta,MLT,2001,,9
Malta,MLT,2002,,9.13
Malta,MLT,2003,,9.01
Malta,MLT,2004,,8.4
Malta,MLT,2005,,8.2
Malta,MLT,2006,,8.16
Malta,MLT,2007,7.85,7.85
Malta,MLT,2008,8.32,8.32
Malta,MLT,2009,8.83,8.83
Malta,MLT,2010,8.56,8.56
Malta,MLT,2011,9.94,9.94
Malta,MLT,2012,10.32,10.32
Malta,MLT,2013,10.38,10.38
Malta,MLT,2014,10.42,10.42
Malta,MLT,2015,10.63,10.63
Malta,MLT,2016,10.15,10.15
Malta,MLT,2017,10.83,10.83
Malta,MLT,2018,9.95,9.95
Malta,MLT,2019,10.94,10.94
Malta,MLT,2020,10.94,10.94
Malta,MLT,2021,,11.13
Malta,MLT,2022,,11.12
Malta,MLT,2023,,11.05
Malta,MLT,2024,,11.05
Marshall Islands,MHL,1980,,8.85
Marshall Islands,MHL,1981,,9
Marshall Islands,MHL,1982,,9.14
Marshall Islands,MHL,1983,,9.29
Marshall Islands,MHL,1984,,9.44
Marshall Islands,MHL,1985,,9.6
Marshall Islands,MHL,1986,,9.76
Marshall Islands,MHL,1987,,9.92
Marshall Islands,MHL,1988,,10.08
Marshall Islands,MHL,1989,,10.25
Marshall Islands,MHL,1990,,10.42
Marshall Islands,MHL,1991,,10.7
Marshall Islands,MHL,1992,,10.96
Marshall Islands,MHL,1993,,11.22
Marshall Islands,MHL,1994,,11.47
Marshall Islands,MHL,1995,,11.72
Marshall Islands,MHL,1996,,11.95
Marshall Islands,MHL,1997,,12.18
Marshall Islands,MHL,1998,,12.4
Marshall Islands,MHL,1999,,12.61
Marshall Islands,MHL,2000,,12.82
Marshall Islands,MHL,2001,,13.2
Marshall Islands,MHL,2002,,13.58
Marshall Islands,MHL,2003,,13.94
Marshall Islands,MHL,2004,,14.29
Marshall Islands,MHL,2005,,14.64
Marshall Islands,MHL,2006,,14.98
Marshall Islands,MHL,2007,,15.31
Marshall Islands,MHL,2008,,15.64
Marshall Islands,MHL,2009,,15.95
Marshall Islands,MHL,2010,,16.26
Marshall Islands,MHL,2011,,16.24
Marshall Islands,MHL,2012,,16.22
Marshall Islands,MHL,2013,,16.2
Marshall Islands,MHL,2014,,16.18
Marshall Islands,MHL,2015,,16.17
Marshall Islands,MHL,2016,,16.15
Marshall Islands,MHL,2017,,16.13
Marshall Islands,MHL,2018,,16.12
Marshall Islands,MHL,2019,,16.1
Marshall Islands,MHL,2020,,16.09
Marshall Islands,MHL,2021,,16.09
Marshall Islands,MHL,2022,,16.09
Marshall Islands,MHL,2023,,16.09
Marshall Islands,MHL,2024,,16.09
Mauritania,MRT,1980,,12.81
Mauritania,MRT,1981,,12.81
Mauritania,MRT,1982,,12.81
Mauritania,MRT,1983,,12.81
Mauritania,MRT,1984,,12.81
Mauritania,MRT,1985,,12.81
Mauritania,MRT,1986,,12.81
Mauritania,MRT,1987,12.81,12.81
Mauritania,MRT,1988,,15.94
Mauritania,MRT,1989,,19.07
Mauritania,MRT,1990,,22.21
Mauritania,MRT,1991,,25.35
Mauritania,MRT,1992,,28.5
Mauritania,MRT,1993,31.64,31.64
Mauritania,MRT,1994,,22.1
Mauritania,MRT,1995,12.53,12.53
Mauritania,MRT,1996,,12.25
Mauritania,MRT,1997,,11.97
Mauritania,MRT,1998,,11.69
Mauritania,MRT,1999,,11.41
Mauritania,MRT,2000,11.13,11.13
Mauritania,MRT,2001,,12.53
Mauritania,MRT,2002,,13.94
Mauritania,MRT,2003,,15.34
Mauritania,MRT,2004,16.75,16.75
Mauritania,MRT,2005,,15.13
Mauritania,MRT,2006,,13.51
Mauritania,MRT,2007,,11.89
Mauritania,MRT,2008,10.27,10.27
Mauritania,MRT,2009,,10.35
Mauritania,MRT,2010,,10.43
Mauritania,MRT,2011,,10.51
Mauritania,MRT,2012,,10.59
Mauritania,MRT,2013,,10.67
Mauritania,MRT,2014,10.75,10.75
Mauritania,MRT,2015,,10.6
Mauritania,MRT,2016,,10.44
Mauritania,MRT,2017,,10.28
Mauritania,MRT,2018,,10.12
Mauritania,MRT,2019,9.97,9.97
Mauritania,MRT,2020,,9.97
Mauritania,MRT,2021,,9.97
Mauritania,MRT,2022,,9.97
Mauritania,MRT,2023,,9.97
Mauritania,MRT,2024,,9.97
Mauritius,MUS,1933,21.13,21.13
Mauritius,MUS,1934,19.81,19.81
Mauritius,MUS,1935,20.37,20.37
Mauritius,MUS,1936,19.33,19.33
Mauritius,MUS,1937,19.79,19.79
Mauritius,MUS,1938,21.21,21.21
Mauritius,MUS,1939,19.45,19.45
Mauritius,MUS,1940,21,21
Mauritius,MUS,1941,20.2,20.2
Mauritius,MUS,1942,20.75,20.75
Mauritius,MUS,1943,20.37,20.37
Mauritius,MUS,1944,20.96,20.96
Mauritius,MUS,1945,20.21,20.21
Mauritius,MUS,1946,18.85,18.85
Mauritius,MUS,1947,19.4,19.4
Mauritius,MUS,1948,19.76,19.76
Mauritius,MUS,1949,18.85,18.85
Mauritius,MUS,1950,20,20
Mauritius,MUS,1951,19.69,19.69
Mauritius,MUS,1952,20.35,20.35
Mauritius,MUS,1953,19.9,19.9
Mauritius,MUS,1954,20.13,20.13
Mauritius,MUS,1955,20.73,20.73
Mauritius,MUS,1956,20.3,20.3
Mauritius,MUS,1957,20.7,20.7
Mauritius,MUS,1958,21.17,21.17
Mauritius,MUS,1959,21.36,21.36
Mauritius,MUS,1960,22,22
Mauritius,MUS,1961,21.77,21.77
Mauritius,MUS,1962,21.1,21.1
Mauritius,MUS,1963,21.89,21.89
Mauritius,MUS,1964,20.86,20.86
Mauritius,MUS,1965,20.09,20.09
Mauritius,MUS,1966,20.03,20.03
Mauritius,MUS,1967,19.85,19.85
Mauritius,MUS,1968,18.91,18.91
Mauritius,MUS,1969,19.46,19.46
Mauritius,MUS,1970,18.93,18.93
Mauritius,MUS,1971,18,18
Mauritius,MUS,1972,16.98,16.98
Mauritius,MUS,1975,15.96,15.96
Mauritius,MUS,1976,15.99,15.99
Mauritius,MUS,1977,14.96,14.96
Mauritius,MUS,1978,14.07,14.07
Mauritius,MUS,1979,13.8,13.8
Mauritius,MUS,1980,,13.75
Mauritius,MUS,1981,,13.75
Mauritius,MUS,1982,,13.75
Mauritius,MUS,1983,,13.75
Mauritius,MUS,1984,,13.75
Mauritius,MUS,1985,,13.75
Mauritius,MUS,1986,,13.75
Mauritius,MUS,1987,,13.75
Mauritius,MUS,1988,,13.75
Mauritius,MUS,1989,,13.75
Mauritius,MUS,1990,,13.75
Mauritius,MUS,1991,,13.75
Mauritius,MUS,1992,,13.75
Mauritius,MUS,1993,,13.75
Mauritius,MUS,1994,,13.75
Mauritius,MUS,1995,,13.75
Mauritius,MUS,1996,,13.75
Mauritius,MUS,1997,,13.75
Mauritius,MUS,1998,,13.75
Mauritius,MUS,1999,,13.75
Mauritius,MUS,2000,,13.75
Mauritius,MUS,2001,,13.75
Mauritius,MUS,2002,,13.75
Mauritius,MUS,2003,,13.75
Mauritius,MUS,2004,,13.75
Mauritius,MUS,2005,,13.75
Mauritius,MUS,2006,13.75,13.75
Mauritius,MUS,2007,,14.29
Mauritius,MUS,2008,,14.84
Mauritius,MUS,2009,,15.38
Mauritius,MUS,2010,,15.93
Mauritius,MUS,2011,,16.47
Mauritius,MUS,2012,17.01,17.01
Mauritius,MUS,2013,,16.79
Mauritius,MUS,2014,,16.57
Mauritius,MUS,2015,,16.34
Mauritius,MUS,2016,,16.12
Mauritius,MUS,2017,15.89,15.89
Mauritius,MUS,2018,,15.89
Mauritius,MUS,2019,,15.89
Mauritius,MUS,2020,,15.89
Mauritius,MUS,2021,,15.89
Mauritius,MUS,2022,,15.89
Mauritius,MUS,2023,,15.89
Mauritius,MUS,2024,,15.89
Mexico,MEX,1820,,22.7
Mexico,MEX,1850,,22.94
Mexico,MEX,1880,,23.18
Mexico,MEX,1900,,23.42
Mexico,MEX,1910,,23.9
Mexico,MEX,1920,,23.9
Mexico,MEX,1930,,25.4
Mexico,MEX,1940,,27.25
Mexico,MEX,1950,,24.33
Mexico,MEX,1960,,19.02
Mexico,MEX,1970,,20.31
Mexico,MEX,1980,,12.45
Mexico,MEX,1981,,12.45
Mexico,MEX,1982,,12.45
Mexico,MEX,1983,,12.45
Mexico,MEX,1984,,12.45
Mexico,MEX,1985,,12.45
Mexico,MEX,1986,,12.45
Mexico,MEX,1987,,12.45
Mexico,MEX,1988,,12.45
Mexico,MEX,1989,,12.45
Mexico,MEX,1990,,12.45
Mexico,MEX,1991,,12.45
Mexico,MEX,1992,,12.45
Mexico,MEX,1993,,12.45
Mexico,MEX,1994,,12.45
Mexico,MEX,1995,,12.45
Mexico,MEX,1996,,12.45
Mexico,MEX,1997,,12.45
Mexico,MEX,1998,,12.45
Mexico,MEX,1999,,12.45
Mexico,MEX,2000,12.45,12.45
Mexico,MEX,2001,,12.45
Mexico,MEX,2002,12.45,12.45
Mexico,MEX,2003,,16.34
Mexico,MEX,2004,20.23,20.23
Mexico,MEX,2005,,18.03
Mexico,MEX,2006,15.84,15.84
Mexico,MEX,2007,,20.51
Mexico,MEX,2008,25.19,25.19
Mexico,MEX,2009,,28.5
Mexico,MEX,2010,31.82,31.82
Mexico,MEX,2011,,32.64
Mexico,MEX,2012,33.47,33.47
Mexico,MEX,2013,,34.99
Mexico,MEX,2014,36.52,36.52
Mexico,MEX,2015,,33.1
Mexico,MEX,2016,29.67,29.67
Mexico,MEX,2017,,31.76
Mexico,MEX,2018,33.85,33.85
Mexico,MEX,2019,,31.34
Mexico,MEX,2020,28.83,28.83
Mexico,MEX,2021,,27.2
Mexico,MEX,2022,25.57,25.57
Mexico,MEX,2023,,25.57
Mexico,MEX,2024,,25.57
Micronesia (country),FSM,1980,,8.85
Micronesia (country),FSM,1981,,9
Micronesia (country),FSM,1982,,9.14
Micronesia (country),FSM,1983,,9.29
Micronesia (country),FSM,1984,,9.44
Micronesia (country),FSM,1985,,9.6
Micronesia (country),FSM,1986,,9.76
Micronesia (country),FSM,1987,,9.92
Micronesia (country),FSM,1988,,10.08
Micronesia (country),FSM,1989,,10.25
Micronesia (country),FSM,1990,,10.42
Micronesia (country),FSM,1991,,10.7
Micronesia (country),FSM,1992,,10.96
Micronesia (country),FSM,1993,,11.22
Micronesia (country),FSM,1994,,11.47
Micronesia (country),FSM,1995,,11.72
Micronesia (country),FSM,1996,,11.95
Micronesia (country),FSM,1997,,12.18
Micronesia (country),FSM,1998,,12.4
Micronesia (country),FSM,1999,,12.61
Micronesia (country),FSM,2000,,12.82
Micronesia (country),FSM,2001,,13.2
Micronesia (country),FSM,2002,,13.58
Micronesia (country),FSM,2003,,13.94
Micronesia (country),FSM,2004,,14.29
Micronesia (country),FSM,2005,,14.64
Micronesia (country),FSM,2006,,14.98
Micronesia (country),FSM,2007,,15.31
Micronesia (country),FSM,2008,,15.64
Micronesia (country),FSM,2009,,15.95
Micronesia (country),FSM,2010,,16.26
Micronesia (country),FSM,2011,,16.24
Micronesia (country),FSM,2012,,16.22
Micronesia (country),FSM,2013,,16.2
Micronesia (country),FSM,2014,,16.18
Micronesia (country),FSM,2015,,16.17
Micronesia (country),FSM,2016,,16.15
Micronesia (country),FSM,2017,,16.13
Micronesia (country),FSM,2018,,16.12
Micronesia (country),FSM,2019,,16.1
Micronesia (country),FSM,2020,,16.09
Micronesia (country),FSM,2021,,16.09
Micronesia (country),FSM,2022,,16.09
Micronesia (country),FSM,2023,,16.09
Micronesia (country),FSM,2024,,16.09
Middle East and North Africa (WID),,1820,23.94,23.94
Middle East and North Africa (WID),,1850,24.24,24.24
Middle East and North Africa (WID),,1880,24.76,24.76
Middle East and North Africa (WID),,1900,25.66,25.66
Middle East and North Africa (WID),,1910,27.2,27.2
Middle East and North Africa (WID),,1920,27.65,27.65
Middle East and North Africa (WID),,1930,27.31,27.31
Middle East and North Africa (WID),,1940,26.99,26.99
Middle East and North Africa (WID),,1950,24.56,24.56
Middle East and North Africa (WID),,1960,26.48,26.48
Middle East and North Africa (WID),,1970,30.15,30.15
Middle East and North Africa (WID),,1980,33.35,33.35
Middle East and North Africa (WID),,1981,32.88,32.88
Middle East and North Africa (WID),,1982,30.01,30.01
Middle East and North Africa (WID),,1983,28.64,28.64
Middle East and North Africa (WID),,1984,28.33,28.33
Middle East and North Africa (WID),,1985,27.37,27.37
Middle East and North Africa (WID),,1986,28.16,28.16
Middle East and North Africa (WID),,1987,27.16,27.16
Middle East and North Africa (WID),,1988,27.43,27.43
Middle East and North Africa (WID),,1989,27.06,27.06
Middle East and North Africa (WID),,1990,27.03,27.03
Middle East and North Africa (WID),,1991,27.47,27.47
Middle East and North Africa (WID),,1992,26.83,26.83
Middle East and North Africa (WID),,1993,26.19,26.19
Middle East and North Africa (WID),,1994,26.03,26.03
Middle East and North Africa (WID),,1995,26.02,26.02
Middle East and North Africa (WID),,1996,25.99,25.99
Middle East and North Africa (WID),,1997,25.87,25.87
Middle East and North Africa (WID),,1998,25.39,25.39
Middle East and North Africa (WID),,1999,25.28,25.28
Middle East and North Africa (WID),,2000,25.57,25.57
Middle East and North Africa (WID),,2001,25.01,25.01
Middle East and North Africa (WID),,2002,24.51,24.51
Middle East and North Africa (WID),,2003,24.63,24.63
Middle East and North Africa (WID),,2004,24.63,24.63
Middle East and North Africa (WID),,2005,24.08,24.08
Middle East and North Africa (WID),,2006,23.9,23.9
Middle East and North Africa (WID),,2007,23.62,23.62
Middle East and North Africa (WID),,2008,23.45,23.45
Middle East and North Africa (WID),,2009,23.37,23.37
Middle East and North Africa (WID),,2010,22.9,22.9
Middle East and North Africa (WID),,2011,23.12,23.12
Middle East and North Africa (WID),,2012,23.42,23.42
Middle East and North Africa (WID),,2013,23.01,23.01
Middle East and North Africa (WID),,2014,23.34,23.34
Middle East and North Africa (WID),,2015,23.5,23.5
Middle East and North Africa (WID),,2016,23.03,23.03
Middle East and North Africa (WID),,2017,22.98,22.98
Middle East and North Africa (WID),,2018,23.31,23.31
Middle East and North Africa (WID),,2019,23.42,23.42
Middle East and North Africa (WID),,2020,23.57,23.57
Middle East and North Africa (WID),,2021,23.26,23.26
Middle East and North Africa (WID),,2022,24.21,24.21
Middle East and North Africa (WID),,2023,24.45,24.45
Middle East and North Africa (WID),,2024,23.88,23.88
Moldova,MDA,1980,,4.98
Moldova,MDA,1981,,4.98
Moldova,MDA,1982,,4.98
Moldova,MDA,1983,,4.98
Moldova,MDA,1984,,4.98
Moldova,MDA,1985,,4.98
Moldova,MDA,1986,,4.98
Moldova,MDA,1987,,4.98
Moldova,MDA,1988,4.98,4.98
Moldova,MDA,1989,,5.69
Moldova,MDA,1990,,6.29
Moldova,MDA,1991,,7.19
Moldova,MDA,1992,,8.03
Moldova,MDA,1993,9.03,9.03
Moldova,MDA,1994,,9.56
Moldova,MDA,1995,,9.97
Moldova,MDA,1996,,10.26
Moldova,MDA,1997,,10.82
Moldova,MDA,1998,9.25,9.25
Moldova,MDA,1999,,9.02
Moldova,MDA,2000,,9
Moldova,MDA,2001,8.87,8.87
Moldova,MDA,2002,9.19,9.19
Moldova,MDA,2003,9.68,9.68
Moldova,MDA,2004,9.56,9.56
Moldova,MDA,2005,9.93,9.93
Moldova,MDA,2006,10.15,10.15
Moldova,MDA,2007,10.63,10.63
Moldova,MDA,2008,11.21,11.21
Moldova,MDA,2009,11.42,11.42
Moldova,MDA,2010,10.93,10.93
Moldova,MDA,2011,11.24,11.24
Moldova,MDA,2012,11.12,11.12
Moldova,MDA,2013,10.77,10.77
Moldova,MDA,2014,10.78,10.78
Moldova,MDA,2015,11.32,11.32
Moldova,MDA,2016,10.85,10.85
Moldova,MDA,2017,11.02,11.02
Moldova,MDA,2018,10.91,10.91
Moldova,MDA,2019,11.23,11.23
Moldova,MDA,2020,11.23,11.23
Moldova,MDA,2021,11.79,11.79
Moldova,MDA,2022,,11.81
Moldova,MDA,2023,,12.45
Moldova,MDA,2024,,12.45
Monaco,MCO,1980,,9.09
Monaco,MCO,1981,,9.07
Monaco,MCO,1982,,9.04
Monaco,MCO,1983,,9.15
Monaco,MCO,1984,,9.35
Monaco,MCO,1985,,9.37
Monaco,MCO,1986,,9.35
Monaco,MCO,1987,,9.28
Monaco,MCO,1988,,9.33
Monaco,MCO,1989,,9.44
Monaco,MCO,1990,,9.23
Monaco,MCO,1991,,9.15
Monaco,MCO,1992,,9.51
Monaco,MCO,1993,,9.62
Monaco,MCO,1994,,10.07
Monaco,MCO,1995,,9.75
Monaco,MCO,1996,,10.09
Monaco,MCO,1997,,10.68
Monaco,MCO,1998,,10.81
Monaco,MCO,1999,,10.88
Monaco,MCO,2000,,11.29
Monaco,MCO,2001,,10.86
Monaco,MCO,2002,,10.5
Monaco,MCO,2003,,10.74
Monaco,MCO,2004,,11.14
Monaco,MCO,2005,,11.33
Monaco,MCO,2006,,12
Monaco,MCO,2007,,11.98
Monaco,MCO,2008,,10.78
Monaco,MCO,2009,,9.88
Monaco,MCO,2010,,10.93
Monaco,MCO,2011,,10.87
Monaco,MCO,2012,,10.25
Monaco,MCO,2013,,10.4
Monaco,MCO,2014,,10.86
Monaco,MCO,2015,,10.66
Monaco,MCO,2016,,10.78
Monaco,MCO,2017,,10.79
Monaco,MCO,2018,,10.84
Monaco,MCO,2019,,10.5
Monaco,MCO,2020,,10.59
Monaco,MCO,2021,,11.41
Monaco,MCO,2022,,11.51
Monaco,MCO,2023,,11.51
Monaco,MCO,2024,,11.51
Mongolia,MNG,1980,,14.84
Mongolia,MNG,1981,,14.84
Mongolia,MNG,1982,,14.84
Mongolia,MNG,1983,,14.84
Mongolia,MNG,1984,,14.84
Mongolia,MNG,1985,,14.84
Mongolia,MNG,1986,,14.84
Mongolia,MNG,1987,,14.84
Mongolia,MNG,1988,,14.84
Mongolia,MNG,1989,,14.84
Mongolia,MNG,1990,,14.84
Mongolia,MNG,1991,,14.84
Mongolia,MNG,1992,,14.84
Mongolia,MNG,1993,,14.84
Mongolia,MNG,1994,,14.84
Mongolia,MNG,1995,14.84,14.84
Mongolia,MNG,1996,,14.93
Mongolia,MNG,1997,,15.03
Mongolia,MNG,1998,15.12,15.12
Mongolia,MNG,1999,,15.31
Mongolia,MNG,2000,,15.5
Mongolia,MNG,2001,,15.69
Mongolia,MNG,2002,15.87,15.87
Mongolia,MNG,2003,,16.35
Mongolia,MNG,2004,,16.75
Mongolia,MNG,2005,,17.1
Mongolia,MNG,2006,,17.21
Mongolia,MNG,2007,16.86,16.86
Mongolia,MNG,2008,,16.15
Mongolia,MNG,2009,,15.4
Mongolia,MNG,2010,,16.27
Mongolia,MNG,2011,16.99,16.99
Mongolia,MNG,2012,17.16,17.16
Mongolia,MNG,2013,,16.82
Mongolia,MNG,2014,17.48,17.48
Mongolia,MNG,2015,,16.73
Mongolia,MNG,2016,16.67,16.67
Mongolia,MNG,2017,,16.43
Mongolia,MNG,2018,16.41,16.41
Mongolia,MNG,2019,,16.05
Mongolia,MNG,2020,,16.05
Mongolia,MNG,2021,,16.05
Mongolia,MNG,2022,,16.05
Mongolia,MNG,2023,,16.05
Mongolia,MNG,2024,,16.05
Montenegro,MNE,1980,,7.26
Montenegro,MNE,1981,,7.26
Montenegro,MNE,1982,,7.26
Montenegro,MNE,1983,,7.26
Montenegro,MNE,1984,7.72,7.72
Montenegro,MNE,1985,7.33,7.33
Montenegro,MNE,1986,6.75,6.75
Montenegro,MNE,1987,7.52,7.52
Montenegro,MNE,1988,8.02,8.02
Montenegro,MNE,1989,,6.69
Montenegro,MNE,1990,6.64,6.64
Montenegro,MNE,1991,,6.95
Montenegro,MNE,1992,,7.27
Montenegro,MNE,1993,,7.63
Montenegro,MNE,1994,,8.02
Montenegro,MNE,1995,,8.51
Montenegro,MNE,1996,,8.5
Montenegro,MNE,1997,,8.57
Montenegro,MNE,1998,8.84,8.84
Montenegro,MNE,1999,,7.74
Montenegro,MNE,2000,,10.5
Montenegro,MNE,2001,9.66,9.66
Montenegro,MNE,2002,,9.82
Montenegro,MNE,2003,,9.91
Montenegro,MNE,2004,,9.74
Montenegro,MNE,2005,,9.4
Montenegro,MNE,2006,8.78,8.78
Montenegro,MNE,2007,9.14,9.14
Montenegro,MNE,2008,9.64,9.64
Montenegro,MNE,2009,9.34,9.34
Montenegro,MNE,2010,,9.68
Montenegro,MNE,2011,,10.35
Montenegro,MNE,2012,10.43,10.43
Montenegro,MNE,2013,9.47,9.47
Montenegro,MNE,2014,9.4,9.4
Montenegro,MNE,2015,10.98,10.98
Montenegro,MNE,2016,10.76,10.76
Montenegro,MNE,2017,,9.07
Montenegro,MNE,2018,,9.03
Montenegro,MNE,2019,,8.74
Montenegro,MNE,2020,8.73,8.73
Montenegro,MNE,2021,9.01,9.01
Montenegro,MNE,2022,,9.32
Montenegro,MNE,2023,,9.12
Montenegro,MNE,2024,,9.12
Montserrat,MSR,1980,,23.75
Montserrat,MSR,1981,,23.64
Montserrat,MSR,1982,,23.53
Montserrat,MSR,1983,,23.42
Montserrat,MSR,1984,,23.31
Montserrat,MSR,1985,,23.19
Montserrat,MSR,1986,,23.07
Montserrat,MSR,1987,,22.95
Montserrat,MSR,1988,,22.83
Montserrat,MSR,1989,,22.7
Montserrat,MSR,1990,,22.58
Montserrat,MSR,1991,,22.57
Montserrat,MSR,1992,,22.55
Montserrat,MSR,1993,,22.54
Montserrat,MSR,1994,,22.53
Montserrat,MSR,1995,,22.52
Montserrat,MSR,1996,,22.51
Montserrat,MSR,1997,,22.5
Montserrat,MSR,1998,,22.49
Montserrat,MSR,1999,,22.48
Montserrat,MSR,2000,,22.47
Montserrat,MSR,2001,,22.31
Montserrat,MSR,2002,,22.16
Montserrat,MSR,2003,,22.02
Montserrat,MSR,2004,,21.89
Montserrat,MSR,2005,,21.76
Montserrat,MSR,2006,,21.64
Montserrat,MSR,2007,,21.53
Montserrat,MSR,2008,,21.42
Montserrat,MSR,2009,,21.31
Montserrat,MSR,2010,,21.21
Montserrat,MSR,2011,,21.2
Montserrat,MSR,2012,,21.2
Montserrat,MSR,2013,,21.2
Montserrat,MSR,2014,,21.2
Montserrat,MSR,2015,,21.19
Montserrat,MSR,2016,,21.19
Montserrat,MSR,2017,,21.19
Montserrat,MSR,2018,,21.18
Montserrat,MSR,2019,,21.18
Montserrat,MSR,2020,,21.18
Montserrat,MSR,2021,,21.18
Montserrat,MSR,2022,,21.18
Montserrat,MSR,2023,,21.18
Montserrat,MSR,2024,,21.18
Morocco,MAR,1820,,22.04
Morocco,MAR,1850,,22.5
Morocco,MAR,1880,,22.87
Morocco,MAR,1900,,23.52
Morocco,MAR,1910,,25.17
Morocco,MAR,1920,,25.78
Morocco,MAR,1930,,25.78
Morocco,MAR,1940,,25.6
Morocco,MAR,1950,,23.02
Morocco,MAR,1960,,26.6
Morocco,MAR,1970,,30.23
Morocco,MAR,1980,,13.43
Morocco,MAR,1981,,13.43
Morocco,MAR,1982,,13.43
Morocco,MAR,1983,,13.43
Morocco,MAR,1984,,13.43
Morocco,MAR,1985,,13.43
Morocco,MAR,1986,,13.43
Morocco,MAR,1987,,13.43
Morocco,MAR,1988,,13.43
Morocco,MAR,1989,,13.43
Morocco,MAR,1990,,13.43
Morocco,MAR,1991,,13.43
Morocco,MAR,1992,,13.43
Morocco,MAR,1993,,13.43
Morocco,MAR,1994,,13.43
Morocco,MAR,1995,,13.43
Morocco,MAR,1996,,13.43
Morocco,MAR,1997,,13.43
Morocco,MAR,1998,,13.43
Morocco,MAR,1999,,13.43
Morocco,MAR,2000,,13.43
Morocco,MAR,2001,,13.43
Morocco,MAR,2002,,13.43
Morocco,MAR,2003,,13.43
Morocco,MAR,2004,,13.43
Morocco,MAR,2005,,13.43
Morocco,MAR,2006,,13.43
Morocco,MAR,2007,,13.43
Morocco,MAR,2008,,13.43
Morocco,MAR,2009,,13.43
Morocco,MAR,2010,,13.43
Morocco,MAR,2011,,13.43
Morocco,MAR,2012,,13.43
Morocco,MAR,2013,13.43,13.43
Morocco,MAR,2014,,13.43
Morocco,MAR,2015,,13.43
Morocco,MAR,2016,,13.43
Morocco,MAR,2017,,13.43
Morocco,MAR,2018,,13.43
Morocco,MAR,2019,,13.43
Morocco,MAR,2020,,13.43
Morocco,MAR,2021,,13.43
Morocco,MAR,2022,,13.43
Morocco,MAR,2023,,13.43
Morocco,MAR,2024,,13.43
Mozambique,MOZ,1980,,24.09
Mozambique,MOZ,1981,,24.09
Mozambique,MOZ,1982,,24.09
Mozambique,MOZ,1983,,24.09
Mozambique,MOZ,1984,,24.09
Mozambique,MOZ,1985,,24.09
Mozambique,MOZ,1986,,24.09
Mozambique,MOZ,1987,,24.09
Mozambique,MOZ,1988,,24.09
Mozambique,MOZ,1989,,24.09
Mozambique,MOZ,1990,,24.09
Mozambique,MOZ,1991,,24.09
Mozambique,MOZ,1992,,24.09
Mozambique,MOZ,1993,,24.09
Mozambique,MOZ,1994,,24.09
Mozambique,MOZ,1995,,24.09
Mozambique,MOZ,1996,24.09,24.09
Mozambique,MOZ,1997,,24.33
Mozambique,MOZ,1998,,24.57
Mozambique,MOZ,1999,,24.82
Mozambique,MOZ,2000,,25.06
Mozambique,MOZ,2001,,25.3
Mozambique,MOZ,2002,25.55,25.55
Mozambique,MOZ,2003,,25.2
Mozambique,MOZ,2004,,24.86
Mozambique,MOZ,2005,,24.51
Mozambique,MOZ,2006,,24.17
Mozambique,MOZ,2007,,23.83
Mozambique,MOZ,2008,23.48,23.48
Mozambique,MOZ,2009,,24.76
Mozambique,MOZ,2010,,26.03
Mozambique,MOZ,2011,,27.3
Mozambique,MOZ,2012,,28.57
Mozambique,MOZ,2013,,29.84
Mozambique,MOZ,2014,31.11,31.11
Mozambique,MOZ,2015,,29.88
Mozambique,MOZ,2016,,28.65
Mozambique,MOZ,2017,,27.43
Mozambique,MOZ,2018,,26.2
Mozambique,MOZ,2019,24.97,24.97
Mozambique,MOZ,2020,,24.21
Mozambique,MOZ,2021,,23.46
Mozambique,MOZ,2022,22.7,22.7
Mozambique,MOZ,2023,,22.7
Mozambique,MOZ,2024,,22.7
Myanmar,MMR,1820,,14.86
Myanmar,MMR,1850,,15.93
Myanmar,MMR,1880,,16.11
Myanmar,MMR,1900,,15.48
Myanmar,MMR,1910,,14.22
Myanmar,MMR,1920,,15.55
Myanmar,MMR,1930,,16.99
Myanmar,MMR,1940,,21.72
Myanmar,MMR,1950,,16.16
Myanmar,MMR,1960,,18.43
Myanmar,MMR,1970,,20.7
Myanmar,MMR,1980,,26.49
Myanmar,MMR,1981,,26.49
Myanmar,MMR,1982,,26.49
Myanmar,MMR,1983,,26.49
Myanmar,MMR,1984,,26.49
Myanmar,MMR,1985,,26.49
Myanmar,MMR,1986,,26.49
Myanmar,MMR,1987,,26.49
Myanmar,MMR,1988,,26.49
Myanmar,MMR,1989,,26.49
Myanmar,MMR,1990,,26.49
Myanmar,MMR,1991,,26.49
Myanmar,MMR,1992,,26.49
Myanmar,MMR,1993,,26.49
Myanmar,MMR,1994,,26.49
Myanmar,MMR,1995,,26.49
Myanmar,MMR,1996,,26.49
Myanmar,MMR,1997,,26.49
Myanmar,MMR,1998,,26.49
Myanmar,MMR,1999,,26.49
Myanmar,MMR,2000,,26.49
Myanmar,MMR,2001,,26.49
Myanmar,MMR,2002,,26.49
Myanmar,MMR,2003,,26.49
Myanmar,MMR,2004,,26.49
Myanmar,MMR,2005,,26.49
Myanmar,MMR,2006,,26.49
Myanmar,MMR,2007,,26.49
Myanmar,MMR,2008,,26.49
Myanmar,MMR,2009,,26.49
Myanmar,MMR,2010,,26.49
Myanmar,MMR,2011,,26.49
Myanmar,MMR,2012,,26.49
Myanmar,MMR,2013,,26.49
Myanmar,MMR,2014,,26.49
Myanmar,MMR,2015,26.49,26.49
Myanmar,MMR,2016,,21.57
Myanmar,MMR,2017,16.71,16.71
Myanmar,MMR,2018,,16.66
Myanmar,MMR,2019,,16.66
Myanmar,MMR,2020,,16.66
Myanmar,MMR,2021,,16.66
Myanmar,MMR,2022,,16.66
Myanmar,MMR,2023,,16.66
Myanmar,MMR,2024,,16.66
Namibia,NAM,1980,,33.15
Namibia,NAM,1981,,33.15
Namibia,NAM,1982,,33.15
Namibia,NAM,1983,,33.15
Namibia,NAM,1984,,33.15
Namibia,NAM,1985,,33.15
Namibia,NAM,1986,,33.15
Namibia,NAM,1987,,33.15
Namibia,NAM,1988,,33.15
Namibia,NAM,1989,,33.15
Namibia,NAM,1990,,33.15
Namibia,NAM,1991,,33.15
Namibia,NAM,1992,,33.15
Namibia,NAM,1993,33.15,33.15
Namibia,NAM,1994,,32.52
Namibia,NAM,1995,,31.9
Namibia,NAM,1996,,31.27
Namibia,NAM,1997,,30.64
Namibia,NAM,1998,,30.01
Namibia,NAM,1999,,29.39
Namibia,NAM,2000,,28.76
Namibia,NAM,2001,,28.13
Namibia,NAM,2002,,27.5
Namibia,NAM,2003,26.87,26.87
Namibia,NAM,2004,,26.78
Namibia,NAM,2005,,26.68
Namibia,NAM,2006,,26.59
Namibia,NAM,2007,,26.49
Namibia,NAM,2008,,26.39
Namibia,NAM,2009,26.3,26.3
Namibia,NAM,2010,,25.51
Namibia,NAM,2011,,24.72
Namibia,NAM,2012,,23.94
Namibia,NAM,2013,,23.15
Namibia,NAM,2014,,22.36
Namibia,NAM,2015,21.58,21.58
Namibia,NAM,2016,,21.58
Namibia,NAM,2017,,21.58
Namibia,NAM,2018,,21.58
Namibia,NAM,2019,,21.58
Namibia,NAM,2020,,21.58
Namibia,NAM,2021,,21.58
Namibia,NAM,2022,,21.58
Namibia,NAM,2023,,21.58
Namibia,NAM,2024,,21.58
Nauru,NRU,1980,,8.85
Nauru,NRU,1981,,9
Nauru,NRU,1982,,9.14
Nauru,NRU,1983,,9.29
Nauru,NRU,1984,,9.44
Nauru,NRU,1985,,9.6
Nauru,NRU,1986,,9.76
Nauru,NRU,1987,,9.92
Nauru,NRU,1988,,10.08
Nauru,NRU,1989,,10.25
Nauru,NRU,1990,,10.42
Nauru,NRU,1991,,10.7
Nauru,NRU,1992,,10.96
Nauru,NRU,1993,,11.22
Nauru,NRU,1994,,11.47
Nauru,NRU,1995,,11.72
Nauru,NRU,1996,,11.95
Nauru,NRU,1997,,12.18
Nauru,NRU,1998,,12.4
Nauru,NRU,1999,,12.61
Nauru,NRU,2000,,12.82
Nauru,NRU,2001,,13.2
Nauru,NRU,2002,,13.58
Nauru,NRU,2003,,13.94
Nauru,NRU,2004,,14.29
Nauru,NRU,2005,,14.64
Nauru,NRU,2006,,14.98
Nauru,NRU,2007,,15.31
Nauru,NRU,2008,,15.64
Nauru,NRU,2009,,15.95
Nauru,NRU,2010,,16.26
Nauru,NRU,2011,,16.24
Nauru,NRU,2012,,16.22
Nauru,NRU,2013,,16.2
Nauru,NRU,2014,,16.18
Nauru,NRU,2015,,16.17
Nauru,NRU,2016,,16.15
Nauru,NRU,2017,,16.13
Nauru,NRU,2018,,16.12
Nauru,NRU,2019,,16.1
Nauru,NRU,2020,,16.09
Nauru,NRU,2021,,16.09
Nauru,NRU,2022,,16.09
Nauru,NRU,2023,,16.09
Nauru,NRU,2024,,16.09
Nepal,NPL,1980,,9.69
Nepal,NPL,1981,,9.69
Nepal,NPL,1982,,9.69
Nepal,NPL,1983,,9.69
Nepal,NPL,1984,9.69,9.69
Nepal,NPL,1985,,10.94
Nepal,NPL,1986,,12.04
Nepal,NPL,1987,,13.01
Nepal,NPL,1988,,13.86
Nepal,NPL,1989,,14.63
Nepal,NPL,1990,,15.33
Nepal,NPL,1991,,15.95
Nepal,NPL,1992,,16.52
Nepal,NPL,1993,,17.04
Nepal,NPL,1994,,17.52
Nepal,NPL,1995,17.95,17.95
Nepal,NPL,1996,,17.59
Nepal,NPL,1997,,17.26
Nepal,NPL,1998,,16.9
Nepal,NPL,1999,,16.66
Nepal,NPL,2000,,16.37
Nepal,NPL,2001,,16.05
Nepal,NPL,2002,,15.94
Nepal,NPL,2003,15.94,15.94
Nepal,NPL,2004,,15.67
Nepal,NPL,2005,,15.48
Nepal,NPL,2006,,15.39
Nepal,NPL,2007,,15.38
Nepal,NPL,2008,,14.7
Nepal,NPL,2009,,14.4
Nepal,NPL,2010,14.58,14.58
Nepal,NPL,2011,,14.32
Nepal,NPL,2012,,14.27
Nepal,NPL,2013,,14.19
Nepal,NPL,2014,,14.02
Nepal,NPL,2015,,13.75
Nepal,NPL,2016,,13.7
Nepal,NPL,2017,,13.72
Nepal,NPL,2018,,13.72
Nepal,NPL,2019,,13.72
Nepal,NPL,2020,,13.72
Nepal,NPL,2021,,13.72
Nepal,NPL,2022,,13.72
Nepal,NPL,2023,,13.72
Nepal,NPL,2024,,13.72
Netherlands,NLD,1820,,20.16
Netherlands,NLD,1850,,20.65
Netherlands,NLD,1880,,20.42
Netherlands,NLD,1900,,25.29
Netherlands,NLD,1910,,24.94
Netherlands,NLD,1914,,23.59
Netherlands,NLD,1915,,23.33
Netherlands,NLD,1916,,23.96
Netherlands,NLD,1917,,23.2
Netherlands,NLD,1918,,22.33
Netherlands,NLD,1919,,22.69
Netherlands,NLD,1920,,21.31
Netherlands,NLD,1921,,20.36
Netherlands,NLD,1922,,20.27
Netherlands,NLD,1923,,18.89
Netherlands,NLD,1924,,18.77
Netherlands,NLD,1925,,18.62
Netherlands,NLD,1926,,17.93
Netherlands,NLD,1927,,17.9
Netherlands,NLD,1928,,17.56
Netherlands,NLD,1929,,17.18
Netherlands,NLD,1930,,16.31
Netherlands,NLD,1931,,15.74
Netherlands,NLD,1932,,15.97
Netherlands,NLD,1933,,14.96
Netherlands,NLD,1934,,15.07
Netherlands,NLD,1935,,15.33
Netherlands,NLD,1936,,14.57
Netherlands,NLD,1937,,14.85
Netherlands,NLD,1938,,14.79
Netherlands,NLD,1939,,14.4
Netherlands,NLD,1940,,14.79
Netherlands,NLD,1941,,14.78
Netherlands,NLD,1946,,11.78
Netherlands,NLD,1950,,10.71
Netherlands,NLD,1952,,10.64
Netherlands,NLD,1953,,10.83
Netherlands,NLD,1957,,9.97
Netherlands,NLD,1958,,10.47
Netherlands,NLD,1959,,10.02
Netherlands,NLD,1960,,10.12
Netherlands,NLD,1962,,9.76
Netherlands,NLD,1964,,9.63
Netherlands,NLD,1966,,9.2
Netherlands,NLD,1967,,8.99
Netherlands,NLD,1970,,8.77
Netherlands,NLD,1973,,7.09
Netherlands,NLD,1975,,6.91
Netherlands,NLD,1977,,6.32
Netherlands,NLD,1980,,6.25
Netherlands,NLD,1981,6.22,6.22
Netherlands,NLD,1982,,6.24
Netherlands,NLD,1983,6.24,6.24
Netherlands,NLD,1984,,6.26
Netherlands,NLD,1985,6.25,6.25
Netherlands,NLD,1986,,6.23
Netherlands,NLD,1987,6.17,6.17
Netherlands,NLD,1988,,6.15
Netherlands,NLD,1989,,6.07
Netherlands,NLD,1990,,5.95
Netherlands,NLD,1991,5.95,5.95
Netherlands,NLD,1992,5.95,5.95
Netherlands,NLD,1993,5.75,5.75
Netherlands,NLD,1994,5.81,5.81
Netherlands,NLD,1995,5.91,5.91
Netherlands,NLD,1996,5.94,5.94
Netherlands,NLD,1997,6.08,6.08
Netherlands,NLD,1998,5.94,5.94
Netherlands,NLD,1999,6.03,6.03
Netherlands,NLD,2000,6.28,6.28
Netherlands,NLD,2001,6.95,6.95
Netherlands,NLD,2002,6.83,6.83
Netherlands,NLD,2003,6.76,6.76
Netherlands,NLD,2004,7.02,7.02
Netherlands,NLD,2005,7.18,7.18
Netherlands,NLD,2006,7.09,7.09
Netherlands,NLD,2007,7.87,7.87
Netherlands,NLD,2008,6.77,6.77
Netherlands,NLD,2009,6.57,6.57
Netherlands,NLD,2010,6.73,6.73
Netherlands,NLD,2011,6.59,6.59
Netherlands,NLD,2012,6.58,6.58
Netherlands,NLD,2013,,6.35
Netherlands,NLD,2014,,6.87
Netherlands,NLD,2015,6.88,6.88
Netherlands,NLD,2016,6.91,6.91
Netherlands,NLD,2017,7.05,7.05
Netherlands,NLD,2018,6.97,6.97
Netherlands,NLD,2019,6.92,6.92
Netherlands,NLD,2020,6.92,6.92
Netherlands,NLD,2021,7.06,7.06
Netherlands,NLD,2022,7.04,7.04
Netherlands,NLD,2023,,7.13
Netherlands,NLD,2024,,7.13
New Caledonia,NCL,1980,,8.85
New Caledonia,NCL,1981,,9
New Caledonia,NCL,1982,,9.14
New Caledonia,NCL,1983,,9.29
New Caledonia,NCL,1984,,9.44
New Caledonia,NCL,1985,,9.6
New Caledonia,NCL,1986,,9.76
New Caledonia,NCL,1987,,9.92
New Caledonia,NCL,1988,,10.08
New Caledonia,NCL,1989,,10.25
New Caledonia,NCL,1990,,10.42
New Caledonia,NCL,1991,,10.7
New Caledonia,NCL,1992,,10.96
New Caledonia,NCL,1993,,11.22
New Caledonia,NCL,1994,,11.47
New Caledonia,NCL,1995,,11.72
New Caledonia,NCL,1996,,11.95
New Caledonia,NCL,1997,,12.18
New Caledonia,NCL,1998,,12.4
New Caledonia,NCL,1999,,12.61
New Caledonia,NCL,2000,,12.82
New Caledonia,NCL,2001,,13.2
New Caledonia,NCL,2002,,13.58
New Caledonia,NCL,2003,,13.94
New Caledonia,NCL,2004,,14.29
New Caledonia,NCL,2005,,14.64
New Caledonia,NCL,2006,,14.98
New Caledonia,NCL,2007,,15.31
New Caledonia,NCL,2008,,15.64
New Caledonia,NCL,2009,,15.95
New Caledonia,NCL,2010,,16.26
New Caledonia,NCL,2011,,16.24
New Caledonia,NCL,2012,,16.22
New Caledonia,NCL,2013,,16.2
New Caledonia,NCL,2014,,16.18
New Caledonia,NCL,2015,,16.17
New Caledonia,NCL,2016,,16.15
New Caledonia,NCL,2017,,16.13
New Caledonia,NCL,2018,,16.12
New Caledonia,NCL,2019,,16.1
New Caledonia,NCL,2020,,16.09
New Caledonia,NCL,2021,,16.09
New Caledonia,NCL,2022,,16.09
New Caledonia,NCL,2023,,16.09
New Caledonia,NCL,2024,,16.09
New Zealand,NZL,1820,,14.43
New Zealand,NZL,1850,,14.75
New Zealand,NZL,1880,,14.59
New Zealand,NZL,1900,,16.21
New Zealand,NZL,1910,,16.21
New Zealand,NZL,1920,,18.84
New Zealand,NZL,1921,20.68,20.68
New Zealand,NZL,1922,19.3,19.3
New Zealand,NZL,1923,20.08,20.08
New Zealand,NZL,1924,19.99,19.99
New Zealand,NZL,1925,20.26,20.26
New Zealand,NZL,1926,19.75,19.75
New Zealand,NZL,1927,19.42,19.42
New Zealand,NZL,1928,20.94,20.94
New Zealand,NZL,1929,19.99,19.99
New Zealand,NZL,1930,19.12,19.12
New Zealand,NZL,1931,19.31,19.31
New Zealand,NZL,1932,19.52,19.52
New Zealand,NZL,1933,19.69,19.69
New Zealand,NZL,1934,18.91,18.91
New Zealand,NZL,1935,18.89,18.89
New Zealand,NZL,1936,19.55,19.55
New Zealand,NZL,1937,15.55,15.55
New Zealand,NZL,1938,13.86,13.86
New Zealand,NZL,1939,14.75,14.75
New Zealand,NZL,1940,13.98,13.98
New Zealand,NZL,1941,13.81,13.81
New Zealand,NZL,1942,13.64,13.64
New Zealand,NZL,1943,13.47,13.47
New Zealand,NZL,1944,13.3,13.3
New Zealand,NZL,1945,13.13,13.13
New Zealand,NZL,1946,14.19,14.19
New Zealand,NZL,1947,14.52,14.52
New Zealand,NZL,1948,14.57,14.57
New Zealand,NZL,1949,15.07,15.07
New Zealand,NZL,1950,17.44,17.44
New Zealand,NZL,1951,14.78,14.78
New Zealand,NZL,1952,14.85,14.85
New Zealand,NZL,1953,14.85,14.85
New Zealand,NZL,1954,14.37,14.37
New Zealand,NZL,1955,13.24,13.24
New Zealand,NZL,1956,13.45,13.45
New Zealand,NZL,1957,13.14,13.14
New Zealand,NZL,1958,11.08,11.08
New Zealand,NZL,1959,11.58,11.58
New Zealand,NZL,1960,11.37,11.37
New Zealand,NZL,1961,11.25,11.25
New Zealand,NZL,1962,11.11,11.11
New Zealand,NZL,1963,11.16,11.16
New Zealand,NZL,1964,11.37,11.37
New Zealand,NZL,1965,10.36,10.36
New Zealand,NZL,1966,10.12,10.12
New Zealand,NZL,1967,10.16,10.16
New Zealand,NZL,1968,10.34,10.34
New Zealand,NZL,1969,10.34,10.34
New Zealand,NZL,1970,10.25,10.25
New Zealand,NZL,1971,10.02,10.02
New Zealand,NZL,1972,11.06,11.06
New Zealand,NZL,1973,11.62,11.62
New Zealand,NZL,1974,10.82,10.82
New Zealand,NZL,1975,9.02,9.02
New Zealand,NZL,1976,10.77,10.77
New Zealand,NZL,1977,8.71,8.71
New Zealand,NZL,1978,8.48,8.48
New Zealand,NZL,1979,8.08,8.08
New Zealand,NZL,1980,7.72,7.72
New Zealand,NZL,1981,7.64,7.64
New Zealand,NZL,1982,7.73,7.73
New Zealand,NZL,1983,8.63,8.63
New Zealand,NZL,1984,8.53,8.53
New Zealand,NZL,1985,8.12,8.12
New Zealand,NZL,1986,7.22,7.22
New Zealand,NZL,1987,7.88,7.88
New Zealand,NZL,1988,8.17,8.17
New Zealand,NZL,1989,9.92,9.92
New Zealand,NZL,1990,11.95,11.95
New Zealand,NZL,1991,10.57,10.57
New Zealand,NZL,1992,11.28,11.28
New Zealand,NZL,1993,11.9,11.9
New Zealand,NZL,1994,12.32,12.32
New Zealand,NZL,1995,12.43,12.43
New Zealand,NZL,1996,11.83,11.83
New Zealand,NZL,1997,12.62,12.62
New Zealand,NZL,1998,13.81,13.81
New Zealand,NZL,1999,15.29,15.29
New Zealand,NZL,2000,11.61,11.61
New Zealand,NZL,2001,12.37,12.37
New Zealand,NZL,2002,12.48,12.48
New Zealand,NZL,2003,12.86,12.86
New Zealand,NZL,2004,21.11,21.11
New Zealand,NZL,2005,16.1,16.1
New Zealand,NZL,2006,10.05,10.05
New Zealand,NZL,2007,10.48,10.48
New Zealand,NZL,2008,16.29,16.29
New Zealand,NZL,2009,18.74,18.74
New Zealand,NZL,2010,22.39,22.39
New Zealand,NZL,2011,19.72,19.72
New Zealand,NZL,2012,13.64,13.64
New Zealand,NZL,2013,12.15,12.15
New Zealand,NZL,2014,11.81,11.81
New Zealand,NZL,2015,11.47,11.47
New Zealand,NZL,2016,11.13,11.13
New Zealand,NZL,2017,11.54,11.54
New Zealand,NZL,2018,10.69,10.69
New Zealand,NZL,2019,11.91,11.91
New Zealand,NZL,2020,13,13
New Zealand,NZL,2021,16.77,16.77
New Zealand,NZL,2022,12.08,12.08
New Zealand,NZL,2023,,12.08
New Zealand,NZL,2024,,12.08
Nicaragua,NIC,1980,,22.27
Nicaragua,NIC,1981,,22.27
Nicaragua,NIC,1982,,22.27
Nicaragua,NIC,1983,,22.27
Nicaragua,NIC,1984,,22.27
Nicaragua,NIC,1985,,22.27
Nicaragua,NIC,1986,,22.27
Nicaragua,NIC,1987,,22.27
Nicaragua,NIC,1988,,22.27
Nicaragua,NIC,1989,,22.27
Nicaragua,NIC,1990,,22.27
Nicaragua,NIC,1991,,22.27
Nicaragua,NIC,1992,,22.27
Nicaragua,NIC,1993,,22.27
Nicaragua,NIC,1994,,22.27
Nicaragua,NIC,1995,,22.27
Nicaragua,NIC,1996,,22.27
Nicaragua,NIC,1997,,22.27
Nicaragua,NIC,1998,,22.27
Nicaragua,NIC,1999,,22.27
Nicaragua,NIC,2000,,22.27
Nicaragua,NIC,2001,,22.79
Nicaragua,NIC,2002,,22.45
Nicaragua,NIC,2003,,23.3
Nicaragua,NIC,2004,,24.14
Nicaragua,NIC,2005,,22.75
Nicaragua,NIC,2006,,23.23
Nicaragua,NIC,2007,,24.73
Nicaragua,NIC,2008,,23.95
Nicaragua,NIC,2009,,22.85
Nicaragua,NIC,2010,,23.78
Nicaragua,NIC,2011,,23.91
Nicaragua,NIC,2012,,23.62
Nicaragua,NIC,2013,,24.9
Nicaragua,NIC,2014,,25.49
Nicaragua,NIC,2015,,23.3
Nicaragua,NIC,2016,,23.45
Nicaragua,NIC,2017,,22.48
Nicaragua,NIC,2018,,22.84
Nicaragua,NIC,2019,,22.66
Nicaragua,NIC,2020,,23.62
Nicaragua,NIC,2021,,22.79
Nicaragua,NIC,2022,,21.99
Nicaragua,NIC,2023,,21.97
Nicaragua,NIC,2024,,21.97
Niger,NER,1820,,20.33
Niger,NER,1850,,20.79
Niger,NER,1880,,21.29
Niger,NER,1900,,21.58
Niger,NER,1910,,23.36
Niger,NER,1920,,21.63
Niger,NER,1930,,20.29
Niger,NER,1940,,21
Niger,NER,1950,,20
Niger,NER,1960,,22
Niger,NER,1970,,23
Niger,NER,1980,,17.41
Niger,NER,1981,,17.41
Niger,NER,1982,,17.41
Niger,NER,1983,,17.41
Niger,NER,1984,,17.41
Niger,NER,1985,,17.41
Niger,NER,1986,,17.41
Niger,NER,1987,,17.41
Niger,NER,1988,,17.41
Niger,NER,1989,,17.41
Niger,NER,1990,,17.41
Niger,NER,1991,,17.41
Niger,NER,1992,17.41,17.41
Niger,NER,1993,,17.1
Niger,NER,1994,16.79,16.79
Niger,NER,1995,,17.42
Niger,NER,1996,,18.06
Niger,NER,1997,,18.7
Niger,NER,1998,,19.34
Niger,NER,1999,,19.97
Niger,NER,2000,,20.61
Niger,NER,2001,,21.25
Niger,NER,2002,,21.89
Niger,NER,2003,,22.52
Niger,NER,2004,,23.16
Niger,NER,2005,23.8,23.8
Niger,NER,2006,,20.06
Niger,NER,2007,16.31,16.31
Niger,NER,2008,,15.29
Niger,NER,2009,,14.27
Niger,NER,2010,,13.25
Niger,NER,2011,12.23,12.23
Niger,NER,2012,,12.02
Niger,NER,2013,,11.81
Niger,NER,2014,11.6,11.6
Niger,NER,2015,,12.76
Niger,NER,2016,,13.92
Niger,NER,2017,,15.07
Niger,NER,2018,16.23,16.23
Niger,NER,2019,,15.53
Niger,NER,2020,,14.83
Niger,NER,2021,14.13,14.13
Niger,NER,2022,,14.13
Niger,NER,2023,,14.13
Niger,NER,2024,,14.13
Nigeria,NGA,1820,,20.33
Nigeria,NGA,1850,,20.79
Nigeria,NGA,1880,,21.29
Nigeria,NGA,1900,,21.58
Nigeria,NGA,1910,,23.36
Nigeria,NGA,1920,,21.63
Nigeria,NGA,1930,,20.29
Nigeria,NGA,1940,,21
Nigeria,NGA,1950,,20
Nigeria,NGA,1952,,20.38
Nigeria,NGA,1953,,20.05
Nigeria,NGA,1954,,20.39
Nigeria,NGA,1955,,20.87
Nigeria,NGA,1956,,20.5
Nigeria,NGA,1957,,20.92
Nigeria,NGA,1958,,21.43
Nigeria,NGA,1959,,21.83
Nigeria,NGA,1960,,22
Nigeria,NGA,1970,,23
Nigeria,NGA,1980,,9.26
Nigeria,NGA,1981,,9.26
Nigeria,NGA,1982,,9.26
Nigeria,NGA,1983,,9.26
Nigeria,NGA,1984,,9.26
Nigeria,NGA,1985,9.26,9.26
Nigeria,NGA,1986,,9.55
Nigeria,NGA,1987,,9.83
Nigeria,NGA,1988,,10.12
Nigeria,NGA,1989,,10.4
Nigeria,NGA,1990,,10.69
Nigeria,NGA,1991,,10.97
Nigeria,NGA,1992,11.26,11.26
Nigeria,NGA,1993,,11.47
Nigeria,NGA,1994,,11.68
Nigeria,NGA,1995,,11.89
Nigeria,NGA,1996,,12.1
Nigeria,NGA,1997,,12.31
Nigeria,NGA,1998,,12.53
Nigeria,NGA,1999,,12.74
Nigeria,NGA,2000,,12.95
Nigeria,NGA,2001,,13.16
Nigeria,NGA,2002,,13.37
Nigeria,NGA,2003,13.59,13.59
Nigeria,NGA,2004,,13.11
Nigeria,NGA,2005,,12.63
Nigeria,NGA,2006,,12.16
Nigeria,NGA,2007,,11.68
Nigeria,NGA,2008,,11.2
Nigeria,NGA,2009,,10.72
Nigeria,NGA,2010,10.24,10.24
Nigeria,NGA,2011,,10.21
Nigeria,NGA,2012,10.19,10.19
Nigeria,NGA,2013,,10.22
Nigeria,NGA,2014,,10.26
Nigeria,NGA,2015,10.3,10.3
Nigeria,NGA,2016,,10.73
Nigeria,NGA,2017,,11.16
Nigeria,NGA,2018,11.59,11.59
Nigeria,NGA,2019,,11.76
Nigeria,NGA,2020,,11.94
Nigeria,NGA,2021,,12.12
Nigeria,NGA,2022,12.29,12.29
Nigeria,NGA,2023,,12.29
Nigeria,NGA,2024,,12.29
North America (WID),,1820,15.72,15.72
North America (WID),,1850,16.92,16.92
North America (WID),,1880,14.76,14.76
North America (WID),,1900,15.71,15.71
North America (WID),,1910,20.17,20.17
North America (WID),,1920,18.88,18.88
North America (WID),,1930,19.01,19.01
North America (WID),,1940,20.43,20.43
North America (WID),,1950,16.36,16.36
North America (WID),,1960,12.42,12.42
North America (WID),,1970,10.51,10.51
North America (WID),,1980,10.22,10.22
North America (WID),,1981,10.49,10.49
North America (WID),,1982,10.78,10.78
North America (WID),,1983,11.33,11.33
North America (WID),,1984,11.97,11.97
North America (WID),,1985,12.09,12.09
North America (WID),,1986,11.81,11.81
North America (WID),,1987,13.04,13.04
North America (WID),,1988,14.97,14.97
North America (WID),,1989,14.43,14.43
North America (WID),,1990,14.52,14.52
North America (WID),,1991,13.5,13.5
North America (WID),,1992,14.55,14.55
North America (WID),,1993,14.04,14.04
North America (WID),,1994,13.92,13.92
North America (WID),,1995,14.42,14.42
North America (WID),,1996,15.15,15.15
North America (WID),,1997,15.9,15.9
North America (WID),,1998,16.25,16.25
North America (WID),,1999,16.66,16.66
North America (WID),,2000,17.27,17.27
North America (WID),,2001,16.52,16.52
North America (WID),,2002,16.02,16.02
North America (WID),,2003,16.25,16.25
North America (WID),,2004,16.98,16.98
North America (WID),,2005,17.96,17.96
North America (WID),,2006,18.39,18.39
North America (WID),,2007,18.26,18.26
North America (WID),,2008,17.8,17.8
North America (WID),,2009,16.57,16.57
North America (WID),,2010,17.75,17.75
North America (WID),,2011,17.91,17.91
North America (WID),,2012,19.28,19.28
North America (WID),,2013,18.28,18.28
North America (WID),,2014,18.75,18.75
North America (WID),,2015,18.7,18.7
North America (WID),,2016,18.47,18.47
North America (WID),,2017,18.86,18.86
North America (WID),,2018,19.04,19.04
North America (WID),,2019,18.84,18.84
North America (WID),,2020,18.03,18.03
North America (WID),,2021,19.75,19.75
North America (WID),,2022,20.48,20.48
North America (WID),,2023,20.49,20.49
North America (WID),,2024,20.5,20.5
North Korea,PRK,1980,,11.88
North Korea,PRK,1981,,11.88
North Korea,PRK,1982,,11.88
North Korea,PRK,1983,,11.88
North Korea,PRK,1984,,11.88
North Korea,PRK,1985,,11.88
North Korea,PRK,1986,,11.88
North Korea,PRK,1987,,11.88
North Korea,PRK,1988,,11.88
North Korea,PRK,1989,,11.88
North Korea,PRK,1990,,11.88
North Korea,PRK,1991,,11.99
North Korea,PRK,1992,,12.2
North Korea,PRK,1993,,12.46
North Korea,PRK,1994,,12.63
North Korea,PRK,1995,,12.58
North Korea,PRK,1996,,12.73
North Korea,PRK,1997,,12.74
North Korea,PRK,1998,,12.89
North Korea,PRK,1999,,12.91
North Korea,PRK,2000,,13.2
North Korea,PRK,2001,,13.48
North Korea,PRK,2002,,14.29
North Korea,PRK,2003,,14.39
North Korea,PRK,2004,,14.65
North Korea,PRK,2005,,14.7
North Korea,PRK,2006,,14.87
North Korea,PRK,2007,,15.25
North Korea,PRK,2008,,15.35
North Korea,PRK,2009,,16.5
North Korea,PRK,2010,,16.81
North Korea,PRK,2011,,15.72
North Korea,PRK,2012,,14.67
North Korea,PRK,2013,,14.57
North Korea,PRK,2014,,14.41
North Korea,PRK,2015,,14.65
North Korea,PRK,2016,,14.76
North Korea,PRK,2017,,14.76
North Korea,PRK,2018,,14.76
North Korea,PRK,2019,,14.76
North Korea,PRK,2020,,14.76
North Korea,PRK,2021,,14.76
North Korea,PRK,2022,,14.76
North Korea,PRK,2023,,14.76
North Korea,PRK,2024,,14.76
North Macedonia,MKD,1980,,6.93
North Macedonia,MKD,1981,,6.93
North Macedonia,MKD,1982,,6.93
North Macedonia,MKD,1983,,6.93
North Macedonia,MKD,1984,7.4,7.4
North Macedonia,MKD,1985,7.05,7.05
North Macedonia,MKD,1986,6.49,6.49
North Macedonia,MKD,1987,7.24,7.24
North Macedonia,MKD,1988,7.75,7.75
North Macedonia,MKD,1989,,6.42
North Macedonia,MKD,1990,6.39,6.39
North Macedonia,MKD,1991,,6.75
North Macedonia,MKD,1992,,7.09
North Macedonia,MKD,1993,,7.48
North Macedonia,MKD,1994,,7.88
North Macedonia,MKD,1995,,8.35
North Macedonia,MKD,1996,10.22,10.22
North Macedonia,MKD,1997,9.32,9.32
North Macedonia,MKD,1998,,8.3
North Macedonia,MKD,1999,,7.85
North Macedonia,MKD,2000,7.91,7.91
North Macedonia,MKD,2001,9.07,9.07
North Macedonia,MKD,2002,7.68,7.68
North Macedonia,MKD,2003,,7.85
North Macedonia,MKD,2004,,7.55
North Macedonia,MKD,2005,,7.47
North Macedonia,MKD,2006,,7.44
North Macedonia,MKD,2007,,7.33
North Macedonia,MKD,2008,,8
North Macedonia,MKD,2009,,7.86
North Macedonia,MKD,2010,,8.02
North Macedonia,MKD,2011,7.99,7.99
North Macedonia,MKD,2012,8.05,8.05
North Macedonia,MKD,2013,8.37,8.37
North Macedonia,MKD,2014,8.55,8.55
North Macedonia,MKD,2015,8.32,8.32
North Macedonia,MKD,2016,8.8,8.8
North Macedonia,MKD,2017,9.41,9.41
North Macedonia,MKD,2018,8.19,8.19
North Macedonia,MKD,2019,,7.87
North Macedonia,MKD,2020,,7.87
North Macedonia,MKD,2021,,8.15
North Macedonia,MKD,2022,,8.46
North Macedonia,MKD,2023,,8.25
North Macedonia,MKD,2024,,8.25
Norway,NOR,1820,,20.16
Norway,NOR,1850,,20.65
Norway,NOR,1875,,20.31
Norway,NOR,1880,,20.42
Norway,NOR,1888,,22.61
Norway,NOR,1892,,23.37
Norway,NOR,1893,,23.78
Norway,NOR,1894,,24.13
Norway,NOR,1895,,24.21
Norway,NOR,1896,,24.18
Norway,NOR,1897,,24.76
Norway,NOR,1898,,25.02
Norway,NOR,1899,,25.24
Norway,NOR,1900,,25.29
Norway,NOR,1901,,25.62
Norway,NOR,1902,,25.25
Norway,NOR,1903,,26.08
Norway,NOR,1906,,26.17
Norway,NOR,1910,,24.94
Norway,NOR,1913,,24.46
Norway,NOR,1920,,21.31
Norway,NOR,1929,,16.87
Norway,NOR,1930,,16.31
Norway,NOR,1938,,15.33
Norway,NOR,1940,,14.79
Norway,NOR,1948,,11.34
Norway,NOR,1949,,10.93
Norway,NOR,1950,,10.71
Norway,NOR,1951,,10.4
Norway,NOR,1952,,10.56
Norway,NOR,1953,,9.9
Norway,NOR,1954,,9.98
Norway,NOR,1955,,10.25
Norway,NOR,1957,,10.66
Norway,NOR,1958,,10.49
Norway,NOR,1959,,10.49
Norway,NOR,1960,,10.12
Norway,NOR,1961,,9.92
Norway,NOR,1962,,9.82
Norway,NOR,1963,,9.55
Norway,NOR,1964,,9.4
Norway,NOR,1965,,9.29
Norway,NOR,1966,,9.07
Norway,NOR,1967,,8.81
Norway,NOR,1968,,8.89
Norway,NOR,1969,,9.01
Norway,NOR,1970,,8.77
Norway,NOR,1971,,8.88
Norway,NOR,1972,,8.52
Norway,NOR,1973,,8.65
Norway,NOR,1974,,8.44
Norway,NOR,1975,,8.22
Norway,NOR,1976,,8.26
Norway,NOR,1977,,8.17
Norway,NOR,1978,,7.79
Norway,NOR,1979,,7.79
Norway,NOR,1980,,7.6
Norway,NOR,1981,,7.45
Norway,NOR,1982,,7.23
Norway,NOR,1983,,7.09
Norway,NOR,1984,,7.88
Norway,NOR,1985,,8.1
Norway,NOR,1986,,5.81
Norway,NOR,1987,,5.66
Norway,NOR,1988,,5.04
Norway,NOR,1989,,5.76
Norway,NOR,1990,,5.94
Norway,NOR,1991,6.08,6.08
Norway,NOR,1992,,6.95
Norway,NOR,1993,,8.12
Norway,NOR,1994,,8.58
Norway,NOR,1995,8.56,8.56
Norway,NOR,1996,,9.9
Norway,NOR,1997,,10.67
Norway,NOR,1998,,8.98
Norway,NOR,1999,,9.98
Norway,NOR,2000,12.77,12.77
Norway,NOR,2001,,10.83
Norway,NOR,2002,,11.59
Norway,NOR,2003,,12.12
Norway,NOR,2004,13.52,13.52
Norway,NOR,2005,,17.83
Norway,NOR,2006,,13.35
Norway,NOR,2007,13.31,13.31
Norway,NOR,2008,,14.05
Norway,NOR,2009,,11.17
Norway,NOR,2010,12.46,12.46
Norway,NOR,2011,,12.47
Norway,NOR,2012,,12.64
Norway,NOR,2013,12.1,12.1
Norway,NOR,2014,,11.75
Norway,NOR,2015,,9.97
Norway,NOR,2016,9.75,9.75
Norway,NOR,2017,,10.18
Norway,NOR,2018,,11.07
Norway,NOR,2019,,9.46
Norway,NOR,2020,9.46,9.46
Norway,NOR,2021,9.45,9.45
Norway,NOR,2022,9.52,9.52
Norway,NOR,2023,,9.52
Norway,NOR,2024,,9.52
Oceania (WID),,1820,14.5,14.5
Oceania (WID),,1850,15.32,15.32
Oceania (WID),,1880,14.74,14.74
Oceania (WID),,1900,16.3,16.3
Oceania (WID),,1910,16.29,16.29
Oceania (WID),,1920,14.74,14.74
Oceania (WID),,1930,13.82,13.82
Oceania (WID),,1940,13.45,13.45
Oceania (WID),,1950,17.58,17.58
Oceania (WID),,1960,8.95,8.95
Oceania (WID),,1970,7.81,7.81
Oceania (WID),,1980,6.38,6.38
Oceania (WID),,1981,6.17,6.17
Oceania (WID),,1982,6.23,6.23
Oceania (WID),,1983,6.68,6.68
Oceania (WID),,1984,6.66,6.66
Oceania (WID),,1985,6.92,6.92
Oceania (WID),,1986,7.14,7.14
Oceania (WID),,1987,8.37,8.37
Oceania (WID),,1988,10.03,10.03
Oceania (WID),,1989,8.6,8.6
Oceania (WID),,1990,8.33,8.33
Oceania (WID),,1991,8.18,8.18
Oceania (WID),,1992,8.08,8.08
Oceania (WID),,1993,8.57,8.57
Oceania (WID),,1994,8.98,8.98
Oceania (WID),,1995,9.25,9.25
Oceania (WID),,1996,9.62,9.62
Oceania (WID),,1997,9.01,9.01
Oceania (WID),,1998,9.78,9.78
Oceania (WID),,1999,10.1,10.1
Oceania (WID),,2000,10.41,10.41
Oceania (WID),,2001,10.36,10.36
Oceania (WID),,2002,11,11
Oceania (WID),,2003,11.12,11.12
Oceania (WID),,2004,13.18,13.18
Oceania (WID),,2005,12.67,12.67
Oceania (WID),,2006,11.39,11.39
Oceania (WID),,2007,12.24,12.24
Oceania (WID),,2008,12.72,12.72
Oceania (WID),,2009,13.4,13.4
Oceania (WID),,2010,15.07,15.07
Oceania (WID),,2011,14.06,14.06
Oceania (WID),,2012,12.51,12.51
Oceania (WID),,2013,12.06,12.06
Oceania (WID),,2014,12.44,12.44
Oceania (WID),,2015,11.94,11.94
Oceania (WID),,2016,11.27,11.27
Oceania (WID),,2017,11.66,11.66
Oceania (WID),,2018,11.2,11.2
Oceania (WID),,2019,11.42,11.42
Oceania (WID),,2020,12.02,12.02
Oceania (WID),,2021,13.43,13.43
Oceania (WID),,2022,12.97,12.97
Oceania (WID),,2023,12.93,12.93
Oceania (WID),,2024,12.95,12.95
Oman,OMN,1980,,19.93
Oman,OMN,1981,,19.93
Oman,OMN,1982,,19.93
Oman,OMN,1983,,19.93
Oman,OMN,1984,,19.93
Oman,OMN,1985,,19.93
Oman,OMN,1986,,19.93
Oman,OMN,1987,,19.93
Oman,OMN,1988,,19.93
Oman,OMN,1989,,19.93
Oman,OMN,1990,,19.93
Oman,OMN,1991,,19.93
Oman,OMN,1992,,19.93
Oman,OMN,1993,,19.93
Oman,OMN,1994,,19.93
Oman,OMN,1995,,19.93
Oman,OMN,1996,,19.93
Oman,OMN,1997,,19.93
Oman,OMN,1998,,19.93
Oman,OMN,1999,,19.93
Oman,OMN,2000,,19.93
Oman,OMN,2001,,19.93
Oman,OMN,2002,,19.93
Oman,OMN,2003,,19.93
Oman,OMN,2004,,19.93
Oman,OMN,2005,,19.93
Oman,OMN,2006,,19.93
Oman,OMN,2007,,19.93
Oman,OMN,2008,,19.93
Oman,OMN,2009,,19.93
Oman,OMN,2010,19.93,19.93
Oman,OMN,2011,,19.93
Oman,OMN,2012,,19.93
Oman,OMN,2013,,19.93
Oman,OMN,2014,,19.93
Oman,OMN,2015,,19.93
Oman,OMN,2016,,19.93
Oman,OMN,2017,,19.93
Oman,OMN,2018,,19.93
Oman,OMN,2019,,19.93
Oman,OMN,2020,,19.93
Oman,OMN,2021,,19.93
Oman,OMN,2022,,19.93
Oman,OMN,2023,,19.93
Oman,OMN,2024,,19.93
Pakistan,PAK,1820,,14.86
Pakistan,PAK,1850,,15.93
Pakistan,PAK,1880,,16.11
Pakistan,PAK,1900,,15.48
Pakistan,PAK,1910,,14.22
Pakistan,PAK,1920,,15.55
Pakistan,PAK,1930,,16.99
Pakistan,PAK,1940,,21.72
Pakistan,PAK,1950,,16.16
Pakistan,PAK,1960,,18.43
Pakistan,PAK,1970,,20.7
Pakistan,PAK,1980,,15.73
Pakistan,PAK,1981,,15.73
Pakistan,PAK,1982,,15.73
Pakistan,PAK,1983,,15.73
Pakistan,PAK,1984,,15.73
Pakistan,PAK,1985,,15.73
Pakistan,PAK,1986,,15.73
Pakistan,PAK,1987,15.73,15.73
Pakistan,PAK,1988,,15.51
Pakistan,PAK,1989,,15.3
Pakistan,PAK,1990,15.09,15.09
Pakistan,PAK,1991,,15.36
Pakistan,PAK,1992,,15.63
Pakistan,PAK,1993,,15.89
Pakistan,PAK,1994,,16.15
Pakistan,PAK,1995,,16.4
Pakistan,PAK,1996,16.65,16.65
Pakistan,PAK,1997,,17.64
Pakistan,PAK,1998,18.56,18.56
Pakistan,PAK,1999,,18.17
Pakistan,PAK,2000,,17.69
Pakistan,PAK,2001,17.17,17.17
Pakistan,PAK,2002,,17.31
Pakistan,PAK,2003,,17.54
Pakistan,PAK,2004,,17.52
Pakistan,PAK,2005,19.3,19.3
Pakistan,PAK,2006,,18.09
Pakistan,PAK,2007,16.92,16.92
Pakistan,PAK,2008,,16.42
Pakistan,PAK,2009,,16.23
Pakistan,PAK,2010,,16.45
Pakistan,PAK,2011,16.85,16.85
Pakistan,PAK,2012,,16.65
Pakistan,PAK,2013,16.43,16.43
Pakistan,PAK,2014,,16.9
Pakistan,PAK,2015,17.26,17.26
Pakistan,PAK,2016,,17.02
Pakistan,PAK,2017,,16.84
Pakistan,PAK,2018,16.65,16.65
Pakistan,PAK,2019,,16.65
Pakistan,PAK,2020,,16.65
Pakistan,PAK,2021,,16.65
Pakistan,PAK,2022,,16.65
Pakistan,PAK,2023,,16.65
Pakistan,PAK,2024,,16.65
Palau,PLW,1980,,8.85
Palau,PLW,1981,,9
Palau,PLW,1982,,9.14
Palau,PLW,1983,,9.29
Palau,PLW,1984,,9.44
Palau,PLW,1985,,9.6
Palau,PLW,1986,,9.76
Palau,PLW,1987,,9.92
Palau,PLW,1988,,10.08
Palau,PLW,1989,,10.25
Palau,PLW,1990,,10.42
Palau,PLW,1991,,10.7
Palau,PLW,1992,,10.96
Palau,PLW,1993,,11.22
Palau,PLW,1994,,11.47
Palau,PLW,1995,,11.72
Palau,PLW,1996,,11.95
Palau,PLW,1997,,12.18
Palau,PLW,1998,,12.4
Palau,PLW,1999,,12.61
Palau,PLW,2000,,12.82
Palau,PLW,2001,,13.2
Palau,PLW,2002,,13.58
Palau,PLW,2003,,13.94
Palau,PLW,2004,,14.29
Palau,PLW,2005,,14.64
Palau,PLW,2006,,14.98
Palau,PLW,2007,,15.31
Palau,PLW,2008,,15.64
Palau,PLW,2009,,15.95
Palau,PLW,2010,,16.26
Palau,PLW,2011,,16.24
Palau,PLW,2012,,16.22
Palau,PLW,2013,,16.2
Palau,PLW,2014,,16.18
Palau,PLW,2015,,16.17
Palau,PLW,2016,,16.15
Palau,PLW,2017,,16.13
Palau,PLW,2018,,16.12
Palau,PLW,2019,,16.1
Palau,PLW,2020,,16.09
Palau,PLW,2021,,16.09
Palau,PLW,2022,,16.09
Palau,PLW,2023,,16.09
Palau,PLW,2024,,16.09
Palestine,PSE,1980,,20.18
Palestine,PSE,1981,,20.18
Palestine,PSE,1982,,20.18
Palestine,PSE,1983,,20.18
Palestine,PSE,1984,,20.18
Palestine,PSE,1985,,20.18
Palestine,PSE,1986,,20.18
Palestine,PSE,1987,,20.18
Palestine,PSE,1988,,20.18
Palestine,PSE,1989,,20.18
Palestine,PSE,1990,,20.18
Palestine,PSE,1991,,20.18
Palestine,PSE,1992,,20.18
Palestine,PSE,1993,,20.18
Palestine,PSE,1994,,20.18
Palestine,PSE,1995,,20.18
Palestine,PSE,1996,,20.18
Palestine,PSE,1997,19.58,19.58
Palestine,PSE,1998,19.49,19.49
Palestine,PSE,1999,,19.63
Palestine,PSE,2000,,19.79
Palestine,PSE,2001,,19.96
Palestine,PSE,2002,,20.14
Palestine,PSE,2003,,20.34
Palestine,PSE,2004,,20.56
Palestine,PSE,2005,,21.62
Palestine,PSE,2006,,21.02
Palestine,PSE,2007,22.73,22.73
Palestine,PSE,2008,,21.11
Palestine,PSE,2009,,19.56
Palestine,PSE,2010,19.67,19.67
Palestine,PSE,2011,18.33,18.33
Palestine,PSE,2012,22.34,22.34
Palestine,PSE,2013,,21.27
Palestine,PSE,2014,,20.24
Palestine,PSE,2015,,19.25
Palestine,PSE,2016,18.29,18.29
Palestine,PSE,2017,,18.04
Palestine,PSE,2018,,17.77
Palestine,PSE,2019,,17.49
Palestine,PSE,2020,,17.2
Palestine,PSE,2021,,16.89
Palestine,PSE,2022,,16.57
Palestine,PSE,2023,16.24,16.24
Palestine,PSE,2024,,16.24
Panama,PAN,1980,,22.27
Panama,PAN,1981,,22.27
Panama,PAN,1982,,22.27
Panama,PAN,1983,,22.27
Panama,PAN,1984,,22.27
Panama,PAN,1985,,22.27
Panama,PAN,1986,,22.27
Panama,PAN,1987,,22.27
Panama,PAN,1988,,22.27
Panama,PAN,1989,,22.27
Panama,PAN,1990,,22.27
Panama,PAN,1991,,22.27
Panama,PAN,1992,,22.27
Panama,PAN,1993,,22.27
Panama,PAN,1994,,22.27
Panama,PAN,1995,,22.27
Panama,PAN,1996,,22.27
Panama,PAN,1997,,22.27
Panama,PAN,1998,,22.27
Panama,PAN,1999,,22.27
Panama,PAN,2000,,22.27
Panama,PAN,2001,,22.79
Panama,PAN,2002,,22.45
Panama,PAN,2003,,23.3
Panama,PAN,2004,,24.14
Panama,PAN,2005,,22.75
Panama,PAN,2006,,23.23
Panama,PAN,2007,,24.73
Panama,PAN,2008,,23.95
Panama,PAN,2009,,22.85
Panama,PAN,2010,,23.78
Panama,PAN,2011,,23.91
Panama,PAN,2012,,23.62
Panama,PAN,2013,,24.9
Panama,PAN,2014,,25.49
Panama,PAN,2015,,23.3
Panama,PAN,2016,,23.45
Panama,PAN,2017,,22.48
Panama,PAN,2018,,22.84
Panama,PAN,2019,,22.66
Panama,PAN,2020,,23.62
Panama,PAN,2021,,22.79
Panama,PAN,2022,,21.99
Panama,PAN,2023,,21.97
Panama,PAN,2024,,21.97
Papua New Guinea,PNG,1980,,18.06
Papua New Guinea,PNG,1981,,18.06
Papua New Guinea,PNG,1982,,18.06
Papua New Guinea,PNG,1983,,18.06
Papua New Guinea,PNG,1984,,18.06
Papua New Guinea,PNG,1985,,18.06
Papua New Guinea,PNG,1986,,18.06
Papua New Guinea,PNG,1987,,18.06
Papua New Guinea,PNG,1988,,18.06
Papua New Guinea,PNG,1989,,18.06
Papua New Guinea,PNG,1990,,18.06
Papua New Guinea,PNG,1991,,18.06
Papua New Guinea,PNG,1992,,18.06
Papua New Guinea,PNG,1993,,18.06
Papua New Guinea,PNG,1994,,18.06
Papua New Guinea,PNG,1995,,18.06
Papua New Guinea,PNG,1996,18.06,18.06
Papua New Guinea,PNG,1997,,17.87
Papua New Guinea,PNG,1998,,17.73
Papua New Guinea,PNG,1999,,17.62
Papua New Guinea,PNG,2000,,17.54
Papua New Guinea,PNG,2001,,17.39
Papua New Guinea,PNG,2002,,17.3
Papua New Guinea,PNG,2003,,17.2
Papua New Guinea,PNG,2004,,17.05
Papua New Guinea,PNG,2005,,16.96
Papua New Guinea,PNG,2006,,16.88
Papua New Guinea,PNG,2007,,16.74
Papua New Guinea,PNG,2008,,16.51
Papua New Guinea,PNG,2009,16.21,16.21
Papua New Guinea,PNG,2010,,16.38
Papua New Guinea,PNG,2011,,16.4
Papua New Guinea,PNG,2012,,16.4
Papua New Guinea,PNG,2013,,16.39
Papua New Guinea,PNG,2014,,16.36
Papua New Guinea,PNG,2015,,16.28
Papua New Guinea,PNG,2016,,16.36
Papua New Guinea,PNG,2017,,16.41
Papua New Guinea,PNG,2018,,16.4
Papua New Guinea,PNG,2019,,16.37
Papua New Guinea,PNG,2020,,16.37
Papua New Guinea,PNG,2021,,16.37
Papua New Guinea,PNG,2022,,16.37
Papua New Guinea,PNG,2023,,16.37
Papua New Guinea,PNG,2024,,16.37
Paraguay,PRY,1980,,22.27
Paraguay,PRY,1981,,22.27
Paraguay,PRY,1982,,22.27
Paraguay,PRY,1983,,22.27
Paraguay,PRY,1984,,22.27
Paraguay,PRY,1985,,22.27
Paraguay,PRY,1986,,22.27
Paraguay,PRY,1987,,22.27
Paraguay,PRY,1988,,22.27
Paraguay,PRY,1989,,22.27
Paraguay,PRY,1990,,22.27
Paraguay,PRY,1991,,22.27
Paraguay,PRY,1992,,22.27
Paraguay,PRY,1993,,22.27
Paraguay,PRY,1994,,22.27
Paraguay,PRY,1995,,22.27
Paraguay,PRY,1996,,22.27
Paraguay,PRY,1997,,22.27
Paraguay,PRY,1998,,22.27
Paraguay,PRY,1999,,22.27
Paraguay,PRY,2000,,22.27
Paraguay,PRY,2001,,22.79
Paraguay,PRY,2002,,22.45
Paraguay,PRY,2003,,23.3
Paraguay,PRY,2004,,24.14
Paraguay,PRY,2005,,22.75
Paraguay,PRY,2006,,23.23
Paraguay,PRY,2007,,24.73
Paraguay,PRY,2008,,23.95
Paraguay,PRY,2009,,22.85
Paraguay,PRY,2010,,23.78
Paraguay,PRY,2011,,23.91
Paraguay,PRY,2012,,23.62
Paraguay,PRY,2013,,24.9
Paraguay,PRY,2014,,25.49
Paraguay,PRY,2015,,23.3
Paraguay,PRY,2016,,23.45
Paraguay,PRY,2017,,22.48
Paraguay,PRY,2018,,22.84
Paraguay,PRY,2019,,22.66
Paraguay,PRY,2020,,23.62
Paraguay,PRY,2021,,22.79
Paraguay,PRY,2022,,21.99
Paraguay,PRY,2023,,21.97
Paraguay,PRY,2024,,21.97
Peru,PER,1980,,25.18
Peru,PER,1981,,25.18
Peru,PER,1982,,25.18
Peru,PER,1983,,25.18
Peru,PER,1984,,25.18
Peru,PER,1985,,25.18
Peru,PER,1986,,25.18
Peru,PER,1987,,25.18
Peru,PER,1988,,25.18
Peru,PER,1989,,25.18
Peru,PER,1990,,25.18
Peru,PER,1991,,25.18
Peru,PER,1992,,25.18
Peru,PER,1993,,25.18
Peru,PER,1994,,25.18
Peru,PER,1995,,25.18
Peru,PER,1996,,25.18
Peru,PER,1997,,25.18
Peru,PER,1998,,25.18
Peru,PER,1999,,25.18
Peru,PER,2000,,25.18
Peru,PER,2001,28.64,28.64
Peru,PER,2002,25.81,25.81
Peru,PER,2003,35.37,35.37
Peru,PER,2004,34.11,34.11
Peru,PER,2005,24.47,24.47
Peru,PER,2006,35.81,35.81
Peru,PER,2007,34.14,34.14
Peru,PER,2008,28.64,28.64
Peru,PER,2009,24.87,24.87
Peru,PER,2010,28.81,28.81
Peru,PER,2011,28.98,28.98
Peru,PER,2012,29.11,29.11
Peru,PER,2013,29.37,29.37
Peru,PER,2014,31.36,31.36
Peru,PER,2015,29.58,29.58
Peru,PER,2016,27.81,27.81
Peru,PER,2017,27.43,27.43
Peru,PER,2018,26.46,26.46
Peru,PER,2019,26.55,26.55
Peru,PER,2020,35.79,35.79
Peru,PER,2021,35.79,35.79
Peru,PER,2022,35.81,35.81
Peru,PER,2023,,27.61
Peru,PER,2024,,27.61
Philippines,PHL,1820,,14.86
Philippines,PHL,1850,,15.93
Philippines,PHL,1880,,16.11
Philippines,PHL,1900,,15.48
Philippines,PHL,1910,,14.22
Philippines,PHL,1920,,15.55
Philippines,PHL,1930,,16.99
Philippines,PHL,1940,,21.72
Philippines,PHL,1950,,16.16
Philippines,PHL,1960,,18.43
Philippines,PHL,1970,,20.7
Philippines,PHL,1980,,19.57
Philippines,PHL,1981,,19.57
Philippines,PHL,1982,,19.57
Philippines,PHL,1983,,19.57
Philippines,PHL,1984,,19.57
Philippines,PHL,1985,19.57,19.57
Philippines,PHL,1986,,19.12
Philippines,PHL,1987,,18.7
Philippines,PHL,1988,18.29,18.29
Philippines,PHL,1989,,19.17
Philippines,PHL,1990,,20.01
Philippines,PHL,1991,20.81,20.81
Philippines,PHL,1992,,20.28
Philippines,PHL,1993,,19.75
Philippines,PHL,1994,19.33,19.33
Philippines,PHL,1995,,21.45
Philippines,PHL,1996,,23.28
Philippines,PHL,1997,24.96,24.96
Philippines,PHL,1998,,23.82
Philippines,PHL,1999,,22.61
Philippines,PHL,2000,21.64,21.64
Philippines,PHL,2001,,20.66
Philippines,PHL,2002,,19.34
Philippines,PHL,2003,17.91,17.91
Philippines,PHL,2004,,18.1
Philippines,PHL,2005,,18.07
Philippines,PHL,2006,17.96,17.96
Philippines,PHL,2007,,17.82
Philippines,PHL,2008,,17.72
Philippines,PHL,2009,17.86,17.86
Philippines,PHL,2010,,17.87
Philippines,PHL,2011,,17.7
Philippines,PHL,2012,17.56,17.56
Philippines,PHL,2013,,17.5
Philippines,PHL,2014,,17.32
Philippines,PHL,2015,17.2,17.2
Philippines,PHL,2016,,17.07
Philippines,PHL,2017,,16.86
Philippines,PHL,2018,16.62,16.62
Philippines,PHL,2019,,16.62
Philippines,PHL,2020,,16.62
Philippines,PHL,2021,,16.62
Philippines,PHL,2022,,16.62
Philippines,PHL,2023,,16.62
Philippines,PHL,2024,,16.62
Poland,POL,1924,11.46,11.46
Poland,POL,1925,11.38,11.38
Poland,POL,1926,10.8,10.8
Poland,POL,1927,10.67,10.67
Poland,POL,1928,10.57,10.57
Poland,POL,1929,10.18,10.18
Poland,POL,1930,10.21,10.21
Poland,POL,1931,10.33,10.33
Poland,POL,1935,9.93,9.93
Poland,POL,1936,10.21,10.21
Poland,POL,1947,8.9,8.9
Poland,POL,1955,7.88,7.88
Poland,POL,1956,7.55,7.55
Poland,POL,1957,7.6,7.6
Poland,POL,1958,7.67,7.67
Poland,POL,1959,7.79,7.79
Poland,POL,1960,7.56,7.56
Poland,POL,1961,7.31,7.31
Poland,POL,1962,7.24,7.24
Poland,POL,1963,6.97,6.97
Poland,POL,1964,6.77,6.77
Poland,POL,1965,6.66,6.66
Poland,POL,1967,6.19,6.19
Poland,POL,1970,5.62,5.62
Poland,POL,1972,5.53,5.53
Poland,POL,1976,4.7,4.7
Poland,POL,1978,4.61,4.61
Poland,POL,1980,,4.34
Poland,POL,1981,,4.34
Poland,POL,1982,,4.34
Poland,POL,1983,,4.34
Poland,POL,1984,4.88,4.88
Poland,POL,1985,4.29,4.29
Poland,POL,1986,4.26,4.26
Poland,POL,1987,4.37,4.37
Poland,POL,1988,4.23,4.23
Poland,POL,1989,4.5,4.5
Poland,POL,1990,,5.53
Poland,POL,1991,,6.56
Poland,POL,1992,,7.54
Poland,POL,1993,8.21,8.21
Poland,POL,1994,9.72,9.72
Poland,POL,1995,10.98,10.98
Poland,POL,1996,9.03,9.03
Poland,POL,1997,9.77,9.77
Poland,POL,1998,10.88,10.88
Poland,POL,1999,10.65,10.65
Poland,POL,2000,10.43,10.43
Poland,POL,2001,10,10
Poland,POL,2002,10.46,10.46
Poland,POL,2003,10.23,10.23
Poland,POL,2004,12.96,12.96
Poland,POL,2005,13.52,13.52
Poland,POL,2006,14.25,14.25
Poland,POL,2007,15.77,15.77
Poland,POL,2008,14.93,14.93
Poland,POL,2009,13.64,13.64
Poland,POL,2010,13.43,13.43
Poland,POL,2011,13.95,13.95
Poland,POL,2012,13.87,13.87
Poland,POL,2013,13.63,13.63
Poland,POL,2014,14.26,14.26
Poland,POL,2015,14.93,14.93
Poland,POL,2016,14.7,14.7
Poland,POL,2017,14.51,14.51
Poland,POL,2018,14.66,14.66
Poland,POL,2019,14.84,14.84
Poland,POL,2020,14.84,14.84
Poland,POL,2021,15,15
Poland,POL,2022,15.14,15.14
Poland,POL,2023,,15.13
Poland,POL,2024,,15.13
Portugal,PRT,1936,16.16,16.16
Portugal,PRT,1937,14.57,14.57
Portugal,PRT,1938,14.59,14.59
Portugal,PRT,1939,13.82,13.82
Portugal,PRT,1940,14.79,14.79
Portugal,PRT,1941,14.9,14.9
Portugal,PRT,1942,13.8,13.8
Portugal,PRT,1943,12.14,12.14
Portugal,PRT,1944,12.15,12.15
Portugal,PRT,1945,11.94,11.94
Portugal,PRT,1946,10.21,10.21
Portugal,PRT,1947,10.55,10.55
Portugal,PRT,1948,10.84,10.84
Portugal,PRT,1949,10.54,10.54
Portugal,PRT,1950,10.71,10.71
Portugal,PRT,1951,10.59,10.59
Portugal,PRT,1952,10.74,10.74
Portugal,PRT,1953,10.95,10.95
Portugal,PRT,1954,11.05,11.05
Portugal,PRT,1955,10.78,10.78
Portugal,PRT,1956,10.36,10.36
Portugal,PRT,1957,10.47,10.47
Portugal,PRT,1958,10.77,10.77
Portugal,PRT,1959,11.13,11.13
Portugal,PRT,1960,10.12,10.12
Portugal,PRT,1961,11.93,11.93
Portugal,PRT,1962,9.99,9.99
Portugal,PRT,1963,13.97,13.97
Portugal,PRT,1964,12.75,12.75
Portugal,PRT,1965,10.46,10.46
Portugal,PRT,1966,14.91,14.91
Portugal,PRT,1967,13.18,13.18
Portugal,PRT,1968,10.85,10.85
Portugal,PRT,1969,15.03,15.03
Portugal,PRT,1970,13.24,13.24
Portugal,PRT,1971,11.05,11.05
Portugal,PRT,1972,8.32,8.32
Portugal,PRT,1973,12.83,12.83
Portugal,PRT,1974,10.72,10.72
Portugal,PRT,1975,8.6,8.6
Portugal,PRT,1976,9.32,9.32
Portugal,PRT,1977,8.29,8.29
Portugal,PRT,1978,7.81,7.81
Portugal,PRT,1979,6.77,6.77
Portugal,PRT,1980,6.89,6.89
Portugal,PRT,1981,6.43,6.43
Portugal,PRT,1982,6.47,6.47
Portugal,PRT,1983,7.38,7.38
Portugal,PRT,1984,7.29,7.29
Portugal,PRT,1985,7.68,7.68
Portugal,PRT,1986,8.07,8.07
Portugal,PRT,1987,8.17,8.17
Portugal,PRT,1988,8.36,8.36
Portugal,PRT,1989,8.7,8.7
Portugal,PRT,1990,8.94,8.94
Portugal,PRT,1991,9.1,9.1
Portugal,PRT,1992,9.2,9.2
Portugal,PRT,1993,9.59,9.59
Portugal,PRT,1994,9.67,9.67
Portugal,PRT,1995,9.85,9.85
Portugal,PRT,1996,9.67,9.67
Portugal,PRT,1997,10.13,10.13
Portugal,PRT,1998,10.28,10.28
Portugal,PRT,1999,10.77,10.77
Portugal,PRT,2000,10.45,10.45
Portugal,PRT,2001,11.18,11.18
Portugal,PRT,2002,10.31,10.31
Portugal,PRT,2003,10.31,10.31
Portugal,PRT,2004,10.85,10.85
Portugal,PRT,2005,10.41,10.41
Portugal,PRT,2006,10.52,10.52
Portugal,PRT,2007,11.1,11.1
Portugal,PRT,2008,9.73,9.73
Portugal,PRT,2009,9.67,9.67
Portugal,PRT,2010,10.04,10.04
Portugal,PRT,2011,11.16,11.16
Portugal,PRT,2012,10.14,10.14
Portugal,PRT,2013,10.54,10.54
Portugal,PRT,2014,10.72,10.72
Portugal,PRT,2015,10.86,10.86
Portugal,PRT,2016,10.93,10.93
Portugal,PRT,2017,11.65,11.65
Portugal,PRT,2018,11.14,11.14
Portugal,PRT,2019,10.46,10.46
Portugal,PRT,2020,10.46,10.46
Portugal,PRT,2021,10.36,10.36
Portugal,PRT,2022,10.37,10.37
Portugal,PRT,2023,,10.37
Portugal,PRT,2024,,10.37
Puerto Rico,PRI,1980,,23.75
Puerto Rico,PRI,1981,,23.64
Puerto Rico,PRI,1982,,23.53
Puerto Rico,PRI,1983,,23.42
Puerto Rico,PRI,1984,,23.31
Puerto Rico,PRI,1985,,23.19
Puerto Rico,PRI,1986,,23.07
Puerto Rico,PRI,1987,,22.95
Puerto Rico,PRI,1988,,22.83
Puerto Rico,PRI,1989,,22.7
Puerto Rico,PRI,1990,,22.58
Puerto Rico,PRI,1991,,22.57
Puerto Rico,PRI,1992,,22.55
Puerto Rico,PRI,1993,,22.54
Puerto Rico,PRI,1994,,22.53
Puerto Rico,PRI,1995,,22.52
Puerto Rico,PRI,1996,,22.51
Puerto Rico,PRI,1997,,22.5
Puerto Rico,PRI,1998,,22.49
Puerto Rico,PRI,1999,,22.48
Puerto Rico,PRI,2000,,22.47
Puerto Rico,PRI,2001,,22.31
Puerto Rico,PRI,2002,,22.16
Puerto Rico,PRI,2003,,22.02
Puerto Rico,PRI,2004,,21.89
Puerto Rico,PRI,2005,,21.76
Puerto Rico,PRI,2006,,21.64
Puerto Rico,PRI,2007,,21.53
Puerto Rico,PRI,2008,,21.42
Puerto Rico,PRI,2009,,21.31
Puerto Rico,PRI,2010,,21.21
Puerto Rico,PRI,2011,,21.2
Puerto Rico,PRI,2012,,21.2
Puerto Rico,PRI,2013,,21.2
Puerto Rico,PRI,2014,,21.2
Puerto Rico,PRI,2015,,21.19
Puerto Rico,PRI,2016,,21.19
Puerto Rico,PRI,2017,,21.19
Puerto Rico,PRI,2018,,21.18
Puerto Rico,PRI,2019,,21.18
Puerto Rico,PRI,2020,,21.18
Puerto Rico,PRI,2021,,21.18
Puerto Rico,PRI,2022,,21.18
Puerto Rico,PRI,2023,,21.18
Puerto Rico,PRI,2024,,21.18
Qatar,QAT,1980,,22.95
Qatar,QAT,1981,,22.95
Qatar,QAT,1982,,22.95
Qatar,QAT,1983,,22.95
Qatar,QAT,1984,,22.95
Qatar,QAT,1985,,22.95
Qatar,QAT,1986,,22.95
Qatar,QAT,1987,,22.95
Qatar,QAT,1988,,22.95
Qatar,QAT,1989,,22.95
Qatar,QAT,1990,,22.95
Qatar,QAT,1991,,22.95
Qatar,QAT,1992,,22.95
Qatar,QAT,1993,,22.95
Qatar,QAT,1994,,22.95
Qatar,QAT,1995,,22.95
Qatar,QAT,1996,,22.95
Qatar,QAT,1997,,22.95
Qatar,QAT,1998,,22.95
Qatar,QAT,1999,,22.95
Qatar,QAT,2000,,22.95
Qatar,QAT,2001,,22.95
Qatar,QAT,2002,,22.95
Qatar,QAT,2003,,22.95
Qatar,QAT,2004,,22.95
Qatar,QAT,2005,,22.95
Qatar,QAT,2006,,22.95
Qatar,QAT,2007,22.95,22.95
Qatar,QAT,2008,,23.26
Qatar,QAT,2009,,23.57
Qatar,QAT,2010,,23.87
Qatar,QAT,2011,,24.16
Qatar,QAT,2012,24.44,24.44
Qatar,QAT,2013,,24.44
Qatar,QAT,2014,,24.44
Qatar,QAT,2015,,24.44
Qatar,QAT,2016,,24.44
Qatar,QAT,2017,,24.44
Qatar,QAT,2018,,24.44
Qatar,QAT,2019,,24.44
Qatar,QAT,2020,,24.44
Qatar,QAT,2021,,24.44
Qatar,QAT,2022,,24.44
Qatar,QAT,2023,,24.44
Qatar,QAT,2024,,24.44
Romania,ROU,1980,,5.65
Romania,ROU,1981,,5.65
Romania,ROU,1982,,5.65
Romania,ROU,1983,,5.65
Romania,ROU,1984,,5.65
Romania,ROU,1985,,5.65
Romania,ROU,1986,,5.65
Romania,ROU,1987,,5.65
Romania,ROU,1988,,5.65
Romania,ROU,1989,,5.65
Romania,ROU,1990,6.06,6.06
Romania,ROU,1991,7,7
Romania,ROU,1992,7.06,7.06
Romania,ROU,1993,8.42,8.42
Romania,ROU,1994,9.05,9.05
Romania,ROU,1995,12.79,12.79
Romania,ROU,1996,,12.11
Romania,ROU,1997,,13.05
Romania,ROU,1998,13.47,13.47
Romania,ROU,1999,12.4,12.4
Romania,ROU,2000,11.76,11.76
Romania,ROU,2001,11.18,11.18
Romania,ROU,2002,12.87,12.87
Romania,ROU,2003,15.02,15.02
Romania,ROU,2004,14.5,14.5
Romania,ROU,2005,15.01,15.01
Romania,ROU,2006,14.72,14.72
Romania,ROU,2007,17.89,17.89
Romania,ROU,2008,18.18,18.18
Romania,ROU,2009,18.7,18.7
Romania,ROU,2010,14.59,14.59
Romania,ROU,2011,14.35,14.35
Romania,ROU,2012,16.16,16.16
Romania,ROU,2013,14.88,14.88
Romania,ROU,2014,16.72,16.72
Romania,ROU,2015,16.69,16.69
Romania,ROU,2016,13.5,13.5
Romania,ROU,2017,13.63,13.63
Romania,ROU,2018,13.93,13.93
Romania,ROU,2019,14.46,14.46
Romania,ROU,2020,14.46,14.46
Romania,ROU,2021,14.47,14.47
Romania,ROU,2022,14.46,14.46
Romania,ROU,2023,,14.48
Romania,ROU,2024,,14.48
Russia,RUS,1820,16.01,16.01
Russia,RUS,1850,16.37,16.37
Russia,RUS,1880,16.19,16.19
Russia,RUS,1900,17.99,17.99
Russia,RUS,1905,17.99,17.99
Russia,RUS,1910,,17.99
Russia,RUS,1920,,4.1
Russia,RUS,1928,3.63,3.63
Russia,RUS,1930,,4.1
Russia,RUS,1934,4.25,4.25
Russia,RUS,1940,,4.2
Russia,RUS,1950,,6
Russia,RUS,1956,5.48,5.48
Russia,RUS,1959,4.58,4.58
Russia,RUS,1960,,5
Russia,RUS,1961,4.48,4.48
Russia,RUS,1964,4.3,4.3
Russia,RUS,1966,4.06,4.06
Russia,RUS,1968,3.77,3.77
Russia,RUS,1970,,4.8
Russia,RUS,1972,3.94,3.94
Russia,RUS,1976,3.8,3.8
Russia,RUS,1980,4.06,4.06
Russia,RUS,1981,,4.22
Russia,RUS,1982,,4.38
Russia,RUS,1983,,4.54
Russia,RUS,1984,,4.69
Russia,RUS,1985,4.84,4.84
Russia,RUS,1986,,5
Russia,RUS,1987,,5.15
Russia,RUS,1988,,5.3
Russia,RUS,1989,5.59,5.59
Russia,RUS,1990,7.45,7.45
Russia,RUS,1991,8.52,8.52
Russia,RUS,1992,10.13,10.13
Russia,RUS,1993,11.11,11.11
Russia,RUS,1994,12.08,12.08
Russia,RUS,1995,13.78,13.78
Russia,RUS,1996,16.16,16.16
Russia,RUS,1997,15.23,15.23
Russia,RUS,1998,14.89,14.89
Russia,RUS,1999,18.45,18.45
Russia,RUS,2000,21.59,21.59
Russia,RUS,2001,24.53,24.53
Russia,RUS,2002,23.91,23.91
Russia,RUS,2003,23.25,23.25
Russia,RUS,2004,21.88,21.88
Russia,RUS,2005,23.89,23.89
Russia,RUS,2006,24.7,24.7
Russia,RUS,2007,25.9,25.9
Russia,RUS,2008,23.75,23.75
Russia,RUS,2009,20.58,20.58
Russia,RUS,2010,19.03,19.03
Russia,RUS,2011,20.3,20.3
Russia,RUS,2012,18.81,18.81
Russia,RUS,2013,19.91,19.91
Russia,RUS,2014,19.1,19.1
Russia,RUS,2015,18.6,18.6
Russia,RUS,2016,19.44,19.44
Russia,RUS,2017,20,20
Russia,RUS,2018,,20.5
Russia,RUS,2019,,20.21
Russia,RUS,2020,,23.76
Russia,RUS,2021,,23.76
Russia,RUS,2022,,23.76
Russia,RUS,2023,,23.76
Russia,RUS,2024,,23.76
Russia and Central Asia (WID),,1820,16.75,16.75
Russia and Central Asia (WID),,1850,17.13,17.13
Russia and Central Asia (WID),,1880,16.98,16.98
Russia and Central Asia (WID),,1900,18.55,18.55
Russia and Central Asia (WID),,1910,18.4,18.4
Russia and Central Asia (WID),,1920,4.29,4.29
Russia and Central Asia (WID),,1930,4.23,4.23
Russia and Central Asia (WID),,1940,4.33,4.33
Russia and Central Asia (WID),,1950,6.11,6.11
Russia and Central Asia (WID),,1960,5.05,5.05
Russia and Central Asia (WID),,1970,4.85,4.85
Russia and Central Asia (WID),,1980,4.32,4.32
Russia and Central Asia (WID),,1981,4.49,4.49
Russia and Central Asia (WID),,1982,4.66,4.66
Russia and Central Asia (WID),,1983,4.83,4.83
Russia and Central Asia (WID),,1984,4.99,4.99
Russia and Central Asia (WID),,1985,5.17,5.17
Russia and Central Asia (WID),,1986,5.35,5.35
Russia and Central Asia (WID),,1987,5.5,5.5
Russia and Central Asia (WID),,1988,5.67,5.67
Russia and Central Asia (WID),,1989,5.99,5.99
Russia and Central Asia (WID),,1990,7.87,7.87
Russia and Central Asia (WID),,1991,9.48,9.48
Russia and Central Asia (WID),,1992,11.46,11.46
Russia and Central Asia (WID),,1993,12.44,12.44
Russia and Central Asia (WID),,1994,13.48,13.48
Russia and Central Asia (WID),,1995,15.01,15.01
Russia and Central Asia (WID),,1996,17.56,17.56
Russia and Central Asia (WID),,1997,16.56,16.56
Russia and Central Asia (WID),,1998,15.9,15.9
Russia and Central Asia (WID),,1999,19.07,19.07
Russia and Central Asia (WID),,2000,22.17,22.17
Russia and Central Asia (WID),,2001,24.94,24.94
Russia and Central Asia (WID),,2002,24.12,24.12
Russia and Central Asia (WID),,2003,23.34,23.34
Russia and Central Asia (WID),,2004,22.22,22.22
Russia and Central Asia (WID),,2005,23.89,23.89
Russia and Central Asia (WID),,2006,24.83,24.83
Russia and Central Asia (WID),,2007,26.06,26.06
Russia and Central Asia (WID),,2008,23.01,23.01
Russia and Central Asia (WID),,2009,20.48,20.48
Russia and Central Asia (WID),,2010,19.07,19.07
Russia and Central Asia (WID),,2011,20.22,20.22
Russia and Central Asia (WID),,2012,19.12,19.12
Russia and Central Asia (WID),,2013,19.93,19.93
Russia and Central Asia (WID),,2014,19.42,19.42
Russia and Central Asia (WID),,2015,18.94,18.94
Russia and Central Asia (WID),,2016,19.69,19.69
Russia and Central Asia (WID),,2017,20.1,20.1
Russia and Central Asia (WID),,2018,20.02,20.02
Russia and Central Asia (WID),,2019,19.97,19.97
Russia and Central Asia (WID),,2020,22.82,22.82
Russia and Central Asia (WID),,2021,23.08,23.08
Russia and Central Asia (WID),,2022,23.08,23.08
Russia and Central Asia (WID),,2023,23.11,23.11
Russia and Central Asia (WID),,2024,22.96,22.96
Rwanda,RWA,1820,,20.33
Rwanda,RWA,1850,,20.79
Rwanda,RWA,1880,,21.29
Rwanda,RWA,1900,,21.58
Rwanda,RWA,1910,,23.36
Rwanda,RWA,1920,,21.63
Rwanda,RWA,1930,,20.29
Rwanda,RWA,1940,,21
Rwanda,RWA,1950,,20
Rwanda,RWA,1960,,22
Rwanda,RWA,1970,,23
Rwanda,RWA,1980,,24.11
Rwanda,RWA,1981,,24.11
Rwanda,RWA,1982,,24.11
Rwanda,RWA,1983,,24.11
Rwanda,RWA,1984,,24.11
Rwanda,RWA,1985,,24.11
Rwanda,RWA,1986,,24.11
Rwanda,RWA,1987,,24.11
Rwanda,RWA,1988,,24.11
Rwanda,RWA,1989,,24.11
Rwanda,RWA,1990,,24.11
Rwanda,RWA,1991,,24.11
Rwanda,RWA,1992,,24.11
Rwanda,RWA,1993,,24.11
Rwanda,RWA,1994,,24.11
Rwanda,RWA,1995,,24.11
Rwanda,RWA,1996,,24.11
Rwanda,RWA,1997,,24.11
Rwanda,RWA,1998,,24.11
Rwanda,RWA,1999,,24.11
Rwanda,RWA,2000,24.11,24.11
Rwanda,RWA,2001,,24.7
Rwanda,RWA,2002,,25.28
Rwanda,RWA,2003,,25.87
Rwanda,RWA,2004,,26.45
Rwanda,RWA,2005,27.04,27.04
Rwanda,RWA,2006,,26.37
Rwanda,RWA,2007,,25.7
Rwanda,RWA,2008,,25.03
Rwanda,RWA,2009,,24.36
Rwanda,RWA,2010,23.69,23.69
Rwanda,RWA,2011,,23.37
Rwanda,RWA,2012,,23.05
Rwanda,RWA,2013,22.73,22.73
Rwanda,RWA,2014,,21.78
Rwanda,RWA,2015,,20.84
Rwanda,RWA,2016,19.89,19.89
Rwanda,RWA,2017,,19.75
Rwanda,RWA,2018,,19.62
Rwanda,RWA,2019,,19.48
Rwanda,RWA,2020,,19.35
Rwanda,RWA,2021,,19.21
Rwanda,RWA,2022,,19.08
Rwanda,RWA,2023,18.94,18.94
Rwanda,RWA,2024,,18.94
Saint Kitts and Nevis,KNA,1980,,23.75
Saint Kitts and Nevis,KNA,1981,,23.64
Saint Kitts and Nevis,KNA,1982,,23.53
Saint Kitts and Nevis,KNA,1983,,23.42
Saint Kitts and Nevis,KNA,1984,,23.31
Saint Kitts and Nevis,KNA,1985,,23.19
Saint Kitts and Nevis,KNA,1986,,23.07
Saint Kitts and Nevis,KNA,1987,,22.95
Saint Kitts and Nevis,KNA,1988,,22.83
Saint Kitts and Nevis,KNA,1989,,22.7
Saint Kitts and Nevis,KNA,1990,,22.58
Saint Kitts and Nevis,KNA,1991,,22.57
Saint Kitts and Nevis,KNA,1992,,22.55
Saint Kitts and Nevis,KNA,1993,,22.54
Saint Kitts and Nevis,KNA,1994,,22.53
Saint Kitts and Nevis,KNA,1995,,22.52
Saint Kitts and Nevis,KNA,1996,,22.51
Saint Kitts and Nevis,KNA,1997,,22.5
Saint Kitts and Nevis,KNA,1998,,22.49
Saint Kitts and Nevis,KNA,1999,,22.48
Saint Kitts and Nevis,KNA,2000,,22.47
Saint Kitts and Nevis,KNA,2001,,22.31
Saint Kitts and Nevis,KNA,2002,,22.16
Saint Kitts and Nevis,KNA,2003,,22.02
Saint Kitts and Nevis,KNA,2004,,21.89
Saint Kitts and Nevis,KNA,2005,,21.76
Saint Kitts and Nevis,KNA,2006,,21.64
Saint Kitts and Nevis,KNA,2007,,21.53
Saint Kitts and Nevis,KNA,2008,,21.42
Saint Kitts and Nevis,KNA,2009,,21.31
Saint Kitts and Nevis,KNA,2010,,21.21
Saint Kitts and Nevis,KNA,2011,,21.2
Saint Kitts and Nevis,KNA,2012,,21.2
Saint Kitts and Nevis,KNA,2013,,21.2
Saint Kitts and Nevis,KNA,2014,,21.2
Saint Kitts and Nevis,KNA,2015,,21.19
Saint Kitts and Nevis,KNA,2016,,21.19
Saint Kitts and Nevis,KNA,2017,,21.19
Saint Kitts and Nevis,KNA,2018,,21.18
Saint Kitts and Nevis,KNA,2019,,21.18
Saint Kitts and Nevis,KNA,2020,,21.18
Saint Kitts and Nevis,KNA,2021,,21.18
Saint Kitts and Nevis,KNA,2022,,21.18
Saint Kitts and Nevis,KNA,2023,,21.18
Saint Kitts and Nevis,KNA,2024,,21.18
Saint Lucia,LCA,1980,,23.75
Saint Lucia,LCA,1981,,23.64
Saint Lucia,LCA,1982,,23.53
Saint Lucia,LCA,1983,,23.42
Saint Lucia,LCA,1984,,23.31
Saint Lucia,LCA,1985,,23.19
Saint Lucia,LCA,1986,,23.07
Saint Lucia,LCA,1987,,22.95
Saint Lucia,LCA,1988,,22.83
Saint Lucia,LCA,1989,,22.7
Saint Lucia,LCA,1990,,22.58
Saint Lucia,LCA,1991,,22.57
Saint Lucia,LCA,1992,,22.55
Saint Lucia,LCA,1993,,22.54
Saint Lucia,LCA,1994,,22.53
Saint Lucia,LCA,1995,,22.52
Saint Lucia,LCA,1996,,22.51
Saint Lucia,LCA,1997,,22.5
Saint Lucia,LCA,1998,,22.49
Saint Lucia,LCA,1999,,22.48
Saint Lucia,LCA,2000,,22.47
Saint Lucia,LCA,2001,,22.31
Saint Lucia,LCA,2002,,22.16
Saint Lucia,LCA,2003,,22.02
Saint Lucia,LCA,2004,,21.89
Saint Lucia,LCA,2005,,21.76
Saint Lucia,LCA,2006,,21.64
Saint Lucia,LCA,2007,,21.53
Saint Lucia,LCA,2008,,21.42
Saint Lucia,LCA,2009,,21.31
Saint Lucia,LCA,2010,,21.21
Saint Lucia,LCA,2011,,21.2
Saint Lucia,LCA,2012,,21.2
Saint Lucia,LCA,2013,,21.2
Saint Lucia,LCA,2014,,21.2
Saint Lucia,LCA,2015,,21.19
Saint Lucia,LCA,2016,,21.19
Saint Lucia,LCA,2017,,21.19
Saint Lucia,LCA,2018,,21.18
Saint Lucia,LCA,2019,,21.18
Saint Lucia,LCA,2020,,21.18
Saint Lucia,LCA,2021,,21.18
Saint Lucia,LCA,2022,,21.18
Saint Lucia,LCA,2023,,21.18
Saint Lucia,LCA,2024,,21.18
Saint Vincent and the Grenadines,VCT,1980,,23.75
Saint Vincent and the Grenadines,VCT,1981,,23.64
Saint Vincent and the Grenadines,VCT,1982,,23.53
Saint Vincent and the Grenadines,VCT,1983,,23.42
Saint Vincent and the Grenadines,VCT,1984,,23.31
Saint Vincent and the Grenadines,VCT,1985,,23.19
Saint Vincent and the Grenadines,VCT,1986,,23.07
Saint Vincent and the Grenadines,VCT,1987,,22.95
Saint Vincent and the Grenadines,VCT,1988,,22.83
Saint Vincent and the Grenadines,VCT,1989,,22.7
Saint Vincent and the Grenadines,VCT,1990,,22.58
Saint Vincent and the Grenadines,VCT,1991,,22.57
Saint Vincent and the Grenadines,VCT,1992,,22.55
Saint Vincent and the Grenadines,VCT,1993,,22.54
Saint Vincent and the Grenadines,VCT,1994,,22.53
Saint Vincent and the Grenadines,VCT,1995,,22.52
Saint Vincent and the Grenadines,VCT,1996,,22.51
Saint Vincent and the Grenadines,VCT,1997,,22.5
Saint Vincent and the Grenadines,VCT,1998,,22.49
Saint Vincent and the Grenadines,VCT,1999,,22.48
Saint Vincent and the Grenadines,VCT,2000,,22.47
Saint Vincent and the Grenadines,VCT,2001,,22.31
Saint Vincent and the Grenadines,VCT,2002,,22.16
Saint Vincent and the Grenadines,VCT,2003,,22.02
Saint Vincent and the Grenadines,VCT,2004,,21.89
Saint Vincent and the Grenadines,VCT,2005,,21.76
Saint Vincent and the Grenadines,VCT,2006,,21.64
Saint Vincent and the Grenadines,VCT,2007,,21.53
Saint Vincent and the Grenadines,VCT,2008,,21.42
Saint Vincent and the Grenadines,VCT,2009,,21.31
Saint Vincent and the Grenadines,VCT,2010,,21.21
Saint Vincent and the Grenadines,VCT,2011,,21.2
Saint Vincent and the Grenadines,VCT,2012,,21.2
Saint Vincent and the Grenadines,VCT,2013,,21.2
Saint Vincent and the Grenadines,VCT,2014,,21.2
Saint Vincent and the Grenadines,VCT,2015,,21.19
Saint Vincent and the Grenadines,VCT,2016,,21.19
Saint Vincent and the Grenadines,VCT,2017,,21.19
Saint Vincent and the Grenadines,VCT,2018,,21.18
Saint Vincent and the Grenadines,VCT,2019,,21.18
Saint Vincent and the Grenadines,VCT,2020,,21.18
Saint Vincent and the Grenadines,VCT,2021,,21.18
Saint Vincent and the Grenadines,VCT,2022,,21.18
Saint Vincent and the Grenadines,VCT,2023,,21.18
Saint Vincent and the Grenadines,VCT,2024,,21.18
Samoa,WSM,1980,,8.85
Samoa,WSM,1981,,9
Samoa,WSM,1982,,9.14
Samoa,WSM,1983,,9.29
Samoa,WSM,1984,,9.44
Samoa,WSM,1985,,9.6
Samoa,WSM,1986,,9.76
Samoa,WSM,1987,,9.92
Samoa,WSM,1988,,10.08
Samoa,WSM,1989,,10.25
Samoa,WSM,1990,,10.42
Samoa,WSM,1991,,10.7
Samoa,WSM,1992,,10.96
Samoa,WSM,1993,,11.22
Samoa,WSM,1994,,11.47
Samoa,WSM,1995,,11.72
Samoa,WSM,1996,,11.95
Samoa,WSM,1997,,12.18
Samoa,WSM,1998,,12.4
Samoa,WSM,1999,,12.61
Samoa,WSM,2000,,12.82
Samoa,WSM,2001,,13.2
Samoa,WSM,2002,,13.58
Samoa,WSM,2003,,13.94
Samoa,WSM,2004,,14.29
Samoa,WSM,2005,,14.64
Samoa,WSM,2006,,14.98
Samoa,WSM,2007,,15.31
Samoa,WSM,2008,,15.64
Samoa,WSM,2009,,15.95
Samoa,WSM,2010,,16.26
Samoa,WSM,2011,,16.24
Samoa,WSM,2012,,16.22
Samoa,WSM,2013,,16.2
Samoa,WSM,2014,,16.18
Samoa,WSM,2015,,16.17
Samoa,WSM,2016,,16.15
Samoa,WSM,2017,,16.13
Samoa,WSM,2018,,16.12
Samoa,WSM,2019,,16.1
Samoa,WSM,2020,,16.09
Samoa,WSM,2021,,16.09
Samoa,WSM,2022,,16.09
Samoa,WSM,2023,,16.09
Samoa,WSM,2024,,16.09
San Marino,SMR,1980,,9.09
San Marino,SMR,1981,,9.07
San Marino,SMR,1982,,9.04
San Marino,SMR,1983,,9.15
San Marino,SMR,1984,,9.35
San Marino,SMR,1985,,9.37
San Marino,SMR,1986,,9.35
San Marino,SMR,1987,,9.28
San Marino,SMR,1988,,9.33
San Marino,SMR,1989,,9.44
San Marino,SMR,1990,,9.23
San Marino,SMR,1991,,9.15
San Marino,SMR,1992,,9.51
San Marino,SMR,1993,,9.62
San Marino,SMR,1994,,10.07
San Marino,SMR,1995,,9.75
San Marino,SMR,1996,,10.09
San Marino,SMR,1997,,10.68
San Marino,SMR,1998,,10.81
San Marino,SMR,1999,,10.88
San Marino,SMR,2000,,11.29
San Marino,SMR,2001,,10.86
San Marino,SMR,2002,,10.5
San Marino,SMR,2003,,10.74
San Marino,SMR,2004,,11.14
San Marino,SMR,2005,,11.33
San Marino,SMR,2006,,12
San Marino,SMR,2007,,11.98
San Marino,SMR,2008,,10.78
San Marino,SMR,2009,,9.88
San Marino,SMR,2010,,10.93
San Marino,SMR,2011,,10.87
San Marino,SMR,2012,,10.25
San Marino,SMR,2013,,10.4
San Marino,SMR,2014,,10.86
San Marino,SMR,2015,,10.66
San Marino,SMR,2016,,10.78
San Marino,SMR,2017,,10.79
San Marino,SMR,2018,,10.84
San Marino,SMR,2019,,10.5
San Marino,SMR,2020,,10.59
San Marino,SMR,2021,,11.41
San Marino,SMR,2022,,11.51
San Marino,SMR,2023,,11.51
San Marino,SMR,2024,,11.51
Sao Tome and Principe,STP,1980,,9.13
Sao Tome and Principe,STP,1981,,9.13
Sao Tome and Principe,STP,1982,,9.13
Sao Tome and Principe,STP,1983,,9.13
Sao Tome and Principe,STP,1984,,9.13
Sao Tome and Principe,STP,1985,,9.13
Sao Tome and Principe,STP,1986,,9.13
Sao Tome and Principe,STP,1987,,9.13
Sao Tome and Principe,STP,1988,,9.13
Sao Tome and Principe,STP,1989,,9.13
Sao Tome and Principe,STP,1990,,9.13
Sao Tome and Principe,STP,1991,,9.13
Sao Tome and Principe,STP,1992,,9.13
Sao Tome and Principe,STP,1993,,9.13
Sao Tome and Principe,STP,1994,,9.13
Sao Tome and Principe,STP,1995,,9.13
Sao Tome and Principe,STP,1996,,9.13
Sao Tome and Principe,STP,1997,,9.13
Sao Tome and Principe,STP,1998,,9.13
Sao Tome and Principe,STP,1999,,9.13
Sao Tome and Principe,STP,2000,9.13,9.13
Sao Tome and Principe,STP,2001,,9.11
Sao Tome and Principe,STP,2002,,9.1
Sao Tome and Principe,STP,2003,,9.08
Sao Tome and Principe,STP,2004,,9.06
Sao Tome and Principe,STP,2005,,9.04
Sao Tome and Principe,STP,2006,,9.02
Sao Tome and Principe,STP,2007,,9.01
Sao Tome and Principe,STP,2008,,8.99
Sao Tome and Principe,STP,2009,,8.97
Sao Tome and Principe,STP,2010,8.95,8.95
Sao Tome and Principe,STP,2011,,9.96
Sao Tome and Principe,STP,2012,,10.97
Sao Tome and Principe,STP,2013,,11.97
Sao Tome and Principe,STP,2014,,12.98
Sao Tome and Principe,STP,2015,,13.98
Sao Tome and Principe,STP,2016,,14.98
Sao Tome and Principe,STP,2017,15.98,15.98
Sao Tome and Principe,STP,2018,,15.98
Sao Tome and Principe,STP,2019,,15.98
Sao Tome and Principe,STP,2020,,15.98
Sao Tome and Principe,STP,2021,,15.98
Sao Tome and Principe,STP,2022,,15.98
Sao Tome and Principe,STP,2023,,15.98
Sao Tome and Principe,STP,2024,,15.98
Saudi Arabia,SAU,1820,22.04,22.04
Saudi Arabia,SAU,1850,22.5,22.5
Saudi Arabia,SAU,1880,22.87,22.87
Saudi Arabia,SAU,1900,23.52,23.52
Saudi Arabia,SAU,1910,25.17,25.17
Saudi Arabia,SAU,1920,25.78,25.78
Saudi Arabia,SAU,1930,25.78,25.78
Saudi Arabia,SAU,1940,25.6,25.6
Saudi Arabia,SAU,1950,23.02,23.02
Saudi Arabia,SAU,1960,26.6,26.6
Saudi Arabia,SAU,1970,30.23,30.23
Saudi Arabia,SAU,1980,,23.16
Saudi Arabia,SAU,1981,,23.16
Saudi Arabia,SAU,1982,,23.16
Saudi Arabia,SAU,1983,,23.16
Saudi Arabia,SAU,1984,,23.16
Saudi Arabia,SAU,1985,,23.16
Saudi Arabia,SAU,1986,,23.16
Saudi Arabia,SAU,1987,,23.16
Saudi Arabia,SAU,1988,,23.16
Saudi Arabia,SAU,1989,,23.16
Saudi Arabia,SAU,1990,,23.16
Saudi Arabia,SAU,1991,,23.16
Saudi Arabia,SAU,1992,,23.16
Saudi Arabia,SAU,1993,,23.16
Saudi Arabia,SAU,1994,,23.16
Saudi Arabia,SAU,1995,,23.16
Saudi Arabia,SAU,1996,,23.16
Saudi Arabia,SAU,1997,,23.16
Saudi Arabia,SAU,1998,,23.16
Saudi Arabia,SAU,1999,,23.16
Saudi Arabia,SAU,2000,,23.16
Saudi Arabia,SAU,2001,,23.16
Saudi Arabia,SAU,2002,,23.16
Saudi Arabia,SAU,2003,,23.16
Saudi Arabia,SAU,2004,,23.16
Saudi Arabia,SAU,2005,,23.16
Saudi Arabia,SAU,2006,,23.16
Saudi Arabia,SAU,2007,,23.16
Saudi Arabia,SAU,2008,,23.16
Saudi Arabia,SAU,2009,,23.16
Saudi Arabia,SAU,2010,,23.16
Saudi Arabia,SAU,2011,23.16,23.16
Saudi Arabia,SAU,2012,,23.16
Saudi Arabia,SAU,2013,,23.16
Saudi Arabia,SAU,2014,,23.16
Saudi Arabia,SAU,2015,,23.16
Saudi Arabia,SAU,2016,,23.16
Saudi Arabia,SAU,2017,,23.16
Saudi Arabia,SAU,2018,,23.16
Saudi Arabia,SAU,2019,,23.16
Saudi Arabia,SAU,2020,,23.16
Saudi Arabia,SAU,2021,,23.16
Saudi Arabia,SAU,2022,,23.16
Saudi Arabia,SAU,2023,,23.16
Saudi Arabia,SAU,2024,,23.16
Senegal,SEN,1980,,25.23
Senegal,SEN,1981,,25.23
Senegal,SEN,1982,,25.23
Senegal,SEN,1983,,25.23
Senegal,SEN,1984,,25.23
Senegal,SEN,1985,,25.23
Senegal,SEN,1986,,25.23
Senegal,SEN,1987,,25.23
Senegal,SEN,1988,,25.23
Senegal,SEN,1989,,25.23
Senegal,SEN,1990,,25.23
Senegal,SEN,1991,25.23,25.23
Senegal,SEN,1992,,22.45
Senegal,SEN,1993,,19.65
Senegal,SEN,1994,16.83,16.83
Senegal,SEN,1995,,17.16
Senegal,SEN,1996,,17.48
Senegal,SEN,1997,,17.8
Senegal,SEN,1998,,18.13
Senegal,SEN,1999,,18.45
Senegal,SEN,2000,,18.77
Senegal,SEN,2001,19.09,19.09
Senegal,SEN,2002,,17.7
Senegal,SEN,2003,,16.3
Senegal,SEN,2004,,14.9
Senegal,SEN,2005,13.5,13.5
Senegal,SEN,2006,,13.45
Senegal,SEN,2007,,13.4
Senegal,SEN,2008,,13.34
Senegal,SEN,2009,,13.29
Senegal,SEN,2010,,13.24
Senegal,SEN,2011,13.19,13.19
Senegal,SEN,2012,,13.46
Senegal,SEN,2013,,13.73
Senegal,SEN,2014,,14
Senegal,SEN,2015,,14.27
Senegal,SEN,2016,,14.54
Senegal,SEN,2017,,14.81
Senegal,SEN,2018,15.08,15.08
Senegal,SEN,2019,,14.41
Senegal,SEN,2020,,13.74
Senegal,SEN,2021,13.07,13.07
Senegal,SEN,2022,,13.07
Senegal,SEN,2023,,13.07
Senegal,SEN,2024,,13.07
Serbia,SRB,1980,,9.2
Serbia,SRB,1981,,9.2
Serbia,SRB,1982,,9.2
Serbia,SRB,1983,,9.2
Serbia,SRB,1984,9.36,9.36
Serbia,SRB,1985,9.08,9.08
Serbia,SRB,1986,9.28,9.28
Serbia,SRB,1987,10.48,10.48
Serbia,SRB,1988,9.85,9.85
Serbia,SRB,1989,,9.3
Serbia,SRB,1990,9.5,9.5
Serbia,SRB,1991,,9.85
Serbia,SRB,1992,,10.2
Serbia,SRB,1993,,10.59
Serbia,SRB,1994,,10.99
Serbia,SRB,1995,,11.43
Serbia,SRB,1996,,11.43
Serbia,SRB,1997,,11.52
Serbia,SRB,1998,11.8,11.8
Serbia,SRB,1999,,10.92
Serbia,SRB,2000,,14.45
Serbia,SRB,2001,13.47,13.47
Serbia,SRB,2002,,13.42
Serbia,SRB,2003,,13.97
Serbia,SRB,2004,,14.36
Serbia,SRB,2005,,14.63
Serbia,SRB,2006,,13.64
Serbia,SRB,2007,14.41,14.41
Serbia,SRB,2008,13.88,13.88
Serbia,SRB,2009,12.87,12.87
Serbia,SRB,2010,13.29,13.29
Serbia,SRB,2011,13.31,13.31
Serbia,SRB,2012,14.33,14.33
Serbia,SRB,2013,13.94,13.94
Serbia,SRB,2014,16.2,16.2
Serbia,SRB,2015,14.91,14.91
Serbia,SRB,2016,16.1,16.1
Serbia,SRB,2017,12.85,12.85
Serbia,SRB,2018,11.63,11.63
Serbia,SRB,2019,14.99,14.99
Serbia,SRB,2020,14.99,14.99
Serbia,SRB,2021,15.44,15.44
Serbia,SRB,2022,15.49,15.49
Serbia,SRB,2023,,16.14
Serbia,SRB,2024,,16.14
Seychelles,SYC,1955,20.83,20.83
Seychelles,SYC,1961,22.35,22.35
Seychelles,SYC,1962,21.99,21.99
Seychelles,SYC,1963,22.8,22.8
Seychelles,SYC,1964,22.48,22.48
Seychelles,SYC,1965,22.09,22.09
Seychelles,SYC,1966,22.75,22.75
Seychelles,SYC,1967,22.37,22.37
Seychelles,SYC,1968,22.17,22.17
Seychelles,SYC,1969,22.85,22.85
Seychelles,SYC,1970,21.3,21.3
Seychelles,SYC,1971,21.31,21.31
Seychelles,SYC,1980,,21.8
Seychelles,SYC,1981,,21.8
Seychelles,SYC,1982,,21.8
Seychelles,SYC,1983,,21.8
Seychelles,SYC,1984,,21.8
Seychelles,SYC,1985,,21.8
Seychelles,SYC,1986,,21.8
Seychelles,SYC,1987,,21.8
Seychelles,SYC,1988,,21.8
Seychelles,SYC,1989,,21.8
Seychelles,SYC,1990,,21.8
Seychelles,SYC,1991,,21.8
Seychelles,SYC,1992,,21.8
Seychelles,SYC,1993,,21.8
Seychelles,SYC,1994,,21.8
Seychelles,SYC,1995,,21.8
Seychelles,SYC,1996,,21.8
Seychelles,SYC,1997,,21.8
Seychelles,SYC,1998,,21.8
Seychelles,SYC,1999,21.8,21.8
Seychelles,SYC,2000,,21.63
Seychelles,SYC,2001,,21.46
Seychelles,SYC,2002,,21.29
Seychelles,SYC,2003,,21.12
Seychelles,SYC,2004,,20.95
Seychelles,SYC,2005,,20.78
Seychelles,SYC,2006,20.61,20.61
Seychelles,SYC,2007,,22.43
Seychelles,SYC,2008,,24.26
Seychelles,SYC,2009,,26.08
Seychelles,SYC,2010,,27.9
Seychelles,SYC,2011,,29.72
Seychelles,SYC,2012,,31.54
Seychelles,SYC,2013,33.36,33.36
Seychelles,SYC,2014,,28.46
Seychelles,SYC,2015,,23.56
Seychelles,SYC,2016,,18.64
Seychelles,SYC,2017,,13.72
Seychelles,SYC,2018,8.78,8.78
Seychelles,SYC,2019,,8.78
Seychelles,SYC,2020,,8.78
Seychelles,SYC,2021,,8.78
Seychelles,SYC,2022,,8.78
Seychelles,SYC,2023,,8.78
Seychelles,SYC,2024,,8.78
Sierra Leone,SLE,1980,,12.89
Sierra Leone,SLE,1981,,12.89
Sierra Leone,SLE,1982,,12.89
Sierra Leone,SLE,1983,,12.89
Sierra Leone,SLE,1984,,12.89
Sierra Leone,SLE,1985,,12.89
Sierra Leone,SLE,1986,,12.89
Sierra Leone,SLE,1987,,12.89
Sierra Leone,SLE,1988,,12.89
Sierra Leone,SLE,1989,,12.89
Sierra Leone,SLE,1990,,12.89
Sierra Leone,SLE,1991,,12.89
Sierra Leone,SLE,1992,,12.89
Sierra Leone,SLE,1993,,12.89
Sierra Leone,SLE,1994,,12.89
Sierra Leone,SLE,1995,,12.89
Sierra Leone,SLE,1996,,12.89
Sierra Leone,SLE,1997,,12.89
Sierra Leone,SLE,1998,,12.89
Sierra Leone,SLE,1999,,12.89
Sierra Leone,SLE,2000,,12.89
Sierra Leone,SLE,2001,,12.89
Sierra Leone,SLE,2002,,12.89
Sierra Leone,SLE,2003,12.89,12.89
Sierra Leone,SLE,2004,,12.62
Sierra Leone,SLE,2005,,12.34
Sierra Leone,SLE,2006,,12.07
Sierra Leone,SLE,2007,,11.79
Sierra Leone,SLE,2008,,11.52
Sierra Leone,SLE,2009,,11.24
Sierra Leone,SLE,2010,,10.96
Sierra Leone,SLE,2011,10.69,10.69
Sierra Leone,SLE,2012,,11.31
Sierra Leone,SLE,2013,,11.93
Sierra Leone,SLE,2014,,12.54
Sierra Leone,SLE,2015,,13.16
Sierra Leone,SLE,2016,,13.78
Sierra Leone,SLE,2017,,14.4
Sierra Leone,SLE,2018,15.02,15.02
Sierra Leone,SLE,2019,,15.02
Sierra Leone,SLE,2020,,15.02
Sierra Leone,SLE,2021,,15.02
Sierra Leone,SLE,2022,,15.02
Sierra Leone,SLE,2023,,15.02
Sierra Leone,SLE,2024,,15.02
Singapore,SGP,1947,10.29,10.29
Singapore,SGP,1948,10.15,10.15
Singapore,SGP,1949,10.1,10.1
Singapore,SGP,1950,10.54,10.54
Singapore,SGP,1951,10.33,10.33
Singapore,SGP,1952,9.98,9.98
Singapore,SGP,1953,10.59,10.59
Singapore,SGP,1954,10.38,10.38
Singapore,SGP,1956,10.64,10.64
Singapore,SGP,1957,10.45,10.45
Singapore,SGP,1958,10.19,10.19
Singapore,SGP,1959,10.76,10.76
Singapore,SGP,1960,10.32,10.32
Singapore,SGP,1961,10.24,10.24
Singapore,SGP,1962,9.98,9.98
Singapore,SGP,1963,10.34,10.34
Singapore,SGP,1964,10.39,10.39
Singapore,SGP,1965,10.08,10.08
Singapore,SGP,1966,10.09,10.09
Singapore,SGP,1967,9.99,9.99
Singapore,SGP,1968,10.12,10.12
Singapore,SGP,1969,10.27,10.27
Singapore,SGP,1970,10.77,10.77
Singapore,SGP,1971,10.46,10.46
Singapore,SGP,1972,11.07,11.07
Singapore,SGP,1973,11.36,11.36
Singapore,SGP,1974,10.62,10.62
Singapore,SGP,1975,10.73,10.73
Singapore,SGP,1976,10.49,10.49
Singapore,SGP,1977,10.02,10.02
Singapore,SGP,1978,10.19,10.19
Singapore,SGP,1979,11.16,11.16
Singapore,SGP,1980,10.64,10.64
Singapore,SGP,1981,10.8,10.8
Singapore,SGP,1982,10.99,10.99
Singapore,SGP,1983,10.65,10.65
Singapore,SGP,1984,10.37,10.37
Singapore,SGP,1985,10.86,10.86
Singapore,SGP,1986,10.45,10.45
Singapore,SGP,1987,11.45,11.45
Singapore,SGP,1988,10.64,10.64
Singapore,SGP,1989,10.98,10.98
Singapore,SGP,1990,10.94,10.94
Singapore,SGP,1991,10.09,10.09
Singapore,SGP,1992,10.43,10.43
Singapore,SGP,1993,10.71,10.71
Singapore,SGP,1994,10.22,10.22
Singapore,SGP,1995,10.04,10.04
Singapore,SGP,1996,10.15,10.15
Singapore,SGP,1997,10.48,10.48
Singapore,SGP,1998,11.26,11.26
Singapore,SGP,1999,12.74,12.74
Singapore,SGP,2000,13.44,13.44
Singapore,SGP,2001,15.15,15.15
Singapore,SGP,2002,15.17,15.17
Singapore,SGP,2003,14.43,14.43
Singapore,SGP,2004,13.81,13.81
Singapore,SGP,2005,13.82,13.82
Singapore,SGP,2006,14.45,14.45
Singapore,SGP,2007,14.28,14.28
Singapore,SGP,2008,15.35,15.35
Singapore,SGP,2009,13.85,13.85
Singapore,SGP,2010,13.59,13.59
Singapore,SGP,2011,14.04,14.04
Singapore,SGP,2012,13.76,13.76
Singapore,SGP,2013,13.76,13.76
Singapore,SGP,2014,14.21,14.21
Singapore,SGP,2015,,14.21
Singapore,SGP,2016,,14.2
Singapore,SGP,2017,,14.21
Singapore,SGP,2018,,14.21
Singapore,SGP,2019,,14.21
Singapore,SGP,2020,,14.21
Singapore,SGP,2021,,14.21
Singapore,SGP,2022,,14.21
Singapore,SGP,2023,,14.21
Singapore,SGP,2024,,14.21
Sint Maarten (Dutch part),SXM,1980,,23.75
Sint Maarten (Dutch part),SXM,1981,,23.64
Sint Maarten (Dutch part),SXM,1982,,23.53
Sint Maarten (Dutch part),SXM,1983,,23.42
Sint Maarten (Dutch part),SXM,1984,,23.31
Sint Maarten (Dutch part),SXM,1985,,23.19
Sint Maarten (Dutch part),SXM,1986,,23.07
Sint Maarten (Dutch part),SXM,1987,,22.95
Sint Maarten (Dutch part),SXM,1988,,22.83
Sint Maarten (Dutch part),SXM,1989,,22.7
Sint Maarten (Dutch part),SXM,1990,,22.58
Sint Maarten (Dutch part),SXM,1991,,22.57
Sint Maarten (Dutch part),SXM,1992,,22.55
Sint Maarten (Dutch part),SXM,1993,,22.54
Sint Maarten (Dutch part),SXM,1994,,22.53
Sint Maarten (Dutch part),SXM,1995,,22.52
Sint Maarten (Dutch part),SXM,1996,,22.51
Sint Maarten (Dutch part),SXM,1997,,22.5
Sint Maarten (Dutch part),SXM,1998,,22.49
Sint Maarten (Dutch part),SXM,1999,,22.48
Sint Maarten (Dutch part),SXM,2000,,22.47
Sint Maarten (Dutch part),SXM,2001,,22.31
Sint Maarten (Dutch part),SXM,2002,,22.16
Sint Maarten (Dutch part),SXM,2003,,22.02
Sint Maarten (Dutch part),SXM,2004,,21.89
Sint Maarten (Dutch part),SXM,2005,,21.76
Sint Maarten (Dutch part),SXM,2006,,21.64
Sint Maarten (Dutch part),SXM,2007,,21.53
Sint Maarten (Dutch part),SXM,2008,,21.42
Sint Maarten (Dutch part),SXM,2009,,21.31
Sint Maarten (Dutch part),SXM,2010,,21.21
Sint Maarten (Dutch part),SXM,2011,,21.2
Sint Maarten (Dutch part),SXM,2012,,21.2
Sint Maarten (Dutch part),SXM,2013,,21.2
Sint Maarten (Dutch part),SXM,2014,,21.2
Sint Maarten (Dutch part),SXM,2015,,21.19
Sint Maarten (Dutch part),SXM,2016,,21.19
Sint Maarten (Dutch part),SXM,2017,,21.19
Sint Maarten (Dutch part),SXM,2018,,21.18
Sint Maarten (Dutch part),SXM,2019,,21.18
Sint Maarten (Dutch part),SXM,2020,,21.18
Sint Maarten (Dutch part),SXM,2021,,21.18
Sint Maarten (Dutch part),SXM,2022,,21.18
Sint Maarten (Dutch part),SXM,2023,,21.18
Sint Maarten (Dutch part),SXM,2024,,21.18
Slovakia,SVK,1980,4.24,4.24
Slovakia,SVK,1981,,3.95
Slovakia,SVK,1982,,4.07
Slovakia,SVK,1983,,4.05
Slovakia,SVK,1984,,4.04
Slovakia,SVK,1985,4.01,4.01
Slovakia,SVK,1986,,4.14
Slovakia,SVK,1987,,4.38
Slovakia,SVK,1988,4.57,4.57
Slovakia,SVK,1989,,4.72
Slovakia,SVK,1990,,5.03
Slovakia,SVK,1991,,6.29
Slovakia,SVK,1992,5.64,5.64
Slovakia,SVK,1993,,5.69
Slovakia,SVK,1994,,6.29
Slovakia,SVK,1995,,5.95
Slovakia,SVK,1996,,6.06
Slovakia,SVK,1997,6.57,6.57
Slovakia,SVK,1998,6.98,6.98
Slovakia,SVK,1999,7.8,7.8
Slovakia,SVK,2000,7.43,7.43
Slovakia,SVK,2001,8.76,8.76
Slovakia,SVK,2002,8.85,8.85
Slovakia,SVK,2003,8.16,8.16
Slovakia,SVK,2004,10.19,10.19
Slovakia,SVK,2005,,9.67
Slovakia,SVK,2006,,9.78
Slovakia,SVK,2007,,9.37
Slovakia,SVK,2008,8.74,8.74
Slovakia,SVK,2009,9.45,9.45
Slovakia,SVK,2010,11.17,11.17
Slovakia,SVK,2011,9.55,9.55
Slovakia,SVK,2012,9.46,9.46
Slovakia,SVK,2013,11.78,11.78
Slovakia,SVK,2014,10.29,10.29
Slovakia,SVK,2015,11.16,11.16
Slovakia,SVK,2016,9.11,9.11
Slovakia,SVK,2017,8.47,8.47
Slovakia,SVK,2018,7.86,7.86
Slovakia,SVK,2019,7.52,7.52
Slovakia,SVK,2020,7.52,7.52
Slovakia,SVK,2021,7.52,7.52
Slovakia,SVK,2022,7.52,7.52
Slovakia,SVK,2023,,7.52
Slovakia,SVK,2024,,7.52
Slovenia,SVN,1980,,4.26
Slovenia,SVN,1981,,4.26
Slovenia,SVN,1982,,4.26
Slovenia,SVN,1983,,4.26
Slovenia,SVN,1984,,4.26
Slovenia,SVN,1985,,4.26
Slovenia,SVN,1986,,4.26
Slovenia,SVN,1987,,4.26
Slovenia,SVN,1988,,4.26
Slovenia,SVN,1989,,4.26
Slovenia,SVN,1990,,4.26
Slovenia,SVN,1991,,4.29
Slovenia,SVN,1992,4.83,4.83
Slovenia,SVN,1993,5.68,5.68
Slovenia,SVN,1994,5.94,5.94
Slovenia,SVN,1995,6.45,6.45
Slovenia,SVN,1996,6.62,6.62
Slovenia,SVN,1997,6.93,6.93
Slovenia,SVN,1998,7.21,7.21
Slovenia,SVN,1999,7.75,7.75
Slovenia,SVN,2000,7.26,7.26
Slovenia,SVN,2001,6.88,6.88
Slovenia,SVN,2002,6.99,6.99
Slovenia,SVN,2003,7.51,7.51
Slovenia,SVN,2004,7.62,7.62
Slovenia,SVN,2005,7.47,7.47
Slovenia,SVN,2006,7.79,7.79
Slovenia,SVN,2007,8.15,8.15
Slovenia,SVN,2008,8.07,8.07
Slovenia,SVN,2009,7.13,7.13
Slovenia,SVN,2010,7.17,7.17
Slovenia,SVN,2011,7.02,7.02
Slovenia,SVN,2012,6.93,6.93
Slovenia,SVN,2013,7.05,7.05
Slovenia,SVN,2014,7.82,7.82
Slovenia,SVN,2015,7.11,7.11
Slovenia,SVN,2016,7.38,7.38
Slovenia,SVN,2017,7.95,7.95
Slovenia,SVN,2018,8.04,8.04
Slovenia,SVN,2019,8,8
Slovenia,SVN,2020,8,8
Slovenia,SVN,2021,8,8
Slovenia,SVN,2022,8.01,8.01
Slovenia,SVN,2023,,7.96
Slovenia,SVN,2024,,7.96
Solomon Islands,SLB,1980,,8.85
Solomon Islands,SLB,1981,,9
Solomon Islands,SLB,1982,,9.14
Solomon Islands,SLB,1983,,9.29
Solomon Islands,SLB,1984,,9.44
Solomon Islands,SLB,1985,,9.6
Solomon Islands,SLB,1986,,9.76
Solomon Islands,SLB,1987,,9.92
Solomon Islands,SLB,1988,,10.08
Solomon Islands,SLB,1989,,10.25
Solomon Islands,SLB,1990,,10.42
Solomon Islands,SLB,1991,,10.7
Solomon Islands,SLB,1992,,10.96
Solomon Islands,SLB,1993,,11.22
Solomon Islands,SLB,1994,,11.47
Solomon Islands,SLB,1995,,11.72
Solomon Islands,SLB,1996,,11.95
Solomon Islands,SLB,1997,,12.18
Solomon Islands,SLB,1998,,12.4
Solomon Islands,SLB,1999,,12.61
Solomon Islands,SLB,2000,,12.82
Solomon Islands,SLB,2001,,13.2
Solomon Islands,SLB,2002,,13.58
Solomon Islands,SLB,2003,,13.94
Solomon Islands,SLB,2004,,14.29
Solomon Islands,SLB,2005,,14.64
Solomon Islands,SLB,2006,,14.98
Solomon Islands,SLB,2007,,15.31
Solomon Islands,SLB,2008,,15.64
Solomon Islands,SLB,2009,,15.95
Solomon Islands,SLB,2010,,16.26
Solomon Islands,SLB,2011,,16.24
Solomon Islands,SLB,2012,,16.22
Solomon Islands,SLB,2013,,16.2
Solomon Islands,SLB,2014,,16.18
Solomon Islands,SLB,2015,,16.17
Solomon Islands,SLB,2016,,16.15
Solomon Islands,SLB,2017,,16.13
Solomon Islands,SLB,2018,,16.12
Solomon Islands,SLB,2019,,16.1
Solomon Islands,SLB,2020,,16.09
Solomon Islands,SLB,2021,,16.09
Solomon Islands,SLB,2022,,16.09
Solomon Islands,SLB,2023,,16.09
Solomon Islands,SLB,2024,,16.09
Somalia,SOM,1980,,24.64
Somalia,SOM,1981,,24.69
Somalia,SOM,1982,,24.78
Somalia,SOM,1983,,24.84
Somalia,SOM,1984,,24.91
Somalia,SOM,1985,,24.98
Somalia,SOM,1986,,25.05
Somalia,SOM,1987,,25.14
Somalia,SOM,1988,,25.26
Somalia,SOM,1989,,25.35
Somalia,SOM,1990,,25.58
Somalia,SOM,1991,,25.79
Somalia,SOM,1992,,25.97
Somalia,SOM,1993,,24.97
Somalia,SOM,1994,,23.66
Somalia,SOM,1995,,23.32
Somalia,SOM,1996,,21.94
Somalia,SOM,1997,,20.8
Somalia,SOM,1998,,19.45
Somalia,SOM,1999,,18.05
Somalia,SOM,2000,,18.13
Somalia,SOM,2001,,18.28
Somalia,SOM,2002,,18.35
Somalia,SOM,2003,,18.21
Somalia,SOM,2004,,18.07
Somalia,SOM,2005,,18.06
Somalia,SOM,2006,,17.98
Somalia,SOM,2007,,17.93
Somalia,SOM,2008,,17.81
Somalia,SOM,2009,,17.81
Somalia,SOM,2010,,17.7
Somalia,SOM,2011,,17.53
Somalia,SOM,2012,,17.4
Somalia,SOM,2013,,17.5
Somalia,SOM,2014,,17.57
Somalia,SOM,2015,,17.47
Somalia,SOM,2016,,17.22
Somalia,SOM,2017,,16.79
Somalia,SOM,2018,,16.38
Somalia,SOM,2019,,15.97
Somalia,SOM,2020,,15.64
Somalia,SOM,2021,,15.9
Somalia,SOM,2022,,15.53
Somalia,SOM,2023,,15.52
Somalia,SOM,2024,,15.52
South Africa,ZAF,1820,,20.33
South Africa,ZAF,1850,,20.79
South Africa,ZAF,1880,,21.03
South Africa,ZAF,1900,,21.96
South Africa,ZAF,1910,,23.36
South Africa,ZAF,1913,,24.17
South Africa,ZAF,1914,,24.25
South Africa,ZAF,1915,,24.25
South Africa,ZAF,1916,,24.78
South Africa,ZAF,1917,,24.94
South Africa,ZAF,1918,,24.73
South Africa,ZAF,1919,,24.04
South Africa,ZAF,1920,,24.85
South Africa,ZAF,1921,,24.99
South Africa,ZAF,1922,,24.4
South Africa,ZAF,1923,,23.77
South Africa,ZAF,1924,,23.77
South Africa,ZAF,1925,,23.89
South Africa,ZAF,1926,,23.41
South Africa,ZAF,1927,,23.11
South Africa,ZAF,1928,,23
South Africa,ZAF,1929,,22.71
South Africa,ZAF,1930,,22.76
South Africa,ZAF,1931,,22.3
South Africa,ZAF,1932,,21.6
South Africa,ZAF,1933,,21.08
South Africa,ZAF,1934,,20.19
South Africa,ZAF,1935,,19.96
South Africa,ZAF,1936,,19.5
South Africa,ZAF,1937,,18.7
South Africa,ZAF,1938,,17.98
South Africa,ZAF,1939,,17.02
South Africa,ZAF,1940,,16.95
South Africa,ZAF,1944,,17.11
South Africa,ZAF,1945,,16.77
South Africa,ZAF,1946,,17.59
South Africa,ZAF,1947,,17.13
South Africa,ZAF,1948,,16.7
South Africa,ZAF,1949,,16.74
South Africa,ZAF,1950,,16.23
South Africa,ZAF,1954,,13.91
South Africa,ZAF,1955,,13.7
South Africa,ZAF,1956,,13.13
South Africa,ZAF,1957,,12.73
South Africa,ZAF,1958,,12.19
South Africa,ZAF,1959,,11.77
South Africa,ZAF,1960,,11.35
South Africa,ZAF,1961,,11.09
South Africa,ZAF,1963,,11.67
South Africa,ZAF,1964,,11.53
South Africa,ZAF,1965,,11.15
South Africa,ZAF,1967,,11.23
South Africa,ZAF,1969,,11.43
South Africa,ZAF,1970,,11.46
South Africa,ZAF,1971,,10.9
South Africa,ZAF,1974,,10.78
South Africa,ZAF,1975,,10.39
South Africa,ZAF,1978,,9.77
South Africa,ZAF,1979,,9.37
South Africa,ZAF,1980,,10.14
South Africa,ZAF,1981,,10.14
South Africa,ZAF,1982,,10.14
South Africa,ZAF,1983,,10.14
South Africa,ZAF,1984,,10.14
South Africa,ZAF,1985,,10.14
South Africa,ZAF,1986,,10.14
South Africa,ZAF,1987,,10.14
South Africa,ZAF,1988,,10.14
South Africa,ZAF,1989,,10.14
South Africa,ZAF,1990,,10.14
South Africa,ZAF,1991,,10.81
South Africa,ZAF,1992,,10.85
South Africa,ZAF,1993,10.58,10.58
South Africa,ZAF,1994,,11.28
South Africa,ZAF,1995,,11.99
South Africa,ZAF,1996,,12.69
South Africa,ZAF,1997,,13.38
South Africa,ZAF,1998,,14.08
South Africa,ZAF,1999,,14.77
South Africa,ZAF,2000,15.46,15.46
South Africa,ZAF,2001,,16.19
South Africa,ZAF,2002,,16.92
South Africa,ZAF,2003,,17.24
South Africa,ZAF,2004,,17.44
South Africa,ZAF,2005,18.34,18.34
South Africa,ZAF,2006,,19.34
South Africa,ZAF,2007,,20.33
South Africa,ZAF,2008,19.76,19.76
South Africa,ZAF,2009,,18.58
South Africa,ZAF,2010,18.77,18.77
South Africa,ZAF,2011,,18.65
South Africa,ZAF,2012,,19.32
South Africa,ZAF,2013,,19.31
South Africa,ZAF,2014,19.31,19.31
South Africa,ZAF,2015,,19.31
South Africa,ZAF,2016,,19.31
South Africa,ZAF,2017,,19.31
South Africa,ZAF,2018,,19.31
South Africa,ZAF,2019,,19.31
South Africa,ZAF,2020,,19.31
South Africa,ZAF,2021,,19.31
South Africa,ZAF,2022,,19.31
South Africa,ZAF,2023,,19.31
South Africa,ZAF,2024,,21.93
South Korea,KOR,1820,,16.16
South Korea,KOR,1850,,17.35
South Korea,KOR,1880,,17.35
South Korea,KOR,1900,,17.56
South Korea,KOR,1910,,20.26
South Korea,KOR,1920,,21.78
South Korea,KOR,1930,,19.84
South Korea,KOR,1933,,19.73
South Korea,KOR,1934,,19.35
South Korea,KOR,1935,,18.92
South Korea,KOR,1936,,18.52
South Korea,KOR,1937,,18.35
South Korea,KOR,1938,,18.41
South Korea,KOR,1939,,18.16
South Korea,KOR,1940,,18.17
South Korea,KOR,1941,,17.6
South Korea,KOR,1942,,16.66
South Korea,KOR,1943,,16.31
South Korea,KOR,1944,,15.39
South Korea,KOR,1945,,14.44
South Korea,KOR,1946,,13.94
South Korea,KOR,1947,,13.05
South Korea,KOR,1948,,12.17
South Korea,KOR,1949,,11.4
South Korea,KOR,1950,,10.54
South Korea,KOR,1951,,10.63
South Korea,KOR,1952,,10.66
South Korea,KOR,1953,,10.8
South Korea,KOR,1954,,10.85
South Korea,KOR,1955,,10.87
South Korea,KOR,1956,,10.97
South Korea,KOR,1957,,11.01
South Korea,KOR,1958,,11.03
South Korea,KOR,1959,,11.07
South Korea,KOR,1960,,11.09
South Korea,KOR,1961,,10.83
South Korea,KOR,1962,,10.71
South Korea,KOR,1963,,10.33
South Korea,KOR,1964,,10.17
South Korea,KOR,1965,,10.09
South Korea,KOR,1966,,9.68
South Korea,KOR,1967,,9.54
South Korea,KOR,1968,,9.48
South Korea,KOR,1969,,9.05
South Korea,KOR,1970,,11.57
South Korea,KOR,1971,,8.87
South Korea,KOR,1972,,8.88
South Korea,KOR,1973,,8.33
South Korea,KOR,1974,,8.26
South Korea,KOR,1975,,8.25
South Korea,KOR,1976,,7.74
South Korea,KOR,1977,,7.7
South Korea,KOR,1978,,7.67
South Korea,KOR,1979,,7.33
South Korea,KOR,1980,,7.64
South Korea,KOR,1981,,7.64
South Korea,KOR,1982,7.64,7.64
South Korea,KOR,1983,,7.55
South Korea,KOR,1984,,7.62
South Korea,KOR,1985,,7.69
South Korea,KOR,1986,,7.75
South Korea,KOR,1987,,7.82
South Korea,KOR,1988,,7.89
South Korea,KOR,1989,,8.09
South Korea,KOR,1990,,8.18
South Korea,KOR,1991,8.36,8.36
South Korea,KOR,1992,,7.52
South Korea,KOR,1993,,7.05
South Korea,KOR,1994,,6.42
South Korea,KOR,1995,,5.94
South Korea,KOR,1996,5.62,5.62
South Korea,KOR,1997,,5.75
South Korea,KOR,1998,,6.01
South Korea,KOR,1999,,6.28
South Korea,KOR,2000,6.71,6.71
South Korea,KOR,2001,,7.32
South Korea,KOR,2002,,8.16
South Korea,KOR,2003,,9.09
South Korea,KOR,2004,,10.13
South Korea,KOR,2005,,11.28
South Korea,KOR,2006,,12.66
South Korea,KOR,2007,13.67,13.67
South Korea,KOR,2008,14.39,14.39
South Korea,KOR,2009,14.85,14.85
South Korea,KOR,2010,16.81,16.81
South Korea,KOR,2011,17.01,17.01
South Korea,KOR,2012,16.95,16.95
South Korea,KOR,2013,13.77,13.77
South Korea,KOR,2014,14.78,14.78
South Korea,KOR,2015,15.85,15.85
South Korea,KOR,2016,15.88,15.88
South Korea,KOR,2017,16.39,16.39
South Korea,KOR,2018,15.7,15.7
South Korea,KOR,2019,13.4,13.4
South Korea,KOR,2020,13.43,13.43
South Korea,KOR,2021,13.98,13.98
South Korea,KOR,2022,14.11,14.11
South Korea,KOR,2023,,14.11
South Korea,KOR,2024,,14.11
South Sudan,SSD,1980,,14.21
South Sudan,SSD,1981,,14.21
South Sudan,SSD,1982,,14.21
South Sudan,SSD,1983,,14.21
South Sudan,SSD,1984,,14.21
South Sudan,SSD,1985,,14.21
South Sudan,SSD,1986,,14.21
South Sudan,SSD,1987,,14.21
South Sudan,SSD,1988,,14.21
South Sudan,SSD,1989,,14.21
South Sudan,SSD,1990,,14.21
South Sudan,SSD,1991,,14.21
South Sudan,SSD,1992,,14.21
South Sudan,SSD,1993,,14.21
South Sudan,SSD,1994,,14.21
South Sudan,SSD,1995,,14.21
South Sudan,SSD,1996,,14.21
South Sudan,SSD,1997,,14.21
South Sudan,SSD,1998,,14.21
South Sudan,SSD,1999,,14.21
South Sudan,SSD,2000,,14.21
South Sudan,SSD,2001,,14.21
South Sudan,SSD,2002,,14.21
South Sudan,SSD,2003,,14.21
South Sudan,SSD,2004,,14.21
South Sudan,SSD,2005,,14.21
South Sudan,SSD,2006,,14.21
South Sudan,SSD,2007,,14.21
South Sudan,SSD,2008,,14.21
South Sudan,SSD,2009,14.21,14.21
South Sudan,SSD,2010,,14.39
South Sudan,SSD,2011,,14.58
South Sudan,SSD,2012,,14.77
South Sudan,SSD,2013,,14.96
South Sudan,SSD,2014,,15.15
South Sudan,SSD,2015,,15.33
South Sudan,SSD,2016,15.52,15.52
South Sudan,SSD,2017,,15.52
South Sudan,SSD,2018,,15.52
South Sudan,SSD,2019,,15.52
South Sudan,SSD,2020,,15.52
South Sudan,SSD,2021,,15.52
South Sudan,SSD,2022,,15.52
South Sudan,SSD,2023,,15.52
South Sudan,SSD,2024,,15.52
South and South-East Asia (WID),,1820,16.6,16.6
South and South-East Asia (WID),,1850,18.02,18.02
South and South-East Asia (WID),,1880,18.21,18.21
South and South-East Asia (WID),,1900,17.09,17.09
South and South-East Asia (WID),,1910,15.09,15.09
South and South-East Asia (WID),,1920,17.07,17.07
South and South-East Asia (WID),,1930,16.64,16.64
South and South-East Asia (WID),,1940,22.2,22.2
South and South-East Asia (WID),,1950,15.61,15.61
South and South-East Asia (WID),,1960,17.26,17.26
South and South-East Asia (WID),,1970,18.58,18.58
South and South-East Asia (WID),,1980,18.05,18.05
South and South-East Asia (WID),,1981,17.74,17.74
South and South-East Asia (WID),,1982,17.7,17.7
South and South-East Asia (WID),,1983,18.18,18.18
South and South-East Asia (WID),,1984,17.93,17.93
South and South-East Asia (WID),,1985,18.24,18.24
South and South-East Asia (WID),,1986,18.29,18.29
South and South-East Asia (WID),,1987,18.54,18.54
South and South-East Asia (WID),,1988,18.85,18.85
South and South-East Asia (WID),,1989,18.87,18.87
South and South-East Asia (WID),,1990,18.92,18.92
South and South-East Asia (WID),,1991,19.27,19.27
South and South-East Asia (WID),,1992,19.68,19.68
South and South-East Asia (WID),,1993,20.33,20.33
South and South-East Asia (WID),,1994,20.63,20.63
South and South-East Asia (WID),,1995,21.08,21.08
South and South-East Asia (WID),,1996,21.34,21.34
South and South-East Asia (WID),,1997,20.68,20.68
South and South-East Asia (WID),,1998,19.5,19.5
South and South-East Asia (WID),,1999,19.6,19.6
South and South-East Asia (WID),,2000,19.91,19.91
South and South-East Asia (WID),,2001,20.25,20.25
South and South-East Asia (WID),,2002,20.48,20.48
South and South-East Asia (WID),,2003,20.86,20.86
South and South-East Asia (WID),,2004,21.3,21.3
South and South-East Asia (WID),,2005,21.9,21.9
South and South-East Asia (WID),,2006,21.72,21.72
South and South-East Asia (WID),,2007,21.78,21.78
South and South-East Asia (WID),,2008,22.13,22.13
South and South-East Asia (WID),,2009,22.08,22.08
South and South-East Asia (WID),,2010,22,22
South and South-East Asia (WID),,2011,22.07,22.07
South and South-East Asia (WID),,2012,21.87,21.87
South and South-East Asia (WID),,2013,21.81,21.81
South and South-East Asia (WID),,2014,21.67,21.67
South and South-East Asia (WID),,2015,21.54,21.54
South and South-East Asia (WID),,2016,21.27,21.27
South and South-East Asia (WID),,2017,21.43,21.43
South and South-East Asia (WID),,2018,21.5,21.5
South and South-East Asia (WID),,2019,20.75,20.75
South and South-East Asia (WID),,2020,20.95,20.95
South and South-East Asia (WID),,2021,21.17,21.17
South and South-East Asia (WID),,2022,21.54,21.54
South and South-East Asia (WID),,2023,21.61,21.61
South and South-East Asia (WID),,2024,21.82,21.82
Spain,ESP,1820,,20.16
Spain,ESP,1850,,20.65
Spain,ESP,1880,,20.42
Spain,ESP,1900,,25.29
Spain,ESP,1910,,24.94
Spain,ESP,1920,,21.31
Spain,ESP,1930,,13.47
Spain,ESP,1933,,12.93
Spain,ESP,1934,,13.17
Spain,ESP,1935,,13.58
Spain,ESP,1940,,13.44
Spain,ESP,1941,,13.58
Spain,ESP,1942,,13.16
Spain,ESP,1943,,13.47
Spain,ESP,1944,,13.15
Spain,ESP,1945,,12.81
Spain,ESP,1946,,13.19
Spain,ESP,1947,,12.69
Spain,ESP,1948,,12.41
Spain,ESP,1949,,12.61
Spain,ESP,1950,,11.93
Spain,ESP,1951,,11.63
Spain,ESP,1952,,11.83
Spain,ESP,1953,,12.02
Spain,ESP,1954,,12.1
Spain,ESP,1955,,11.77
Spain,ESP,1957,,11.89
Spain,ESP,1958,,11.6
Spain,ESP,1959,,11.86
Spain,ESP,1960,,11.34
Spain,ESP,1961,,11.08
Spain,ESP,1970,,11.09
Spain,ESP,1971,,11.01
Spain,ESP,1980,,11.36
Spain,ESP,1981,,11.15
Spain,ESP,1982,11.24,11.24
Spain,ESP,1983,10.92,10.92
Spain,ESP,1984,10.79,10.79
Spain,ESP,1985,10.97,10.97
Spain,ESP,1986,11.74,11.74
Spain,ESP,1987,11.78,11.78
Spain,ESP,1988,11.85,11.85
Spain,ESP,1989,12.12,12.12
Spain,ESP,1990,11.68,11.68
Spain,ESP,1991,11.43,11.43
Spain,ESP,1992,11.26,11.26
Spain,ESP,1993,10.99,10.99
Spain,ESP,1994,11.38,11.38
Spain,ESP,1995,11.67,11.67
Spain,ESP,1996,11.52,11.52
Spain,ESP,1997,10.97,10.97
Spain,ESP,1998,10.99,10.99
Spain,ESP,1999,11.18,11.18
Spain,ESP,2000,11.01,11.01
Spain,ESP,2001,10.58,10.58
Spain,ESP,2002,10.89,10.89
Spain,ESP,2003,11.1,11.1
Spain,ESP,2004,10.98,10.98
Spain,ESP,2005,10.82,10.82
Spain,ESP,2006,11.3,11.3
Spain,ESP,2007,11.33,11.33
Spain,ESP,2008,11.63,11.63
Spain,ESP,2009,12.62,12.62
Spain,ESP,2010,11.54,11.54
Spain,ESP,2011,11.35,11.35
Spain,ESP,2012,12.13,12.13
Spain,ESP,2013,,12.04
Spain,ESP,2014,,12.14
Spain,ESP,2015,12.64,12.64
Spain,ESP,2016,12.7,12.7
Spain,ESP,2017,12.71,12.71
Spain,ESP,2018,12.54,12.54
Spain,ESP,2019,12.04,12.04
Spain,ESP,2020,12.04,12.04
Spain,ESP,2021,12.27,12.27
Spain,ESP,2022,12.47,12.47
Spain,ESP,2023,,12.12
Spain,ESP,2024,,12.12
Sri Lanka,LKA,1980,,14.77
Sri Lanka,LKA,1981,,14.77
Sri Lanka,LKA,1982,,14.77
Sri Lanka,LKA,1983,,14.77
Sri Lanka,LKA,1984,,14.77
Sri Lanka,LKA,1985,14.77,14.77
Sri Lanka,LKA,1986,,15.41
Sri Lanka,LKA,1987,,16.02
Sri Lanka,LKA,1988,,16.6
Sri Lanka,LKA,1989,,17.15
Sri Lanka,LKA,1990,17.67,17.67
Sri Lanka,LKA,1991,,17.31
Sri Lanka,LKA,1992,,16.98
Sri Lanka,LKA,1993,,16.68
Sri Lanka,LKA,1994,,16.41
Sri Lanka,LKA,1995,16.16,16.16
Sri Lanka,LKA,1996,,16.92
Sri Lanka,LKA,1997,,17.65
Sri Lanka,LKA,1998,,18.29
Sri Lanka,LKA,1999,,19
Sri Lanka,LKA,2000,,19.6
Sri Lanka,LKA,2001,,20.16
Sri Lanka,LKA,2002,20.79,20.79
Sri Lanka,LKA,2003,,21
Sri Lanka,LKA,2004,,21.06
Sri Lanka,LKA,2005,,21.15
Sri Lanka,LKA,2006,21.28,21.28
Sri Lanka,LKA,2007,,20.5
Sri Lanka,LKA,2008,,19.4
Sri Lanka,LKA,2009,18.56,18.56
Sri Lanka,LKA,2010,,19.59
Sri Lanka,LKA,2011,,20.07
Sri Lanka,LKA,2012,20.57,20.57
Sri Lanka,LKA,2013,,20.58
Sri Lanka,LKA,2014,,20.54
Sri Lanka,LKA,2015,,20.45
Sri Lanka,LKA,2016,20.47,20.47
Sri Lanka,LKA,2017,,20.47
Sri Lanka,LKA,2018,,20.47
Sri Lanka,LKA,2019,,20.47
Sri Lanka,LKA,2020,,20.47
Sri Lanka,LKA,2021,,20.47
Sri Lanka,LKA,2022,,20.47
Sri Lanka,LKA,2023,,20.47
Sri Lanka,LKA,2024,,20.47
Sub-Saharan Africa (WID),,1820,21.26,21.26
Sub-Saharan Africa (WID),,1850,21.68,21.68
Sub-Saharan Africa (WID),,1880,23.59,23.59
Sub-Saharan Africa (WID),,1900,23.12,23.12
Sub-Saharan Africa (WID),,1910,24.09,24.09
Sub-Saharan Africa (WID),,1920,23.29,23.29
Sub-Saharan Africa (WID),,1930,23.69,23.69
Sub-Saharan Africa (WID),,1940,24.4,24.4
Sub-Saharan Africa (WID),,1950,23.38,23.38
Sub-Saharan Africa (WID),,1960,23.94,23.94
Sub-Saharan Africa (WID),,1970,24.98,24.98
Sub-Saharan Africa (WID),,1980,20.22,20.22
Sub-Saharan Africa (WID),,1981,20.15,20.15
Sub-Saharan Africa (WID),,1982,20.4,20.4
Sub-Saharan Africa (WID),,1983,20.75,20.75
Sub-Saharan Africa (WID),,1984,20.84,20.84
Sub-Saharan Africa (WID),,1985,20.55,20.55
Sub-Saharan Africa (WID),,1986,20.25,20.25
Sub-Saharan Africa (WID),,1987,20.25,20.25
Sub-Saharan Africa (WID),,1988,20.31,20.31
Sub-Saharan Africa (WID),,1989,20.43,20.43
Sub-Saharan Africa (WID),,1990,20.35,20.35
Sub-Saharan Africa (WID),,1991,20.94,20.94
Sub-Saharan Africa (WID),,1992,20.92,20.92
Sub-Saharan Africa (WID),,1993,20.11,20.11
Sub-Saharan Africa (WID),,1994,20.1,20.1
Sub-Saharan Africa (WID),,1995,20.47,20.47
Sub-Saharan Africa (WID),,1996,20.75,20.75
Sub-Saharan Africa (WID),,1997,21.16,21.16
Sub-Saharan Africa (WID),,1998,21.14,21.14
Sub-Saharan Africa (WID),,1999,21.32,21.32
Sub-Saharan Africa (WID),,2000,21.59,21.59
Sub-Saharan Africa (WID),,2001,21.87,21.87
Sub-Saharan Africa (WID),,2002,22.17,22.17
Sub-Saharan Africa (WID),,2003,22.22,22.22
Sub-Saharan Africa (WID),,2004,21.86,21.86
Sub-Saharan Africa (WID),,2005,22.14,22.14
Sub-Saharan Africa (WID),,2006,22.19,22.19
Sub-Saharan Africa (WID),,2007,22.3,22.3
Sub-Saharan Africa (WID),,2008,21.83,21.83
Sub-Saharan Africa (WID),,2009,20.9,20.9
Sub-Saharan Africa (WID),,2010,20.85,20.85
Sub-Saharan Africa (WID),,2011,20.95,20.95
Sub-Saharan Africa (WID),,2012,21.16,21.16
Sub-Saharan Africa (WID),,2013,20.91,20.91
Sub-Saharan Africa (WID),,2014,20.64,20.64
Sub-Saharan Africa (WID),,2015,20.3,20.3
Sub-Saharan Africa (WID),,2016,20.32,20.32
Sub-Saharan Africa (WID),,2017,20.36,20.36
Sub-Saharan Africa (WID),,2018,20.14,20.14
Sub-Saharan Africa (WID),,2019,19.9,19.9
Sub-Saharan Africa (WID),,2020,19.3,19.3
Sub-Saharan Africa (WID),,2021,19.75,19.75
Sub-Saharan Africa (WID),,2022,19.59,19.59
Sub-Saharan Africa (WID),,2023,19.4,19.4
Sub-Saharan Africa (WID),,2024,20.02,20.02
Sudan,SDN,1820,,20.33
Sudan,SDN,1850,,20.79
Sudan,SDN,1880,,21.29
Sudan,SDN,1900,,21.58
Sudan,SDN,1910,,23.36
Sudan,SDN,1920,,21.63
Sudan,SDN,1930,,20.29
Sudan,SDN,1940,,21
Sudan,SDN,1950,,20
Sudan,SDN,1960,,22
Sudan,SDN,1970,,23
Sudan,SDN,1980,,11.3
Sudan,SDN,1981,,11.3
Sudan,SDN,1982,,11.3
Sudan,SDN,1983,,11.3
Sudan,SDN,1984,,11.3
Sudan,SDN,1985,,11.3
Sudan,SDN,1986,,11.3
Sudan,SDN,1987,,11.3
Sudan,SDN,1988,,11.3
Sudan,SDN,1989,,11.3
Sudan,SDN,1990,,11.3
Sudan,SDN,1991,,11.3
Sudan,SDN,1992,,11.3
Sudan,SDN,1993,,11.3
Sudan,SDN,1994,,11.3
Sudan,SDN,1995,,11.3
Sudan,SDN,1996,,11.3
Sudan,SDN,1997,,11.3
Sudan,SDN,1998,,11.3
Sudan,SDN,1999,,11.3
Sudan,SDN,2000,,11.3
Sudan,SDN,2001,,11.3
Sudan,SDN,2002,,11.3
Sudan,SDN,2003,,11.3
Sudan,SDN,2004,,11.3
Sudan,SDN,2005,,11.3
Sudan,SDN,2006,,11.3
Sudan,SDN,2007,,11.3
Sudan,SDN,2008,,11.3
Sudan,SDN,2009,11.3,11.3
Sudan,SDN,2010,,12.11
Sudan,SDN,2011,,12.92
Sudan,SDN,2012,,13.73
Sudan,SDN,2013,,14.55
Sudan,SDN,2014,15.36,15.36
Sudan,SDN,2015,,15.36
Sudan,SDN,2016,,15.36
Sudan,SDN,2017,,15.36
Sudan,SDN,2018,,15.36
Sudan,SDN,2019,,15.36
Sudan,SDN,2020,,15.36
Sudan,SDN,2021,,15.36
Sudan,SDN,2022,,15.36
Sudan,SDN,2023,,15.36
Sudan,SDN,2024,,15.36
Suriname,SUR,1980,,22.27
Suriname,SUR,1981,,22.27
Suriname,SUR,1982,,22.27
Suriname,SUR,1983,,22.27
Suriname,SUR,1984,,22.27
Suriname,SUR,1985,,22.27
Suriname,SUR,1986,,22.27
Suriname,SUR,1987,,22.27
Suriname,SUR,1988,,22.27
Suriname,SUR,1989,,22.27
Suriname,SUR,1990,,22.27
Suriname,SUR,1991,,22.27
Suriname,SUR,1992,,22.27
Suriname,SUR,1993,,22.27
Suriname,SUR,1994,,22.27
Suriname,SUR,1995,,22.27
Suriname,SUR,1996,,22.27
Suriname,SUR,1997,,22.27
Suriname,SUR,1998,,22.27
Suriname,SUR,1999,,22.27
Suriname,SUR,2000,,22.27
Suriname,SUR,2001,,22.79
Suriname,SUR,2002,,22.45
Suriname,SUR,2003,,23.3
Suriname,SUR,2004,,24.14
Suriname,SUR,2005,,22.75
Suriname,SUR,2006,,23.23
Suriname,SUR,2007,,24.73
Suriname,SUR,2008,,23.95
Suriname,SUR,2009,,22.85
Suriname,SUR,2010,,23.78
Suriname,SUR,2011,,23.91
Suriname,SUR,2012,,23.62
Suriname,SUR,2013,,24.9
Suriname,SUR,2014,,25.49
Suriname,SUR,2015,,23.3
Suriname,SUR,2016,,23.45
Suriname,SUR,2017,,22.48
Suriname,SUR,2018,,22.84
Suriname,SUR,2019,,22.66
Suriname,SUR,2020,,23.62
Suriname,SUR,2021,,22.79
Suriname,SUR,2022,,21.99
Suriname,SUR,2023,,21.97
Suriname,SUR,2024,,21.97
Sweden,SWE,1820,,22.68
Sweden,SWE,1850,,23
Sweden,SWE,1880,,23.58
Sweden,SWE,1900,,23.79
Sweden,SWE,1903,,24.09
Sweden,SWE,1907,,26.05
Sweden,SWE,1910,,26.04
Sweden,SWE,1911,,25.36
Sweden,SWE,1912,,24.44
Sweden,SWE,1916,,22.67
Sweden,SWE,1919,,19.74
Sweden,SWE,1920,,17.81
Sweden,SWE,1930,,15.89
Sweden,SWE,1934,,14.06
Sweden,SWE,1935,14.14,14.14
Sweden,SWE,1940,12.22,12.22
Sweden,SWE,1941,11.97,11.97
Sweden,SWE,1943,12.05,12.05
Sweden,SWE,1944,11.67,11.67
Sweden,SWE,1945,11.22,11.22
Sweden,SWE,1946,11.6,11.6
Sweden,SWE,1947,10.67,10.67
Sweden,SWE,1948,10.08,10.08
Sweden,SWE,1949,9.79,9.79
Sweden,SWE,1950,9.78,9.78
Sweden,SWE,1951,9.53,9.53
Sweden,SWE,1952,9.54,9.54
Sweden,SWE,1953,9.09,9.09
Sweden,SWE,1954,9.09,9.09
Sweden,SWE,1955,9.12,9.12
Sweden,SWE,1956,8.77,8.77
Sweden,SWE,1957,8.88,8.88
Sweden,SWE,1958,8.88,8.88
Sweden,SWE,1959,9.03,9.03
Sweden,SWE,1960,8.84,8.84
Sweden,SWE,1961,8.87,8.87
Sweden,SWE,1962,8.7,8.7
Sweden,SWE,1963,8.9,8.9
Sweden,SWE,1964,8.8,8.8
Sweden,SWE,1965,8.6,8.6
Sweden,SWE,1966,8.81,8.81
Sweden,SWE,1967,8.83,8.83
Sweden,SWE,1968,8.54,8.54
Sweden,SWE,1969,8.96,8.96
Sweden,SWE,1970,8.32,8.32
Sweden,SWE,1971,8.32,8.32
Sweden,SWE,1972,7.82,7.82
Sweden,SWE,1973,8.41,8.41
Sweden,SWE,1974,8.19,8.19
Sweden,SWE,1975,7.75,7.75
Sweden,SWE,1976,7.98,7.98
Sweden,SWE,1977,7.69,7.69
Sweden,SWE,1978,7.46,7.46
Sweden,SWE,1979,7.29,7.29
Sweden,SWE,1980,7.2,7.2
Sweden,SWE,1981,7.38,7.38
Sweden,SWE,1982,8.38,8.38
Sweden,SWE,1983,8.69,8.69
Sweden,SWE,1984,9.96,9.96
Sweden,SWE,1985,9.73,9.73
Sweden,SWE,1986,9.54,9.54
Sweden,SWE,1987,9.62,9.62
Sweden,SWE,1988,10.31,10.31
Sweden,SWE,1989,9.65,9.65
Sweden,SWE,1990,8.15,8.15
Sweden,SWE,1991,8.11,8.11
Sweden,SWE,1992,7.85,7.85
Sweden,SWE,1993,8.61,8.61
Sweden,SWE,1994,10.9,10.9
Sweden,SWE,1995,11.75,11.75
Sweden,SWE,1996,10.7,10.7
Sweden,SWE,1997,11.56,11.56
Sweden,SWE,1998,11.7,11.7
Sweden,SWE,1999,11.86,11.86
Sweden,SWE,2000,10.3,10.3
Sweden,SWE,2001,8.97,8.97
Sweden,SWE,2002,9.37,9.37
Sweden,SWE,2003,10.69,10.69
Sweden,SWE,2004,11.4,11.4
Sweden,SWE,2005,11.88,11.88
Sweden,SWE,2006,13.05,13.05
Sweden,SWE,2007,12.47,12.47
Sweden,SWE,2008,11.43,11.43
Sweden,SWE,2009,9.94,9.94
Sweden,SWE,2010,11.19,11.19
Sweden,SWE,2011,10.63,10.63
Sweden,SWE,2012,9.99,9.99
Sweden,SWE,2013,9.99,9.99
Sweden,SWE,2014,10.06,10.06
Sweden,SWE,2015,10.58,10.58
Sweden,SWE,2016,9.2,9.2
Sweden,SWE,2017,10.02,10.02
Sweden,SWE,2018,9.63,9.63
Sweden,SWE,2019,10.39,10.39
Sweden,SWE,2020,10.39,10.39
Sweden,SWE,2021,10.12,10.12
Sweden,SWE,2022,9.74,9.74
Sweden,SWE,2023,,9.51
Sweden,SWE,2024,,9.51
Switzerland,CHE,1933,15.68,15.68
Switzerland,CHE,1934,15.56,15.56
Switzerland,CHE,1936,15.15,15.15
Switzerland,CHE,1939,15.21,15.21
Switzerland,CHE,1941,14.27,14.27
Switzerland,CHE,1943,13.4,13.4
Switzerland,CHE,1945,12.7,12.7
Switzerland,CHE,1947,11.8,11.8
Switzerland,CHE,1949,11.05,11.05
Switzerland,CHE,1951,10.58,10.58
Switzerland,CHE,1953,10.38,10.38
Switzerland,CHE,1955,10.38,10.38
Switzerland,CHE,1957,10.29,10.29
Switzerland,CHE,1959,10.25,10.25
Switzerland,CHE,1961,10.18,10.18
Switzerland,CHE,1963,10.21,10.21
Switzerland,CHE,1965,10.11,10.11
Switzerland,CHE,1967,10.23,10.23
Switzerland,CHE,1969,10.31,10.31
Switzerland,CHE,1971,10.09,10.09
Switzerland,CHE,1973,9.8,9.8
Switzerland,CHE,1975,9.9,9.9
Switzerland,CHE,1977,9.79,9.79
Switzerland,CHE,1979,9.81,9.81
Switzerland,CHE,1980,,10.07
Switzerland,CHE,1981,,10.06
Switzerland,CHE,1982,10.35,10.35
Switzerland,CHE,1983,10.64,10.64
Switzerland,CHE,1984,,10.66
Switzerland,CHE,1985,10.64,10.64
Switzerland,CHE,1986,,10.7
Switzerland,CHE,1987,10.74,10.74
Switzerland,CHE,1988,,10.48
Switzerland,CHE,1989,10.21,10.21
Switzerland,CHE,1990,,10.15
Switzerland,CHE,1991,,10.1
Switzerland,CHE,1992,9.91,9.91
Switzerland,CHE,1993,9.73,9.73
Switzerland,CHE,1994,,9.84
Switzerland,CHE,1995,,9.93
Switzerland,CHE,1996,11,11
Switzerland,CHE,1997,11.48,11.48
Switzerland,CHE,1998,11.68,11.68
Switzerland,CHE,1999,11.06,11.06
Switzerland,CHE,2000,11.47,11.47
Switzerland,CHE,2001,10.6,10.6
Switzerland,CHE,2002,9.47,9.47
Switzerland,CHE,2003,11.48,11.48
Switzerland,CHE,2004,11.94,11.94
Switzerland,CHE,2005,12.93,12.93
Switzerland,CHE,2006,13.42,13.42
Switzerland,CHE,2007,11.85,11.85
Switzerland,CHE,2008,9.96,9.96
Switzerland,CHE,2009,10.61,10.61
Switzerland,CHE,2010,12.33,12.33
Switzerland,CHE,2011,12.43,12.43
Switzerland,CHE,2012,11.44,11.44
Switzerland,CHE,2013,,11.32
Switzerland,CHE,2014,,11.32
Switzerland,CHE,2015,11.54,11.54
Switzerland,CHE,2016,11.39,11.39
Switzerland,CHE,2017,10.93,10.93
Switzerland,CHE,2018,10.52,10.52
Switzerland,CHE,2019,10.19,10.19
Switzerland,CHE,2020,10.19,10.19
Switzerland,CHE,2021,10.26,10.26
Switzerland,CHE,2022,10.58,10.58
Switzerland,CHE,2023,,10.33
Switzerland,CHE,2024,,10.33
Syria,SYR,1980,,23.1
Syria,SYR,1981,,23.1
Syria,SYR,1982,,23.1
Syria,SYR,1983,,23.1
Syria,SYR,1984,,23.1
Syria,SYR,1985,,23.1
Syria,SYR,1986,,23.1
Syria,SYR,1987,,23.1
Syria,SYR,1988,,23.1
Syria,SYR,1989,,23.1
Syria,SYR,1990,,23.1
Syria,SYR,1991,,23.1
Syria,SYR,1992,,23.1
Syria,SYR,1993,,23.1
Syria,SYR,1994,,23.1
Syria,SYR,1995,,23.1
Syria,SYR,1996,23.1,23.1
Syria,SYR,1997,,23
Syria,SYR,1998,,22.9
Syria,SYR,1999,,22.8
Syria,SYR,2000,,22.69
Syria,SYR,2001,,22.59
Syria,SYR,2002,,22.48
Syria,SYR,2003,,22.37
Syria,SYR,2004,21.64,21.64
Syria,SYR,2005,,21.64
Syria,SYR,2006,,21.64
Syria,SYR,2007,,21.64
Syria,SYR,2008,,21.64
Syria,SYR,2009,,21.64
Syria,SYR,2010,,21.64
Syria,SYR,2011,,21.64
Syria,SYR,2012,,21.64
Syria,SYR,2013,,21.64
Syria,SYR,2014,,21.64
Syria,SYR,2015,,21.64
Syria,SYR,2016,,21.64
Syria,SYR,2017,,21.64
Syria,SYR,2018,,21.64
Syria,SYR,2019,,21.64
Syria,SYR,2020,,21.64
Syria,SYR,2021,,21.64
Syria,SYR,2022,,21.64
Syria,SYR,2023,,21.64
Syria,SYR,2024,,21.64
Taiwan,TWN,1820,,16.16
Taiwan,TWN,1850,,17.35
Taiwan,TWN,1880,,17.35
Taiwan,TWN,1900,,17.56
Taiwan,TWN,1910,,20.26
Taiwan,TWN,1920,,21.78
Taiwan,TWN,1930,,19.84
Taiwan,TWN,1940,,18.17
Taiwan,TWN,1950,,10.54
Taiwan,TWN,1960,,11.09
Taiwan,TWN,1970,,11.57
Taiwan,TWN,1977,,10.17
Taiwan,TWN,1978,,10.07
Taiwan,TWN,1979,,10.07
Taiwan,TWN,1980,,9.96
Taiwan,TWN,1981,,9.96
Taiwan,TWN,1982,10.14,10.14
Taiwan,TWN,1983,10.07,10.07
Taiwan,TWN,1984,10,10
Taiwan,TWN,1985,10.33,10.33
Taiwan,TWN,1986,9.91,9.91
Taiwan,TWN,1987,10.79,10.79
Taiwan,TWN,1988,10.65,10.65
Taiwan,TWN,1989,11.42,11.42
Taiwan,TWN,1990,11.4,11.4
Taiwan,TWN,1991,11.97,11.97
Taiwan,TWN,1992,11.01,11.01
Taiwan,TWN,1993,10.78,10.78
Taiwan,TWN,1994,11.98,11.98
Taiwan,TWN,1995,12.12,12.12
Taiwan,TWN,1996,11.7,11.7
Taiwan,TWN,1997,12.06,12.06
Taiwan,TWN,1998,12.8,12.8
Taiwan,TWN,1999,13.18,13.18
Taiwan,TWN,2000,14.61,14.61
Taiwan,TWN,2001,17.38,17.38
Taiwan,TWN,2002,16.48,16.48
Taiwan,TWN,2003,18.45,18.45
Taiwan,TWN,2004,18.01,18.01
Taiwan,TWN,2005,18.24,18.24
Taiwan,TWN,2006,17.22,17.22
Taiwan,TWN,2007,17.59,17.59
Taiwan,TWN,2008,16.24,16.24
Taiwan,TWN,2009,17.19,17.19
Taiwan,TWN,2010,19.17,19.17
Taiwan,TWN,2011,18.25,18.25
Taiwan,TWN,2012,18.66,18.66
Taiwan,TWN,2013,18.3,18.3
Taiwan,TWN,2014,21.58,21.58
Taiwan,TWN,2015,18.33,18.33
Taiwan,TWN,2016,20.23,20.23
Taiwan,TWN,2017,19.33,19.33
Taiwan,TWN,2018,,19.33
Taiwan,TWN,2019,,19.33
Taiwan,TWN,2020,,19.33
Taiwan,TWN,2021,,19.33
Taiwan,TWN,2022,,19.37
Taiwan,TWN,2023,,19.37
Taiwan,TWN,2024,,19.37
Tajikistan,TJK,1980,,4.06
Tajikistan,TJK,1981,,4.22
Tajikistan,TJK,1982,,4.38
Tajikistan,TJK,1983,,4.54
Tajikistan,TJK,1984,,4.69
Tajikistan,TJK,1985,,4.84
Tajikistan,TJK,1986,,5
Tajikistan,TJK,1987,,5.15
Tajikistan,TJK,1988,,5.3
Tajikistan,TJK,1989,,5.59
Tajikistan,TJK,1990,,7.45
Tajikistan,TJK,1991,,7.96
Tajikistan,TJK,1992,,8.47
Tajikistan,TJK,1993,,8.98
Tajikistan,TJK,1994,,9.49
Tajikistan,TJK,1995,,10.01
Tajikistan,TJK,1996,,10.52
Tajikistan,TJK,1997,,11.03
Tajikistan,TJK,1998,,11.55
Tajikistan,TJK,1999,12.06,12.06
Tajikistan,TJK,2000,,12.59
Tajikistan,TJK,2001,,13.26
Tajikistan,TJK,2002,,13.89
Tajikistan,TJK,2003,14.04,14.04
Tajikistan,TJK,2004,13.33,13.33
Tajikistan,TJK,2005,,15.48
Tajikistan,TJK,2006,,16.42
Tajikistan,TJK,2007,16.92,16.92
Tajikistan,TJK,2008,,15.76
Tajikistan,TJK,2009,14.68,14.68
Tajikistan,TJK,2010,,14.49
Tajikistan,TJK,2011,,14.09
Tajikistan,TJK,2012,,14.14
Tajikistan,TJK,2013,,14.01
Tajikistan,TJK,2014,,13.53
Tajikistan,TJK,2015,13.06,13.06
Tajikistan,TJK,2016,,14.17
Tajikistan,TJK,2017,,14.48
Tajikistan,TJK,2018,,14.53
Tajikistan,TJK,2019,,14.53
Tajikistan,TJK,2020,,14.53
Tajikistan,TJK,2021,,14.53
Tajikistan,TJK,2022,,14.53
Tajikistan,TJK,2023,,14.53
Tajikistan,TJK,2024,,14.53
Tanzania,TZA,1948,19.95,19.95
Tanzania,TZA,1949,19.49,19.49
Tanzania,TZA,1950,20,20
Tanzania,TZA,1951,20.56,20.56
Tanzania,TZA,1952,20.43,20.43
Tanzania,TZA,1953,20.05,20.05
Tanzania,TZA,1954,20.35,20.35
Tanzania,TZA,1955,20.86,20.86
Tanzania,TZA,1956,20.47,20.47
Tanzania,TZA,1957,20.88,20.88
Tanzania,TZA,1958,21.36,21.36
Tanzania,TZA,1959,21.03,21.03
Tanzania,TZA,1960,22,22
Tanzania,TZA,1961,21.62,21.62
Tanzania,TZA,1962,20.96,20.96
Tanzania,TZA,1963,20.24,20.24
Tanzania,TZA,1964,19.44,19.44
Tanzania,TZA,1965,19.22,19.22
Tanzania,TZA,1966,18.07,18.07
Tanzania,TZA,1967,17.78,17.78
Tanzania,TZA,1968,17.5,17.5
Tanzania,TZA,1969,16.5,16.5
Tanzania,TZA,1970,16.15,16.15
Tanzania,TZA,1980,,11.55
Tanzania,TZA,1981,,11.55
Tanzania,TZA,1982,,11.55
Tanzania,TZA,1983,,11.55
Tanzania,TZA,1984,,11.55
Tanzania,TZA,1985,,11.55
Tanzania,TZA,1986,,11.55
Tanzania,TZA,1987,,11.55
Tanzania,TZA,1988,,11.55
Tanzania,TZA,1989,,11.55
Tanzania,TZA,1990,,11.55
Tanzania,TZA,1991,11.55,11.55
Tanzania,TZA,1992,,11.68
Tanzania,TZA,1993,,11.8
Tanzania,TZA,1994,,11.93
Tanzania,TZA,1995,,12.06
Tanzania,TZA,1996,,12.18
Tanzania,TZA,1997,,12.31
Tanzania,TZA,1998,,12.44
Tanzania,TZA,1999,,12.57
Tanzania,TZA,2000,12.69,12.69
Tanzania,TZA,2001,,13.18
Tanzania,TZA,2002,,13.67
Tanzania,TZA,2003,,14.16
Tanzania,TZA,2004,,14.65
Tanzania,TZA,2005,,15.14
Tanzania,TZA,2006,,15.63
Tanzania,TZA,2007,16.12,16.12
Tanzania,TZA,2008,,16.19
Tanzania,TZA,2009,,16.27
Tanzania,TZA,2010,,16.34
Tanzania,TZA,2011,16.41,16.41
Tanzania,TZA,2012,,16.7
Tanzania,TZA,2013,,16.99
Tanzania,TZA,2014,,17.28
Tanzania,TZA,2015,,17.57
Tanzania,TZA,2016,,17.86
Tanzania,TZA,2017,18.15,18.15
Tanzania,TZA,2018,,18.15
Tanzania,TZA,2019,,18.15
Tanzania,TZA,2020,,18.15
Tanzania,TZA,2021,,18.15
Tanzania,TZA,2022,,18.15
Tanzania,TZA,2023,,18.15
Tanzania,TZA,2024,,18.15
Thailand,THA,1820,,14.86
Thailand,THA,1850,,15.93
Thailand,THA,1880,,16.11
Thailand,THA,1900,,15.48
Thailand,THA,1910,,14.22
Thailand,THA,1920,,15.55
Thailand,THA,1930,,16.99
Thailand,THA,1940,,21.72
Thailand,THA,1950,,16.16
Thailand,THA,1960,,18.43
Thailand,THA,1970,,20.7
Thailand,THA,1980,,22.99
Thailand,THA,1981,22.99,22.99
Thailand,THA,1982,,23.27
Thailand,THA,1983,,23.52
Thailand,THA,1984,,23.75
Thailand,THA,1985,,23.96
Thailand,THA,1986,,24.16
Thailand,THA,1987,,24.34
Thailand,THA,1988,24.5,24.5
Thailand,THA,1989,,23.89
Thailand,THA,1990,23.47,23.47
Thailand,THA,1991,,23.85
Thailand,THA,1992,24.17,24.17
Thailand,THA,1993,,23.73
Thailand,THA,1994,23.36,23.36
Thailand,THA,1995,,22.71
Thailand,THA,1996,22.22,22.22
Thailand,THA,1997,,20.79
Thailand,THA,1998,,19.47
Thailand,THA,1999,21.18,21.18
Thailand,THA,2000,21.66,21.66
Thailand,THA,2001,23.19,23.19
Thailand,THA,2002,22.18,22.18
Thailand,THA,2003,23.67,23.67
Thailand,THA,2004,23.14,23.14
Thailand,THA,2005,22.86,22.86
Thailand,THA,2006,22.59,22.59
Thailand,THA,2007,22.03,22.03
Thailand,THA,2008,23.1,23.1
Thailand,THA,2009,21.69,21.69
Thailand,THA,2010,22.66,22.66
Thailand,THA,2011,21.92,21.92
Thailand,THA,2012,21.63,21.63
Thailand,THA,2013,20.15,20.15
Thailand,THA,2014,20.45,20.45
Thailand,THA,2015,19.19,19.19
Thailand,THA,2016,19.33,19.33
Thailand,THA,2017,19.4,19.4
Thailand,THA,2018,17.35,17.35
Thailand,THA,2019,15.55,15.55
Thailand,THA,2020,17.01,17.01
Thailand,THA,2021,19.83,19.83
Thailand,THA,2022,,19.83
Thailand,THA,2023,,19.83
Thailand,THA,2024,,19.83
Togo,TGO,1980,,14.06
Togo,TGO,1981,,14.06
Togo,TGO,1982,,14.06
Togo,TGO,1983,,14.06
Togo,TGO,1984,,14.06
Togo,TGO,1985,,14.06
Togo,TGO,1986,,14.06
Togo,TGO,1987,,14.06
Togo,TGO,1988,,14.06
Togo,TGO,1989,,14.06
Togo,TGO,1990,,14.06
Togo,TGO,1991,,14.06
Togo,TGO,1992,,14.06
Togo,TGO,1993,,14.06
Togo,TGO,1994,,14.06
Togo,TGO,1995,,14.06
Togo,TGO,1996,,14.06
Togo,TGO,1997,,14.06
Togo,TGO,1998,,14.06
Togo,TGO,1999,,14.06
Togo,TGO,2000,,14.06
Togo,TGO,2001,,14.06
Togo,TGO,2002,,14.06
Togo,TGO,2003,,14.06
Togo,TGO,2004,,14.06
Togo,TGO,2005,,14.06
Togo,TGO,2006,14.06,14.06
Togo,TGO,2007,,14.35
Togo,TGO,2008,,14.64
Togo,TGO,2009,,14.92
Togo,TGO,2010,,15.21
Togo,TGO,2011,15.49,15.49
Togo,TGO,2012,,15.08
Togo,TGO,2013,,14.67
Togo,TGO,2014,,14.27
Togo,TGO,2015,13.86,13.86
Togo,TGO,2016,,14.4
Togo,TGO,2017,,14.95
Togo,TGO,2018,15.5,15.5
Togo,TGO,2019,,15.02
Togo,TGO,2020,,14.55
Togo,TGO,2021,14.08,14.08
Togo,TGO,2022,,14.08
Togo,TGO,2023,,14.08
Togo,TGO,2024,,14.08
Tonga,TON,1980,,8.85
Tonga,TON,1981,,9
Tonga,TON,1982,,9.14
Tonga,TON,1983,,9.29
Tonga,TON,1984,,9.44
Tonga,TON,1985,,9.6
Tonga,TON,1986,,9.76
Tonga,TON,1987,,9.92
Tonga,TON,1988,,10.08
Tonga,TON,1989,,10.25
Tonga,TON,1990,,10.42
Tonga,TON,1991,,10.7
Tonga,TON,1992,,10.96
Tonga,TON,1993,,11.22
Tonga,TON,1994,,11.47
Tonga,TON,1995,,11.72
Tonga,TON,1996,,11.95
Tonga,TON,1997,,12.18
Tonga,TON,1998,,12.4
Tonga,TON,1999,,12.61
Tonga,TON,2000,,12.82
Tonga,TON,2001,,13.2
Tonga,TON,2002,,13.58
Tonga,TON,2003,,13.94
Tonga,TON,2004,,14.29
Tonga,TON,2005,,14.64
Tonga,TON,2006,,14.98
Tonga,TON,2007,,15.31
Tonga,TON,2008,,15.64
Tonga,TON,2009,,15.95
Tonga,TON,2010,,16.26
Tonga,TON,2011,,16.24
Tonga,TON,2012,,16.22
Tonga,TON,2013,,16.2
Tonga,TON,2014,,16.18
Tonga,TON,2015,,16.17
Tonga,TON,2016,,16.15
Tonga,TON,2017,,16.13
Tonga,TON,2018,,16.12
Tonga,TON,2019,,16.1
Tonga,TON,2020,,16.09
Tonga,TON,2021,,16.09
Tonga,TON,2022,,16.09
Tonga,TON,2023,,16.09
Tonga,TON,2024,,16.09
Trinidad and Tobago,TTO,1980,,22.27
Trinidad and Tobago,TTO,1981,,22.27
Trinidad and Tobago,TTO,1982,,22.27
Trinidad and Tobago,TTO,1983,,22.27
Trinidad and Tobago,TTO,1984,,22.27
Trinidad and Tobago,TTO,1985,,22.27
Trinidad and Tobago,TTO,1986,,22.27
Trinidad and Tobago,TTO,1987,,22.27
Trinidad and Tobago,TTO,1988,,22.27
Trinidad and Tobago,TTO,1989,,22.27
Trinidad and Tobago,TTO,1990,,22.27
Trinidad and Tobago,TTO,1991,,22.27
Trinidad and Tobago,TTO,1992,,22.27
Trinidad and Tobago,TTO,1993,,22.27
Trinidad and Tobago,TTO,1994,,22.27
Trinidad and Tobago,TTO,1995,,22.27
Trinidad and Tobago,TTO,1996,,22.27
Trinidad and Tobago,TTO,1997,,22.27
Trinidad and Tobago,TTO,1998,,22.27
Trinidad and Tobago,TTO,1999,,22.27
Trinidad and Tobago,TTO,2000,,22.27
Trinidad and Tobago,TTO,2001,,22.79
Trinidad and Tobago,TTO,2002,,22.45
Trinidad and Tobago,TTO,2003,,23.3
Trinidad and Tobago,TTO,2004,,24.14
Trinidad and Tobago,TTO,2005,,22.75
Trinidad and Tobago,TTO,2006,,23.23
Trinidad and Tobago,TTO,2007,,24.73
Trinidad and Tobago,TTO,2008,,23.95
Trinidad and Tobago,TTO,2009,,22.85
Trinidad and Tobago,TTO,2010,,23.78
Trinidad and Tobago,TTO,2011,,23.91
Trinidad and Tobago,TTO,2012,,23.62
Trinidad and Tobago,TTO,2013,,24.9
Trinidad and Tobago,TTO,2014,,25.49
Trinidad and Tobago,TTO,2015,,23.3
Trinidad and Tobago,TTO,2016,,23.45
Trinidad and Tobago,TTO,2017,,22.48
Trinidad and Tobago,TTO,2018,,22.84
Trinidad and Tobago,TTO,2019,,22.66
Trinidad and Tobago,TTO,2020,,23.62
Trinidad and Tobago,TTO,2021,,22.79
Trinidad and Tobago,TTO,2022,,21.99
Trinidad and Tobago,TTO,2023,,21.97
Trinidad and Tobago,TTO,2024,,21.97
Tunisia,TUN,1946,24.23,24.23
Tunisia,TUN,1947,24.07,24.07
Tunisia,TUN,1948,23.38,23.38
Tunisia,TUN,1952,23.75,23.75
Tunisia,TUN,1953,24.5,24.5
Tunisia,TUN,1954,24.71,24.71
Tunisia,TUN,1955,24.9,24.9
Tunisia,TUN,1956,25.41,25.41
Tunisia,TUN,1980,,21.9
Tunisia,TUN,1981,,21.9
Tunisia,TUN,1982,,21.9
Tunisia,TUN,1983,,21.9
Tunisia,TUN,1984,,21.9
Tunisia,TUN,1985,,21.9
Tunisia,TUN,1986,,21.9
Tunisia,TUN,1987,,21.9
Tunisia,TUN,1988,,21.9
Tunisia,TUN,1989,,21.9
Tunisia,TUN,1990,,21.9
Tunisia,TUN,1991,,21.9
Tunisia,TUN,1992,,21.9
Tunisia,TUN,1993,,21.9
Tunisia,TUN,1994,,21.9
Tunisia,TUN,1995,,21.9
Tunisia,TUN,1996,,21.9
Tunisia,TUN,1997,,21.9
Tunisia,TUN,1998,,21.9
Tunisia,TUN,1999,,21.9
Tunisia,TUN,2000,,21.9
Tunisia,TUN,2001,,21.9
Tunisia,TUN,2002,,21.9
Tunisia,TUN,2003,,21.9
Tunisia,TUN,2004,,21.9
Tunisia,TUN,2005,21.9,21.9
Tunisia,TUN,2006,,21.13
Tunisia,TUN,2007,,20.4
Tunisia,TUN,2008,,19.71
Tunisia,TUN,2009,,19.06
Tunisia,TUN,2010,18.44,18.44
Tunisia,TUN,2011,17.07,17.07
Tunisia,TUN,2012,,19.82
Tunisia,TUN,2013,22.41,22.41
Tunisia,TUN,2014,,22.41
Tunisia,TUN,2015,,22.41
Tunisia,TUN,2016,,22.41
Tunisia,TUN,2017,,22.41
Tunisia,TUN,2018,,22.41
Tunisia,TUN,2019,,22.41
Tunisia,TUN,2020,,22.41
Tunisia,TUN,2021,22.41,22.41
Tunisia,TUN,2022,,22.41
Tunisia,TUN,2023,,22.41
Tunisia,TUN,2024,,22.41
Turkey,TUR,1820,,26.39
Turkey,TUR,1850,,26.67
Turkey,TUR,1880,,26.94
Turkey,TUR,1900,,27.22
Turkey,TUR,1910,,27.78
Turkey,TUR,1920,,27.78
Turkey,TUR,1930,,27.78
Turkey,TUR,1940,,27.78
Turkey,TUR,1950,,27.78
Turkey,TUR,1960,,27.78
Turkey,TUR,1970,,27.78
Turkey,TUR,1980,,28.31
Turkey,TUR,1981,,28.31
Turkey,TUR,1982,,28.31
Turkey,TUR,1983,,28.31
Turkey,TUR,1984,,28.31
Turkey,TUR,1985,,28.31
Turkey,TUR,1986,,28.31
Turkey,TUR,1987,28.31,28.31
Turkey,TUR,1988,,27.37
Turkey,TUR,1989,,26.43
Turkey,TUR,1990,,25.5
Turkey,TUR,1991,,24.57
Turkey,TUR,1992,,23.64
Turkey,TUR,1993,,22.72
Turkey,TUR,1994,21.8,21.8
Turkey,TUR,1995,,21.88
Turkey,TUR,1996,,21.97
Turkey,TUR,1997,,22.06
Turkey,TUR,1998,,22.15
Turkey,TUR,1999,,22.24
Turkey,TUR,2000,,22.33
Turkey,TUR,2001,,22.42
Turkey,TUR,2002,,22.51
Turkey,TUR,2003,,21.95
Turkey,TUR,2004,,21.34
Turkey,TUR,2005,,18.54
Turkey,TUR,2006,,17.56
Turkey,TUR,2007,16.96,16.96
Turkey,TUR,2008,18.11,18.11
Turkey,TUR,2009,19.44,19.44
Turkey,TUR,2010,19.64,19.64
Turkey,TUR,2011,18.94,18.94
Turkey,TUR,2012,19.55,19.55
Turkey,TUR,2013,18.56,18.56
Turkey,TUR,2014,20.49,20.49
Turkey,TUR,2015,21.12,21.12
Turkey,TUR,2016,19.49,19.49
Turkey,TUR,2017,19.89,19.89
Turkey,TUR,2018,20.16,20.16
Turkey,TUR,2019,18.92,18.92
Turkey,TUR,2020,20.61,20.61
Turkey,TUR,2021,18.99,18.99
Turkey,TUR,2022,22.4,22.4
Turkey,TUR,2023,24.44,24.44
Turkey,TUR,2024,21.69,21.69
Turkmenistan,TKM,1980,,4.06
Turkmenistan,TKM,1981,,4.22
Turkmenistan,TKM,1982,,4.38
Turkmenistan,TKM,1983,,4.54
Turkmenistan,TKM,1984,,4.69
Turkmenistan,TKM,1985,,4.84
Turkmenistan,TKM,1986,,5
Turkmenistan,TKM,1987,,5.15
Turkmenistan,TKM,1988,,5.3
Turkmenistan,TKM,1989,,5.59
Turkmenistan,TKM,1990,,7.45
Turkmenistan,TKM,1991,,8.82
Turkmenistan,TKM,1992,,10.19
Turkmenistan,TKM,1993,,11.56
Turkmenistan,TKM,1994,,12.93
Turkmenistan,TKM,1995,,14.3
Turkmenistan,TKM,1996,,15.66
Turkmenistan,TKM,1997,,17.03
Turkmenistan,TKM,1998,18.4,18.4
Turkmenistan,TKM,1999,,18.43
Turkmenistan,TKM,2000,,18.5
Turkmenistan,TKM,2001,,18.67
Turkmenistan,TKM,2002,,18.85
Turkmenistan,TKM,2003,,18.76
Turkmenistan,TKM,2004,,18.37
Turkmenistan,TKM,2005,,18.88
Turkmenistan,TKM,2006,,18.91
Turkmenistan,TKM,2007,,18.78
Turkmenistan,TKM,2008,,19.13
Turkmenistan,TKM,2009,,19.45
Turkmenistan,TKM,2010,,19.37
Turkmenistan,TKM,2011,,19.16
Turkmenistan,TKM,2012,,19.21
Turkmenistan,TKM,2013,,19.16
Turkmenistan,TKM,2014,,18.89
Turkmenistan,TKM,2015,,18.64
Turkmenistan,TKM,2016,,19.29
Turkmenistan,TKM,2017,,19.47
Turkmenistan,TKM,2018,,19.5
Turkmenistan,TKM,2019,,19.5
Turkmenistan,TKM,2020,,19.5
Turkmenistan,TKM,2021,,19.5
Turkmenistan,TKM,2022,,19.5
Turkmenistan,TKM,2023,,19.5
Turkmenistan,TKM,2024,,19.5
Turks and Caicos Islands,TCA,1980,,23.75
Turks and Caicos Islands,TCA,1981,,23.64
Turks and Caicos Islands,TCA,1982,,23.53
Turks and Caicos Islands,TCA,1983,,23.42
Turks and Caicos Islands,TCA,1984,,23.31
Turks and Caicos Islands,TCA,1985,,23.19
Turks and Caicos Islands,TCA,1986,,23.07
Turks and Caicos Islands,TCA,1987,,22.95
Turks and Caicos Islands,TCA,1988,,22.83
Turks and Caicos Islands,TCA,1989,,22.7
Turks and Caicos Islands,TCA,1990,,22.58
Turks and Caicos Islands,TCA,1991,,22.57
Turks and Caicos Islands,TCA,1992,,22.55
Turks and Caicos Islands,TCA,1993,,22.54
Turks and Caicos Islands,TCA,1994,,22.53
Turks and Caicos Islands,TCA,1995,,22.52
Turks and Caicos Islands,TCA,1996,,22.51
Turks and Caicos Islands,TCA,1997,,22.5
Turks and Caicos Islands,TCA,1998,,22.49
Turks and Caicos Islands,TCA,1999,,22.48
Turks and Caicos Islands,TCA,2000,,22.47
Turks and Caicos Islands,TCA,2001,,22.31
Turks and Caicos Islands,TCA,2002,,22.16
Turks and Caicos Islands,TCA,2003,,22.02
Turks and Caicos Islands,TCA,2004,,21.89
Turks and Caicos Islands,TCA,2005,,21.76
Turks and Caicos Islands,TCA,2006,,21.64
Turks and Caicos Islands,TCA,2007,,21.53
Turks and Caicos Islands,TCA,2008,,21.42
Turks and Caicos Islands,TCA,2009,,21.31
Turks and Caicos Islands,TCA,2010,,21.21
Turks and Caicos Islands,TCA,2011,,21.2
Turks and Caicos Islands,TCA,2012,,21.2
Turks and Caicos Islands,TCA,2013,,21.2
Turks and Caicos Islands,TCA,2014,,21.2
Turks and Caicos Islands,TCA,2015,,21.19
Turks and Caicos Islands,TCA,2016,,21.19
Turks and Caicos Islands,TCA,2017,,21.19
Turks and Caicos Islands,TCA,2018,,21.18
Turks and Caicos Islands,TCA,2019,,21.18
Turks and Caicos Islands,TCA,2020,,21.18
Turks and Caicos Islands,TCA,2021,,21.18
Turks and Caicos Islands,TCA,2022,,21.18
Turks and Caicos Islands,TCA,2023,,21.18
Turks and Caicos Islands,TCA,2024,,21.18
Tuvalu,TUV,1980,,8.85
Tuvalu,TUV,1981,,9
Tuvalu,TUV,1982,,9.14
Tuvalu,TUV,1983,,9.29
Tuvalu,TUV,1984,,9.44
Tuvalu,TUV,1985,,9.6
Tuvalu,TUV,1986,,9.76
Tuvalu,TUV,1987,,9.92
Tuvalu,TUV,1988,,10.08
Tuvalu,TUV,1989,,10.25
Tuvalu,TUV,1990,,10.42
Tuvalu,TUV,1991,,10.7
Tuvalu,TUV,1992,,10.96
Tuvalu,TUV,1993,,11.22
Tuvalu,TUV,1994,,11.47
Tuvalu,TUV,1995,,11.72
Tuvalu,TUV,1996,,11.95
Tuvalu,TUV,1997,,12.18
Tuvalu,TUV,1998,,12.4
Tuvalu,TUV,1999,,12.61
Tuvalu,TUV,2000,,12.82
Tuvalu,TUV,2001,,13.2
Tuvalu,TUV,2002,,13.58
Tuvalu,TUV,2003,,13.94
Tuvalu,TUV,2004,,14.29
Tuvalu,TUV,2005,,14.64
Tuvalu,TUV,2006,,14.98
Tuvalu,TUV,2007,,15.31
Tuvalu,TUV,2008,,15.64
Tuvalu,TUV,2009,,15.95
Tuvalu,TUV,2010,,16.26
Tuvalu,TUV,2011,,16.24
Tuvalu,TUV,2012,,16.22
Tuvalu,TUV,2013,,16.2
Tuvalu,TUV,2014,,16.18
Tuvalu,TUV,2015,,16.17
Tuvalu,TUV,2016,,16.15
Tuvalu,TUV,2017,,16.13
Tuvalu,TUV,2018,,16.12
Tuvalu,TUV,2019,,16.1
Tuvalu,TUV,2020,,16.09
Tuvalu,TUV,2021,,16.09
Tuvalu,TUV,2022,,16.09
Tuvalu,TUV,2023,,16.09
Tuvalu,TUV,2024,,16.09
Uganda,UGA,1948,20.31,20.31
Uganda,UGA,1949,19.77,19.77
Uganda,UGA,1950,20,20
Uganda,UGA,1951,20.02,20.02
Uganda,UGA,1952,20.39,20.39
Uganda,UGA,1953,20.97,20.97
Uganda,UGA,1954,21,21
Uganda,UGA,1955,20.93,20.93
Uganda,UGA,1956,20.79,20.79
Uganda,UGA,1957,21.13,21.13
Uganda,UGA,1958,21.48,21.48
Uganda,UGA,1959,21.48,21.48
Uganda,UGA,1960,22,22
Uganda,UGA,1961,21.79,21.79
Uganda,UGA,1962,21.32,21.32
Uganda,UGA,1963,20.9,20.9
Uganda,UGA,1964,20.45,20.45
Uganda,UGA,1965,20.2,20.2
Uganda,UGA,1966,19.61,19.61
Uganda,UGA,1967,19.34,19.34
Uganda,UGA,1968,19.11,19.11
Uganda,UGA,1969,18.53,18.53
Uganda,UGA,1970,18.22,18.22
Uganda,UGA,1980,,15.2
Uganda,UGA,1981,,15.2
Uganda,UGA,1982,,15.2
Uganda,UGA,1983,,15.2
Uganda,UGA,1984,,15.2
Uganda,UGA,1985,,15.2
Uganda,UGA,1986,,15.2
Uganda,UGA,1987,,15.2
Uganda,UGA,1988,,15.2
Uganda,UGA,1989,15.2,15.2
Uganda,UGA,1990,,16.84
Uganda,UGA,1991,,18.48
Uganda,UGA,1992,20.13,20.13
Uganda,UGA,1993,,18.94
Uganda,UGA,1994,,17.74
Uganda,UGA,1995,,16.55
Uganda,UGA,1996,15.35,15.35
Uganda,UGA,1997,,16.69
Uganda,UGA,1998,,18.03
Uganda,UGA,1999,19.36,19.36
Uganda,UGA,2000,,20.46
Uganda,UGA,2001,,21.56
Uganda,UGA,2002,22.66,22.66
Uganda,UGA,2003,,21.11
Uganda,UGA,2004,,19.56
Uganda,UGA,2005,18.01,18.01
Uganda,UGA,2006,,18.13
Uganda,UGA,2007,,18.25
Uganda,UGA,2008,,18.38
Uganda,UGA,2009,18.5,18.5
Uganda,UGA,2010,,17.51
Uganda,UGA,2011,,16.52
Uganda,UGA,2012,15.53,15.53
Uganda,UGA,2013,,15.91
Uganda,UGA,2014,,16.29
Uganda,UGA,2015,,16.67
Uganda,UGA,2016,17.04,17.04
Uganda,UGA,2017,,18.5
Uganda,UGA,2018,,19.96
Uganda,UGA,2019,21.42,21.42
Uganda,UGA,2020,,21.42
Uganda,UGA,2021,,21.42
Uganda,UGA,2022,,21.42
Uganda,UGA,2023,,21.42
Uganda,UGA,2024,,21.42
Ukraine,UKR,1980,,4.06
Ukraine,UKR,1981,,4.22
Ukraine,UKR,1982,,4.38
Ukraine,UKR,1983,,4.54
Ukraine,UKR,1984,,4.69
Ukraine,UKR,1985,,4.84
Ukraine,UKR,1986,,5
Ukraine,UKR,1987,,5.15
Ukraine,UKR,1988,,5.3
Ukraine,UKR,1989,,5.59
Ukraine,UKR,1990,,7.45
Ukraine,UKR,1991,,10.51
Ukraine,UKR,1992,,13.6
Ukraine,UKR,1993,,14.09
Ukraine,UKR,1994,,14.39
Ukraine,UKR,1995,,15.7
Ukraine,UKR,1996,,12.48
Ukraine,UKR,1997,,11.18
Ukraine,UKR,1998,,9.24
Ukraine,UKR,1999,,8.56
Ukraine,UKR,2000,,9.25
Ukraine,UKR,2001,,10.35
Ukraine,UKR,2002,,9.98
Ukraine,UKR,2003,,10.87
Ukraine,UKR,2004,,11.71
Ukraine,UKR,2005,,10.26
Ukraine,UKR,2006,,11.87
Ukraine,UKR,2007,,10.51
Ukraine,UKR,2008,,9.99
Ukraine,UKR,2009,,8.68
Ukraine,UKR,2010,,7.77
Ukraine,UKR,2011,,7.83
Ukraine,UKR,2012,,6.37
Ukraine,UKR,2013,,6.6
Ukraine,UKR,2014,,8.21
Ukraine,UKR,2015,,9.22
Ukraine,UKR,2016,,10.58
Ukraine,UKR,2017,,9.96
Ukraine,UKR,2018,,9.62
Ukraine,UKR,2019,,9.33
Ukraine,UKR,2020,,9.33
Ukraine,UKR,2021,,9.33
Ukraine,UKR,2022,,9.33
Ukraine,UKR,2023,,9.33
Ukraine,UKR,2024,,9.33
United Arab Emirates,ARE,1820,,22.04
United Arab Emirates,ARE,1850,,22.5
United Arab Emirates,ARE,1880,,22.87
United Arab Emirates,ARE,1900,,23.52
United Arab Emirates,ARE,1910,,25.17
United Arab Emirates,ARE,1920,,25.78
United Arab Emirates,ARE,1930,,25.78
United Arab Emirates,ARE,1940,,25.6
United Arab Emirates,ARE,1950,,23.02
United Arab Emirates,ARE,1960,,26.6
United Arab Emirates,ARE,1970,,30.23
United Arab Emirates,ARE,1980,,20.02
United Arab Emirates,ARE,1981,,20.02
United Arab Emirates,ARE,1982,,20.02
United Arab Emirates,ARE,1983,,20.02
United Arab Emirates,ARE,1984,,20.02
United Arab Emirates,ARE,1985,,20.02
United Arab Emirates,ARE,1986,,20.02
United Arab Emirates,ARE,1987,,20.02
United Arab Emirates,ARE,1988,,20.02
United Arab Emirates,ARE,1989,,20.02
United Arab Emirates,ARE,1990,,20.02
United Arab Emirates,ARE,1991,,20.02
United Arab Emirates,ARE,1992,,20.02
United Arab Emirates,ARE,1993,,20.02
United Arab Emirates,ARE,1994,,20.02
United Arab Emirates,ARE,1995,,20.02
United Arab Emirates,ARE,1996,,20.02
United Arab Emirates,ARE,1997,,20.02
United Arab Emirates,ARE,1998,20.02,20.02
United Arab Emirates,ARE,1999,,19.88
United Arab Emirates,ARE,2000,,19.74
United Arab Emirates,ARE,2001,,19.59
United Arab Emirates,ARE,2002,,19.43
United Arab Emirates,ARE,2003,,19.27
United Arab Emirates,ARE,2004,,19.09
United Arab Emirates,ARE,2005,,18.9
United Arab Emirates,ARE,2006,,18.7
United Arab Emirates,ARE,2007,,18.48
United Arab Emirates,ARE,2008,,18.25
United Arab Emirates,ARE,2009,18,18
United Arab Emirates,ARE,2010,,17.68
United Arab Emirates,ARE,2011,,17.36
United Arab Emirates,ARE,2012,,17.05
United Arab Emirates,ARE,2013,,16.73
United Arab Emirates,ARE,2014,17.16,17.16
United Arab Emirates,ARE,2015,,16.93
United Arab Emirates,ARE,2016,,16.69
United Arab Emirates,ARE,2017,,16.44
United Arab Emirates,ARE,2018,16.19,16.19
United Arab Emirates,ARE,2019,,16.19
United Arab Emirates,ARE,2020,,16.19
United Arab Emirates,ARE,2021,,16.19
United Arab Emirates,ARE,2022,,16.19
United Arab Emirates,ARE,2023,,16.19
United Arab Emirates,ARE,2024,,16.19
United Kingdom,GBR,1820,,24.8
United Kingdom,GBR,1850,,25
United Kingdom,GBR,1880,,26.6
United Kingdom,GBR,1900,,27.6
United Kingdom,GBR,1908,,27
United Kingdom,GBR,1909,,27.03
United Kingdom,GBR,1910,,27
United Kingdom,GBR,1911,,27.22
United Kingdom,GBR,1912,,26.85
United Kingdom,GBR,1913,,27.52
United Kingdom,GBR,1914,,27.14
United Kingdom,GBR,1915,,26.72
United Kingdom,GBR,1916,,27.35
United Kingdom,GBR,1917,,26.8
United Kingdom,GBR,1918,,26.37
United Kingdom,GBR,1919,,26.85
United Kingdom,GBR,1920,,26.07
United Kingdom,GBR,1921,,25.95
United Kingdom,GBR,1922,,25.58
United Kingdom,GBR,1923,,26.13
United Kingdom,GBR,1924,,25.56
United Kingdom,GBR,1925,,24.93
United Kingdom,GBR,1926,,25.26
United Kingdom,GBR,1927,,24.76
United Kingdom,GBR,1928,,24.25
United Kingdom,GBR,1929,,24.35
United Kingdom,GBR,1930,,23.43
United Kingdom,GBR,1931,,22.2
United Kingdom,GBR,1932,,21.66
United Kingdom,GBR,1933,,20.2
United Kingdom,GBR,1934,,19.58
United Kingdom,GBR,1935,,19.14
United Kingdom,GBR,1936,,18.66
United Kingdom,GBR,1937,,17.44
United Kingdom,GBR,1938,,16.72
United Kingdom,GBR,1939,,16.17
United Kingdom,GBR,1940,,14.73
United Kingdom,GBR,1941,,14
United Kingdom,GBR,1942,,13.98
United Kingdom,GBR,1943,,12.9
United Kingdom,GBR,1944,,12.79
United Kingdom,GBR,1945,,12.78
United Kingdom,GBR,1946,,12.94
United Kingdom,GBR,1947,,12.22
United Kingdom,GBR,1948,,11.77
United Kingdom,GBR,1949,,10.99
United Kingdom,GBR,1950,,11.18
United Kingdom,GBR,1951,,10.62
United Kingdom,GBR,1952,,10.68
United Kingdom,GBR,1953,,9.86
United Kingdom,GBR,1954,,9.82
United Kingdom,GBR,1955,,9.84
United Kingdom,GBR,1956,,9.11
United Kingdom,GBR,1957,,9.07
United Kingdom,GBR,1958,,9.07
United Kingdom,GBR,1959,,8.7
United Kingdom,GBR,1960,,8.87
United Kingdom,GBR,1962,,8.62
United Kingdom,GBR,1963,,8.63
United Kingdom,GBR,1964,,8.61
United Kingdom,GBR,1965,,8.47
United Kingdom,GBR,1966,,8.21
United Kingdom,GBR,1967,,8.03
United Kingdom,GBR,1968,,7.92
United Kingdom,GBR,1969,,7.87
United Kingdom,GBR,1970,,7.42
United Kingdom,GBR,1971,,7.53
United Kingdom,GBR,1972,,7.51
United Kingdom,GBR,1973,,7.53
United Kingdom,GBR,1974,,7.16
United Kingdom,GBR,1975,,7.04
United Kingdom,GBR,1976,,6.66
United Kingdom,GBR,1977,,6.69
United Kingdom,GBR,1978,,6.64
United Kingdom,GBR,1979,,6.64
United Kingdom,GBR,1980,,6.78
United Kingdom,GBR,1981,,6.78
United Kingdom,GBR,1982,6.92,6.92
United Kingdom,GBR,1983,6.88,6.88
United Kingdom,GBR,1984,7.15,7.15
United Kingdom,GBR,1985,7.31,7.31
United Kingdom,GBR,1986,7.43,7.43
United Kingdom,GBR,1987,7.65,7.65
United Kingdom,GBR,1988,8.3,8.3
United Kingdom,GBR,1989,8.32,8.32
United Kingdom,GBR,1990,9.1,9.1
United Kingdom,GBR,1991,9.54,9.54
United Kingdom,GBR,1992,9.24,9.24
United Kingdom,GBR,1993,9.72,9.72
United Kingdom,GBR,1994,9.96,9.96
United Kingdom,GBR,1995,10.12,10.12
United Kingdom,GBR,1996,11.59,11.59
United Kingdom,GBR,1997,12.08,12.08
United Kingdom,GBR,1998,12.98,12.98
United Kingdom,GBR,1999,12.15,12.15
United Kingdom,GBR,2000,11.73,11.73
United Kingdom,GBR,2001,11.64,11.64
United Kingdom,GBR,2002,12,12
United Kingdom,GBR,2003,13.14,13.14
United Kingdom,GBR,2004,12.97,12.97
United Kingdom,GBR,2005,14.28,14.28
United Kingdom,GBR,2006,14.67,14.67
United Kingdom,GBR,2007,14.69,14.69
United Kingdom,GBR,2008,14.07,14.07
United Kingdom,GBR,2009,14.27,14.27
United Kingdom,GBR,2010,12.29,12.29
United Kingdom,GBR,2011,13.17,13.17
United Kingdom,GBR,2012,12.76,12.76
United Kingdom,GBR,2013,,13.78
United Kingdom,GBR,2014,,13.32
United Kingdom,GBR,2015,12.3,12.3
United Kingdom,GBR,2016,12.48,12.48
United Kingdom,GBR,2017,13.44,13.44
United Kingdom,GBR,2018,13.07,13.07
United Kingdom,GBR,2019,12.7,12.7
United Kingdom,GBR,2020,12.7,12.7
United Kingdom,GBR,2021,12.91,12.91
United Kingdom,GBR,2022,,13.35
United Kingdom,GBR,2023,,13.08
United Kingdom,GBR,2024,,13.08
United States,USA,1820,,15.53
United States,USA,1850,,16.62
United States,USA,1880,,14.5
United States,USA,1900,,15.5
United States,USA,1910,,19.95
United States,USA,1913,20.43,20.43
United States,USA,1914,20.91,20.91
United States,USA,1915,20.29,20.29
United States,USA,1916,21.36,21.36
United States,USA,1917,21.31,21.31
United States,USA,1918,19.68,19.68
United States,USA,1919,21.64,21.64
United States,USA,1920,18.77,18.77
United States,USA,1921,19.15,19.15
United States,USA,1922,18.58,18.58
United States,USA,1923,17.7,17.7
United States,USA,1924,18.47,18.47
United States,USA,1925,20.68,20.68
United States,USA,1926,21.94,21.94
United States,USA,1927,21.26,21.26
United States,USA,1928,22.29,22.29
United States,USA,1929,22.18,22.18
United States,USA,1930,19.06,19.06
United States,USA,1931,16.76,16.76
United States,USA,1932,16.51,16.51
United States,USA,1933,17.51,17.51
United States,USA,1934,19.06,19.06
United States,USA,1935,19.33,19.33
United States,USA,1936,20.94,20.94
United States,USA,1937,20.67,20.67
United States,USA,1938,18.64,18.64
United States,USA,1939,19.57,19.57
United States,USA,1940,20.48,20.48
United States,USA,1941,21.58,21.58
United States,USA,1942,20.59,20.59
United States,USA,1943,18.59,18.59
United States,USA,1944,15.35,15.35
United States,USA,1945,14.25,14.25
United States,USA,1946,14.28,14.28
United States,USA,1947,14.97,14.97
United States,USA,1948,16.31,16.31
United States,USA,1949,15.72,15.72
United States,USA,1950,16.39,16.39
United States,USA,1951,16,16
United States,USA,1952,14.97,14.97
United States,USA,1953,14.01,14.01
United States,USA,1954,13.95,13.95
United States,USA,1955,14.61,14.61
United States,USA,1956,13.84,13.84
United States,USA,1957,13.53,13.53
United States,USA,1958,12.68,12.68
United States,USA,1959,13.21,13.21
United States,USA,1960,12.43,12.43
United States,USA,1961,12.53,12.53
United States,USA,1962,12.84,12.84
United States,USA,1963,12.98,12.98
United States,USA,1964,13.11,13.11
United States,USA,1965,13.03,13.03
United States,USA,1966,12.97,12.97
United States,USA,1967,12.37,12.37
United States,USA,1968,12.61,12.61
United States,USA,1969,11.6,11.6
United States,USA,1970,10.7,10.7
United States,USA,1971,11.05,11.05
United States,USA,1972,11.08,11.08
United States,USA,1973,10.88,10.88
United States,USA,1974,10.37,10.37
United States,USA,1975,10.43,10.43
United States,USA,1976,10.36,10.36
United States,USA,1977,10.58,10.58
United States,USA,1978,10.35,10.35
United States,USA,1979,10.86,10.86
United States,USA,1980,10.42,10.42
United States,USA,1981,10.67,10.67
United States,USA,1982,10.99,10.99
United States,USA,1983,11.5,11.5
United States,USA,1984,12.15,12.15
United States,USA,1985,12.27,12.27
United States,USA,1986,11.98,11.98
United States,USA,1987,13.24,13.24
United States,USA,1988,15.21,15.21
United States,USA,1989,14.69,14.69
United States,USA,1990,14.71,14.71
United States,USA,1991,13.65,13.65
United States,USA,1992,14.68,14.68
United States,USA,1993,14.15,14.15
United States,USA,1994,14.02,14.02
United States,USA,1995,14.52,14.52
United States,USA,1996,15.25,15.25
United States,USA,1997,16,16
United States,USA,1998,16.32,16.32
United States,USA,1999,16.76,16.76
United States,USA,2000,17.34,17.34
United States,USA,2001,16.59,16.59
United States,USA,2002,16.1,16.1
United States,USA,2003,16.32,16.32
United States,USA,2004,17.06,17.06
United States,USA,2005,18.06,18.06
United States,USA,2006,18.52,18.52
United States,USA,2007,18.38,18.38
United States,USA,2008,17.93,17.93
United States,USA,2009,16.7,16.7
United States,USA,2010,17.89,17.89
United States,USA,2011,18.08,18.08
United States,USA,2012,19.49,19.49
United States,USA,2013,18.46,18.46
United States,USA,2014,18.97,18.97
United States,USA,2015,18.89,18.89
United States,USA,2016,18.66,18.66
United States,USA,2017,19.05,19.05
United States,USA,2018,19.24,19.24
United States,USA,2019,19.04,19.04
United States,USA,2020,18.17,18.17
United States,USA,2021,19.88,19.88
United States,USA,2022,20.73,20.73
United States,USA,2023,20.73,20.73
United States,USA,2024,20.73,20.73
Uruguay,URY,1980,,19.01
Uruguay,URY,1981,,19.01
Uruguay,URY,1982,,19.01
Uruguay,URY,1983,,19.01
Uruguay,URY,1984,,19.01
Uruguay,URY,1985,,19.01
Uruguay,URY,1986,,19.01
Uruguay,URY,1987,,19.01
Uruguay,URY,1988,,19.01
Uruguay,URY,1989,,19.01
Uruguay,URY,1990,,19.01
Uruguay,URY,1991,,19.01
Uruguay,URY,1992,,19.01
Uruguay,URY,1993,,19.01
Uruguay,URY,1994,,19.01
Uruguay,URY,1995,,19.01
Uruguay,URY,1996,,19.01
Uruguay,URY,1997,,19.01
Uruguay,URY,1998,,19.01
Uruguay,URY,1999,,19.01
Uruguay,URY,2000,,19.01
Uruguay,URY,2001,22.11,22.11
Uruguay,URY,2002,19.63,19.63
Uruguay,URY,2003,22.37,22.37
Uruguay,URY,2004,21.32,21.32
Uruguay,URY,2005,17.96,17.96
Uruguay,URY,2006,,20.43
Uruguay,URY,2007,,22.91
Uruguay,URY,2008,22.62,22.62
Uruguay,URY,2009,21.58,21.58
Uruguay,URY,2010,19.97,19.97
Uruguay,URY,2011,19.05,19.05
Uruguay,URY,2012,15.62,15.62
Uruguay,URY,2013,17.29,17.29
Uruguay,URY,2014,17.53,17.53
Uruguay,URY,2015,18.16,18.16
Uruguay,URY,2016,18.87,18.87
Uruguay,URY,2017,18.19,18.19
Uruguay,URY,2018,18.75,18.75
Uruguay,URY,2019,17.29,17.29
Uruguay,URY,2020,17.38,17.38
Uruguay,URY,2021,18.29,18.29
Uruguay,URY,2022,15.73,15.73
Uruguay,URY,2023,,21.35
Uruguay,URY,2024,,21.35
Uzbekistan,UZB,1980,,4.06
Uzbekistan,UZB,1981,,4.22
Uzbekistan,UZB,1982,,4.38
Uzbekistan,UZB,1983,,4.54
Uzbekistan,UZB,1984,,4.69
Uzbekistan,UZB,1985,,4.84
Uzbekistan,UZB,1986,,5
Uzbekistan,UZB,1987,,5.15
Uzbekistan,UZB,1988,,5.3
Uzbekistan,UZB,1989,,5.59
Uzbekistan,UZB,1990,,7.45
Uzbekistan,UZB,1991,,8.71
Uzbekistan,UZB,1992,,9.97
Uzbekistan,UZB,1993,,11.22
Uzbekistan,UZB,1994,,12.47
Uzbekistan,UZB,1995,,13.71
Uzbekistan,UZB,1996,,14.96
Uzbekistan,UZB,1997,,16.2
Uzbekistan,UZB,1998,17.44,17.44
Uzbekistan,UZB,1999,,17.32
Uzbekistan,UZB,2000,17.2,17.2
Uzbekistan,UZB,2001,,16.93
Uzbekistan,UZB,2002,,16.65
Uzbekistan,UZB,2003,16.58,16.58
Uzbekistan,UZB,2004,,16.58
Uzbekistan,UZB,2005,,16.58
Uzbekistan,UZB,2006,,16.58
Uzbekistan,UZB,2007,,16.58
Uzbekistan,UZB,2008,,16.58
Uzbekistan,UZB,2009,,16.58
Uzbekistan,UZB,2010,,16.58
Uzbekistan,UZB,2011,,16.58
Uzbekistan,UZB,2012,,16.58
Uzbekistan,UZB,2013,,16.58
Uzbekistan,UZB,2014,,16.58
Uzbekistan,UZB,2015,,16.58
Uzbekistan,UZB,2016,,16.29
Uzbekistan,UZB,2017,,16.65
Uzbekistan,UZB,2018,,16.65
Uzbekistan,UZB,2019,,16.65
Uzbekistan,UZB,2020,,16.65
Uzbekistan,UZB,2021,,16.65
Uzbekistan,UZB,2022,,16.65
Uzbekistan,UZB,2023,,16.65
Uzbekistan,UZB,2024,,16.65
Vanuatu,VUT,1980,,8.85
Vanuatu,VUT,1981,,9
Vanuatu,VUT,1982,,9.14
Vanuatu,VUT,1983,,9.29
Vanuatu,VUT,1984,,9.44
Vanuatu,VUT,1985,,9.6
Vanuatu,VUT,1986,,9.76
Vanuatu,VUT,1987,,9.92
Vanuatu,VUT,1988,,10.08
Vanuatu,VUT,1989,,10.25
Vanuatu,VUT,1990,,10.42
Vanuatu,VUT,1991,,10.7
Vanuatu,VUT,1992,,10.96
Vanuatu,VUT,1993,,11.22
Vanuatu,VUT,1994,,11.47
Vanuatu,VUT,1995,,11.72
Vanuatu,VUT,1996,,11.95
Vanuatu,VUT,1997,,12.18
Vanuatu,VUT,1998,,12.4
Vanuatu,VUT,1999,,12.61
Vanuatu,VUT,2000,,12.82
Vanuatu,VUT,2001,,13.2
Vanuatu,VUT,2002,,13.58
Vanuatu,VUT,2003,,13.94
Vanuatu,VUT,2004,,14.29
Vanuatu,VUT,2005,,14.64
Vanuatu,VUT,2006,,14.98
Vanuatu,VUT,2007,,15.31
Vanuatu,VUT,2008,,15.64
Vanuatu,VUT,2009,,15.95
Vanuatu,VUT,2010,,16.26
Vanuatu,VUT,2011,,16.24
Vanuatu,VUT,2012,,16.22
Vanuatu,VUT,2013,,16.2
Vanuatu,VUT,2014,,16.18
Vanuatu,VUT,2015,,16.17
Vanuatu,VUT,2016,,16.15
Vanuatu,VUT,2017,,16.13
Vanuatu,VUT,2018,,16.12
Vanuatu,VUT,2019,,16.1
Vanuatu,VUT,2020,,16.09
Vanuatu,VUT,2021,,16.09
Vanuatu,VUT,2022,,16.09
Vanuatu,VUT,2023,,16.09
Vanuatu,VUT,2024,,16.09
Venezuela,VEN,1980,,22.27
Venezuela,VEN,1981,,22.27
Venezuela,VEN,1982,,22.27
Venezuela,VEN,1983,,22.27
Venezuela,VEN,1984,,22.27
Venezuela,VEN,1985,,22.27
Venezuela,VEN,1986,,22.27
Venezuela,VEN,1987,,22.27
Venezuela,VEN,1988,,22.27
Venezuela,VEN,1989,,22.27
Venezuela,VEN,1990,,22.27
Venezuela,VEN,1991,,22.27
Venezuela,VEN,1992,,22.27
Venezuela,VEN,1993,,22.27
Venezuela,VEN,1994,,22.27
Venezuela,VEN,1995,,22.27
Venezuela,VEN,1996,,22.27
Venezuela,VEN,1997,,22.27
Venezuela,VEN,1998,,22.27
Venezuela,VEN,1999,,22.27
Venezuela,VEN,2000,,22.27
Venezuela,VEN,2001,,22.79
Venezuela,VEN,2002,,22.45
Venezuela,VEN,2003,,23.3
Venezuela,VEN,2004,,24.14
Venezuela,VEN,2005,,22.75
Venezuela,VEN,2006,,23.23
Venezuela,VEN,2007,,24.73
Venezuela,VEN,2008,,23.95
Venezuela,VEN,2009,,22.85
Venezuela,VEN,2010,,23.78
Venezuela,VEN,2011,,23.91
Venezuela,VEN,2012,,23.62
Venezuela,VEN,2013,,24.9
Venezuela,VEN,2014,,25.49
Venezuela,VEN,2015,,23.3
Venezuela,VEN,2016,,23.45
Venezuela,VEN,2017,,22.48
Venezuela,VEN,2018,,22.84
Venezuela,VEN,2019,,22.66
Venezuela,VEN,2020,,23.62
Venezuela,VEN,2021,,22.79
Venezuela,VEN,2022,,21.99
Venezuela,VEN,2023,,21.97
Venezuela,VEN,2024,,21.97
Vietnam,VNM,1820,,14.86
Vietnam,VNM,1850,,15.93
Vietnam,VNM,1880,,16.11
Vietnam,VNM,1900,,15.48
Vietnam,VNM,1910,,14.22
Vietnam,VNM,1920,,15.55
Vietnam,VNM,1921,,15.47
Vietnam,VNM,1926,,16.2
Vietnam,VNM,1927,,15.93
Vietnam,VNM,1928,,16.42
Vietnam,VNM,1929,,16.1
Vietnam,VNM,1930,,16.99
Vietnam,VNM,1931,,17.96
Vietnam,VNM,1932,,17.98
Vietnam,VNM,1933,,19.44
Vietnam,VNM,1934,,19.55
Vietnam,VNM,1935,,19.56
Vietnam,VNM,1937,,19.96
Vietnam,VNM,1938,,20.43
Vietnam,VNM,1939,,20.23
Vietnam,VNM,1940,,21.72
Vietnam,VNM,1942,,20.57
Vietnam,VNM,1950,,16.16
Vietnam,VNM,1960,,18.43
Vietnam,VNM,1970,,20.7
Vietnam,VNM,1980,,16.42
Vietnam,VNM,1981,,16.42
Vietnam,VNM,1982,,16.42
Vietnam,VNM,1983,,16.42
Vietnam,VNM,1984,,16.42
Vietnam,VNM,1985,,16.42
Vietnam,VNM,1986,,16.42
Vietnam,VNM,1987,,16.42
Vietnam,VNM,1988,,16.42
Vietnam,VNM,1989,,16.42
Vietnam,VNM,1990,,16.42
Vietnam,VNM,1991,,16.42
Vietnam,VNM,1992,16.42,16.42
Vietnam,VNM,1993,,16.48
Vietnam,VNM,1994,,16.63
Vietnam,VNM,1995,,16.7
Vietnam,VNM,1996,,16.71
Vietnam,VNM,1997,,16.75
Vietnam,VNM,1998,16.75,16.75
Vietnam,VNM,1999,,16.69
Vietnam,VNM,2000,,16.99
Vietnam,VNM,2001,,17.12
Vietnam,VNM,2002,16.99,16.99
Vietnam,VNM,2003,,16.57
Vietnam,VNM,2004,16.43,16.43
Vietnam,VNM,2005,,16.18
Vietnam,VNM,2006,15.89,15.89
Vietnam,VNM,2007,,16.17
Vietnam,VNM,2008,16.45,16.45
Vietnam,VNM,2009,,18.24
Vietnam,VNM,2010,19.67,19.67
Vietnam,VNM,2011,,18.06
Vietnam,VNM,2012,16.51,16.51
Vietnam,VNM,2013,,16.26
Vietnam,VNM,2014,16.14,16.14
Vietnam,VNM,2015,,16.31
Vietnam,VNM,2016,16.51,16.51
Vietnam,VNM,2017,,16.12
Vietnam,VNM,2018,15.74,15.74
Vietnam,VNM,2019,,15.74
Vietnam,VNM,2020,,15.74
Vietnam,VNM,2021,,15.74
Vietnam,VNM,2022,,15.74
Vietnam,VNM,2023,,15.74
Vietnam,VNM,2024,,15.74
World,OWID_WRL,1820,19.66,19.66
World,OWID_WRL,1850,21.97,21.97
World,OWID_WRL,1880,23.13,23.13
World,OWID_WRL,1900,25.03,25.03
World,OWID_WRL,1910,25.55,25.55
World,OWID_WRL,1920,23.61,23.61
World,OWID_WRL,1930,21.1,21.1
World,OWID_WRL,1940,21.16,21.16
World,OWID_WRL,1950,18.09,18.09
World,OWID_WRL,1960,16.01,16.01
World,OWID_WRL,1970,15.45,15.45
World,OWID_WRL,1980,16.75,16.75
World,OWID_WRL,1981,16.54,16.54
World,OWID_WRL,1982,16.13,16.13
World,OWID_WRL,1983,15.97,15.97
World,OWID_WRL,1984,16.28,16.28
World,OWID_WRL,1985,16.35,16.35
World,OWID_WRL,1986,16.55,16.55
World,OWID_WRL,1987,16.98,16.98
World,OWID_WRL,1988,17.57,17.57
World,OWID_WRL,1989,17.76,17.76
World,OWID_WRL,1990,18.04,18.04
World,OWID_WRL,1991,18.17,18.17
World,OWID_WRL,1992,18.29,18.29
World,OWID_WRL,1993,18.36,18.36
World,OWID_WRL,1994,18.61,18.61
World,OWID_WRL,1995,18.84,18.84
World,OWID_WRL,1996,19.42,19.42
World,OWID_WRL,1997,19.61,19.61
World,OWID_WRL,1998,19.94,19.94
World,OWID_WRL,1999,20.14,20.14
World,OWID_WRL,2000,20.58,20.58
World,OWID_WRL,2001,20.38,20.38
World,OWID_WRL,2002,20.19,20.19
World,OWID_WRL,2003,20.47,20.47
World,OWID_WRL,2004,20.94,20.94
World,OWID_WRL,2005,21.17,21.17
World,OWID_WRL,2006,21.32,21.32
World,OWID_WRL,2007,21.72,21.72
World,OWID_WRL,2008,21.2,21.2
World,OWID_WRL,2009,20.28,20.28
World,OWID_WRL,2010,20.6,20.6
World,OWID_WRL,2011,20.73,20.73
World,OWID_WRL,2012,20.86,20.86
World,OWID_WRL,2013,20.68,20.68
World,OWID_WRL,2014,20.54,20.54
World,OWID_WRL,2015,20.38,20.38
World,OWID_WRL,2016,20.18,20.18
World,OWID_WRL,2017,20.36,20.36
World,OWID_WRL,2018,20.34,20.34
World,OWID_WRL,2019,20.02,20.02
World,OWID_WRL,2020,20.07,20.07
World,OWID_WRL,2021,20.68,20.68
World,OWID_WRL,2022,20.81,20.81
World,OWID_WRL,2023,20.79,20.79
World,OWID_WRL,2024,20.67,20.67
Yemen,YEM,1980,,22.7
Yemen,YEM,1981,,22.7
Yemen,YEM,1982,,22.7
Yemen,YEM,1983,,22.7
Yemen,YEM,1984,,22.7
Yemen,YEM,1985,,22.7
Yemen,YEM,1986,,22.7
Yemen,YEM,1987,,22.7
Yemen,YEM,1988,,22.7
Yemen,YEM,1989,,22.7
Yemen,YEM,1990,,22.7
Yemen,YEM,1991,,22.7
Yemen,YEM,1992,,22.7
Yemen,YEM,1993,,22.7
Yemen,YEM,1994,,22.7
Yemen,YEM,1995,,22.7
Yemen,YEM,1996,,22.7
Yemen,YEM,1997,,22.7
Yemen,YEM,1998,22.7,22.7
Yemen,YEM,1999,,23.67
Yemen,YEM,2000,,24.62
Yemen,YEM,2001,,25.54
Yemen,YEM,2002,,26.44
Yemen,YEM,2003,,27.32
Yemen,YEM,2004,,28.17
Yemen,YEM,2005,,29
Yemen,YEM,2006,29.81,29.81
Yemen,YEM,2007,,31.27
Yemen,YEM,2008,,32.88
Yemen,YEM,2009,,34.67
Yemen,YEM,2010,,36.66
Yemen,YEM,2011,38.89,38.89
Yemen,YEM,2012,,40.27
Yemen,YEM,2013,,41.69
Yemen,YEM,2014,25.07,25.07
Yemen,YEM,2015,,25.07
Yemen,YEM,2016,,25.07
Yemen,YEM,2017,,25.07
Yemen,YEM,2018,,25.07
Yemen,YEM,2019,,25.07
Yemen,YEM,2020,,25.07
Yemen,YEM,2021,,25.07
Yemen,YEM,2022,,25.07
Yemen,YEM,2023,,25.07
Yemen,YEM,2024,,25.07
Zambia,ZMB,1929,18.48,18.48
Zambia,ZMB,1930,20.29,20.29
Zambia,ZMB,1931,20.5,20.5
Zambia,ZMB,1932,20.36,20.36
Zambia,ZMB,1933,18.58,18.58
Zambia,ZMB,1934,19.32,19.32
Zambia,ZMB,1935,20.23,20.23
Zambia,ZMB,1936,18.86,18.86
Zambia,ZMB,1937,19.25,19.25
Zambia,ZMB,1943,22.01,22.01
Zambia,ZMB,1944,21.83,21.83
Zambia,ZMB,1945,20.93,20.93
Zambia,ZMB,1946,22.63,22.63
Zambia,ZMB,1947,21.81,21.81
Zambia,ZMB,1948,20.89,20.89
Zambia,ZMB,1949,20.64,20.64
Zambia,ZMB,1950,20,20
Zambia,ZMB,1951,19.3,19.3
Zambia,ZMB,1952,20.33,20.33
Zambia,ZMB,1953,19.19,19.19
Zambia,ZMB,1954,19.79,19.79
Zambia,ZMB,1955,20.59,20.59
Zambia,ZMB,1956,19.69,19.69
Zambia,ZMB,1957,20.68,20.68
Zambia,ZMB,1958,21.19,21.19
Zambia,ZMB,1963,21.06,21.06
Zambia,ZMB,1968,21.39,21.39
Zambia,ZMB,1970,20.04,20.04
Zambia,ZMB,1980,,18.86
Zambia,ZMB,1981,,18.86
Zambia,ZMB,1982,,18.86
Zambia,ZMB,1983,,18.86
Zambia,ZMB,1984,,18.86
Zambia,ZMB,1985,,18.86
Zambia,ZMB,1986,,18.86
Zambia,ZMB,1987,,18.86
Zambia,ZMB,1988,,18.86
Zambia,ZMB,1989,,18.86
Zambia,ZMB,1990,,18.86
Zambia,ZMB,1991,18.86,18.86
Zambia,ZMB,1992,,17.79
Zambia,ZMB,1993,16.72,16.72
Zambia,ZMB,1994,,17.48
Zambia,ZMB,1995,,18.24
Zambia,ZMB,1996,19,19
Zambia,ZMB,1997,,19.57
Zambia,ZMB,1998,20.14,20.14
Zambia,ZMB,1999,,20.01
Zambia,ZMB,2000,,19.88
Zambia,ZMB,2001,,19.75
Zambia,ZMB,2002,19.61,19.61
Zambia,ZMB,2003,,21.37
Zambia,ZMB,2004,23.11,23.11
Zambia,ZMB,2005,,22.35
Zambia,ZMB,2006,21.6,21.6
Zambia,ZMB,2007,,20.94
Zambia,ZMB,2008,,20.28
Zambia,ZMB,2009,,19.62
Zambia,ZMB,2010,18.96,18.96
Zambia,ZMB,2011,,19.61
Zambia,ZMB,2012,,20.27
Zambia,ZMB,2013,,20.93
Zambia,ZMB,2014,,21.58
Zambia,ZMB,2015,22.24,22.24
Zambia,ZMB,2016,,21.64
Zambia,ZMB,2017,,21.04
Zambia,ZMB,2018,,20.44
Zambia,ZMB,2019,,19.84
Zambia,ZMB,2020,,19.24
Zambia,ZMB,2021,,18.64
Zambia,ZMB,2022,18.04,18.04
Zambia,ZMB,2023,,18.04
Zambia,ZMB,2024,,18.04
Zimbabwe,ZWE,1917,20.81,20.81
Zimbabwe,ZWE,1918,22.22,22.22
Zimbabwe,ZWE,1919,20.65,20.65
Zimbabwe,ZWE,1920,21.63,21.63
Zimbabwe,ZWE,1921,20.65,20.65
Zimbabwe,ZWE,1922,21.3,21.3
Zimbabwe,ZWE,1923,19.6,19.6
Zimbabwe,ZWE,1924,20.62,20.62
Zimbabwe,ZWE,1925,20.88,20.88
Zimbabwe,ZWE,1926,21.54,21.54
Zimbabwe,ZWE,1927,21.61,21.61
Zimbabwe,ZWE,1928,21.03,21.03
Zimbabwe,ZWE,1929,21.47,21.47
Zimbabwe,ZWE,1930,20.29,20.29
Zimbabwe,ZWE,1931,21.22,21.22
Zimbabwe,ZWE,1932,20.5,20.5
Zimbabwe,ZWE,1933,21.91,21.91
Zimbabwe,ZWE,1934,21.46,21.46
Zimbabwe,ZWE,1935,20.96,20.96
Zimbabwe,ZWE,1936,21.22,21.22
Zimbabwe,ZWE,1937,21.17,21.17
Zimbabwe,ZWE,1938,20.52,20.52
Zimbabwe,ZWE,1939,20.34,20.34
Zimbabwe,ZWE,1945,20.83,20.83
Zimbabwe,ZWE,1946,22.02,22.02
Zimbabwe,ZWE,1947,21.28,21.28
Zimbabwe,ZWE,1948,20.8,20.8
Zimbabwe,ZWE,1949,20.74,20.74
Zimbabwe,ZWE,1950,20,20
Zimbabwe,ZWE,1951,19.71,19.71
Zimbabwe,ZWE,1952,20.34,20.34
Zimbabwe,ZWE,1953,19.73,19.73
Zimbabwe,ZWE,1954,20.22,20.22
Zimbabwe,ZWE,1955,20.74,20.74
Zimbabwe,ZWE,1956,20.73,20.73
Zimbabwe,ZWE,1957,20.91,20.91
Zimbabwe,ZWE,1958,21.14,21.14
Zimbabwe,ZWE,1959,21.13,21.13
Zimbabwe,ZWE,1960,22,22
Zimbabwe,ZWE,1961,21.06,21.06
Zimbabwe,ZWE,1962,21.32,21.32
Zimbabwe,ZWE,1963,20,20
Zimbabwe,ZWE,1964,19.98,19.98
Zimbabwe,ZWE,1965,20.13,20.13
Zimbabwe,ZWE,1966,19.05,19.05
Zimbabwe,ZWE,1967,19.02,19.02
Zimbabwe,ZWE,1968,19.11,19.11
Zimbabwe,ZWE,1969,18.54,18.54
Zimbabwe,ZWE,1970,19.14,19.14
Zimbabwe,ZWE,1971,19.01,19.01
Zimbabwe,ZWE,1972,18.31,18.31
Zimbabwe,ZWE,1973,18.7,18.7
Zimbabwe,ZWE,1974,18.07,18.07
Zimbabwe,ZWE,1975,17.53,17.53
Zimbabwe,ZWE,1976,17.58,17.58
Zimbabwe,ZWE,1977,16.99,16.99
Zimbabwe,ZWE,1978,16.75,16.75
Zimbabwe,ZWE,1980,,15.93
Zimbabwe,ZWE,1981,,15.93
Zimbabwe,ZWE,1982,,15.93
Zimbabwe,ZWE,1983,,15.93
Zimbabwe,ZWE,1984,,15.93
Zimbabwe,ZWE,1985,,15.93
Zimbabwe,ZWE,1986,,15.93
Zimbabwe,ZWE,1987,,15.93
Zimbabwe,ZWE,1988,,15.93
Zimbabwe,ZWE,1989,,15.93
Zimbabwe,ZWE,1990,,15.93
Zimbabwe,ZWE,1991,,15.93
Zimbabwe,ZWE,1992,,15.93
Zimbabwe,ZWE,1993,,15.93
Zimbabwe,ZWE,1994,,15.93
Zimbabwe,ZWE,1995,,15.93
Zimbabwe,ZWE,1996,,15.93
Zimbabwe,ZWE,1997,,15.93
Zimbabwe,ZWE,1998,,15.93
Zimbabwe,ZWE,1999,,15.93
Zimbabwe,ZWE,2000,,15.93
Zimbabwe,ZWE,2001,,15.93
Zimbabwe,ZWE,2002,,15.93
Zimbabwe,ZWE,2003,,15.93
Zimbabwe,ZWE,2004,,15.93
Zimbabwe,ZWE,2005,,15.93
Zimbabwe,ZWE,2006,,15.93
Zimbabwe,ZWE,2007,,15.93
Zimbabwe,ZWE,2008,,15.93
Zimbabwe,ZWE,2009,,15.93
Zimbabwe,ZWE,2010,,15.93
Zimbabwe,ZWE,2011,15.93,15.93
Zimbabwe,ZWE,2012,,16.19
Zimbabwe,ZWE,2013,,16.45
Zimbabwe,ZWE,2014,,16.71
Zimbabwe,ZWE,2015,,16.97
Zimbabwe,ZWE,2016,,17.23
Zimbabwe,ZWE,2017,17.49,17.49
Zimbabwe,ZWE,2018,,19.28
Zimbabwe,ZWE,2019,21.07,21.07
Zimbabwe,ZWE,2020,,21.07
Zimbabwe,ZWE,2021,,21.07
Zimbabwe,ZWE,2022,,21.07
Zimbabwe,ZWE,2023,,21.07
Zimbabwe,ZWE,2024,,21.07