country,year,life_expectancy
Afghanistan,1950,28.16
Afghanistan,1951,28.58
Afghanistan,1952,29.01
Afghanistan,1953,29.45
Afghanistan,1954,29.7
Afghanistan,1955,30.37
Afghanistan,1956,30.83
Afghanistan,1957,31.35
Afghanistan,1958,31.84
Afghanistan,1959,32.34
Afghanistan,1960,32.8
Afghanistan,1961,33.29
Afghanistan,1962,33.76
Afghanistan,1963,34.2
Afghanistan,1964,34.67
Afghanistan,1965,35.12
Afghanistan,1966,35.58
Afghanistan,1967,36.04
Afghanistan,1968,36.51
Afghanistan,1969,36.98
Afghanistan,1970,37.46
Afghanistan,1971,37.93
Afghanistan,1972,38.42
Afghanistan,1973,38.95
Afghanistan,1974,39.47
Afghanistan,1975,39.99
Afghanistan,1976,40.52
Afghanistan,1977,41.08
Afghanistan,1978,40.09
Afghanistan,1979,38.84
Afghanistan,1980,39.26
Afghanistan,1981,39.41
Afghanistan,1982,36.06
Afghanistan,1983,36.52
Afghanistan,1984,31.47
Afghanistan,1985,32.13
Afghanistan,1986,38.4
Afghanistan,1987,38.83
Afghanistan,1988,43.24
Afghanistan,1989,44.5
Afghanistan,1990,45.12
Afghanistan,1991,45.52
Afghanistan,1992,46.57
Afghanistan,1993,51.02
Afghanistan,1994,50.97
Afghanistan,1995,52.1
Afghanistan,1996,52.83
Afghanistan,1997,53.21
Afghanistan,1998,52.49
Afghanistan,1999,54.53
Afghanistan,2000,55.0
Afghanistan,2001,55.51
Afghanistan,2002,56.23
Afghanistan,2003,57.17
Afghanistan,2004,57.81
Afghanistan,2005,58.25
Afghanistan,2006,58.55
Afghanistan,2007,58.96
Afghanistan,2008,59.71
Afghanistan,2009,60.25
Afghanistan,2010,60.7
Afghanistan,2011,61.25
Afghanistan,2012,61.73
Afghanistan,2013,62.19
Afghanistan,2014,62.26
Afghanistan,2015,62.27
Afghanistan,2016,62.65
Afghanistan,2017,62.41
Afghanistan,2018,62.44
Afghanistan,2019,62.94
Afghanistan,2020,61.45
Afghanistan,2021,60.42
Afghanistan,2022,65.62
Afghanistan,2023,66.03
Africa,1950,37.25
Africa,1951,37.78
Africa,1952,38.25
Africa,1953,38.73
Africa,1954,39.09
Africa,1955,39.55
Africa,1956,39.98
Africa,1957,39.86
Africa,1958,40.24
Africa,1959,41.19
Africa,1960,41.4
Africa,1961,41.78
Africa,1962,42.25
Africa,1963,42.72
Africa,1964,43.09
Africa,1965,43.36
Africa,1966,43.46
Africa,1967,43.75
Africa,1968,44.25
Africa,1969,44.51
Africa,1970,44.99
Africa,1971,45.4
Africa,1972,45.46
Africa,1973,46.1
Africa,1974,46.41
Africa,1975,46.81
Africa,1976,47.55
Africa,1977,48.04
Africa,1978,48.43
Africa,1979,48.96
Africa,1980,49.41
Africa,1981,49.82
Africa,1982,50.21
Africa,1983,49.55
Africa,1984,49.74
Africa,1985,50.13
Africa,1986,50.59
Africa,1987,51.19
Africa,1988,51.06
Africa,1989,51.71
Africa,1990,51.66
Africa,1991,51.49
Africa,1992,51.43
Africa,1993,51.83
Africa,1994,49.96
Africa,1995,52.34
Africa,1996,52.37
Africa,1997,52.58
Africa,1998,52.4
Africa,1999,53.06
Africa,2000,53.67
Africa,2001,54.01
Africa,2002,54.39
Africa,2003,54.84
Africa,2004,55.34
Africa,2005,55.85
Africa,2006,56.46
Africa,2007,57.08
Africa,2008,57.67
Africa,2009,57.75
Africa,2010,58.77
Africa,2011,58.96
Africa,2012,59.8
Africa,2013,60.27
Africa,2014,60.47
Africa,2015,60.84
Africa,2016,61.21
Africa,2017,61.51
Africa,2018,62.17
Africa,2019,62.45
Africa,2020,62.26
Africa,2021,61.79
Africa,2022,62.92
Africa,2023,63.84
Albania,1950,44.52
Albania,1951,45.27
Albania,1952,46.28
Albania,1953,47.37
Albania,1954,48.42
Albania,1955,49.58
Albania,1956,50.85
Albania,1957,52.26
Albania,1958,53.74
Albania,1959,55.13
Albania,1960,56.41
Albania,1961,57.49
Albania,1962,58.49
Albania,1963,59.48
Albania,1964,60.4
Albania,1965,61.27
Albania,1966,62.15
Albania,1967,62.98
Albania,1968,63.79
Albania,1969,64.54
Albania,1970,65.23
Albania,1971,65.9
Albania,1972,66.53
Albania,1973,67.11
Albania,1974,67.63
Albania,1975,68.12
Albania,1976,68.57
Albania,1977,68.99
Albania,1978,69.37
Albania,1979,69.62
Albania,1980,69.9
Albania,1981,70.14
Albania,1982,70.42
Albania,1983,70.71
Albania,1984,70.98
Albania,1985,71.28
Albania,1986,71.67
Albania,1987,71.98
Albania,1988,72.22
Albania,1989,72.46
Albania,1990,72.71
Albania,1991,73.0
Albania,1992,73.3
Albania,1993,73.64
Albania,1994,73.84
Albania,1995,74.02
Albania,1996,74.11
Albania,1997,73.38
Albania,1998,74.36
Albania,1999,74.57
Albania,2000,74.83
Albania,2001,75.08
Albania,2002,75.3
Albania,2003,75.56
Albania,2004,75.95
Albania,2005,76.43
Albania,2006,76.99
Albania,2007,77.69
Albania,2008,78.25
Albania,2009,78.51
Albania,2010,78.41
Albania,2011,78.3
Albania,2012,78.08
Albania,2013,78.0
Albania,2014,78.03
Albania,2015,78.36
Albania,2016,78.64
Albania,2017,78.9
Albania,2018,79.24
Albania,2019,79.47
Albania,2020,77.82
Albania,2021,76.84
Albania,2022,78.77
Albania,2023,79.6
Algeria,1950,42.68
Algeria,1951,43.3
Algeria,1952,43.47
Algeria,1953,43.6
Algeria,1954,40.64
Algeria,1955,40.87
Algeria,1956,40.91
Algeria,1957,40.92
Algeria,1958,40.9
Algeria,1959,40.88
Algeria,1960,40.84
Algeria,1961,40.79
Algeria,1962,39.53
Algeria,1963,43.14
Algeria,1964,42.99
Algeria,1965,42.85
Algeria,1966,42.75
Algeria,1967,42.73
Algeria,1968,42.81
Algeria,1969,42.99
Algeria,1970,43.33
Algeria,1971,43.78
Algeria,1972,44.38
Algeria,1973,45.1
Algeria,1974,45.95
Algeria,1975,46.92
Algeria,1976,48.03
Algeria,1977,49.25
Algeria,1978,50.62
Algeria,1979,52.41
Algeria,1980,54.51
Algeria,1981,57.42
Algeria,1982,59.59
Algeria,1983,61.25
Algeria,1984,62.72
Algeria,1985,64.16
Algeria,1986,65.27
Algeria,1987,66.13
Algeria,1988,66.91
Algeria,1989,67.46
Algeria,1990,67.66
Algeria,1991,67.69
Algeria,1992,67.72
Algeria,1993,67.8
Algeria,1994,67.28
Algeria,1995,67.69
Algeria,1996,68.22
Algeria,1997,68.86
Algeria,1998,69.33
Algeria,1999,70.09
Algeria,2000,70.58
Algeria,2001,71.02
Algeria,2002,71.64
Algeria,2003,71.91
Algeria,2004,72.54
Algeria,2005,72.84
Algeria,2006,73.12
Algeria,2007,73.35
Algeria,2008,73.62
Algeria,2009,73.87
Algeria,2010,74.14
Algeria,2011,74.38
Algeria,2012,74.61
Algeria,2013,74.81
Algeria,2014,74.99
Algeria,2015,75.16
Algeria,2016,75.31
Algeria,2017,75.43
Algeria,2018,75.56
Algeria,2019,75.68
Algeria,2020,73.26
Algeria,2021,75.21
Algeria,2022,76.13
Algeria,2023,76.26
American Samoa,1950,59.17
American Samoa,1951,59.65
American Samoa,1952,60.23
American Samoa,1953,60.8
American Samoa,1954,61.31
American Samoa,1955,61.83
American Samoa,1956,62.34
American Samoa,1957,62.88
American Samoa,1958,63.55
American Samoa,1959,64.32
American Samoa,1960,65.05
American Samoa,1961,65.65
American Samoa,1962,66.01
American Samoa,1963,66.16
American Samoa,1964,66.13
American Samoa,1965,66.0
American Samoa,1966,58.28
American Samoa,1967,65.81
American Samoa,1968,65.85
American Samoa,1969,66.05
American Samoa,1970,66.36
American Samoa,1971,66.77
American Samoa,1972,67.19
American Samoa,1973,67.6
American Samoa,1974,67.95
American Samoa,1975,68.26
American Samoa,1976,68.47
American Samoa,1977,68.7
American Samoa,1978,68.88
American Samoa,1979,69.11
American Samoa,1980,69.41
American Samoa,1981,69.73
American Samoa,1982,69.98
American Samoa,1983,70.16
American Samoa,1984,70.33
American Samoa,1985,70.53
American Samoa,1986,70.7
American Samoa,1987,70.83
American Samoa,1988,70.88
American Samoa,1989,70.93
American Samoa,1990,71.11
American Samoa,1991,71.31
American Samoa,1992,71.51
American Samoa,1993,71.54
American Samoa,1994,71.57
American Samoa,1995,71.57
American Samoa,1996,71.58
American Samoa,1997,71.61
American Samoa,1998,71.54
American Samoa,1999,71.48
American Samoa,2000,71.44
American Samoa,2001,71.57
American Samoa,2002,71.75
American Samoa,2003,71.7
American Samoa,2004,72.28
American Samoa,2005,72.38
American Samoa,2006,72.4
American Samoa,2007,72.36
American Samoa,2008,72.43
American Samoa,2009,70.84
American Samoa,2010,72.59
American Samoa,2011,72.66
American Samoa,2012,72.71
American Samoa,2013,72.77
American Samoa,2014,72.69
American Samoa,2015,72.65
American Samoa,2016,72.64
American Samoa,2017,72.8
American Samoa,2018,72.79
American Samoa,2019,72.75
American Samoa,2020,72.67
American Samoa,2021,72.71
American Samoa,2022,72.75
American Samoa,2023,72.85
Americas,1950,56.5
Americas,1951,56.92
Americas,1952,57.4
Americas,1953,57.91
Americas,1954,58.65
Americas,1955,58.99
Americas,1956,59.38
Americas,1957,59.61
Americas,1958,60.09
Americas,1959,60.5
Americas,1960,60.79
Americas,1961,61.27
Americas,1962,61.42
Americas,1963,61.54
Americas,1964,61.91
Americas,1965,62.11
Americas,1966,62.33
Americas,1967,62.67
Americas,1968,62.71
Americas,1969,63.03
Americas,1970,63.15
Americas,1971,63.82
Americas,1972,64.0
Americas,1973,64.35
Americas,1974,64.82
Americas,1975,65.41
Americas,1976,65.71
Americas,1977,66.29
Americas,1978,66.63
Americas,1979,67.07
Americas,1980,67.25
Americas,1981,67.69
Americas,1982,68.02
Americas,1983,68.43
Americas,1984,68.75
Americas,1985,68.89
Americas,1986,69.33
Americas,1987,69.63
Americas,1988,69.87
Americas,1989,70.25
Americas,1990,70.59
Americas,1991,70.86
Americas,1992,71.15
Americas,1993,71.25
Americas,1994,71.56
Americas,1995,71.83
Americas,1996,72.18
Americas,1997,72.55
Americas,1998,72.71
Americas,1999,72.98
Americas,2000,73.25
Americas,2001,73.48
Americas,2002,73.76
Americas,2003,74.02
Americas,2004,74.39
Americas,2005,74.62
Americas,2006,74.92
Americas,2007,75.15
Americas,2008,75.3
Americas,2009,75.56
Americas,2010,75.45
Americas,2011,75.93
Americas,2012,76.13
Americas,2013,76.26
Americas,2014,76.41
Americas,2015,76.47
Americas,2016,76.43
Americas,2017,76.5
Americas,2018,76.7
Americas,2019,76.86
Americas,2020,74.97
Americas,2021,73.88
Americas,2022,76.14
Americas,2023,77.29
Andorra,1950,67.16
Andorra,1951,67.53
Andorra,1952,67.95
Andorra,1953,68.61
Andorra,1954,69.26
Andorra,1955,69.78
Andorra,1956,70.23
Andorra,1957,70.64
Andorra,1958,71.18
Andorra,1959,71.62
Andorra,1960,72.09
Andorra,1961,72.57
Andorra,1962,72.99
Andorra,1963,73.3
Andorra,1964,73.62
Andorra,1965,73.86
Andorra,1966,74.02
Andorra,1967,74.12
Andorra,1968,74.22
Andorra,1969,74.3
Andorra,1970,74.45
Andorra,1971,74.61
Andorra,1972,74.86
Andorra,1973,75.1
Andorra,1974,75.34
Andorra,1975,75.57
Andorra,1976,75.87
Andorra,1977,76.15
Andorra,1978,76.49
Andorra,1979,76.82
Andorra,1980,77.14
Andorra,1981,77.39
Andorra,1982,77.62
Andorra,1983,77.79
Andorra,1984,77.92
Andorra,1985,78.01
Andorra,1986,78.11
Andorra,1987,78.19
Andorra,1988,78.36
Andorra,1989,78.56
Andorra,1990,78.96
Andorra,1991,79.35
Andorra,1992,79.79
Andorra,1993,80.19
Andorra,1994,80.59
Andorra,1995,80.8
Andorra,1996,81.01
Andorra,1997,81.14
Andorra,1998,81.28
Andorra,1999,81.55
Andorra,2000,81.86
Andorra,2001,82.16
Andorra,2002,82.45
Andorra,2003,82.72
Andorra,2004,82.82
Andorra,2005,83.09
Andorra,2006,83.37
Andorra,2007,83.63
Andorra,2008,83.85
Andorra,2009,84.1
Andorra,2010,84.2
Andorra,2011,84.3
Andorra,2012,84.33
Andorra,2013,84.41
Andorra,2014,84.49
Andorra,2015,84.53
Andorra,2016,84.49
Andorra,2017,84.36
Andorra,2018,84.24
Andorra,2019,84.1
Andorra,2020,79.42
Andorra,2021,82.33
Andorra,2022,84.02
Andorra,2023,84.04
Angola,1950,35.87
Angola,1951,36.05
Angola,1952,36.22
Angola,1953,36.43
Angola,1954,36.63
Angola,1955,36.85
Angola,1956,37.08
Angola,1957,37.27
Angola,1958,37.47
Angola,1959,37.69
Angola,1960,37.93
Angola,1961,36.9
Angola,1962,37.17
Angola,1963,37.42
Angola,1964,37.7
Angola,1965,37.97
Angola,1966,38.26
Angola,1967,38.62
Angola,1968,38.97
Angola,1969,39.33
Angola,1970,39.69
Angola,1971,40.08
Angola,1972,40.47
Angola,1973,40.87
Angola,1974,41.26
Angola,1975,40.82
Angola,1976,40.81
Angola,1977,41.21
Angola,1978,41.57
Angola,1979,41.91
Angola,1980,42.24
Angola,1981,42.56
Angola,1982,42.86
Angola,1983,41.97
Angola,1984,42.25
Angola,1985,42.5
Angola,1986,42.74
Angola,1987,40.79
Angola,1988,41.47
Angola,1989,41.7
Angola,1990,41.85
Angola,1991,43.81
Angola,1992,42.27
Angola,1993,42.19
Angola,1994,43.57
Angola,1995,46.14
Angola,1996,46.42
Angola,1997,46.69
Angola,1998,45.45
Angola,1999,45.81
Angola,2000,46.5
Angola,2001,47.03
Angola,2002,47.87
Angola,2003,50.22
Angola,2004,51.12
Angola,2005,52.13
Angola,2006,52.96
Angola,2007,54.2
Angola,2008,55.28
Angola,2009,56.23
Angola,2010,57.24
Angola,2011,58.09
Angola,2012,58.92
Angola,2013,59.7
Angola,2014,60.4
Angola,2015,61.04
Angola,2016,61.62
Angola,2017,62.12
Angola,2018,62.62
Angola,2019,63.05
Angola,2020,63.12
Angola,2021,62.96
Angola,2022,64.25
Angola,2023,64.62
Anguilla,1950,55.06
Anguilla,1951,55.59
Anguilla,1952,56.08
Anguilla,1953,56.58
Anguilla,1954,57.08
Anguilla,1955,57.61
Anguilla,1956,58.17
Anguilla,1957,58.72
Anguilla,1958,59.26
Anguilla,1959,59.85
Anguilla,1960,58.83
Anguilla,1961,60.92
Anguilla,1962,61.42
Anguilla,1963,61.91
Anguilla,1964,62.39
Anguilla,1965,62.88
Anguilla,1966,63.35
Anguilla,1967,63.74
Anguilla,1968,64.14
Anguilla,1969,64.53
Anguilla,1970,65.0
Anguilla,1971,65.46
Anguilla,1972,65.87
Anguilla,1973,66.25
Anguilla,1974,66.64
Anguilla,1975,67.06
Anguilla,1976,67.44
Anguilla,1977,67.82
Anguilla,1978,68.23
Anguilla,1979,68.6
Anguilla,1980,68.92
Anguilla,1981,69.25
Anguilla,1982,69.57
Anguilla,1983,69.89
Anguilla,1984,70.16
Anguilla,1985,70.43
Anguilla,1986,70.75
Anguilla,1987,71.07
Anguilla,1988,71.4
Anguilla,1989,71.78
Anguilla,1990,72.09
Anguilla,1991,72.45
Anguilla,1992,72.78
Anguilla,1993,73.12
Anguilla,1994,73.44
Anguilla,1995,73.74
Anguilla,1996,74.05
Anguilla,1997,74.34
Anguilla,1998,74.61
Anguilla,1999,74.89
Anguilla,2000,75.15
Anguilla,2001,75.4
Anguilla,2002,75.66
Anguilla,2003,75.89
Anguilla,2004,76.14
Anguilla,2005,76.34
Anguilla,2006,76.57
Anguilla,2007,76.75
Anguilla,2008,76.9
Anguilla,2009,77.04
Anguilla,2010,77.21
Anguilla,2011,77.3
Anguilla,2012,77.41
Anguilla,2013,77.62
Anguilla,2014,77.7
Anguilla,2015,77.74
Anguilla,2016,77.88
Anguilla,2017,77.17
Anguilla,2018,78.24
Anguilla,2019,78.43
Anguilla,2020,78.66
Anguilla,2021,78.41
Anguilla,2022,79.12
Anguilla,2023,79.31
Antigua and Barbuda,1950,58.1
Antigua and Barbuda,1951,58.6
Antigua and Barbuda,1952,59.02
Antigua and Barbuda,1953,59.43
Antigua and Barbuda,1954,59.83
Antigua and Barbuda,1955,60.25
Antigua and Barbuda,1956,60.67
Antigua and Barbuda,1957,61.11
Antigua and Barbuda,1958,61.59
Antigua and Barbuda,1959,62.13
Antigua and Barbuda,1960,62.64
Antigua and Barbuda,1961,63.34
Antigua and Barbuda,1962,64.0
Antigua and Barbuda,1963,64.7
Antigua and Barbuda,1964,65.43
Antigua and Barbuda,1965,66.17
Antigua and Barbuda,1966,66.9
Antigua and Barbuda,1967,67.59
Antigua and Barbuda,1968,68.23
Antigua and Barbuda,1969,68.83
Antigua and Barbuda,1970,69.37
Antigua and Barbuda,1971,69.86
Antigua and Barbuda,1972,70.3
Antigua and Barbuda,1973,70.71
Antigua and Barbuda,1974,71.1
Antigua and Barbuda,1975,71.45
Antigua and Barbuda,1976,71.79
Antigua and Barbuda,1977,72.15
Antigua and Barbuda,1978,72.5
Antigua and Barbuda,1979,72.82
Antigua and Barbuda,1980,73.09
Antigua and Barbuda,1981,73.32
Antigua and Barbuda,1982,73.52
Antigua and Barbuda,1983,73.68
Antigua and Barbuda,1984,73.81
Antigua and Barbuda,1985,73.87
Antigua and Barbuda,1986,73.89
Antigua and Barbuda,1987,73.87
Antigua and Barbuda,1988,73.81
Antigua and Barbuda,1989,73.63
Antigua and Barbuda,1990,73.6
Antigua and Barbuda,1991,73.47
Antigua and Barbuda,1992,73.39
Antigua and Barbuda,1993,73.39
Antigua and Barbuda,1994,73.49
Antigua and Barbuda,1995,73.58
Antigua and Barbuda,1996,73.84
Antigua and Barbuda,1997,74.05
Antigua and Barbuda,1998,74.19
Antigua and Barbuda,1999,74.46
Antigua and Barbuda,2000,74.82
Antigua and Barbuda,2001,75.11
Antigua and Barbuda,2002,75.24
Antigua and Barbuda,2003,75.31
Antigua and Barbuda,2004,75.33
Antigua and Barbuda,2005,75.36
Antigua and Barbuda,2006,75.51
Antigua and Barbuda,2007,75.72
Antigua and Barbuda,2008,76.08
Antigua and Barbuda,2009,76.39
Antigua and Barbuda,2010,76.7
Antigua and Barbuda,2011,77.02
Antigua and Barbuda,2012,77.1
Antigua and Barbuda,2013,77.05
Antigua and Barbuda,2014,76.91
Antigua and Barbuda,2015,76.89
Antigua and Barbuda,2016,76.97
Antigua and Barbuda,2017,77.03
Antigua and Barbuda,2018,77.13
Antigua and Barbuda,2019,77.17
Antigua and Barbuda,2020,77.16
Antigua and Barbuda,2021,77.2
Antigua and Barbuda,2022,77.48
Antigua and Barbuda,2023,77.6
Argentina,1950,61.27
Argentina,1951,61.71
Argentina,1952,62.47
Argentina,1953,62.46
Argentina,1954,63.07
Argentina,1955,62.7
Argentina,1956,63.58
Argentina,1957,63.22
Argentina,1958,64.2
Argentina,1959,64.1
Argentina,1960,64.24
Argentina,1961,64.63
Argentina,1962,64.62
Argentina,1963,64.86
Argentina,1964,64.82
Argentina,1965,65.05
Argentina,1966,65.4
Argentina,1967,65.47
Argentina,1968,65.23
Argentina,1969,65.09
Argentina,1970,65.65
Argentina,1971,65.62
Argentina,1972,65.95
Argentina,1973,66.19
Argentina,1974,66.41
Argentina,1975,66.96
Argentina,1976,67.03
Argentina,1977,67.59
Argentina,1978,68.0
Argentina,1979,68.43
Argentina,1980,68.58
Argentina,1981,68.86
Argentina,1982,68.97
Argentina,1983,69.29
Argentina,1984,69.35
Argentina,1985,69.88
Argentina,1986,70.28
Argentina,1987,70.7
Argentina,1988,71.1
Argentina,1989,71.5
Argentina,1990,71.61
Argentina,1991,72.02
Argentina,1992,72.1
Argentina,1993,72.3
Argentina,1994,72.73
Argentina,1995,72.86
Argentina,1996,73.06
Argentina,1997,73.41
Argentina,1998,73.41
Argentina,1999,73.68
Argentina,2000,73.91
Argentina,2001,74.15
Argentina,2002,74.31
Argentina,2003,74.31
Argentina,2004,74.87
Argentina,2005,75.23
Argentina,2006,75.28
Argentina,2007,74.78
Argentina,2008,75.43
Argentina,2009,75.58
Argentina,2010,75.68
Argentina,2011,76.1
Argentina,2012,75.8
Argentina,2013,75.83
Argentina,2014,76.27
Argentina,2015,76.6
Argentina,2016,76.1
Argentina,2017,76.54
Argentina,2018,76.77
Argentina,2019,76.85
Argentina,2020,75.88
Argentina,2021,73.95
Argentina,2022,75.81
Argentina,2023,77.39
Armenia,1950,54.55
Armenia,1951,55.04
Armenia,1952,55.51
Armenia,1953,55.98
Armenia,1954,56.44
Armenia,1955,56.9
Armenia,1956,57.35
Armenia,1957,57.8
Armenia,1958,58.25
Armenia,1959,58.69
Armenia,1960,59.13
Armenia,1961,59.57
Armenia,1962,60.0
Armenia,1963,60.41
Armenia,1964,60.81
Armenia,1965,61.19
Armenia,1966,61.55
Armenia,1967,61.89
Armenia,1968,62.2
Armenia,1969,62.49
Armenia,1970,62.76
Armenia,1971,63.01
Armenia,1972,63.24
Armenia,1973,63.46
Armenia,1974,63.68
Armenia,1975,63.91
Armenia,1976,64.14
Armenia,1977,64.42
Armenia,1978,64.72
Armenia,1979,65.04
Armenia,1980,65.36
Armenia,1981,65.71
Armenia,1982,66.08
Armenia,1983,66.45
Armenia,1984,66.81
Armenia,1985,67.13
Armenia,1986,67.39
Armenia,1987,67.57
Armenia,1988,52.71
Armenia,1989,67.72
Armenia,1990,67.73
Armenia,1991,67.8
Armenia,1992,67.88
Armenia,1993,68.14
Armenia,1994,68.45
Armenia,1995,68.81
Armenia,1996,69.2
Armenia,1997,69.59
Armenia,1998,70.01
Armenia,1999,70.42
Armenia,2000,70.81
Armenia,2001,71.17
Armenia,2002,71.49
Armenia,2003,71.73
Armenia,2004,71.93
Armenia,2005,72.08
Armenia,2006,72.22
Armenia,2007,72.36
Armenia,2008,72.52
Armenia,2009,72.71
Armenia,2010,72.94
Armenia,2011,73.19
Armenia,2012,73.44
Armenia,2013,73.71
Armenia,2014,73.98
Armenia,2015,74.23
Armenia,2016,74.49
Armenia,2017,74.74
Armenia,2018,74.98
Armenia,2019,75.19
Armenia,2020,68.89
Armenia,2021,72.55
Armenia,2022,74.63
Armenia,2023,75.68
Aruba,1950,57.99
Aruba,1951,58.73
Aruba,1952,59.45
Aruba,1953,60.12
Aruba,1954,60.82
Aruba,1955,61.45
Aruba,1956,62.04
Aruba,1957,62.6
Aruba,1958,63.15
Aruba,1959,63.61
Aruba,1960,64.05
Aruba,1961,64.21
Aruba,1962,64.6
Aruba,1963,64.94
Aruba,1964,65.3
Aruba,1965,65.62
Aruba,1966,66.13
Aruba,1967,66.38
Aruba,1968,66.74
Aruba,1969,67.1
Aruba,1970,67.44
Aruba,1971,67.78
Aruba,1972,68.33
Aruba,1973,68.86
Aruba,1974,69.28
Aruba,1975,69.56
Aruba,1976,69.81
Aruba,1977,70.05
Aruba,1978,70.27
Aruba,1979,70.51
Aruba,1980,70.77
Aruba,1981,71.34
Aruba,1982,71.48
Aruba,1983,71.61
Aruba,1984,71.71
Aruba,1985,71.79
Aruba,1986,71.83
Aruba,1987,72.45
Aruba,1988,72.52
Aruba,1989,72.53
Aruba,1990,72.55
Aruba,1991,72.59
Aruba,1992,72.72
Aruba,1993,72.78
Aruba,1994,72.8
Aruba,1995,72.83
Aruba,1996,72.86
Aruba,1997,72.9
Aruba,1998,72.94
Aruba,1999,72.86
Aruba,2000,72.94
Aruba,2001,73.04
Aruba,2002,73.14
Aruba,2003,73.24
Aruba,2004,73.22
Aruba,2005,73.42
Aruba,2006,73.5
Aruba,2007,73.64
Aruba,2008,73.78
Aruba,2009,73.97
Aruba,2010,74.3
Aruba,2011,74.58
Aruba,2012,74.84
Aruba,2013,75.07
Aruba,2014,75.26
Aruba,2015,75.41
Aruba,2016,75.54
Aruba,2017,75.62
Aruba,2018,75.88
Aruba,2019,76.02
Aruba,2020,75.41
Aruba,2021,73.66
Aruba,2022,76.23
Aruba,2023,76.35
Asia,1950,41.96
Asia,1951,42.96
Asia,1952,44.24
Asia,1953,44.87
Asia,1954,45.84
Asia,1955,46.43
Asia,1956,46.94
Asia,1957,47.44
Asia,1958,47.91
Asia,1959,44.55
Asia,1960,41.79
Asia,1961,45.22
Asia,1962,49.71
Asia,1963,50.41
Asia,1964,51.05
Asia,1965,50.65
Asia,1966,51.51
Asia,1967,52.23
Asia,1968,53.12
Asia,1969,53.75
Asia,1970,54.04
Asia,1971,53.44
Asia,1972,55.32
Asia,1973,55.93
Asia,1974,56.38
Asia,1975,56.61
Asia,1976,56.92
Asia,1977,57.62
Asia,1978,58.11
Asia,1979,59.0
Asia,1980,59.46
Asia,1981,59.96
Asia,1982,60.47
Asia,1983,60.94
Asia,1984,61.41
Asia,1985,61.86
Asia,1986,62.38
Asia,1987,62.85
Asia,1988,63.21
Asia,1989,63.66
Asia,1990,63.96
Asia,1991,64.23
Asia,1992,64.71
Asia,1993,65.08
Asia,1994,65.39
Asia,1995,65.7
Asia,1996,66.1
Asia,1997,66.46
Asia,1998,66.82
Asia,1999,67.17
Asia,2000,67.61
Asia,2001,67.99
Asia,2002,68.4
Asia,2003,68.8
Asia,2004,69.03
Asia,2005,69.5
Asia,2006,69.91
Asia,2007,70.3
Asia,2008,70.5
Asia,2009,71.01
Asia,2010,71.38
Asia,2011,71.68
Asia,2012,72.04
Asia,2013,72.36
Asia,2014,72.71
Asia,2015,72.97
Asia,2016,73.27
Asia,2017,73.49
Asia,2018,73.79
Asia,2019,74.05
Asia,2020,73.61
Asia,2021,72.37
Asia,2022,74.43
Asia,2023,74.57
Australia,1950,69.0
Australia,1951,68.7
Australia,1952,69.11
Australia,1953,69.69
Australia,1954,69.86
Australia,1955,70.16
Australia,1956,70.04
Australia,1957,70.32
Australia,1958,70.86
Australia,1959,70.44
Australia,1960,70.87
Australia,1961,71.13
Australia,1962,70.91
Australia,1963,70.96
Australia,1964,70.57
Australia,1965,70.8
Australia,1966,70.68
Australia,1967,71.05
Australia,1968,70.68
Australia,1969,71.07
Australia,1970,70.65
Australia,1971,71.45
Australia,1972,71.77
Australia,1973,72.06
Australia,1974,71.85
Australia,1975,72.78
Australia,1976,72.79
Australia,1977,73.47
Australia,1978,73.74
Australia,1979,74.33
Australia,1980,74.57
Australia,1981,74.78
Australia,1982,74.72
Australia,1983,75.44
Australia,1984,75.51
Australia,1985,75.43
Australia,1986,76.07
Australia,1987,76.08
Australia,1988,76.34
Australia,1989,76.2
Australia,1990,77.04
Australia,1991,77.48
Australia,1992,77.47
Australia,1993,78.01
Australia,1994,77.85
Australia,1995,78.26
Australia,1996,78.34
Australia,1997,78.63
Australia,1998,79.02
Australia,1999,79.28
Australia,2000,79.62
Australia,2001,80.01
Australia,2002,80.05
Australia,2003,80.44
Australia,2004,80.73
Australia,2005,81.09
Australia,2006,81.26
Australia,2007,81.23
Australia,2008,81.43
Australia,2009,81.73
Australia,2010,82.01
Australia,2011,82.09
Australia,2012,82.3
Australia,2013,82.55
Australia,2014,82.52
Australia,2015,82.6
Australia,2016,82.8
Australia,2017,82.72
Australia,2018,83.26
Australia,2019,83.24
Australia,2020,83.66
Australia,2021,83.56
Australia,2022,82.77
Australia,2023,83.92
Austria,1950,64.81
Austria,1951,65.22
Austria,1952,66.75
Austria,1953,67.25
Austria,1954,67.29
Austria,1955,67.55
Austria,1956,67.68
Austria,1957,67.44
Austria,1958,68.46
Austria,1959,68.39
Austria,1960,68.75
Austria,1961,69.71
Austria,1962,69.5
Austria,1963,69.65
Austria,1964,70.12
Austria,1965,69.93
Austria,1966,70.22
Austria,1967,70.12
Austria,1968,70.27
Austria,1969,70.04
Austria,1970,70.09
Austria,1971,70.29
Austria,1972,70.62
Austria,1973,71.2
Austria,1974,71.17
Austria,1975,71.33
Austria,1976,71.79
Austria,1977,72.14
Austria,1978,72.2
Austria,1979,72.54
Austria,1980,72.67
Austria,1981,72.99
Austria,1982,73.14
Austria,1983,73.22
Austria,1984,73.77
Austria,1985,73.99
Austria,1986,74.46
Austria,1987,74.9
Austria,1988,75.37
Austria,1989,75.46
Austria,1990,75.74
Austria,1991,75.79
Austria,1992,75.99
Austria,1993,76.22
Austria,1994,76.54
Austria,1995,76.78
Austria,1996,77.03
Austria,1997,77.43
Austria,1998,77.78
Austria,1999,77.96
Austria,2000,78.24
Austria,2001,78.72
Austria,2002,78.85
Austria,2003,78.85
Austria,2004,79.36
Austria,2005,79.52
Austria,2006,79.96
Austria,2007,80.17
Austria,2008,80.36
Austria,2009,80.21
Austria,2010,80.46
Austria,2011,80.83
Austria,2012,80.84
Austria,2013,81.08
Austria,2014,81.39
Austria,2015,81.16
Austria,2016,81.59
Austria,2017,81.64
Austria,2018,81.69
Austria,2019,81.91
Austria,2020,81.8
Austria,2021,81.82
Austria,2022,81.3
Austria,2023,81.96
Azerbaijan,1950,46.29
Azerbaijan,1951,46.64
Azerbaijan,1952,47.01
Azerbaijan,1953,47.44
Azerbaijan,1954,47.84
Azerbaijan,1955,48.35
Azerbaijan,1956,48.8
Azerbaijan,1957,49.2
Azerbaijan,1958,49.69
Azerbaijan,1959,50.26
Azerbaijan,1960,50.86
Azerbaijan,1961,51.44
Azerbaijan,1962,52.05
Azerbaijan,1963,52.7
Azerbaijan,1964,53.29
Azerbaijan,1965,53.88
Azerbaijan,1966,54.48
Azerbaijan,1967,55.03
Azerbaijan,1968,55.56
Azerbaijan,1969,56.08
Azerbaijan,1970,56.59
Azerbaijan,1971,57.04
Azerbaijan,1972,57.5
Azerbaijan,1973,57.93
Azerbaijan,1974,58.33
Azerbaijan,1975,58.69
Azerbaijan,1976,59.48
Azerbaijan,1977,59.97
Azerbaijan,1978,60.49
Azerbaijan,1979,60.93
Azerbaijan,1980,61.43
Azerbaijan,1981,61.91
Azerbaijan,1982,62.23
Azerbaijan,1983,62.48
Azerbaijan,1984,62.08
Azerbaijan,1985,62.67
Azerbaijan,1986,62.6
Azerbaijan,1987,62.82
Azerbaijan,1988,62.67
Azerbaijan,1989,62.94
Azerbaijan,1990,62.75
Azerbaijan,1991,62.54
Azerbaijan,1992,60.77
Azerbaijan,1993,61.43
Azerbaijan,1994,60.28
Azerbaijan,1995,61.93
Azerbaijan,1996,62.66
Azerbaijan,1997,62.95
Azerbaijan,1998,63.75
Azerbaijan,1999,64.73
Azerbaijan,2000,65.38
Azerbaijan,2001,66.04
Azerbaijan,2002,66.77
Azerbaijan,2003,67.04
Azerbaijan,2004,67.49
Azerbaijan,2005,67.71
Azerbaijan,2006,68.49
Azerbaijan,2007,68.66
Azerbaijan,2008,69.36
Azerbaijan,2009,69.87
Azerbaijan,2010,70.31
Azerbaijan,2011,70.57
Azerbaijan,2012,71.08
Azerbaijan,2013,71.48
Azerbaijan,2014,71.93
Azerbaijan,2015,72.35
Azerbaijan,2016,72.57
Azerbaijan,2017,72.69
Azerbaijan,2018,73.02
Azerbaijan,2019,73.29
Azerbaijan,2020,70.31
Azerbaijan,2021,71.0
Azerbaijan,2022,74.12
Azerbaijan,2023,74.43
Bahamas,1950,58.89
Bahamas,1951,59.2
Bahamas,1952,59.58
Bahamas,1953,59.95
Bahamas,1954,60.31
Bahamas,1955,60.65
Bahamas,1956,61.01
Bahamas,1957,61.37
Bahamas,1958,61.74
Bahamas,1959,62.08
Bahamas,1960,62.45
Bahamas,1961,62.81
Bahamas,1962,63.19
Bahamas,1963,63.53
Bahamas,1964,63.9
Bahamas,1965,64.27
Bahamas,1966,64.59
Bahamas,1967,65.03
Bahamas,1968,65.4
Bahamas,1969,65.77
Bahamas,1970,66.16
Bahamas,1971,66.53
Bahamas,1972,66.78
Bahamas,1973,67.15
Bahamas,1974,67.58
Bahamas,1975,68.14
Bahamas,1976,68.53
Bahamas,1977,68.76
Bahamas,1978,68.87
Bahamas,1979,68.96
Bahamas,1980,69.09
Bahamas,1981,69.37
Bahamas,1982,69.68
Bahamas,1983,70.0
Bahamas,1984,70.19
Bahamas,1985,70.29
Bahamas,1986,70.32
Bahamas,1987,70.38
Bahamas,1988,70.51
Bahamas,1989,70.72
Bahamas,1990,70.94
Bahamas,1991,71.18
Bahamas,1992,71.3
Bahamas,1993,71.42
Bahamas,1994,71.43
Bahamas,1995,71.42
Bahamas,1996,71.46
Bahamas,1997,71.6
Bahamas,1998,71.84
Bahamas,1999,72.15
Bahamas,2000,72.48
Bahamas,2001,72.77
Bahamas,2002,73.02
Bahamas,2003,73.21
Bahamas,2004,73.24
Bahamas,2005,73.41
Bahamas,2006,73.46
Bahamas,2007,73.46
Bahamas,2008,73.45
Bahamas,2009,73.46
Bahamas,2010,73.45
Bahamas,2011,73.57
Bahamas,2012,73.71
Bahamas,2013,73.93
Bahamas,2014,74.03
Bahamas,2015,73.8
Bahamas,2016,74.04
Bahamas,2017,74.03
Bahamas,2018,74.06
Bahamas,2019,71.41
Bahamas,2020,72.99
Bahamas,2021,70.75
Bahamas,2022,74.49
Bahamas,2023,74.55
Bahrain,1950,38.6
Bahrain,1951,39.27
Bahrain,1952,39.93
Bahrain,1953,40.71
Bahrain,1954,41.65
Bahrain,1955,42.77
Bahrain,1956,44.13
Bahrain,1957,45.65
Bahrain,1958,47.28
Bahrain,1959,48.95
Bahrain,1960,50.63
Bahrain,1961,52.28
Bahrain,1962,53.89
Bahrain,1963,55.45
Bahrain,1964,56.95
Bahrain,1965,58.38
Bahrain,1966,59.74
Bahrain,1967,61.04
Bahrain,1968,62.25
Bahrain,1969,63.35
Bahrain,1970,64.36
Bahrain,1971,65.28
Bahrain,1972,66.09
Bahrain,1973,66.92
Bahrain,1974,67.63
Bahrain,1975,68.28
Bahrain,1976,68.86
Bahrain,1977,69.38
Bahrain,1978,69.85
Bahrain,1979,70.3
Bahrain,1980,70.68
Bahrain,1981,71.04
Bahrain,1982,71.35
Bahrain,1983,71.64
Bahrain,1984,71.88
Bahrain,1985,72.09
Bahrain,1986,72.26
Bahrain,1987,72.38
Bahrain,1988,72.46
Bahrain,1989,72.52
Bahrain,1990,72.59
Bahrain,1991,72.67
Bahrain,1992,72.78
Bahrain,1993,72.94
Bahrain,1994,73.13
Bahrain,1995,73.36
Bahrain,1996,73.61
Bahrain,1997,73.87
Bahrain,1998,74.14
Bahrain,1999,74.41
Bahrain,2000,74.67
Bahrain,2001,74.94
Bahrain,2002,75.21
Bahrain,2003,75.49
Bahrain,2004,75.79
Bahrain,2005,76.12
Bahrain,2006,76.51
Bahrain,2007,76.95
Bahrain,2008,77.46
Bahrain,2009,78.02
Bahrain,2010,78.59
Bahrain,2011,79.14
Bahrain,2012,79.62
Bahrain,2013,80.0
Bahrain,2014,80.21
Bahrain,2015,80.34
Bahrain,2016,80.41
Bahrain,2017,80.41
Bahrain,2018,80.41
Bahrain,2019,80.47
Bahrain,2020,78.68
Bahrain,2021,78.08
Bahrain,2022,80.99
Bahrain,2023,81.28
Bangladesh,1950,37.41
Bangladesh,1951,38.14
Bangladesh,1952,38.84
Bangladesh,1953,39.44
Bangladesh,1954,40.37
Bangladesh,1955,41.07
Bangladesh,1956,41.6
Bangladesh,1957,42.57
Bangladesh,1958,43.08
Bangladesh,1959,43.72
Bangladesh,1960,43.98
Bangladesh,1961,44.89
Bangladesh,1962,45.77
Bangladesh,1963,45.72
Bangladesh,1964,46.75
Bangladesh,1965,46.05
Bangladesh,1966,47.64
Bangladesh,1967,48.07
Bangladesh,1968,48.4
Bangladesh,1969,48.69
Bangladesh,1970,42.67
Bangladesh,1971,26.52
Bangladesh,1972,49.65
Bangladesh,1973,49.91
Bangladesh,1974,49.59
Bangladesh,1975,50.63
Bangladesh,1976,50.95
Bangladesh,1977,51.27
Bangladesh,1978,51.6
Bangladesh,1979,51.96
Bangladesh,1980,52.28
Bangladesh,1981,52.64
Bangladesh,1982,53.01
Bangladesh,1983,53.44
Bangladesh,1984,53.83
Bangladesh,1985,53.94
Bangladesh,1986,54.59
Bangladesh,1987,54.9
Bangladesh,1988,55.17
Bangladesh,1989,55.51
Bangladesh,1990,55.82
Bangladesh,1991,53.78
Bangladesh,1992,56.59
Bangladesh,1993,57.07
Bangladesh,1994,57.64
Bangladesh,1995,58.24
Bangladesh,1996,58.94
Bangladesh,1997,59.67
Bangladesh,1998,60.43
Bangladesh,1999,61.24
Bangladesh,2000,62.05
Bangladesh,2001,62.84
Bangladesh,2002,63.59
Bangladesh,2003,64.29
Bangladesh,2004,64.91
Bangladesh,2005,65.51
Bangladesh,2006,66.05
Bangladesh,2007,66.46
Bangladesh,2008,67.05
Bangladesh,2009,67.53
Bangladesh,2010,68.01
Bangladesh,2011,68.5
Bangladesh,2012,68.99
Bangladesh,2013,69.49
Bangladesh,2014,70.02
Bangladesh,2015,70.54
Bangladesh,2016,71.08
Bangladesh,2017,71.61
Bangladesh,2018,72.12
Bangladesh,2019,72.63
Bangladesh,2020,71.42
Bangladesh,2021,71.1
Bangladesh,2022,74.26
Bangladesh,2023,74.67
Barbados,1950,53.59
Barbados,1951,54.71
Barbados,1952,55.93
Barbados,1953,56.97
Barbados,1954,58.32
Barbados,1955,59.0
Barbados,1956,60.54
Barbados,1957,61.66
Barbados,1958,62.45
Barbados,1959,63.31
Barbados,1960,64.15
Barbados,1961,65.03
Barbados,1962,65.72
Barbados,1963,66.2
Barbados,1964,66.68
Barbados,1965,67.24
Barbados,1966,67.71
Barbados,1967,67.92
Barbados,1968,68.2
Barbados,1969,68.5
Barbados,1970,68.52
Barbados,1971,68.79
Barbados,1972,69.13
Barbados,1973,69.11
Barbados,1974,69.38
Barbados,1975,69.79
Barbados,1976,70.11
Barbados,1977,70.64
Barbados,1978,71.14
Barbados,1979,71.55
Barbados,1980,72.13
Barbados,1981,72.63
Barbados,1982,72.9
Barbados,1983,73.16
Barbados,1984,73.3
Barbados,1985,73.32
Barbados,1986,73.42
Barbados,1987,73.46
Barbados,1988,73.43
Barbados,1989,73.37
Barbados,1990,73.46
Barbados,1991,73.54
Barbados,1992,73.61
Barbados,1993,73.74
Barbados,1994,73.76
Barbados,1995,73.88
Barbados,1996,74.06
Barbados,1997,73.99
Barbados,1998,74.47
Barbados,1999,74.59
Barbados,2000,74.58
Barbados,2001,74.71
Barbados,2002,74.82
Barbados,2003,74.87
Barbados,2004,75.15
Barbados,2005,74.96
Barbados,2006,75.05
Barbados,2007,75.26
Barbados,2008,75.3
Barbados,2009,75.46
Barbados,2010,75.49
Barbados,2011,75.6
Barbados,2012,75.74
Barbados,2013,75.82
Barbados,2014,75.93
Barbados,2015,76.05
Barbados,2016,76.17
Barbados,2017,76.24
Barbados,2018,76.38
Barbados,2019,76.5
Barbados,2020,76.65
Barbados,2021,76.58
Barbados,2022,75.68
Barbados,2023,76.18
Belarus,1950,58.64
Belarus,1951,59.39
Belarus,1952,60.45
Belarus,1953,61.49
Belarus,1954,62.51
Belarus,1955,63.51
Belarus,1956,64.5
Belarus,1957,65.44
Belarus,1958,66.63
Belarus,1959,67.99
Belarus,1960,69.32
Belarus,1961,70.02
Belarus,1962,70.46
Belarus,1963,70.8
Belarus,1964,71.3
Belarus,1965,71.63
Belarus,1966,71.8
Belarus,1967,71.87
Belarus,1968,71.87
Belarus,1969,71.71
Belarus,1970,71.68
Belarus,1971,71.59
Belarus,1972,71.76
Belarus,1973,71.74
Belarus,1974,71.66
Belarus,1975,71.42
Belarus,1976,71.22
Belarus,1977,71.08
Belarus,1978,70.95
Belarus,1979,70.81
Belarus,1980,70.75
Belarus,1981,70.75
Belarus,1982,70.78
Belarus,1983,70.71
Belarus,1984,70.79
Belarus,1985,71.19
Belarus,1986,71.67
Belarus,1987,71.95
Belarus,1988,71.75
Belarus,1989,71.5
Belarus,1990,71.14
Belarus,1991,70.72
Belarus,1992,70.12
Belarus,1993,69.52
Belarus,1994,68.97
Belarus,1995,68.75
Belarus,1996,68.57
Belarus,1997,68.5
Belarus,1998,68.27
Belarus,1999,68.42
Belarus,2000,68.46
Belarus,2001,68.44
Belarus,2002,68.3
Belarus,2003,68.43
Belarus,2004,68.69
Belarus,2005,68.98
Belarus,2006,69.44
Belarus,2007,69.99
Belarus,2008,70.35
Belarus,2009,70.41
Belarus,2010,70.5
Belarus,2011,71.07
Belarus,2012,71.8
Belarus,2013,72.68
Belarus,2014,73.24
Belarus,2015,73.76
Belarus,2016,74.15
Belarus,2017,74.36
Belarus,2018,74.33
Belarus,2019,74.26
Belarus,2020,72.27
Belarus,2021,72.22
Belarus,2022,74.36
Belarus,2023,74.43
Belgium,1950,66.31
Belgium,1951,66.75
Belgium,1952,67.97
Belgium,1953,68.36
Belgium,1954,68.59
Belgium,1955,68.55
Belgium,1956,68.84
Belgium,1957,69.2
Belgium,1958,69.91
Belgium,1959,70.31
Belgium,1960,69.62
Belgium,1961,70.5
Belgium,1962,70.23
Belgium,1963,70.04
Belgium,1964,70.71
Belgium,1965,70.56
Belgium,1966,70.63
Belgium,1967,70.91
Belgium,1968,70.61
Belgium,1969,70.67
Belgium,1970,70.94
Belgium,1971,71.09
Belgium,1972,71.41
Belgium,1973,71.64
Belgium,1974,71.97
Belgium,1975,71.96
Belgium,1976,72.1
Belgium,1977,72.76
Belgium,1978,72.71
Belgium,1979,73.2
Belgium,1980,73.24
Belgium,1981,73.65
Belgium,1982,73.88
Belgium,1983,73.88
Belgium,1984,74.37
Belgium,1985,74.47
Belgium,1986,74.67
Belgium,1987,75.29
Belgium,1988,75.59
Belgium,1989,75.65
Belgium,1990,76.06
Belgium,1991,76.2
Belgium,1992,76.36
Belgium,1993,76.36
Belgium,1994,76.72
Belgium,1995,76.84
Belgium,1996,77.18
Belgium,1997,77.4
Belgium,1998,77.48
Belgium,1999,77.65
Belgium,2000,77.77
Belgium,2001,78.08
Belgium,2002,78.17
Belgium,2003,78.32
Belgium,2004,78.96
Belgium,2005,79.05
Belgium,2006,79.39
Belgium,2007,79.53
Belgium,2008,79.58
Belgium,2009,79.85
Belgium,2010,80.04
Belgium,2011,80.37
Belgium,2012,80.26
Belgium,2013,80.47
Belgium,2014,81.08
Belgium,2015,80.89
Belgium,2016,81.26
Belgium,2017,81.36
Belgium,2018,81.48
Belgium,2019,81.84
Belgium,2020,80.8
Belgium,2021,81.66
Belgium,2022,81.16
Belgium,2023,82.12
Belize,1950,49.2
Belize,1951,49.93
Belize,1952,50.66
Belize,1953,51.38
Belize,1954,52.18
Belize,1955,52.67
Belize,1956,53.87
Belize,1957,54.78
Belize,1958,55.7
Belize,1959,56.58
Belize,1960,57.39
Belize,1961,52.94
Belize,1962,58.74
Belize,1963,59.32
Belize,1964,59.84
Belize,1965,60.36
Belize,1966,60.86
Belize,1967,61.44
Belize,1968,61.96
Belize,1969,62.5
Belize,1970,63.04
Belize,1971,63.55
Belize,1972,64.03
Belize,1973,64.49
Belize,1974,64.94
Belize,1975,65.38
Belize,1976,65.76
Belize,1977,66.13
Belize,1978,66.34
Belize,1979,66.68
Belize,1980,66.88
Belize,1981,67.1
Belize,1982,67.34
Belize,1983,67.6
Belize,1984,67.95
Belize,1985,68.35
Belize,1986,68.74
Belize,1987,69.11
Belize,1988,69.4
Belize,1989,69.53
Belize,1990,69.57
Belize,1991,69.64
Belize,1992,69.6
Belize,1993,69.59
Belize,1994,69.58
Belize,1995,69.48
Belize,1996,69.36
Belize,1997,69.18
Belize,1998,68.91
Belize,1999,68.98
Belize,2000,68.91
Belize,2001,68.94
Belize,2002,69.53
Belize,2003,69.82
Belize,2004,70.15
Belize,2005,70.33
Belize,2006,70.54
Belize,2007,70.65
Belize,2008,70.67
Belize,2009,70.81
Belize,2010,70.88
Belize,2011,70.98
Belize,2012,71.13
Belize,2013,71.28
Belize,2014,71.44
Belize,2015,71.65
Belize,2016,71.84
Belize,2017,72.06
Belize,2018,72.32
Belize,2019,72.58
Belize,2020,71.58
Belize,2021,70.92
Belize,2022,72.19
Belize,2023,73.57
Benin,1950,35.4
Benin,1951,35.7
Benin,1952,35.99
Benin,1953,36.32
Benin,1954,36.67
Benin,1955,36.96
Benin,1956,37.28
Benin,1957,37.64
Benin,1958,38.01
Benin,1959,38.39
Benin,1960,38.77
Benin,1961,39.23
Benin,1962,39.64
Benin,1963,40.08
Benin,1964,40.5
Benin,1965,40.97
Benin,1966,41.27
Benin,1967,41.76
Benin,1968,42.18
Benin,1969,42.59
Benin,1970,43.03
Benin,1971,43.39
Benin,1972,43.93
Benin,1973,44.44
Benin,1974,44.88
Benin,1975,45.41
Benin,1976,45.95
Benin,1977,46.5
Benin,1978,46.94
Benin,1979,47.36
Benin,1980,47.75
Benin,1981,48.12
Benin,1982,48.49
Benin,1983,48.84
Benin,1984,49.4
Benin,1985,49.96
Benin,1986,50.63
Benin,1987,51.26
Benin,1988,52.02
Benin,1989,52.45
Benin,1990,53.02
Benin,1991,53.44
Benin,1992,54.14
Benin,1993,54.61
Benin,1994,54.99
Benin,1995,55.37
Benin,1996,55.65
Benin,1997,55.99
Benin,1998,56.15
Benin,1999,56.34
Benin,2000,56.59
Benin,2001,56.65
Benin,2002,56.85
Benin,2003,57.09
Benin,2004,57.35
Benin,2005,57.74
Benin,2006,57.97
Benin,2007,58.25
Benin,2008,58.1
Benin,2009,58.26
Benin,2010,58.39
Benin,2011,58.46
Benin,2012,58.56
Benin,2013,58.86
Benin,2014,59.01
Benin,2015,59.12
Benin,2016,59.28
Benin,2017,59.53
Benin,2018,59.71
Benin,2019,59.89
Benin,2020,60.15
Benin,2021,59.61
Benin,2022,60.48
Benin,2023,60.77
Bermuda,1950,60.36
Bermuda,1951,60.61
Bermuda,1952,61.07
Bermuda,1953,61.82
Bermuda,1954,62.48
Bermuda,1955,63.06
Bermuda,1956,64.24
Bermuda,1957,64.78
Bermuda,1958,65.21
Bermuda,1959,65.69
Bermuda,1960,66.48
Bermuda,1961,67.53
Bermuda,1962,67.88
Bermuda,1963,67.69
Bermuda,1964,67.5
Bermuda,1965,67.58
Bermuda,1966,67.72
Bermuda,1967,67.79
Bermuda,1968,67.9
Bermuda,1969,68.09
Bermuda,1970,68.4
Bermuda,1971,68.98
Bermuda,1972,69.64
Bermuda,1973,70.37
Bermuda,1974,70.86
Bermuda,1975,71.17
Bermuda,1976,71.33
Bermuda,1977,71.62
Bermuda,1978,71.97
Bermuda,1979,72.4
Bermuda,1980,72.67
Bermuda,1981,72.89
Bermuda,1982,73.04
Bermuda,1983,73.24
Bermuda,1984,73.36
Bermuda,1985,73.37
Bermuda,1986,73.37
Bermuda,1987,73.45
Bermuda,1988,73.56
Bermuda,1989,73.73
Bermuda,1990,73.95
Bermuda,1991,74.2
Bermuda,1992,74.45
Bermuda,1993,74.77
Bermuda,1994,75.28
Bermuda,1995,75.92
Bermuda,1996,76.52
Bermuda,1997,76.97
Bermuda,1998,77.39
Bermuda,1999,77.85
Bermuda,2000,78.25
Bermuda,2001,78.64
Bermuda,2002,78.84
Bermuda,2003,78.71
Bermuda,2004,78.9
Bermuda,2005,78.87
Bermuda,2006,78.87
Bermuda,2007,79.01
Bermuda,2008,79.1
Bermuda,2009,79.23
Bermuda,2010,79.41
Bermuda,2011,79.65
Bermuda,2012,79.85
Bermuda,2013,80.02
Bermuda,2014,80.2
Bermuda,2015,80.34
Bermuda,2016,80.48
Bermuda,2017,80.69
Bermuda,2018,80.99
Bermuda,2019,81.25
Bermuda,2020,81.46
Bermuda,2021,81.75
Bermuda,2022,82.06
Bermuda,2023,82.31
Bhutan,1950,35.31
Bhutan,1951,35.33
Bhutan,1952,35.35
Bhutan,1953,35.39
Bhutan,1954,35.44
Bhutan,1955,35.51
Bhutan,1956,35.62
Bhutan,1957,35.75
Bhutan,1958,35.91
Bhutan,1959,36.12
Bhutan,1960,36.37
Bhutan,1961,36.65
Bhutan,1962,36.99
Bhutan,1963,37.37
Bhutan,1964,37.8
Bhutan,1965,38.26
Bhutan,1966,38.79
Bhutan,1967,39.36
Bhutan,1968,39.96
Bhutan,1969,40.57
Bhutan,1970,41.19
Bhutan,1971,41.83
Bhutan,1972,42.49
Bhutan,1973,43.14
Bhutan,1974,43.8
Bhutan,1975,44.51
Bhutan,1976,45.23
Bhutan,1977,45.95
Bhutan,1978,46.69
Bhutan,1979,47.45
Bhutan,1980,48.2
Bhutan,1981,48.97
Bhutan,1982,49.78
Bhutan,1983,50.55
Bhutan,1984,51.31
Bhutan,1985,52.03
Bhutan,1986,52.83
Bhutan,1987,53.62
Bhutan,1988,54.38
Bhutan,1989,55.12
Bhutan,1990,55.81
Bhutan,1991,56.45
Bhutan,1992,57.21
Bhutan,1993,57.91
Bhutan,1994,58.4
Bhutan,1995,59.28
Bhutan,1996,59.98
Bhutan,1997,60.64
Bhutan,1998,61.32
Bhutan,1999,62.03
Bhutan,2000,61.84
Bhutan,2001,63.32
Bhutan,2002,63.98
Bhutan,2003,64.66
Bhutan,2004,65.29
Bhutan,2005,65.87
Bhutan,2006,66.5
Bhutan,2007,67.15
Bhutan,2008,67.73
Bhutan,2009,68.16
Bhutan,2010,68.76
Bhutan,2011,69.28
Bhutan,2012,69.76
Bhutan,2013,70.16
Bhutan,2014,70.5
Bhutan,2015,70.8
Bhutan,2016,71.12
Bhutan,2017,71.41
Bhutan,2018,71.71
Bhutan,2019,72.0
Bhutan,2020,72.25
Bhutan,2021,72.45
Bhutan,2022,72.75
Bhutan,2023,72.98
Bolivia,1950,40.7
Bolivia,1951,40.93
Bolivia,1952,41.04
Bolivia,1953,41.42
Bolivia,1954,41.69
Bolivia,1955,41.93
Bolivia,1956,42.2
Bolivia,1957,42.43
Bolivia,1958,42.72
Bolivia,1959,43.01
Bolivia,1960,43.34
Bolivia,1961,43.63
Bolivia,1962,44.0
Bolivia,1963,44.33
Bolivia,1964,44.67
Bolivia,1965,45.09
Bolivia,1966,45.48
Bolivia,1967,45.9
Bolivia,1968,46.34
Bolivia,1969,46.71
Bolivia,1970,47.1
Bolivia,1971,47.48
Bolivia,1972,47.83
Bolivia,1973,48.28
Bolivia,1974,48.75
Bolivia,1975,49.34
Bolivia,1976,49.97
Bolivia,1977,50.39
Bolivia,1978,50.84
Bolivia,1979,51.35
Bolivia,1980,51.83
Bolivia,1981,52.26
Bolivia,1982,52.51
Bolivia,1983,52.86
Bolivia,1984,53.38
Bolivia,1985,53.78
Bolivia,1986,54.25
Bolivia,1987,54.9
Bolivia,1988,55.5
Bolivia,1989,56.15
Bolivia,1990,56.8
Bolivia,1991,57.44
Bolivia,1992,57.92
Bolivia,1993,58.66
Bolivia,1994,59.28
Bolivia,1995,59.79
Bolivia,1996,60.29
Bolivia,1997,60.74
Bolivia,1998,61.23
Bolivia,1999,61.66
Bolivia,2000,62.06
Bolivia,2001,62.54
Bolivia,2002,63.07
Bolivia,2003,63.46
Bolivia,2004,63.82
Bolivia,2005,64.18
Bolivia,2006,64.53
Bolivia,2007,64.94
Bolivia,2008,65.3
Bolivia,2009,65.66
Bolivia,2010,66.0
Bolivia,2011,66.28
Bolivia,2012,66.59
Bolivia,2013,66.78
Bolivia,2014,66.97
Bolivia,2015,67.21
Bolivia,2016,67.39
Bolivia,2017,67.54
Bolivia,2018,67.7
Bolivia,2019,67.82
Bolivia,2020,62.91
Bolivia,2021,61.43
Bolivia,2022,67.43
Bolivia,2023,68.58
Bonaire Sint Eustatius and Saba,1950,61.52
Bonaire Sint Eustatius and Saba,1951,62.74
Bonaire Sint Eustatius and Saba,1952,66.06
Bonaire Sint Eustatius and Saba,1953,65.82
Bonaire Sint Eustatius and Saba,1954,66.53
Bonaire Sint Eustatius and Saba,1955,66.98
Bonaire Sint Eustatius and Saba,1956,66.46
Bonaire Sint Eustatius and Saba,1957,67.82
Bonaire Sint Eustatius and Saba,1958,68.43
Bonaire Sint Eustatius and Saba,1959,68.33
Bonaire Sint Eustatius and Saba,1960,68.52
Bonaire Sint Eustatius and Saba,1961,68.0
Bonaire Sint Eustatius and Saba,1962,68.93
Bonaire Sint Eustatius and Saba,1963,70.81
Bonaire Sint Eustatius and Saba,1964,70.92
Bonaire Sint Eustatius and Saba,1965,69.21
Bonaire Sint Eustatius and Saba,1966,70.11
Bonaire Sint Eustatius and Saba,1967,71.31
Bonaire Sint Eustatius and Saba,1968,69.84
Bonaire Sint Eustatius and Saba,1969,71.64
Bonaire Sint Eustatius and Saba,1970,73.27
Bonaire Sint Eustatius and Saba,1971,73.96
Bonaire Sint Eustatius and Saba,1972,74.12
Bonaire Sint Eustatius and Saba,1973,74.16
Bonaire Sint Eustatius and Saba,1974,74.13
Bonaire Sint Eustatius and Saba,1975,74.29
Bonaire Sint Eustatius and Saba,1976,74.73
Bonaire Sint Eustatius and Saba,1977,74.69
Bonaire Sint Eustatius and Saba,1978,74.18
Bonaire Sint Eustatius and Saba,1979,74.33
Bonaire Sint Eustatius and Saba,1980,72.98
Bonaire Sint Eustatius and Saba,1981,71.98
Bonaire Sint Eustatius and Saba,1982,73.5
Bonaire Sint Eustatius and Saba,1983,74.03
Bonaire Sint Eustatius and Saba,1984,73.96
Bonaire Sint Eustatius and Saba,1985,74.14
Bonaire Sint Eustatius and Saba,1986,74.36
Bonaire Sint Eustatius and Saba,1987,74.0
Bonaire Sint Eustatius and Saba,1988,74.11
Bonaire Sint Eustatius and Saba,1989,74.55
Bonaire Sint Eustatius and Saba,1990,74.28
Bonaire Sint Eustatius and Saba,1991,73.99
Bonaire Sint Eustatius and Saba,1992,73.39
Bonaire Sint Eustatius and Saba,1993,73.68
Bonaire Sint Eustatius and Saba,1994,74.67
Bonaire Sint Eustatius and Saba,1995,75.5
Bonaire Sint Eustatius and Saba,1996,75.61
Bonaire Sint Eustatius and Saba,1997,74.77
Bonaire Sint Eustatius and Saba,1998,75.83
Bonaire Sint Eustatius and Saba,1999,75.76
Bonaire Sint Eustatius and Saba,2000,76.09
Bonaire Sint Eustatius and Saba,2001,75.52
Bonaire Sint Eustatius and Saba,2002,75.88
Bonaire Sint Eustatius and Saba,2003,75.71
Bonaire Sint Eustatius and Saba,2004,75.54
Bonaire Sint Eustatius and Saba,2005,75.87
Bonaire Sint Eustatius and Saba,2006,76.07
Bonaire Sint Eustatius and Saba,2007,76.11
Bonaire Sint Eustatius and Saba,2008,76.55
Bonaire Sint Eustatius and Saba,2009,76.54
Bonaire Sint Eustatius and Saba,2010,76.74
Bonaire Sint Eustatius and Saba,2011,76.37
Bonaire Sint Eustatius and Saba,2012,76.19
Bonaire Sint Eustatius and Saba,2013,76.19
Bonaire Sint Eustatius and Saba,2014,76.95
Bonaire Sint Eustatius and Saba,2015,77.75
Bonaire Sint Eustatius and Saba,2016,77.37
Bonaire Sint Eustatius and Saba,2017,77.6
Bonaire Sint Eustatius and Saba,2018,77.1
Bonaire Sint Eustatius and Saba,2019,77.24
Bonaire Sint Eustatius and Saba,2020,77.21
Bonaire Sint Eustatius and Saba,2021,77.88
Bonaire Sint Eustatius and Saba,2022,78.15
Bonaire Sint Eustatius and Saba,2023,77.44
Bosnia and Herzegovina,1950,47.33
Bosnia and Herzegovina,1951,48.37
Bosnia and Herzegovina,1952,49.44
Bosnia and Herzegovina,1953,51.09
Bosnia and Herzegovina,1954,51.91
Bosnia and Herzegovina,1955,53.04
Bosnia and Herzegovina,1956,53.92
Bosnia and Herzegovina,1957,55.09
Bosnia and Herzegovina,1958,56.16
Bosnia and Herzegovina,1959,57.6
Bosnia and Herzegovina,1960,58.53
Bosnia and Herzegovina,1961,59.28
Bosnia and Herzegovina,1962,60.12
Bosnia and Herzegovina,1963,60.51
Bosnia and Herzegovina,1964,61.51
Bosnia and Herzegovina,1965,62.21
Bosnia and Herzegovina,1966,63.13
Bosnia and Herzegovina,1967,63.73
Bosnia and Herzegovina,1968,64.01
Bosnia and Herzegovina,1969,64.45
Bosnia and Herzegovina,1970,64.84
Bosnia and Herzegovina,1971,65.18
Bosnia and Herzegovina,1972,65.68
Bosnia and Herzegovina,1973,66.59
Bosnia and Herzegovina,1974,67.63
Bosnia and Herzegovina,1975,68.33
Bosnia and Herzegovina,1976,68.57
Bosnia and Herzegovina,1977,68.78
Bosnia and Herzegovina,1978,68.84
Bosnia and Herzegovina,1979,69.08
Bosnia and Herzegovina,1980,69.6
Bosnia and Herzegovina,1981,70.06
Bosnia and Herzegovina,1982,70.08
Bosnia and Herzegovina,1983,70.1
Bosnia and Herzegovina,1984,70.23
Bosnia and Herzegovina,1985,70.58
Bosnia and Herzegovina,1986,70.75
Bosnia and Herzegovina,1987,70.88
Bosnia and Herzegovina,1988,70.97
Bosnia and Herzegovina,1989,71.44
Bosnia and Herzegovina,1990,71.51
Bosnia and Herzegovina,1991,71.81
Bosnia and Herzegovina,1992,51.97
Bosnia and Herzegovina,1993,50.89
Bosnia and Herzegovina,1994,66.6
Bosnia and Herzegovina,1995,70.19
Bosnia and Herzegovina,1996,73.45
Bosnia and Herzegovina,1997,73.9
Bosnia and Herzegovina,1998,74.47
Bosnia and Herzegovina,1999,74.95
Bosnia and Herzegovina,2000,75.29
Bosnia and Herzegovina,2001,75.57
Bosnia and Herzegovina,2002,75.99
Bosnia and Herzegovina,2003,76.45
Bosnia and Herzegovina,2004,76.49
Bosnia and Herzegovina,2005,76.42
Bosnia and Herzegovina,2006,76.03
Bosnia and Herzegovina,2007,76.16
Bosnia and Herzegovina,2008,76.3
Bosnia and Herzegovina,2009,76.7
Bosnia and Herzegovina,2010,76.83
Bosnia and Herzegovina,2011,76.96
Bosnia and Herzegovina,2012,77.04
Bosnia and Herzegovina,2013,77.13
Bosnia and Herzegovina,2014,77.09
Bosnia and Herzegovina,2015,77.07
Bosnia and Herzegovina,2016,77.12
Bosnia and Herzegovina,2017,77.39
Bosnia and Herzegovina,2018,77.94
Bosnia and Herzegovina,2019,77.39
Bosnia and Herzegovina,2020,76.04
Bosnia and Herzegovina,2021,74.57
Bosnia and Herzegovina,2022,76.78
Bosnia and Herzegovina,2023,77.85
Botswana,1950,46.17
Botswana,1951,46.59
Botswana,1952,47.04
Botswana,1953,47.5
Botswana,1954,47.97
Botswana,1955,48.47
Botswana,1956,48.99
Botswana,1957,49.53
Botswana,1958,50.09
Botswana,1959,50.67
Botswana,1960,51.22
Botswana,1961,51.78
Botswana,1962,52.31
Botswana,1963,52.85
Botswana,1964,53.36
Botswana,1965,53.85
Botswana,1966,54.36
Botswana,1967,54.86
Botswana,1968,55.37
Botswana,1969,55.9
Botswana,1970,56.45
Botswana,1971,57.06
Botswana,1972,57.67
Botswana,1973,58.29
Botswana,1974,58.91
Botswana,1975,59.53
Botswana,1976,60.21
Botswana,1977,60.87
Botswana,1978,61.49
Botswana,1979,62.03
Botswana,1980,62.53
Botswana,1981,63.03
Botswana,1982,63.38
Botswana,1983,63.61
Botswana,1984,63.71
Botswana,1985,63.65
Botswana,1986,63.36
Botswana,1987,62.84
Botswana,1988,61.7
Botswana,1989,61.19
Botswana,1990,60.1
Botswana,1991,58.91
Botswana,1992,58.19
Botswana,1993,57.32
Botswana,1994,55.97
Botswana,1995,54.71
Botswana,1996,54.28
Botswana,1997,53.59
Botswana,1998,52.97
Botswana,1999,52.5
Botswana,2000,52.26
Botswana,2001,52.21
Botswana,2002,52.37
Botswana,2003,52.85
Botswana,2004,53.57
Botswana,2005,54.39
Botswana,2006,55.11
Botswana,2007,56.74
Botswana,2008,57.66
Botswana,2009,58.3
Botswana,2010,59.14
Botswana,2011,59.71
Botswana,2012,60.38
Botswana,2013,61.22
Botswana,2014,62.17
Botswana,2015,63.22
Botswana,2016,64.32
Botswana,2017,65.42
Botswana,2018,66.37
Botswana,2019,67.17
Botswana,2020,67.64
Botswana,2021,63.3
Botswana,2022,68.75
Botswana,2023,69.16
Brazil,1950,48.53
Brazil,1951,49.04
Brazil,1952,49.55
Brazil,1953,49.99
Brazil,1954,50.43
Brazil,1955,50.89
Brazil,1956,51.34
Brazil,1957,51.81
Brazil,1958,52.25
Brazil,1959,52.7
Brazil,1960,53.16
Brazil,1961,53.59
Brazil,1962,54.02
Brazil,1963,54.45
Brazil,1964,54.85
Brazil,1965,55.24
Brazil,1966,55.63
Brazil,1967,56.02
Brazil,1968,56.47
Brazil,1969,56.9
Brazil,1970,57.34
Brazil,1971,57.79
Brazil,1972,58.26
Brazil,1973,58.68
Brazil,1974,59.08
Brazil,1975,59.56
Brazil,1976,60.01
Brazil,1977,60.46
Brazil,1978,60.92
Brazil,1979,61.37
Brazil,1980,61.82
Brazil,1981,62.27
Brazil,1982,62.71
Brazil,1983,63.13
Brazil,1984,63.55
Brazil,1985,63.98
Brazil,1986,64.39
Brazil,1987,64.78
Brazil,1988,65.16
Brazil,1989,65.51
Brazil,1990,65.86
Brazil,1991,66.2
Brazil,1992,66.54
Brazil,1993,66.89
Brazil,1994,67.29
Brazil,1995,67.7
Brazil,1996,68.11
Brazil,1997,68.5
Brazil,1998,68.85
Brazil,1999,69.21
Brazil,2000,69.58
Brazil,2001,69.98
Brazil,2002,70.4
Brazil,2003,70.88
Brazil,2004,71.36
Brazil,2005,71.83
Brazil,2006,72.3
Brazil,2007,72.73
Brazil,2008,73.11
Brazil,2009,73.46
Brazil,2010,73.78
Brazil,2011,74.05
Brazil,2012,74.33
Brazil,2013,74.61
Brazil,2014,74.82
Brazil,2015,75.11
Brazil,2016,75.08
Brazil,2017,75.38
Brazil,2018,75.63
Brazil,2019,75.81
Brazil,2020,74.51
Brazil,2021,73.04
Brazil,2022,74.87
Brazil,2023,75.85
British Virgin Islands,1950,53.35
British Virgin Islands,1951,54.26
British Virgin Islands,1952,55.22
British Virgin Islands,1953,56.23
British Virgin Islands,1954,57.37
British Virgin Islands,1955,58.42
British Virgin Islands,1956,59.5
British Virgin Islands,1957,60.52
British Virgin Islands,1958,61.39
British Virgin Islands,1959,62.17
British Virgin Islands,1960,62.71
British Virgin Islands,1961,63.27
British Virgin Islands,1962,63.83
British Virgin Islands,1963,64.31
British Virgin Islands,1964,64.76
British Virgin Islands,1965,65.15
British Virgin Islands,1966,65.5
British Virgin Islands,1967,65.86
British Virgin Islands,1968,66.02
British Virgin Islands,1969,66.24
British Virgin Islands,1970,66.41
British Virgin Islands,1971,66.66
British Virgin Islands,1972,66.9
British Virgin Islands,1973,67.19
British Virgin Islands,1974,67.65
British Virgin Islands,1975,68.07
British Virgin Islands,1976,68.41
British Virgin Islands,1977,68.68
British Virgin Islands,1978,69.03
British Virgin Islands,1979,69.32
British Virgin Islands,1980,69.64
British Virgin Islands,1981,69.91
British Virgin Islands,1982,70.14
British Virgin Islands,1983,70.37
British Virgin Islands,1984,70.71
British Virgin Islands,1985,70.99
British Virgin Islands,1986,71.25
British Virgin Islands,1987,71.49
British Virgin Islands,1988,71.76
British Virgin Islands,1989,72.04
British Virgin Islands,1990,72.39
British Virgin Islands,1991,72.75
British Virgin Islands,1992,73.11
British Virgin Islands,1993,73.43
British Virgin Islands,1994,73.79
British Virgin Islands,1995,74.09
British Virgin Islands,1996,74.34
British Virgin Islands,1997,74.47
British Virgin Islands,1998,74.57
British Virgin Islands,1999,74.65
British Virgin Islands,2000,74.75
British Virgin Islands,2001,74.83
British Virgin Islands,2002,74.97
British Virgin Islands,2003,75.18
British Virgin Islands,2004,75.4
British Virgin Islands,2005,75.57
British Virgin Islands,2006,75.75
British Virgin Islands,2007,75.89
British Virgin Islands,2008,76.07
British Virgin Islands,2009,76.2
British Virgin Islands,2010,76.29
British Virgin Islands,2011,76.36
British Virgin Islands,2012,76.43
British Virgin Islands,2013,76.47
British Virgin Islands,2014,76.53
British Virgin Islands,2015,76.56
British Virgin Islands,2016,76.62
British Virgin Islands,2017,75.67
British Virgin Islands,2018,76.73
British Virgin Islands,2019,76.85
British Virgin Islands,2020,76.89
British Virgin Islands,2021,75.3
British Virgin Islands,2022,77.18
British Virgin Islands,2023,77.28
Brunei,1950,50.56
Brunei,1951,51.54
Brunei,1952,52.44
Brunei,1953,53.32
Brunei,1954,54.17
Brunei,1955,54.98
Brunei,1956,55.74
Brunei,1957,56.51
Brunei,1958,57.26
Brunei,1959,58.02
Brunei,1960,58.72
Brunei,1961,59.39
Brunei,1962,58.82
Brunei,1963,60.63
Brunei,1964,61.27
Brunei,1965,61.72
Brunei,1966,62.4
Brunei,1967,62.91
Brunei,1968,63.47
Brunei,1969,63.96
Brunei,1970,64.49
Brunei,1971,64.97
Brunei,1972,65.45
Brunei,1973,65.95
Brunei,1974,66.44
Brunei,1975,66.95
Brunei,1976,67.41
Brunei,1977,67.83
Brunei,1978,68.26
Brunei,1979,68.64
Brunei,1980,69.01
Brunei,1981,69.34
Brunei,1982,69.67
Brunei,1983,69.99
Brunei,1984,70.24
Brunei,1985,70.5
Brunei,1986,70.76
Brunei,1987,70.98
Brunei,1988,71.18
Brunei,1989,71.41
Brunei,1990,71.63
Brunei,1991,71.86
Brunei,1992,72.09
Brunei,1993,72.33
Brunei,1994,72.57
Brunei,1995,72.84
Brunei,1996,73.08
Brunei,1997,73.33
Brunei,1998,73.58
Brunei,1999,73.81
Brunei,2000,74.02
Brunei,2001,74.21
Brunei,2002,74.37
Brunei,2003,74.51
Brunei,2004,74.6
Brunei,2005,74.68
Brunei,2006,74.75
Brunei,2007,74.79
Brunei,2008,74.81
Brunei,2009,74.81
Brunei,2010,74.82
Brunei,2011,74.84
Brunei,2012,74.84
Brunei,2013,74.85
Brunei,2014,74.86
Brunei,2015,74.88
Brunei,2016,74.91
Brunei,2017,74.94
Brunei,2018,74.99
Brunei,2019,75.05
Brunei,2020,75.11
Brunei,2021,74.87
Brunei,2022,72.92
Brunei,2023,75.33
Bulgaria,1950,61.47
Bulgaria,1951,60.69
Bulgaria,1952,59.57
Bulgaria,1953,64.19
Bulgaria,1954,64.39
Bulgaria,1955,64.83
Bulgaria,1956,65.22
Bulgaria,1957,66.59
Bulgaria,1958,68.71
Bulgaria,1959,66.63
Bulgaria,1960,69.18
Bulgaria,1961,70.23
Bulgaria,1962,69.53
Bulgaria,1963,70.34
Bulgaria,1964,71.14
Bulgaria,1965,71.31
Bulgaria,1966,71.22
Bulgaria,1967,70.41
Bulgaria,1968,71.2
Bulgaria,1969,70.47
Bulgaria,1970,71.25
Bulgaria,1971,70.86
Bulgaria,1972,70.86
Bulgaria,1973,71.3
Bulgaria,1974,71.22
Bulgaria,1975,71.01
Bulgaria,1976,71.36
Bulgaria,1977,70.77
Bulgaria,1978,71.13
Bulgaria,1979,71.22
Bulgaria,1980,71.08
Bulgaria,1981,71.48
Bulgaria,1982,71.08
Bulgaria,1983,71.24
Bulgaria,1984,71.35
Bulgaria,1985,71.05
Bulgaria,1986,71.55
Bulgaria,1987,71.34
Bulgaria,1988,71.42
Bulgaria,1989,71.48
Bulgaria,1990,71.32
Bulgaria,1991,71.19
Bulgaria,1992,71.18
Bulgaria,1993,71.19
Bulgaria,1994,70.86
Bulgaria,1995,70.96
Bulgaria,1996,70.84
Bulgaria,1997,70.31
Bulgaria,1998,70.87
Bulgaria,1999,71.56
Bulgaria,2000,71.57
Bulgaria,2001,71.88
Bulgaria,2002,72.13
Bulgaria,2003,72.37
Bulgaria,2004,72.58
Bulgaria,2005,72.56
Bulgaria,2006,72.69
Bulgaria,2007,73.01
Bulgaria,2008,73.34
Bulgaria,2009,73.68
Bulgaria,2010,73.81
Bulgaria,2011,74.17
Bulgaria,2012,74.34
Bulgaria,2013,74.83
Bulgaria,2014,74.47
Bulgaria,2015,74.62
Bulgaria,2016,74.83
Bulgaria,2017,74.8
Bulgaria,2018,74.93
Bulgaria,2019,75.09
Bulgaria,2020,73.6
Bulgaria,2021,71.41
Bulgaria,2022,74.03
Bulgaria,2023,75.64
Burkina Faso,1950,33.03
Burkina Faso,1951,33.37
Burkina Faso,1952,33.6
Burkina Faso,1953,33.9
Burkina Faso,1954,34.18
Burkina Faso,1955,34.47
Burkina Faso,1956,34.76
Burkina Faso,1957,35.1
Burkina Faso,1958,35.4
Burkina Faso,1959,35.72
Burkina Faso,1960,36.07
Burkina Faso,1961,36.36
Burkina Faso,1962,36.75
Burkina Faso,1963,37.09
Burkina Faso,1964,37.4
Burkina Faso,1965,37.76
Burkina Faso,1966,38.09
Burkina Faso,1967,38.43
Burkina Faso,1968,38.76
Burkina Faso,1969,39.02
Burkina Faso,1970,39.54
Burkina Faso,1971,39.85
Burkina Faso,1972,40.4
Burkina Faso,1973,40.95
Burkina Faso,1974,41.71
Burkina Faso,1975,42.49
Burkina Faso,1976,43.33
Burkina Faso,1977,44.17
Burkina Faso,1978,44.99
Burkina Faso,1979,45.7
Burkina Faso,1980,46.47
Burkina Faso,1981,46.87
Burkina Faso,1982,47.63
Burkina Faso,1983,48.06
Burkina Faso,1984,48.46
Burkina Faso,1985,48.75
Burkina Faso,1986,48.99
Burkina Faso,1987,49.1
Burkina Faso,1988,49.22
Burkina Faso,1989,49.27
Burkina Faso,1990,49.31
Burkina Faso,1991,49.33
Burkina Faso,1992,49.38
Burkina Faso,1993,49.41
Burkina Faso,1994,49.47
Burkina Faso,1995,49.55
Burkina Faso,1996,49.69
Burkina Faso,1997,49.56
Burkina Faso,1998,50.16
Burkina Faso,1999,50.46
Burkina Faso,2000,50.81
Burkina Faso,2001,51.19
Burkina Faso,2002,51.45
Burkina Faso,2003,51.96
Burkina Faso,2004,52.6
Burkina Faso,2005,53.27
Burkina Faso,2006,53.78
Burkina Faso,2007,54.38
Burkina Faso,2008,55.2
Burkina Faso,2009,55.79
Burkina Faso,2010,56.34
Burkina Faso,2011,57.0
Burkina Faso,2012,57.46
Burkina Faso,2013,57.9
Burkina Faso,2014,58.33
Burkina Faso,2015,58.78
Burkina Faso,2016,59.17
Burkina Faso,2017,59.58
Burkina Faso,2018,59.97
Burkina Faso,2019,60.18
Burkina Faso,2020,60.45
Burkina Faso,2021,60.05
Burkina Faso,2022,60.7
Burkina Faso,2023,61.09
Burundi,1950,40.94
Burundi,1951,41.23
Burundi,1952,41.48
Burundi,1953,41.74
Burundi,1954,41.97
Burundi,1955,42.17
Burundi,1956,42.41
Burundi,1957,42.64
Burundi,1958,42.87
Burundi,1959,43.07
Burundi,1960,43.26
Burundi,1961,43.36
Burundi,1962,43.49
Burundi,1963,43.56
Burundi,1964,43.6
Burundi,1965,41.84
Burundi,1966,43.53
Burundi,1967,43.33
Burundi,1968,43.4
Burundi,1969,43.0
Burundi,1970,43.23
Burundi,1971,43.17
Burundi,1972,25.78
Burundi,1973,37.41
Burundi,1974,43.34
Burundi,1975,43.45
Burundi,1976,43.69
Burundi,1977,43.97
Burundi,1978,44.4
Burundi,1979,45.04
Burundi,1980,45.73
Burundi,1981,46.41
Burundi,1982,47.01
Burundi,1983,47.43
Burundi,1984,47.69
Burundi,1985,47.66
Burundi,1986,47.4
Burundi,1987,47.07
Burundi,1988,42.89
Burundi,1989,45.75
Burundi,1990,45.18
Burundi,1991,44.66
Burundi,1992,44.47
Burundi,1993,37.22
Burundi,1994,44.52
Burundi,1995,44.59
Burundi,1996,44.81
Burundi,1997,45.72
Burundi,1998,46.68
Burundi,1999,47.63
Burundi,2000,47.62
Burundi,2001,48.51
Burundi,2002,49.92
Burundi,2003,51.0
Burundi,2004,52.22
Burundi,2005,53.05
Burundi,2006,53.96
Burundi,2007,54.83
Burundi,2008,55.58
Burundi,2009,56.42
Burundi,2010,57.09
Burundi,2011,57.8
Burundi,2012,58.5
Burundi,2013,59.18
Burundi,2014,59.76
Burundi,2015,60.11
Burundi,2016,60.79
Burundi,2017,61.35
Burundi,2018,61.81
Burundi,2019,62.18
Burundi,2020,62.57
Burundi,2021,62.1
Burundi,2022,62.88
Burundi,2023,63.65
Cambodia,1950,38.86
Cambodia,1951,39.04
Cambodia,1952,39.34
Cambodia,1953,39.62
Cambodia,1954,39.9
Cambodia,1955,40.25
Cambodia,1956,40.5
Cambodia,1957,40.87
Cambodia,1958,41.22
Cambodia,1959,41.65
Cambodia,1960,42.13
Cambodia,1961,42.59
Cambodia,1962,43.08
Cambodia,1963,43.61
Cambodia,1964,44.04
Cambodia,1965,44.5
Cambodia,1966,44.95
Cambodia,1967,45.19
Cambodia,1968,45.59
Cambodia,1969,45.94
Cambodia,1970,38.63
Cambodia,1971,38.7
Cambodia,1972,38.91
Cambodia,1973,39.08
Cambodia,1974,39.3
Cambodia,1975,12.78
Cambodia,1976,11.63
Cambodia,1977,11.3
Cambodia,1978,11.57
Cambodia,1979,41.07
Cambodia,1980,47.5
Cambodia,1981,48.04
Cambodia,1982,48.76
Cambodia,1983,49.38
Cambodia,1984,50.09
Cambodia,1985,50.8
Cambodia,1986,51.56
Cambodia,1987,53.67
Cambodia,1988,54.43
Cambodia,1989,54.77
Cambodia,1990,55.2
Cambodia,1991,55.58
Cambodia,1992,55.75
Cambodia,1993,56.04
Cambodia,1994,56.22
Cambodia,1995,56.56
Cambodia,1996,56.83
Cambodia,1997,57.27
Cambodia,1998,57.86
Cambodia,1999,58.61
Cambodia,2000,59.49
Cambodia,2001,60.46
Cambodia,2002,61.39
Cambodia,2003,62.35
Cambodia,2004,63.26
Cambodia,2005,64.11
Cambodia,2006,64.89
Cambodia,2007,65.55
Cambodia,2008,66.15
Cambodia,2009,66.75
Cambodia,2010,67.31
Cambodia,2011,67.87
Cambodia,2012,68.37
Cambodia,2013,68.75
Cambodia,2014,69.12
Cambodia,2015,69.4
Cambodia,2016,69.64
Cambodia,2017,69.84
Cambodia,2018,69.99
Cambodia,2019,70.13
Cambodia,2020,70.06
Cambodia,2021,69.3
Cambodia,2022,70.53
Cambodia,2023,70.67
Cameroon,1950,33.09
Cameroon,1951,33.87
Cameroon,1952,34.62
Cameroon,1953,35.52
Cameroon,1954,36.51
Cameroon,1955,37.5
Cameroon,1956,38.41
Cameroon,1957,38.28
Cameroon,1958,39.07
Cameroon,1959,39.8
Cameroon,1960,34.67
Cameroon,1961,35.19
Cameroon,1962,42.6
Cameroon,1963,43.07
Cameroon,1964,43.6
Cameroon,1965,44.18
Cameroon,1966,44.84
Cameroon,1967,45.6
Cameroon,1968,46.39
Cameroon,1969,47.19
Cameroon,1970,47.95
Cameroon,1971,48.58
Cameroon,1972,49.12
Cameroon,1973,49.52
Cameroon,1974,49.73
Cameroon,1975,49.89
Cameroon,1976,50.02
Cameroon,1977,50.13
Cameroon,1978,50.32
Cameroon,1979,50.54
Cameroon,1980,50.85
Cameroon,1981,51.23
Cameroon,1982,51.8
Cameroon,1983,52.45
Cameroon,1984,52.89
Cameroon,1985,53.47
Cameroon,1986,53.57
Cameroon,1987,54.19
Cameroon,1988,54.36
Cameroon,1989,54.39
Cameroon,1990,54.35
Cameroon,1991,54.17
Cameroon,1992,54.05
Cameroon,1993,53.87
Cameroon,1994,53.54
Cameroon,1995,53.35
Cameroon,1996,53.2
Cameroon,1997,53.1
Cameroon,1998,53.04
Cameroon,1999,53.17
Cameroon,2000,53.34
Cameroon,2001,53.6
Cameroon,2002,53.92
Cameroon,2003,54.25
Cameroon,2004,54.58
Cameroon,2005,54.9
Cameroon,2006,55.3
Cameroon,2007,55.71
Cameroon,2008,56.12
Cameroon,2009,56.49
Cameroon,2010,56.97
Cameroon,2011,57.48
Cameroon,2012,58.17
Cameroon,2013,58.73
Cameroon,2014,59.13
Cameroon,2015,59.69
Cameroon,2016,60.29
Cameroon,2017,60.82
Cameroon,2018,61.19
Cameroon,2019,61.7
Cameroon,2020,61.67
Cameroon,2021,61.15
Cameroon,2022,62.44
Cameroon,2023,63.7
Canada,1950,68.21
Canada,1951,68.51
Canada,1952,68.68
Canada,1953,69.07
Canada,1954,69.94
Canada,1955,70.0
Canada,1956,69.97
Canada,1957,69.92
Canada,1958,70.57
Canada,1959,70.61
Canada,1960,70.97
Canada,1961,71.22
Canada,1962,71.24
Canada,1963,71.27
Canada,1964,71.64
Canada,1965,71.75
Canada,1966,71.87
Canada,1967,72.08
Canada,1968,72.24
Canada,1969,72.4
Canada,1970,72.61
Canada,1971,72.95
Canada,1972,72.83
Canada,1973,73.07
Canada,1974,73.14
Canada,1975,73.45
Canada,1976,73.87
Canada,1977,74.15
Canada,1978,74.48
Canada,1979,74.84
Canada,1980,75.06
Canada,1981,75.48
Canada,1982,75.69
Canada,1983,76.07
Canada,1984,76.36
Canada,1985,76.35
Canada,1986,76.49
Canada,1987,76.8
Canada,1988,76.86
Canada,1989,77.12
Canada,1990,77.43
Canada,1991,77.59
Canada,1992,77.85
Canada,1993,77.73
Canada,1994,77.9
Canada,1995,78.02
Canada,1996,78.27
Canada,1997,78.46
Canada,1998,78.67
Canada,1999,78.89
Canada,2000,79.23
Canada,2001,79.45
Canada,2002,79.57
Canada,2003,79.74
Canada,2004,80.03
Canada,2005,80.13
Canada,2006,80.54
Canada,2007,80.54
Canada,2008,80.73
Canada,2009,81.06
Canada,2010,81.34
Canada,2011,81.51
Canada,2012,81.7
Canada,2013,81.79
Canada,2014,81.84
Canada,2015,81.91
Canada,2016,82.03
Canada,2017,81.92
Canada,2018,81.92
Canada,2019,82.28
Canada,2020,81.65
Canada,2021,81.98
Canada,2022,81.25
Canada,2023,82.63
Cape Verde,1950,44.94
Cape Verde,1951,45.55
Cape Verde,1952,46.15
Cape Verde,1953,46.4
Cape Verde,1954,46.63
Cape Verde,1955,46.85
Cape Verde,1956,47.09
Cape Verde,1957,47.38
Cape Verde,1958,47.71
Cape Verde,1959,48.15
Cape Verde,1960,48.71
Cape Verde,1961,49.42
Cape Verde,1962,50.24
Cape Verde,1963,51.14
Cape Verde,1964,52.09
Cape Verde,1965,53.04
Cape Verde,1966,53.92
Cape Verde,1967,54.72
Cape Verde,1968,55.43
Cape Verde,1969,56.04
Cape Verde,1970,56.56
Cape Verde,1971,57.03
Cape Verde,1972,57.49
Cape Verde,1973,57.98
Cape Verde,1974,58.43
Cape Verde,1975,58.98
Cape Verde,1976,59.4
Cape Verde,1977,59.99
Cape Verde,1978,60.38
Cape Verde,1979,60.73
Cape Verde,1980,61.03
Cape Verde,1981,61.3
Cape Verde,1982,61.52
Cape Verde,1983,61.77
Cape Verde,1984,61.83
Cape Verde,1985,62.28
Cape Verde,1986,62.58
Cape Verde,1987,62.91
Cape Verde,1988,63.24
Cape Verde,1989,63.57
Cape Verde,1990,63.87
Cape Verde,1991,64.07
Cape Verde,1992,64.25
Cape Verde,1993,64.46
Cape Verde,1994,64.65
Cape Verde,1995,63.69
Cape Verde,1996,65.52
Cape Verde,1997,66.08
Cape Verde,1998,66.71
Cape Verde,1999,67.41
Cape Verde,2000,68.12
Cape Verde,2001,68.71
Cape Verde,2002,69.45
Cape Verde,2003,70.01
Cape Verde,2004,70.5
Cape Verde,2005,70.94
Cape Verde,2006,71.34
Cape Verde,2007,71.49
Cape Verde,2008,71.89
Cape Verde,2009,72.14
Cape Verde,2010,72.51
Cape Verde,2011,72.91
Cape Verde,2012,73.31
Cape Verde,2013,73.48
Cape Verde,2014,73.79
Cape Verde,2015,74.1
Cape Verde,2016,74.35
Cape Verde,2017,74.71
Cape Verde,2018,74.84
Cape Verde,2019,75.45
Cape Verde,2020,73.82
Cape Verde,2021,74.42
Cape Verde,2022,75.91
Cape Verde,2023,76.06
Cayman Islands,1950,54.0
Cayman Islands,1951,54.49
Cayman Islands,1952,54.96
Cayman Islands,1953,55.42
Cayman Islands,1954,55.88
Cayman Islands,1955,56.37
Cayman Islands,1956,56.81
Cayman Islands,1957,57.26
Cayman Islands,1958,57.73
Cayman Islands,1959,58.24
Cayman Islands,1960,58.78
Cayman Islands,1961,59.43
Cayman Islands,1962,60.09
Cayman Islands,1963,60.78
Cayman Islands,1964,61.44
Cayman Islands,1965,62.19
Cayman Islands,1966,62.84
Cayman Islands,1967,63.2
Cayman Islands,1968,63.6
Cayman Islands,1969,63.97
Cayman Islands,1970,64.38
Cayman Islands,1971,64.83
Cayman Islands,1972,65.36
Cayman Islands,1973,65.89
Cayman Islands,1974,66.49
Cayman Islands,1975,67.04
Cayman Islands,1976,67.55
Cayman Islands,1977,68.08
Cayman Islands,1978,68.53
Cayman Islands,1979,69.02
Cayman Islands,1980,69.49
Cayman Islands,1981,69.95
Cayman Islands,1982,70.41
Cayman Islands,1983,70.84
Cayman Islands,1984,71.19
Cayman Islands,1985,71.56
Cayman Islands,1986,71.87
Cayman Islands,1987,72.13
Cayman Islands,1988,72.35
Cayman Islands,1989,72.55
Cayman Islands,1990,72.74
Cayman Islands,1991,72.91
Cayman Islands,1992,73.09
Cayman Islands,1993,73.25
Cayman Islands,1994,73.42
Cayman Islands,1995,73.6
Cayman Islands,1996,73.74
Cayman Islands,1997,73.9
Cayman Islands,1998,74.08
Cayman Islands,1999,74.23
Cayman Islands,2000,74.38
Cayman Islands,2001,74.53
Cayman Islands,2002,74.61
Cayman Islands,2003,74.64
Cayman Islands,2004,74.6
Cayman Islands,2005,74.86
Cayman Islands,2006,75.0
Cayman Islands,2007,75.15
Cayman Islands,2008,75.39
Cayman Islands,2009,75.67
Cayman Islands,2010,76.07
Cayman Islands,2011,76.56
Cayman Islands,2012,77.12
Cayman Islands,2013,77.65
Cayman Islands,2014,77.86
Cayman Islands,2015,78.12
Cayman Islands,2016,78.37
Cayman Islands,2017,78.61
Cayman Islands,2018,78.84
Cayman Islands,2019,79.05
Cayman Islands,2020,79.23
Cayman Islands,2021,79.3
Cayman Islands,2022,79.98
Cayman Islands,2023,80.36
Central African Republic,1950,35.44
Central African Republic,1951,35.84
Central African Republic,1952,36.25
Central African Republic,1953,36.64
Central African Republic,1954,37.04
Central African Republic,1955,37.44
Central African Republic,1956,37.84
Central African Republic,1957,38.25
Central African Republic,1958,38.67
Central African Republic,1959,39.1
Central African Republic,1960,39.57
Central African Republic,1961,40.06
Central African Republic,1962,40.56
Central African Republic,1963,41.09
Central African Republic,1964,41.64
Central African Republic,1965,42.21
Central African Republic,1966,42.79
Central African Republic,1967,43.38
Central African Republic,1968,43.98
Central African Republic,1969,44.58
Central African Republic,1970,45.18
Central African Republic,1971,45.76
Central African Republic,1972,46.33
Central African Republic,1973,46.88
Central African Republic,1974,47.41
Central African Republic,1975,47.89
Central African Republic,1976,48.36
Central African Republic,1977,48.78
Central African Republic,1978,49.16
Central African Republic,1979,49.5
Central African Republic,1980,49.79
Central African Republic,1981,50.03
Central African Republic,1982,50.21
Central African Republic,1983,50.34
Central African Republic,1984,50.43
Central African Republic,1985,50.46
Central African Republic,1986,50.44
Central African Republic,1987,50.37
Central African Republic,1988,50.24
Central African Republic,1989,50.07
Central African Republic,1990,49.85
Central African Republic,1991,49.57
Central African Republic,1992,49.21
Central African Republic,1993,48.9
Central African Republic,1994,48.51
Central African Republic,1995,48.11
Central African Republic,1996,47.7
Central African Republic,1997,47.28
Central African Republic,1998,47.09
Central African Republic,1999,46.91
Central African Republic,2000,46.61
Central African Republic,2001,46.73
Central African Republic,2002,46.84
Central African Republic,2003,47.31
Central African Republic,2004,47.7
Central African Republic,2005,48.21
Central African Republic,2006,48.69
Central African Republic,2007,49.33
Central African Republic,2008,49.87
Central African Republic,2009,14.67
Central African Republic,2010,46.87
Central African Republic,2011,50.11
Central African Republic,2012,51.34
Central African Republic,2013,49.49
Central African Republic,2014,40.27
Central African Republic,2015,51.93
Central African Republic,2016,51.0
Central African Republic,2017,45.23
Central African Republic,2018,52.3
Central African Republic,2019,31.53
Central African Republic,2020,50.6
Central African Republic,2021,40.28
Central African Republic,2022,18.82
Central African Republic,2023,57.41
Chad,1950,35.23
Chad,1951,35.45
Chad,1952,35.86
Chad,1953,36.28
Chad,1954,36.79
Chad,1955,37.35
Chad,1956,37.92
Chad,1957,38.33
Chad,1958,38.74
Chad,1959,38.96
Chad,1960,39.22
Chad,1961,39.42
Chad,1962,39.61
Chad,1963,39.89
Chad,1964,40.12
Chad,1965,40.05
Chad,1966,40.09
Chad,1967,40.39
Chad,1968,40.7
Chad,1969,41.02
Chad,1970,41.39
Chad,1971,40.87
Chad,1972,41.92
Chad,1973,42.4
Chad,1974,42.6
Chad,1975,42.74
Chad,1976,42.69
Chad,1977,42.88
Chad,1978,43.02
Chad,1979,43.24
Chad,1980,43.45
Chad,1981,43.5
Chad,1982,43.91
Chad,1983,44.45
Chad,1984,44.73
Chad,1985,45.31
Chad,1986,45.6
Chad,1987,43.07
Chad,1988,46.35
Chad,1989,46.43
Chad,1990,45.07
Chad,1991,46.6
Chad,1992,46.78
Chad,1993,47.0
Chad,1994,47.08
Chad,1995,47.45
Chad,1996,47.55
Chad,1997,47.76
Chad,1998,47.8
Chad,1999,47.93
Chad,2000,47.94
Chad,2001,48.31
Chad,2002,48.36
Chad,2003,48.61
Chad,2004,48.69
Chad,2005,48.86
Chad,2006,48.75
Chad,2007,49.21
Chad,2008,49.5
Chad,2009,49.83
Chad,2010,50.11
Chad,2011,50.43
Chad,2012,50.77
Chad,2013,51.05
Chad,2014,51.14
Chad,2015,51.32
Chad,2016,51.6
Chad,2017,51.87
Chad,2018,52.45
Chad,2019,52.99
Chad,2020,53.08
Chad,2021,53.14
Chad,2022,54.53
Chad,2023,55.07
Chile,1950,53.15
Chile,1951,53.54
Chile,1952,53.93
Chile,1953,54.31
Chile,1954,54.71
Chile,1955,54.93
Chile,1956,55.48
Chile,1957,55.77
Chile,1958,56.29
Chile,1959,56.64
Chile,1960,57.22
Chile,1961,57.31
Chile,1962,57.81
Chile,1963,58.35
Chile,1964,58.81
Chile,1965,59.47
Chile,1966,60.37
Chile,1967,61.05
Chile,1968,61.68
Chile,1969,62.34
Chile,1970,62.63
Chile,1971,63.07
Chile,1972,63.72
Chile,1973,64.42
Chile,1974,65.09
Chile,1975,66.04
Chile,1976,66.82
Chile,1977,67.53
Chile,1978,68.04
Chile,1979,68.86
Chile,1980,69.47
Chile,1981,69.82
Chile,1982,70.29
Chile,1983,70.83
Chile,1984,71.22
Chile,1985,71.62
Chile,1986,72.06
Chile,1987,72.47
Chile,1988,72.79
Chile,1989,73.19
Chile,1990,73.68
Chile,1991,74.08
Chile,1992,74.37
Chile,1993,74.68
Chile,1994,74.97
Chile,1995,75.3
Chile,1996,75.55
Chile,1997,75.83
Chile,1998,76.32
Chile,1999,76.74
Chile,2000,77.13
Chile,2001,77.58
Chile,2002,77.84
Chile,2003,77.88
Chile,2004,78.28
Chile,2005,78.46
Chile,2006,78.53
Chile,2007,78.65
Chile,2008,78.75
Chile,2009,78.89
Chile,2010,79.1
Chile,2011,79.24
Chile,2012,79.22
Chile,2013,79.55
Chile,2014,79.71
Chile,2015,80.01
Chile,2016,80.29
Chile,2017,80.61
Chile,2018,80.56
Chile,2019,80.32
Chile,2020,79.35
Chile,2021,78.88
Chile,2022,79.18
Chile,2023,81.17
China,1950,43.83
China,1951,44.56
China,1952,45.34
China,1953,45.91
China,1954,46.76
China,1955,47.24
China,1956,47.81
China,1957,48.38
China,1958,48.83
China,1959,40.17
China,1960,33.42
China,1961,40.16
China,1962,50.96
China,1963,51.67
China,1964,52.34
China,1965,53.0
China,1966,53.66
China,1967,54.4
China,1968,55.19
China,1969,55.99
China,1970,56.82
China,1971,57.73
China,1972,58.58
China,1973,59.5
China,1974,60.24
China,1975,60.95
China,1976,61.22
China,1977,62.46
China,1978,63.1
China,1979,63.7
China,1980,64.24
China,1981,64.78
China,1982,65.25
China,1983,65.73
China,1984,66.15
China,1985,66.53
China,1986,66.89
China,1987,67.26
China,1988,67.61
China,1989,67.93
China,1990,68.15
China,1991,68.61
China,1992,69.06
China,1993,69.49
China,1994,69.84
China,1995,70.36
China,1996,70.82
China,1997,71.23
China,1998,71.6
China,1999,71.95
China,2000,72.29
China,2001,72.68
China,2002,73.03
China,2003,73.39
China,2004,73.73
China,2005,74.08
China,2006,74.4
China,2007,74.79
China,2008,74.83
China,2009,75.32
China,2010,75.67
China,2011,75.89
China,2012,76.2
China,2013,76.45
China,2014,76.71
China,2015,76.98
China,2016,77.21
China,2017,77.24
China,2018,77.71
China,2019,77.94
China,2020,78.02
China,2021,78.12
China,2022,78.2
China,2023,77.95
Colombia,1950,48.28
Colombia,1951,48.96
Colombia,1952,49.81
Colombia,1953,50.61
Colombia,1954,51.28
Colombia,1955,51.93
Colombia,1956,52.52
Colombia,1957,54.08
Colombia,1958,54.72
Colombia,1959,55.86
Colombia,1960,56.61
Colombia,1961,57.2
Colombia,1962,57.74
Colombia,1963,58.3
Colombia,1964,58.77
Colombia,1965,59.25
Colombia,1966,59.71
Colombia,1967,60.15
Colombia,1968,60.57
Colombia,1969,61.03
Colombia,1970,61.46
Colombia,1971,62.01
Colombia,1972,62.53
Colombia,1973,62.99
Colombia,1974,63.5
Colombia,1975,64.01
Colombia,1976,64.64
Colombia,1977,65.24
Colombia,1978,65.83
Colombia,1979,66.16
Colombia,1980,66.69
Colombia,1981,67.19
Colombia,1982,67.86
Colombia,1983,68.12
Colombia,1984,68.31
Colombia,1985,65.36
Colombia,1986,68.3
Colombia,1987,68.17
Colombia,1988,68.3
Colombia,1989,68.62
Colombia,1990,68.7
Colombia,1991,68.77
Colombia,1992,68.76
Colombia,1993,69.08
Colombia,1994,69.42
Colombia,1995,69.81
Colombia,1996,70.21
Colombia,1997,70.63
Colombia,1998,70.92
Colombia,1999,70.91
Colombia,2000,70.9
Colombia,2001,71.19
Colombia,2002,71.54
Colombia,2003,72.31
Colombia,2004,72.76
Colombia,2005,73.16
Colombia,2006,73.5
Colombia,2007,73.75
Colombia,2008,74.21
Colombia,2009,74.53
Colombia,2010,74.88
Colombia,2011,75.18
Colombia,2012,75.61
Colombia,2013,75.83
Colombia,2014,75.95
Colombia,2015,76.07
Colombia,2016,76.23
Colombia,2017,76.42
Colombia,2018,76.58
Colombia,2019,76.79
Colombia,2020,74.76
Colombia,2021,72.7
Colombia,2022,76.51
Colombia,2023,77.72
Comoros,1950,37.39
Comoros,1951,34.33
Comoros,1952,38.04
Comoros,1953,38.38
Comoros,1954,38.7
Comoros,1955,39.03
Comoros,1956,39.37
Comoros,1957,39.74
Comoros,1958,40.09
Comoros,1959,40.47
Comoros,1960,40.78
Comoros,1961,41.16
Comoros,1962,41.53
Comoros,1963,41.91
Comoros,1964,42.33
Comoros,1965,42.68
Comoros,1966,43.15
Comoros,1967,43.59
Comoros,1968,44.1
Comoros,1969,44.64
Comoros,1970,45.23
Comoros,1971,45.85
Comoros,1972,46.46
Comoros,1973,47.04
Comoros,1974,47.61
Comoros,1975,46.87
Comoros,1976,48.65
Comoros,1977,49.17
Comoros,1978,49.7
Comoros,1979,50.13
Comoros,1980,50.68
Comoros,1981,51.21
Comoros,1982,51.75
Comoros,1983,52.12
Comoros,1984,52.78
Comoros,1985,53.26
Comoros,1986,53.76
Comoros,1987,54.13
Comoros,1988,54.68
Comoros,1989,54.98
Comoros,1990,55.62
Comoros,1991,56.1
Comoros,1992,56.58
Comoros,1993,57.03
Comoros,1994,57.46
Comoros,1995,57.83
Comoros,1996,58.15
Comoros,1997,58.23
Comoros,1998,58.3
Comoros,1999,58.85
Comoros,2000,58.94
Comoros,2001,59.59
Comoros,2002,59.72
Comoros,2003,60.24
Comoros,2004,60.56
Comoros,2005,60.88
Comoros,2006,61.23
Comoros,2007,61.48
Comoros,2008,61.95
Comoros,2009,62.3
Comoros,2010,62.75
Comoros,2011,63.1
Comoros,2012,63.46
Comoros,2013,63.84
Comoros,2014,64.14
Comoros,2015,64.47
Comoros,2016,64.79
Comoros,2017,65.13
Comoros,2018,65.4
Comoros,2019,65.66
Comoros,2020,65.76
Comoros,2021,65.2
Comoros,2022,66.48
Comoros,2023,66.78
Congo,1950,39.6
Congo,1951,40.34
Congo,1952,41.09
Congo,1953,41.86
Congo,1954,42.61
Congo,1955,43.45
Congo,1956,44.28
Congo,1957,45.13
Congo,1958,45.97
Congo,1959,46.78
Congo,1960,47.59
Congo,1961,48.35
Congo,1962,49.04
Congo,1963,49.73
Congo,1964,50.36
Congo,1965,51.0
Congo,1966,51.56
Congo,1967,51.91
Congo,1968,52.62
Congo,1969,53.11
Congo,1970,53.55
Congo,1971,53.98
Congo,1972,54.36
Congo,1973,54.74
Congo,1974,55.05
Congo,1975,55.4
Congo,1976,55.7
Congo,1977,56.03
Congo,1978,56.25
Congo,1979,56.52
Congo,1980,56.8
Congo,1981,57.06
Congo,1982,57.24
Congo,1983,57.43
Congo,1984,57.54
Congo,1985,57.61
Congo,1986,57.63
Congo,1987,57.59
Congo,1988,57.49
Congo,1989,57.29
Congo,1990,57.07
Congo,1991,56.76
Congo,1992,56.48
Congo,1993,56.04
Congo,1994,55.64
Congo,1995,55.47
Congo,1996,55.24
Congo,1997,48.57
Congo,1998,52.55
Congo,1999,54.43
Congo,2000,55.37
Congo,2001,55.88
Congo,2002,56.41
Congo,2003,57.13
Congo,2004,57.96
Congo,2005,58.73
Congo,2006,59.47
Congo,2007,60.05
Congo,2008,60.79
Congo,2009,61.21
Congo,2010,61.73
Congo,2011,62.29
Congo,2012,62.66
Congo,2013,62.97
Congo,2014,63.35
Congo,2015,63.66
Congo,2016,63.91
Congo,2017,64.2
Congo,2018,64.47
Congo,2019,63.15
Congo,2020,64.39
Congo,2021,64.19
Congo,2022,65.0
Congo,2023,65.77
Cook Islands,1950,37.95
Cook Islands,1951,39.57
Cook Islands,1952,41.23
Cook Islands,1953,42.77
Cook Islands,1954,44.27
Cook Islands,1955,45.75
Cook Islands,1956,47.26
Cook Islands,1957,48.57
Cook Islands,1958,50.03
Cook Islands,1959,51.35
Cook Islands,1960,52.73
Cook Islands,1961,54.08
Cook Islands,1962,55.45
Cook Islands,1963,56.59
Cook Islands,1964,57.77
Cook Islands,1965,58.84
Cook Islands,1966,59.75
Cook Islands,1967,60.65
Cook Islands,1968,61.54
Cook Islands,1969,62.53
Cook Islands,1970,63.57
Cook Islands,1971,64.62
Cook Islands,1972,65.56
Cook Islands,1973,65.89
Cook Islands,1974,65.93
Cook Islands,1975,65.78
Cook Islands,1976,65.55
Cook Islands,1977,65.35
Cook Islands,1978,65.44
Cook Islands,1979,65.68
Cook Islands,1980,65.88
Cook Islands,1981,66.05
Cook Islands,1982,66.15
Cook Islands,1983,66.32
Cook Islands,1984,66.52
Cook Islands,1985,66.75
Cook Islands,1986,67.0
Cook Islands,1987,66.46
Cook Islands,1988,67.36
Cook Islands,1989,67.51
Cook Islands,1990,66.49
Cook Islands,1991,67.71
Cook Islands,1992,67.84
Cook Islands,1993,68.0
Cook Islands,1994,68.2
Cook Islands,1995,68.46
Cook Islands,1996,68.74
Cook Islands,1997,66.4
Cook Islands,1998,69.32
Cook Islands,1999,69.58
Cook Islands,2000,69.85
Cook Islands,2001,70.09
Cook Islands,2002,70.34
Cook Islands,2003,70.58
Cook Islands,2004,70.87
Cook Islands,2005,71.17
Cook Islands,2006,71.45
Cook Islands,2007,71.78
Cook Islands,2008,72.12
Cook Islands,2009,72.44
Cook Islands,2010,72.75
Cook Islands,2011,73.05
Cook Islands,2012,73.32
Cook Islands,2013,73.61
Cook Islands,2014,73.83
Cook Islands,2015,74.02
Cook Islands,2016,74.16
Cook Islands,2017,74.32
Cook Islands,2018,74.44
Cook Islands,2019,74.56
Cook Islands,2020,74.51
Cook Islands,2021,74.58
Cook Islands,2022,75.08
Cook Islands,2023,75.28
Costa Rica,1950,57.46
Costa Rica,1951,57.82
Costa Rica,1952,58.11
Costa Rica,1953,59.06
Costa Rica,1954,59.85
Costa Rica,1955,60.45
Costa Rica,1956,61.2
Costa Rica,1957,61.58
Costa Rica,1958,62.26
Costa Rica,1959,62.91
Costa Rica,1960,63.46
Costa Rica,1961,63.86
Costa Rica,1962,64.23
Costa Rica,1963,64.33
Costa Rica,1964,64.49
Costa Rica,1965,64.76
Costa Rica,1966,65.1
Costa Rica,1967,65.55
Costa Rica,1968,65.78
Costa Rica,1969,66.36
Costa Rica,1970,66.79
Costa Rica,1971,67.41
Costa Rica,1972,68.01
Costa Rica,1973,68.73
Costa Rica,1974,69.45
Costa Rica,1975,70.25
Costa Rica,1976,70.95
Costa Rica,1977,71.52
Costa Rica,1978,72.03
Costa Rica,1979,72.54
Costa Rica,1980,73.03
Costa Rica,1981,73.44
Costa Rica,1982,73.86
Costa Rica,1983,74.25
Costa Rica,1984,74.58
Costa Rica,1985,74.76
Costa Rica,1986,74.95
Costa Rica,1987,75.22
Costa Rica,1988,75.55
Costa Rica,1989,75.85
Costa Rica,1990,76.09
Costa Rica,1991,76.24
Costa Rica,1992,76.38
Costa Rica,1993,76.32
Costa Rica,1994,76.33
Costa Rica,1995,76.44
Costa Rica,1996,76.43
Costa Rica,1997,76.6
Costa Rica,1998,76.87
Costa Rica,1999,77.06
Costa Rica,2000,77.32
Costa Rica,2001,77.61
Costa Rica,2002,77.94
Costa Rica,2003,78.21
Costa Rica,2004,78.51
Costa Rica,2005,78.88
Costa Rica,2006,79.05
Costa Rica,2007,79.1
Costa Rica,2008,79.18
Costa Rica,2009,79.37
Costa Rica,2010,79.35
Costa Rica,2011,79.62
Costa Rica,2012,79.92
Costa Rica,2013,80.19
Costa Rica,2014,80.23
Costa Rica,2015,80.41
Costa Rica,2016,79.99
Costa Rica,2017,79.99
Costa Rica,2018,80.09
Costa Rica,2019,80.3
Costa Rica,2020,79.73
Costa Rica,2021,78.05
Costa Rica,2022,79.32
Costa Rica,2023,80.8
Cote d'Ivoire,1950,30.83
Cote d'Ivoire,1951,31.38
Cote d'Ivoire,1952,31.96
Cote d'Ivoire,1953,32.55
Cote d'Ivoire,1954,33.19
Cote d'Ivoire,1955,33.81
Cote d'Ivoire,1956,34.46
Cote d'Ivoire,1957,35.16
Cote d'Ivoire,1958,35.83
Cote d'Ivoire,1959,36.55
Cote d'Ivoire,1960,37.24
Cote d'Ivoire,1961,37.92
Cote d'Ivoire,1962,38.62
Cote d'Ivoire,1963,39.32
Cote d'Ivoire,1964,39.97
Cote d'Ivoire,1965,40.64
Cote d'Ivoire,1966,41.3
Cote d'Ivoire,1967,41.96
Cote d'Ivoire,1968,42.65
Cote d'Ivoire,1969,43.34
Cote d'Ivoire,1970,44.04
Cote d'Ivoire,1971,44.78
Cote d'Ivoire,1972,45.57
Cote d'Ivoire,1973,46.37
Cote d'Ivoire,1974,47.21
Cote d'Ivoire,1975,48.03
Cote d'Ivoire,1976,48.86
Cote d'Ivoire,1977,49.62
Cote d'Ivoire,1978,50.36
Cote d'Ivoire,1979,50.98
Cote d'Ivoire,1980,51.44
Cote d'Ivoire,1981,51.79
Cote d'Ivoire,1982,52.09
Cote d'Ivoire,1983,52.35
Cote d'Ivoire,1984,52.65
Cote d'Ivoire,1985,52.86
Cote d'Ivoire,1986,53.01
Cote d'Ivoire,1987,53.12
Cote d'Ivoire,1988,53.06
Cote d'Ivoire,1989,52.96
Cote d'Ivoire,1990,52.8
Cote d'Ivoire,1991,52.62
Cote d'Ivoire,1992,52.43
Cote d'Ivoire,1993,52.25
Cote d'Ivoire,1994,52.01
Cote d'Ivoire,1995,51.71
Cote d'Ivoire,1996,51.6
Cote d'Ivoire,1997,51.5
Cote d'Ivoire,1998,51.22
Cote d'Ivoire,1999,51.27
Cote d'Ivoire,2000,51.39
Cote d'Ivoire,2001,51.43
Cote d'Ivoire,2002,51.54
Cote d'Ivoire,2003,51.44
Cote d'Ivoire,2004,51.94
Cote d'Ivoire,2005,52.43
Cote d'Ivoire,2006,52.89
Cote d'Ivoire,2007,53.45
Cote d'Ivoire,2008,54.18
Cote d'Ivoire,2009,54.74
Cote d'Ivoire,2010,55.28
Cote d'Ivoire,2011,55.97
Cote d'Ivoire,2012,56.57
Cote d'Ivoire,2013,57.06
Cote d'Ivoire,2014,57.77
Cote d'Ivoire,2015,58.28
Cote d'Ivoire,2016,58.81
Cote d'Ivoire,2017,59.32
Cote d'Ivoire,2018,59.79
Cote d'Ivoire,2019,60.27
Cote d'Ivoire,2020,60.14
Cote d'Ivoire,2021,60.29
Cote d'Ivoire,2022,61.56
Cote d'Ivoire,2023,61.94
Croatia,1950,58.45
Croatia,1951,59.03
Croatia,1952,59.84
Croatia,1953,61.49
Croatia,1954,62.23
Croatia,1955,63.1
Croatia,1956,63.56
Croatia,1957,64.41
Croatia,1958,65.03
Croatia,1959,65.55
Croatia,1960,65.95
Croatia,1961,66.55
Croatia,1962,67.27
Croatia,1963,67.62
Croatia,1964,68.04
Croatia,1965,68.48
Croatia,1966,68.91
Croatia,1967,69.04
Croatia,1968,68.89
Croatia,1969,68.96
Croatia,1970,69.17
Croatia,1971,69.45
Croatia,1972,69.75
Croatia,1973,70.11
Croatia,1974,70.61
Croatia,1975,71.04
Croatia,1976,71.37
Croatia,1977,71.37
Croatia,1978,71.26
Croatia,1979,71.09
Croatia,1980,70.97
Croatia,1981,70.88
Croatia,1982,70.66
Croatia,1983,70.75
Croatia,1984,70.98
Croatia,1985,71.53
Croatia,1986,71.79
Croatia,1987,71.94
Croatia,1988,72.15
Croatia,1989,72.5
Croatia,1990,72.24
Croatia,1991,70.57
Croatia,1992,71.72
Croatia,1993,72.31
Croatia,1994,72.61
Croatia,1995,72.56
Croatia,1996,72.98
Croatia,1997,72.99
Croatia,1998,73.19
Croatia,1999,73.61
Croatia,2000,74.0
Croatia,2001,74.35
Croatia,2002,74.65
Croatia,2003,74.71
Croatia,2004,75.27
Croatia,2005,75.57
Croatia,2006,75.68
Croatia,2007,75.89
Croatia,2008,76.0
Croatia,2009,76.31
Croatia,2010,76.68
Croatia,2011,76.99
Croatia,2012,77.28
Croatia,2013,77.51
Croatia,2014,77.51
Croatia,2015,77.63
Croatia,2016,77.63
Croatia,2017,77.73
Croatia,2018,77.87
Croatia,2019,78.2
Croatia,2020,77.5
Croatia,2021,77.14
Croatia,2022,78.28
Croatia,2023,78.58
Cuba,1950,58.99
Cuba,1951,59.41
Cuba,1952,59.83
Cuba,1953,60.24
Cuba,1954,60.69
Cuba,1955,61.15
Cuba,1956,61.48
Cuba,1957,61.9
Cuba,1958,62.32
Cuba,1959,62.83
Cuba,1960,63.32
Cuba,1961,63.74
Cuba,1962,64.37
Cuba,1963,64.35
Cuba,1964,65.26
Cuba,1965,65.64
Cuba,1966,66.07
Cuba,1967,66.51
Cuba,1968,66.94
Cuba,1969,67.36
Cuba,1970,67.94
Cuba,1971,68.43
Cuba,1972,68.95
Cuba,1973,69.35
Cuba,1974,69.87
Cuba,1975,70.37
Cuba,1976,70.88
Cuba,1977,71.41
Cuba,1978,71.89
Cuba,1979,72.27
Cuba,1980,72.6
Cuba,1981,73.0
Cuba,1982,73.44
Cuba,1983,73.56
Cuba,1984,73.55
Cuba,1985,73.46
Cuba,1986,73.56
Cuba,1987,73.6
Cuba,1988,73.72
Cuba,1989,73.69
Cuba,1990,73.82
Cuba,1991,73.76
Cuba,1992,73.85
Cuba,1993,73.87
Cuba,1994,74.09
Cuba,1995,74.35
Cuba,1996,74.69
Cuba,1997,75.06
Cuba,1998,75.41
Cuba,1999,75.72
Cuba,2000,75.92
Cuba,2001,76.43
Cuba,2002,76.77
Cuba,2003,77.4
Cuba,2004,77.33
Cuba,2005,77.54
Cuba,2006,77.41
Cuba,2007,77.55
Cuba,2008,77.59
Cuba,2009,77.58
Cuba,2010,77.88
Cuba,2011,78.05
Cuba,2012,78.16
Cuba,2013,78.03
Cuba,2014,77.82
Cuba,2015,77.75
Cuba,2016,77.57
Cuba,2017,77.3
Cuba,2018,77.43
Cuba,2019,77.41
Cuba,2020,77.41
Cuba,2021,73.2
Cuba,2022,77.63
Cuba,2023,78.09
Curacao,1950,60.29
Curacao,1951,60.97
Curacao,1952,61.59
Curacao,1953,62.14
Curacao,1954,62.71
Curacao,1955,63.26
Curacao,1956,63.76
Curacao,1957,64.25
Curacao,1958,64.66
Curacao,1959,65.08
Curacao,1960,65.41
Curacao,1961,65.74
Curacao,1962,66.03
Curacao,1963,66.31
Curacao,1964,66.59
Curacao,1965,66.86
Curacao,1966,67.14
Curacao,1967,67.4
Curacao,1968,67.67
Curacao,1969,67.93
Curacao,1970,68.23
Curacao,1971,68.51
Curacao,1972,68.81
Curacao,1973,69.09
Curacao,1974,69.39
Curacao,1975,69.67
Curacao,1976,69.95
Curacao,1977,70.2
Curacao,1978,70.45
Curacao,1979,70.72
Curacao,1980,70.95
Curacao,1981,71.17
Curacao,1982,71.38
Curacao,1983,71.53
Curacao,1984,71.71
Curacao,1985,71.87
Curacao,1986,72.0
Curacao,1987,72.14
Curacao,1988,72.23
Curacao,1989,72.15
Curacao,1990,72.44
Curacao,1991,72.54
Curacao,1992,72.65
Curacao,1993,72.7
Curacao,1994,72.79
Curacao,1995,72.83
Curacao,1996,72.94
Curacao,1997,73.03
Curacao,1998,73.08
Curacao,1999,73.17
Curacao,2000,73.28
Curacao,2001,73.36
Curacao,2002,73.47
Curacao,2003,73.6
Curacao,2004,73.74
Curacao,2005,73.87
Curacao,2006,73.98
Curacao,2007,74.14
Curacao,2008,74.31
Curacao,2009,74.49
Curacao,2010,75.12
Curacao,2011,75.58
Curacao,2012,75.96
Curacao,2013,76.24
Curacao,2014,76.38
Curacao,2015,76.48
Curacao,2016,76.32
Curacao,2017,76.42
Curacao,2018,76.49
Curacao,2019,76.49
Curacao,2020,76.5
Curacao,2021,75.69
Curacao,2022,76.73
Curacao,2023,76.8
Cyprus,1950,55.83
Cyprus,1951,56.76
Cyprus,1952,57.68
Cyprus,1953,58.37
Cyprus,1954,59.28
Cyprus,1955,59.74
Cyprus,1956,60.39
Cyprus,1957,60.99
Cyprus,1958,61.64
Cyprus,1959,62.31
Cyprus,1960,63.32
Cyprus,1961,64.08
Cyprus,1962,64.72
Cyprus,1963,61.78
Cyprus,1964,62.24
Cyprus,1965,66.12
Cyprus,1966,66.49
Cyprus,1967,66.91
Cyprus,1968,67.25
Cyprus,1969,67.6
Cyprus,1970,68.05
Cyprus,1971,68.35
Cyprus,1972,68.63
Cyprus,1973,69.01
Cyprus,1974,54.55
Cyprus,1975,70.34
Cyprus,1976,70.81
Cyprus,1977,71.26
Cyprus,1978,71.74
Cyprus,1979,72.18
Cyprus,1980,72.84
Cyprus,1981,73.05
Cyprus,1982,73.52
Cyprus,1983,73.71
Cyprus,1984,74.0
Cyprus,1985,74.64
Cyprus,1986,74.93
Cyprus,1987,75.26
Cyprus,1988,75.39
Cyprus,1989,75.84
Cyprus,1990,76.04
Cyprus,1991,76.25
Cyprus,1992,76.29
Cyprus,1993,76.29
Cyprus,1994,76.38
Cyprus,1995,76.58
Cyprus,1996,76.88
Cyprus,1997,77.12
Cyprus,1998,77.16
Cyprus,1999,77.57
Cyprus,2000,77.9
Cyprus,2001,78.18
Cyprus,2002,78.76
Cyprus,2003,78.91
Cyprus,2004,79.01
Cyprus,2005,79.2
Cyprus,2006,79.46
Cyprus,2007,79.8
Cyprus,2008,79.91
Cyprus,2009,80.37
Cyprus,2010,80.63
Cyprus,2011,80.85
Cyprus,2012,81.13
Cyprus,2013,81.32
Cyprus,2014,81.34
Cyprus,2015,81.46
Cyprus,2016,81.53
Cyprus,2017,81.54
Cyprus,2018,81.56
Cyprus,2019,81.45
Cyprus,2020,81.23
Cyprus,2021,80.57
Cyprus,2022,80.43
Cyprus,2023,81.65
Czechia,1950,64.41
Czechia,1951,65.27
Czechia,1952,66.86
Czechia,1953,67.55
Czechia,1954,68.05
Czechia,1955,68.98
Czechia,1956,69.37
Czechia,1957,69.03
Czechia,1958,69.97
Czechia,1959,69.89
Czechia,1960,70.45
Czechia,1961,70.62
Czechia,1962,69.89
Czechia,1963,70.39
Czechia,1964,70.59
Czechia,1965,70.26
Czechia,1966,70.45
Czechia,1967,70.35
Czechia,1968,69.91
Czechia,1969,69.42
Czechia,1970,69.49
Czechia,1971,69.74
Czechia,1972,70.23
Czechia,1973,70.09
Czechia,1974,70.17
Czechia,1975,70.48
Czechia,1976,70.6
Czechia,1977,70.64
Czechia,1978,70.71
Czechia,1979,70.82
Czechia,1980,70.34
Czechia,1981,70.77
Czechia,1982,70.88
Czechia,1983,70.64
Czechia,1984,70.9
Czechia,1985,71.1
Czechia,1986,71.05
Czechia,1987,71.51
Czechia,1988,71.71
Czechia,1989,71.75
Czechia,1990,71.41
Czechia,1991,71.97
Czechia,1992,72.33
Czechia,1993,72.85
Czechia,1994,73.08
Czechia,1995,73.18
Czechia,1996,73.83
Czechia,1997,73.95
Czechia,1998,74.55
Czechia,1999,74.74
Czechia,2000,74.98
Czechia,2001,75.31
Czechia,2002,75.44
Czechia,2003,75.4
Czechia,2004,75.94
Czechia,2005,76.16
Czechia,2006,76.71
Czechia,2007,76.92
Czechia,2008,77.17
Czechia,2009,77.26
Czechia,2010,77.57
Czechia,2011,77.81
Czechia,2012,78.0
Czechia,2013,78.17
Czechia,2014,78.74
Czechia,2015,78.56
Czechia,2016,78.97
Czechia,2017,78.93
Czechia,2018,78.96
Czechia,2019,79.19
Czechia,2020,78.24
Czechia,2021,77.23
Czechia,2022,79.16
Czechia,2023,79.83
Democratic Republic of Congo,1950,38.22
Democratic Republic of Congo,1951,38.51
Democratic Republic of Congo,1952,38.86
Democratic Republic of Congo,1953,39.14
Democratic Republic of Congo,1954,39.37
Democratic Republic of Congo,1955,39.66
Democratic Republic of Congo,1956,39.9
Democratic Republic of Congo,1957,40.23
Democratic Republic of Congo,1958,40.46
Democratic Republic of Congo,1959,40.62
Democratic Republic of Congo,1960,40.75
Democratic Republic of Congo,1961,40.16
Democratic Republic of Congo,1962,40.38
Democratic Republic of Congo,1963,40.6
Democratic Republic of Congo,1964,40.1
Democratic Republic of Congo,1965,40.77
Democratic Republic of Congo,1966,42.17
Democratic Republic of Congo,1967,42.34
Democratic Republic of Congo,1968,42.67
Democratic Republic of Congo,1969,42.96
Democratic Republic of Congo,1970,43.3
Democratic Republic of Congo,1971,43.58
Democratic Republic of Congo,1972,43.87
Democratic Republic of Congo,1973,44.09
Democratic Republic of Congo,1974,44.31
Democratic Republic of Congo,1975,44.53
Democratic Republic of Congo,1976,44.7
Democratic Republic of Congo,1977,44.87
Democratic Republic of Congo,1978,44.63
Democratic Republic of Congo,1979,45.28
Democratic Republic of Congo,1980,45.54
Democratic Republic of Congo,1981,45.73
Democratic Republic of Congo,1982,45.95
Democratic Republic of Congo,1983,46.21
Democratic Republic of Congo,1984,46.51
Democratic Republic of Congo,1985,46.66
Democratic Republic of Congo,1986,47.02
Democratic Republic of Congo,1987,47.36
Democratic Republic of Congo,1988,47.76
Democratic Republic of Congo,1989,48.15
Democratic Republic of Congo,1990,48.54
Democratic Republic of Congo,1991,48.94
Democratic Republic of Congo,1992,49.32
Democratic Republic of Congo,1993,49.62
Democratic Republic of Congo,1994,49.88
Democratic Republic of Congo,1995,50.38
Democratic Republic of Congo,1996,49.38
Democratic Republic of Congo,1997,50.46
Democratic Republic of Congo,1998,49.66
Democratic Republic of Congo,1999,50.09
Democratic Republic of Congo,2000,51.89
Democratic Republic of Congo,2001,52.21
Democratic Republic of Congo,2002,52.37
Democratic Republic of Congo,2003,52.95
Democratic Republic of Congo,2004,53.53
Democratic Republic of Congo,2005,54.0
Democratic Republic of Congo,2006,54.5
Democratic Republic of Congo,2007,54.95
Democratic Republic of Congo,2008,55.39
Democratic Republic of Congo,2009,55.8
Democratic Republic of Congo,2010,56.41
Democratic Republic of Congo,2011,56.91
Democratic Republic of Congo,2012,57.35
Democratic Republic of Congo,2013,57.8
Democratic Republic of Congo,2014,58.24
Democratic Republic of Congo,2015,58.66
Democratic Republic of Congo,2016,59.08
Democratic Republic of Congo,2017,59.5
Democratic Republic of Congo,2018,59.93
Democratic Republic of Congo,2019,60.24
Democratic Republic of Congo,2020,60.43
Democratic Republic of Congo,2021,60.04
Democratic Republic of Congo,2022,60.98
Democratic Republic of Congo,2023,61.9
Denmark,1950,70.31
Denmark,1951,70.92
Denmark,1952,70.76
Denmark,1953,71.17
Denmark,1954,71.34
Denmark,1955,71.91
Denmark,1956,72.04
Denmark,1957,71.81
Denmark,1958,72.24
Denmark,1959,72.23
Denmark,1960,72.2
Denmark,1961,72.45
Denmark,1962,72.35
Denmark,1963,72.42
Denmark,1964,72.51
Denmark,1965,72.39
Denmark,1966,72.47
Denmark,1967,72.95
Denmark,1968,73.15
Denmark,1969,73.24
Denmark,1970,73.36
Denmark,1971,73.43
Denmark,1972,73.47
Denmark,1973,73.69
Denmark,1974,73.82
Denmark,1975,74.1
Denmark,1976,73.77
Denmark,1977,74.66
Denmark,1978,74.43
Denmark,1979,74.24
Denmark,1980,74.13
Denmark,1981,74.25
Denmark,1982,74.6
Denmark,1983,74.46
Denmark,1984,74.62
Denmark,1985,74.48
Denmark,1986,74.64
Denmark,1987,74.74
Denmark,1988,74.84
Denmark,1989,74.86
Denmark,1990,74.87
Denmark,1991,75.23
Denmark,1992,75.27
Denmark,1993,75.19
Denmark,1994,75.44
Denmark,1995,75.29
Denmark,1996,75.66
Denmark,1997,76.04
Denmark,1998,76.44
Denmark,1999,76.58
Denmark,2000,76.82
Denmark,2001,76.97
Denmark,2002,77.1
Denmark,2003,77.4
Denmark,2004,77.79
Denmark,2005,78.23
Denmark,2006,78.22
Denmark,2007,78.35
Denmark,2008,78.71
Denmark,2009,78.96
Denmark,2010,79.25
Denmark,2011,79.79
Denmark,2012,80.08
Denmark,2013,80.31
Denmark,2014,80.63
Denmark,2015,80.74
Denmark,2016,80.88
Denmark,2017,81.11
Denmark,2018,80.99
Denmark,2019,81.43
Denmark,2020,81.55
Denmark,2021,81.44
Denmark,2022,81.29
Denmark,2023,81.93
Djibouti,1950,40.73
Djibouti,1951,41.04
Djibouti,1952,41.23
Djibouti,1953,41.48
Djibouti,1954,41.77
Djibouti,1955,42.04
Djibouti,1956,42.29
Djibouti,1957,42.57
Djibouti,1958,42.77
Djibouti,1959,43.08
Djibouti,1960,43.42
Djibouti,1961,43.78
Djibouti,1962,44.09
Djibouti,1963,44.44
Djibouti,1964,44.81
Djibouti,1965,45.23
Djibouti,1966,45.62
Djibouti,1967,46.1
Djibouti,1968,46.55
Djibouti,1969,47.07
Djibouti,1970,47.54
Djibouti,1971,47.26
Djibouti,1972,48.53
Djibouti,1973,49.1
Djibouti,1974,49.52
Djibouti,1975,49.92
Djibouti,1976,50.34
Djibouti,1977,50.76
Djibouti,1978,51.17
Djibouti,1979,51.6
Djibouti,1980,52.05
Djibouti,1981,52.36
Djibouti,1982,52.89
Djibouti,1983,53.33
Djibouti,1984,53.75
Djibouti,1985,54.07
Djibouti,1986,54.49
Djibouti,1987,54.83
Djibouti,1988,55.13
Djibouti,1989,55.37
Djibouti,1990,55.47
Djibouti,1991,55.19
Djibouti,1992,54.38
Djibouti,1993,55.73
Djibouti,1994,55.59
Djibouti,1995,56.23
Djibouti,1996,56.33
Djibouti,1997,56.21
Djibouti,1998,56.43
Djibouti,1999,56.56
Djibouti,2000,56.73
Djibouti,2001,57.51
Djibouti,2002,57.82
Djibouti,2003,58.04
Djibouti,2004,58.1
Djibouti,2005,58.55
Djibouti,2006,58.96
Djibouti,2007,59.36
Djibouti,2008,59.82
Djibouti,2009,60.35
Djibouti,2010,60.74
Djibouti,2011,61.34
Djibouti,2012,61.72
Djibouti,2013,62.12
Djibouti,2014,62.43
Djibouti,2015,62.83
Djibouti,2016,63.34
Djibouti,2017,63.71
Djibouti,2018,64.11
Djibouti,2019,64.38
Djibouti,2020,64.2
Djibouti,2021,63.83
Djibouti,2022,65.54
Djibouti,2023,65.99
Dominica,1950,44.49
Dominica,1951,46.32
Dominica,1952,48.16
Dominica,1953,49.99
Dominica,1954,51.67
Dominica,1955,53.41
Dominica,1956,55.04
Dominica,1957,56.54
Dominica,1958,57.9
Dominica,1959,59.12
Dominica,1960,60.08
Dominica,1961,61.02
Dominica,1962,61.89
Dominica,1963,62.61
Dominica,1964,63.28
Dominica,1965,63.91
Dominica,1966,64.46
Dominica,1967,64.86
Dominica,1968,65.28
Dominica,1969,65.7
Dominica,1970,66.21
Dominica,1971,66.76
Dominica,1972,67.47
Dominica,1973,68.1
Dominica,1974,68.58
Dominica,1975,69.06
Dominica,1976,69.41
Dominica,1977,69.72
Dominica,1978,70.11
Dominica,1979,69.19
Dominica,1980,71.01
Dominica,1981,71.46
Dominica,1982,71.75
Dominica,1983,72.0
Dominica,1984,71.91
Dominica,1985,71.92
Dominica,1986,71.67
Dominica,1987,71.37
Dominica,1988,70.97
Dominica,1989,70.66
Dominica,1990,70.47
Dominica,1991,70.4
Dominica,1992,70.47
Dominica,1993,70.61
Dominica,1994,70.78
Dominica,1995,70.83
Dominica,1996,71.04
Dominica,1997,71.2
Dominica,1998,71.35
Dominica,1999,71.53
Dominica,2000,71.72
Dominica,2001,71.86
Dominica,2002,71.93
Dominica,2003,71.94
Dominica,2004,71.99
Dominica,2005,72.02
Dominica,2006,72.01
Dominica,2007,71.9
Dominica,2008,71.94
Dominica,2009,71.84
Dominica,2010,71.68
Dominica,2011,71.52
Dominica,2012,71.39
Dominica,2013,71.23
Dominica,2014,71.19
Dominica,2015,69.97
Dominica,2016,71.19
Dominica,2017,68.62
Dominica,2018,71.38
Dominica,2019,71.31
Dominica,2020,71.27
Dominica,2021,69.83
Dominica,2022,71.08
Dominica,2023,71.13
Dominican Republic,1950,44.06
Dominican Republic,1951,44.83
Dominican Republic,1952,45.57
Dominican Republic,1953,46.35
Dominican Republic,1954,47.12
Dominican Republic,1955,47.92
Dominican Republic,1956,48.71
Dominican Republic,1957,49.47
Dominican Republic,1958,50.21
Dominican Republic,1959,50.95
Dominican Republic,1960,51.7
Dominican Republic,1961,52.45
Dominican Republic,1962,53.2
Dominican Republic,1963,53.75
Dominican Republic,1964,54.65
Dominican Republic,1965,52.84
Dominican Republic,1966,55.96
Dominican Republic,1967,56.65
Dominican Republic,1968,57.27
Dominican Republic,1969,57.89
Dominican Republic,1970,58.49
Dominican Republic,1971,59.09
Dominican Republic,1972,59.66
Dominican Republic,1973,60.23
Dominican Republic,1974,60.76
Dominican Republic,1975,61.25
Dominican Republic,1976,61.74
Dominican Republic,1977,62.2
Dominican Republic,1978,62.62
Dominican Republic,1979,62.43
Dominican Republic,1980,63.39
Dominican Republic,1981,63.78
Dominican Republic,1982,64.2
Dominican Republic,1983,64.63
Dominican Republic,1984,65.13
Dominican Republic,1985,65.61
Dominican Republic,1986,66.06
Dominican Republic,1987,66.49
Dominican Republic,1988,66.91
Dominican Republic,1989,67.33
Dominican Republic,1990,67.75
Dominican Republic,1991,68.15
Dominican Republic,1992,68.53
Dominican Republic,1993,68.86
Dominican Republic,1994,69.16
Dominican Republic,1995,69.39
Dominican Republic,1996,69.6
Dominican Republic,1997,69.81
Dominican Republic,1998,69.88
Dominican Republic,1999,70.18
Dominican Republic,2000,70.36
Dominican Republic,2001,70.55
Dominican Republic,2002,70.72
Dominican Republic,2003,70.86
Dominican Republic,2004,70.73
Dominican Republic,2005,71.04
Dominican Republic,2006,71.05
Dominican Republic,2007,71.1
Dominican Republic,2008,71.33
Dominican Republic,2009,71.59
Dominican Republic,2010,72.04
Dominican Republic,2011,72.5
Dominican Republic,2012,72.82
Dominican Republic,2013,73.04
Dominican Republic,2014,73.14
Dominican Republic,2015,72.98
Dominican Republic,2016,72.89
Dominican Republic,2017,73.37
Dominican Republic,2018,73.56
Dominican Republic,2019,73.11
Dominican Republic,2020,72.64
Dominican Republic,2021,71.76
Dominican Republic,2022,74.21
Dominican Republic,2023,73.72
East Timor,1950,29.16
East Timor,1951,29.46
East Timor,1952,29.76
East Timor,1953,30.07
East Timor,1954,30.37
East Timor,1955,30.67
East Timor,1956,30.98
East Timor,1957,31.31
East Timor,1958,31.66
East Timor,1959,32.02
East Timor,1960,32.4
East Timor,1961,32.8
East Timor,1962,33.22
East Timor,1963,33.67
East Timor,1964,34.15
East Timor,1965,34.65
East Timor,1966,35.17
East Timor,1967,35.7
East Timor,1968,36.24
East Timor,1969,36.8
East Timor,1970,37.36
East Timor,1971,37.91
East Timor,1972,38.44
East Timor,1973,38.97
East Timor,1974,36.45
East Timor,1975,24.31
East Timor,1976,25.86
East Timor,1977,24.88
East Timor,1978,22.93
East Timor,1979,24.17
East Timor,1980,30.2
East Timor,1981,31.25
East Timor,1982,32.25
East Timor,1983,32.69
East Timor,1984,34.47
East Timor,1985,34.34
East Timor,1986,34.76
East Timor,1987,35.97
East Timor,1988,36.05
East Timor,1989,44.8
East Timor,1990,45.18
East Timor,1991,45.08
East Timor,1992,46.19
East Timor,1993,47.01
East Timor,1994,47.86
East Timor,1995,47.54
East Timor,1996,48.26
East Timor,1997,48.97
East Timor,1998,48.58
East Timor,1999,45.25
East Timor,2000,58.1
East Timor,2001,58.77
East Timor,2002,59.48
East Timor,2003,60.13
East Timor,2004,60.74
East Timor,2005,61.27
East Timor,2006,61.88
East Timor,2007,62.4
East Timor,2008,62.86
East Timor,2009,63.27
East Timor,2010,63.66
East Timor,2011,64.02
East Timor,2012,64.38
East Timor,2013,64.72
East Timor,2014,65.03
East Timor,2015,65.33
East Timor,2016,65.61
East Timor,2017,65.9
East Timor,2018,66.2
East Timor,2019,66.5
East Timor,2020,66.92
East Timor,2021,66.2
East Timor,2022,67.37
East Timor,2023,67.69
Ecuador,1950,48.45
Ecuador,1951,48.9
Ecuador,1952,49.23
Ecuador,1953,49.56
Ecuador,1954,49.96
Ecuador,1955,50.39
Ecuador,1956,50.88
Ecuador,1957,51.45
Ecuador,1958,52.07
Ecuador,1959,52.74
Ecuador,1960,53.4
Ecuador,1961,54.05
Ecuador,1962,54.68
Ecuador,1963,55.32
Ecuador,1964,55.95
Ecuador,1965,56.52
Ecuador,1966,57.02
Ecuador,1967,57.48
Ecuador,1968,57.95
Ecuador,1969,58.27
Ecuador,1970,58.85
Ecuador,1971,59.34
Ecuador,1972,59.82
Ecuador,1973,60.31
Ecuador,1974,60.7
Ecuador,1975,61.08
Ecuador,1976,61.43
Ecuador,1977,61.93
Ecuador,1978,62.4
Ecuador,1979,62.85
Ecuador,1980,63.33
Ecuador,1981,63.81
Ecuador,1982,64.27
Ecuador,1983,64.66
Ecuador,1984,65.2
Ecuador,1985,65.63
Ecuador,1986,66.12
Ecuador,1987,66.59
Ecuador,1988,67.04
Ecuador,1989,67.82
Ecuador,1990,68.44
Ecuador,1991,69.04
Ecuador,1992,69.47
Ecuador,1993,70.07
Ecuador,1994,70.88
Ecuador,1995,71.35
Ecuador,1996,71.82
Ecuador,1997,72.01
Ecuador,1998,71.95
Ecuador,1999,71.92
Ecuador,2000,72.09
Ecuador,2001,72.57
Ecuador,2002,73.16
Ecuador,2003,73.63
Ecuador,2004,73.87
Ecuador,2005,73.91
Ecuador,2006,74.01
Ecuador,2007,74.23
Ecuador,2008,74.71
Ecuador,2009,74.9
Ecuador,2010,75.19
Ecuador,2011,75.18
Ecuador,2012,75.49
Ecuador,2013,75.83
Ecuador,2014,76.14
Ecuador,2015,76.22
Ecuador,2016,76.09
Ecuador,2017,76.22
Ecuador,2018,77.25
Ecuador,2019,77.29
Ecuador,2020,72.0
Ecuador,2021,72.75
Ecuador,2022,76.58
Ecuador,2023,77.39
Egypt,1950,33.95
Egypt,1951,35.28
Egypt,1952,36.6
Egypt,1953,37.87
Egypt,1954,39.06
Egypt,1955,40.15
Egypt,1956,41.02
Egypt,1957,42.05
Egypt,1958,42.89
Egypt,1959,43.68
Egypt,1960,44.44
Egypt,1961,45.15
Egypt,1962,45.84
Egypt,1963,46.49
Egypt,1964,47.08
Egypt,1965,47.58
Egypt,1966,47.99
Egypt,1967,48.13
Egypt,1968,48.6
Egypt,1969,48.7
Egypt,1970,49.0
Egypt,1971,49.48
Egypt,1972,49.91
Egypt,1973,50.1
Egypt,1974,51.04
Egypt,1975,51.73
Egypt,1976,52.48
Egypt,1977,53.27
Egypt,1978,54.07
Egypt,1979,54.88
Egypt,1980,55.67
Egypt,1981,56.45
Egypt,1982,57.22
Egypt,1983,57.97
Egypt,1984,58.7
Egypt,1985,59.41
Egypt,1986,60.08
Egypt,1987,60.74
Egypt,1988,61.36
Egypt,1989,61.95
Egypt,1990,62.51
Egypt,1991,63.06
Egypt,1992,63.59
Egypt,1993,64.15
Egypt,1994,64.66
Egypt,1995,65.21
Egypt,1996,65.73
Egypt,1997,66.21
Egypt,1998,66.64
Egypt,1999,67.01
Egypt,2000,67.33
Egypt,2001,67.61
Egypt,2002,67.85
Egypt,2003,68.05
Egypt,2004,68.21
Egypt,2005,68.36
Egypt,2006,68.49
Egypt,2007,68.63
Egypt,2008,68.76
Egypt,2009,68.92
Egypt,2010,69.08
Egypt,2011,69.23
Egypt,2012,69.46
Egypt,2013,69.63
Egypt,2014,69.91
Egypt,2015,70.13
Egypt,2016,70.44
Egypt,2017,70.71
Egypt,2018,70.97
Egypt,2019,71.21
Egypt,2020,69.79
Egypt,2021,68.98
Egypt,2022,71.01
Egypt,2023,71.63
El Salvador,1950,44.2
El Salvador,1951,43.81
El Salvador,1952,44.75
El Salvador,1953,44.99
El Salvador,1954,45.51
El Salvador,1955,46.03
El Salvador,1956,46.56
El Salvador,1957,47.12
El Salvador,1958,47.69
El Salvador,1959,47.97
El Salvador,1960,48.29
El Salvador,1961,48.63
El Salvador,1962,49.0
El Salvador,1963,49.38
El Salvador,1964,49.75
El Salvador,1965,50.21
El Salvador,1966,50.67
El Salvador,1967,50.84
El Salvador,1968,50.84
El Salvador,1969,51.28
El Salvador,1970,51.36
El Salvador,1971,51.67
El Salvador,1972,51.96
El Salvador,1973,52.78
El Salvador,1974,52.89
El Salvador,1975,53.42
El Salvador,1976,54.38
El Salvador,1977,54.05
El Salvador,1978,54.71
El Salvador,1979,53.8
El Salvador,1980,48.59
El Salvador,1981,50.89
El Salvador,1982,53.34
El Salvador,1983,54.37
El Salvador,1984,56.57
El Salvador,1985,58.03
El Salvador,1986,59.33
El Salvador,1987,59.4
El Salvador,1988,59.98
El Salvador,1989,61.25
El Salvador,1990,61.98
El Salvador,1991,62.54
El Salvador,1992,62.94
El Salvador,1993,64.0
El Salvador,1994,64.47
El Salvador,1995,64.9
El Salvador,1996,65.48
El Salvador,1997,66.25
El Salvador,1998,66.65
El Salvador,1999,67.29
El Salvador,2000,67.71
El Salvador,2001,67.96
El Salvador,2002,68.53
El Salvador,2003,68.79
El Salvador,2004,69.29
El Salvador,2005,69.34
El Salvador,2006,69.61
El Salvador,2007,69.82
El Salvador,2008,70.14
El Salvador,2009,70.36
El Salvador,2010,70.91
El Salvador,2011,71.19
El Salvador,2012,71.42
El Salvador,2013,71.23
El Salvador,2014,71.14
El Salvador,2015,70.95
El Salvador,2016,70.91
El Salvador,2017,71.01
El Salvador,2018,71.38
El Salvador,2019,71.73
El Salvador,2020,70.24
El Salvador,2021,69.94
El Salvador,2022,71.97
El Salvador,2023,72.1
Equatorial Guinea,1950,40.11
Equatorial Guinea,1951,40.37
Equatorial Guinea,1952,40.63
Equatorial Guinea,1953,40.89
Equatorial Guinea,1954,41.15
Equatorial Guinea,1955,41.41
Equatorial Guinea,1956,41.67
Equatorial Guinea,1957,41.94
Equatorial Guinea,1958,42.2
Equatorial Guinea,1959,42.47
Equatorial Guinea,1960,42.74
Equatorial Guinea,1961,43.01
Equatorial Guinea,1962,43.27
Equatorial Guinea,1963,43.54
Equatorial Guinea,1964,43.8
Equatorial Guinea,1965,44.07
Equatorial Guinea,1966,44.33
Equatorial Guinea,1967,44.59
Equatorial Guinea,1968,44.85
Equatorial Guinea,1969,31.0
Equatorial Guinea,1970,31.09
Equatorial Guinea,1971,37.23
Equatorial Guinea,1972,44.44
Equatorial Guinea,1973,44.66
Equatorial Guinea,1974,41.49
Equatorial Guinea,1975,37.32
Equatorial Guinea,1976,30.54
Equatorial Guinea,1977,42.01
Equatorial Guinea,1978,42.33
Equatorial Guinea,1979,43.03
Equatorial Guinea,1980,48.78
Equatorial Guinea,1981,49.11
Equatorial Guinea,1982,49.67
Equatorial Guinea,1983,50.05
Equatorial Guinea,1984,50.2
Equatorial Guinea,1985,50.6
Equatorial Guinea,1986,50.85
Equatorial Guinea,1987,50.99
Equatorial Guinea,1988,51.18
Equatorial Guinea,1989,51.29
Equatorial Guinea,1990,51.4
Equatorial Guinea,1991,51.5
Equatorial Guinea,1992,51.58
Equatorial Guinea,1993,51.67
Equatorial Guinea,1994,51.79
Equatorial Guinea,1995,51.93
Equatorial Guinea,1996,52.12
Equatorial Guinea,1997,52.36
Equatorial Guinea,1998,52.65
Equatorial Guinea,1999,53.0
Equatorial Guinea,2000,53.4
Equatorial Guinea,2001,53.83
Equatorial Guinea,2002,54.32
Equatorial Guinea,2003,54.79
Equatorial Guinea,2004,55.31
Equatorial Guinea,2005,55.77
Equatorial Guinea,2006,56.35
Equatorial Guinea,2007,56.86
Equatorial Guinea,2008,57.38
Equatorial Guinea,2009,57.88
Equatorial Guinea,2010,58.34
Equatorial Guinea,2011,58.83
Equatorial Guinea,2012,59.3
Equatorial Guinea,2013,59.78
Equatorial Guinea,2014,60.23
Equatorial Guinea,2015,60.63
Equatorial Guinea,2016,61.08
Equatorial Guinea,2017,61.48
Equatorial Guinea,2018,61.92
Equatorial Guinea,2019,62.3
Equatorial Guinea,2020,62.14
Equatorial Guinea,2021,62.45
Equatorial Guinea,2022,63.35
Equatorial Guinea,2023,63.71
Eritrea,1950,33.29
Eritrea,1951,33.64
Eritrea,1952,34.0
Eritrea,1953,34.38
Eritrea,1954,34.8
Eritrea,1955,35.18
Eritrea,1956,35.63
Eritrea,1957,30.4
Eritrea,1958,30.91
Eritrea,1959,36.97
Eritrea,1960,37.44
Eritrea,1961,37.91
Eritrea,1962,38.35
Eritrea,1963,38.83
Eritrea,1964,39.18
Eritrea,1965,39.58
Eritrea,1966,37.63
Eritrea,1967,40.15
Eritrea,1968,40.48
Eritrea,1969,40.79
Eritrea,1970,41.16
Eritrea,1971,41.53
Eritrea,1972,40.72
Eritrea,1973,41.13
Eritrea,1974,39.0
Eritrea,1975,39.03
Eritrea,1976,42.59
Eritrea,1977,42.98
Eritrea,1978,43.38
Eritrea,1979,43.78
Eritrea,1980,44.63
Eritrea,1981,44.97
Eritrea,1982,44.89
Eritrea,1983,37.17
Eritrea,1984,37.68
Eritrea,1985,38.59
Eritrea,1986,39.54
Eritrea,1987,47.36
Eritrea,1988,48.09
Eritrea,1989,47.8
Eritrea,1990,49.73
Eritrea,1991,50.52
Eritrea,1992,52.44
Eritrea,1993,53.19
Eritrea,1994,54.03
Eritrea,1995,54.82
Eritrea,1996,55.5
Eritrea,1997,56.16
Eritrea,1998,50.0
Eritrea,1999,44.51
Eritrea,2000,56.29
Eritrea,2001,58.36
Eritrea,2002,58.94
Eritrea,2003,59.46
Eritrea,2004,60.06
Eritrea,2005,60.63
Eritrea,2006,61.46
Eritrea,2007,62.0
Eritrea,2008,62.42
Eritrea,2009,63.2
Eritrea,2010,63.67
Eritrea,2011,64.23
Eritrea,2012,64.7
Eritrea,2013,65.0
Eritrea,2014,65.52
Eritrea,2015,65.91
Eritrea,2016,66.24
Eritrea,2017,66.61
Eritrea,2018,66.98
Eritrea,2019,67.31
Eritrea,2020,66.98
Eritrea,2021,66.94
Eritrea,2022,67.79
Eritrea,2023,68.62
Estonia,1950,66.36
Estonia,1951,66.75
Estonia,1952,67.15
Estonia,1953,67.5
Estonia,1954,67.83
Estonia,1955,68.17
Estonia,1956,68.49
Estonia,1957,68.77
Estonia,1958,68.75
Estonia,1959,68.67
Estonia,1960,69.34
Estonia,1961,69.64
Estonia,1962,69.84
Estonia,1963,69.89
Estonia,1964,70.65
Estonia,1965,70.72
Estonia,1966,70.66
Estonia,1967,70.98
Estonia,1968,70.61
Estonia,1969,70.27
Estonia,1970,70.4
Estonia,1971,70.6
Estonia,1972,70.38
Estonia,1973,70.69
Estonia,1974,70.81
Estonia,1975,70.12
Estonia,1976,69.74
Estonia,1977,69.83
Estonia,1978,69.66
Estonia,1979,69.41
Estonia,1980,69.47
Estonia,1981,69.34
Estonia,1982,69.86
Estonia,1983,69.79
Estonia,1984,69.64
Estonia,1985,69.77
Estonia,1986,70.91
Estonia,1987,70.92
Estonia,1988,70.97
Estonia,1989,70.5
Estonia,1990,69.92
Estonia,1991,69.79
Estonia,1992,69.16
Estonia,1993,68.22
Estonia,1994,66.74
Estonia,1995,67.81
Estonia,1996,70.03
Estonia,1997,70.24
Estonia,1998,69.84
Estonia,1999,70.68
Estonia,2000,71.01
Estonia,2001,70.83
Estonia,2002,71.36
Estonia,2003,71.92
Estonia,2004,72.38
Estonia,2005,73.03
Estonia,2006,73.2
Estonia,2007,73.15
Estonia,2008,74.28
Estonia,2009,75.15
Estonia,2010,75.88
Estonia,2011,76.35
Estonia,2012,76.42
Estonia,2013,77.25
Estonia,2014,77.11
Estonia,2015,77.67
Estonia,2016,77.76
Estonia,2017,78.18
Estonia,2018,78.33
Estonia,2019,78.77
Estonia,2020,78.89
Estonia,2021,77.41
Estonia,2022,78.17
Estonia,2023,79.15
Eswatini,1950,43.44
Eswatini,1951,43.74
Eswatini,1952,44.01
Eswatini,1953,44.28
Eswatini,1954,44.59
Eswatini,1955,44.85
Eswatini,1956,45.11
Eswatini,1957,45.43
Eswatini,1958,45.75
Eswatini,1959,46.09
Eswatini,1960,46.39
Eswatini,1961,46.75
Eswatini,1962,47.15
Eswatini,1963,47.47
Eswatini,1964,47.92
Eswatini,1965,48.43
Eswatini,1966,48.99
Eswatini,1967,49.53
Eswatini,1968,50.08
Eswatini,1969,50.64
Eswatini,1970,51.21
Eswatini,1971,51.78
Eswatini,1972,52.35
Eswatini,1973,52.99
Eswatini,1974,53.66
Eswatini,1975,54.4
Eswatini,1976,55.17
Eswatini,1977,55.97
Eswatini,1978,56.78
Eswatini,1979,57.54
Eswatini,1980,58.23
Eswatini,1981,58.79
Eswatini,1982,59.47
Eswatini,1983,58.42
Eswatini,1984,60.44
Eswatini,1985,61.16
Eswatini,1986,61.6
Eswatini,1987,61.9
Eswatini,1988,61.93
Eswatini,1989,61.67
Eswatini,1990,61.17
Eswatini,1991,60.39
Eswatini,1992,59.28
Eswatini,1993,58.09
Eswatini,1994,56.64
Eswatini,1995,55.08
Eswatini,1996,53.3
Eswatini,1997,51.7
Eswatini,1998,50.07
Eswatini,1999,48.81
Eswatini,2000,47.63
Eswatini,2001,46.34
Eswatini,2002,45.38
Eswatini,2003,44.63
Eswatini,2004,43.91
Eswatini,2005,43.96
Eswatini,2006,44.56
Eswatini,2007,45.16
Eswatini,2008,45.85
Eswatini,2009,46.91
Eswatini,2010,48.33
Eswatini,2011,49.06
Eswatini,2012,50.71
Eswatini,2013,52.11
Eswatini,2014,53.49
Eswatini,2015,54.94
Eswatini,2016,56.23
Eswatini,2017,57.57
Eswatini,2018,58.71
Eswatini,2019,59.85
Eswatini,2020,59.86
Eswatini,2021,58.23
Eswatini,2022,63.03
Eswatini,2023,64.12
Ethiopia,1950,35.51
Ethiopia,1951,35.86
Ethiopia,1952,36.22
Ethiopia,1953,36.56
Ethiopia,1954,36.96
Ethiopia,1955,37.32
Ethiopia,1956,37.78
Ethiopia,1957,32.17
Ethiopia,1958,32.63
Ethiopia,1959,39.17
Ethiopia,1960,39.62
Ethiopia,1961,40.2
Ethiopia,1962,40.53
Ethiopia,1963,40.97
Ethiopia,1964,41.26
Ethiopia,1965,41.41
Ethiopia,1966,39.34
Ethiopia,1967,41.94
Ethiopia,1968,42.09
Ethiopia,1969,42.13
Ethiopia,1970,42.11
Ethiopia,1971,42.22
Ethiopia,1972,41.03
Ethiopia,1973,41.1
Ethiopia,1974,39.08
Ethiopia,1975,38.94
Ethiopia,1976,41.32
Ethiopia,1977,41.4
Ethiopia,1978,41.51
Ethiopia,1979,42.38
Ethiopia,1980,42.82
Ethiopia,1981,43.08
Ethiopia,1982,43.43
Ethiopia,1983,36.32
Ethiopia,1984,36.74
Ethiopia,1985,37.75
Ethiopia,1986,38.37
Ethiopia,1987,45.89
Ethiopia,1988,45.68
Ethiopia,1989,45.64
Ethiopia,1990,45.12
Ethiopia,1991,46.66
Ethiopia,1992,47.28
Ethiopia,1993,47.68
Ethiopia,1994,47.93
Ethiopia,1995,48.16
Ethiopia,1996,48.7
Ethiopia,1997,49.21
Ethiopia,1998,49.79
Ethiopia,1999,49.49
Ethiopia,2000,50.88
Ethiopia,2001,51.43
Ethiopia,2002,52.09
Ethiopia,2003,52.88
Ethiopia,2004,53.73
Ethiopia,2005,54.36
Ethiopia,2006,55.4
Ethiopia,2007,56.57
Ethiopia,2008,57.73
Ethiopia,2009,58.72
Ethiopia,2010,59.71
Ethiopia,2011,60.59
Ethiopia,2012,61.44
Ethiopia,2013,62.16
Ethiopia,2014,62.93
Ethiopia,2015,63.59
Ethiopia,2016,64.16
Ethiopia,2017,64.77
Ethiopia,2018,65.26
Ethiopia,2019,65.74
Ethiopia,2020,65.97
Ethiopia,2021,65.33
Ethiopia,2022,66.9
Ethiopia,2023,67.32
Europe,1950,61.96
Europe,1951,61.89
Europe,1952,63.29
Europe,1953,64.05
Europe,1954,64.88
Europe,1955,65.65
Europe,1956,66.8
Europe,1957,66.98
Europe,1958,68.04
Europe,1959,68.26
Europe,1960,68.71
Europe,1961,69.17
Europe,1962,69.14
Europe,1963,69.39
Europe,1964,70.03
Europe,1965,70.04
Europe,1966,70.24
Europe,1967,70.32
Europe,1968,70.15
Europe,1969,69.96
Europe,1970,70.29
Europe,1971,70.47
Europe,1972,70.69
Europe,1973,70.8
Europe,1974,70.96
Europe,1975,70.87
Europe,1976,70.96
Europe,1977,71.16
Europe,1978,71.19
Europe,1979,71.28
Europe,1980,71.34
Europe,1981,71.55
Europe,1982,71.87
Europe,1983,71.87
Europe,1984,72.01
Europe,1985,72.23
Europe,1986,72.83
Europe,1987,73.08
Europe,1988,73.15
Europe,1989,73.2
Europe,1990,73.12
Europe,1991,73.09
Europe,1992,72.76
Europe,1993,72.11
Europe,1994,72.04
Europe,1995,72.18
Europe,1996,72.74
Europe,1997,73.3
Europe,1998,73.56
Europe,1999,73.32
Europe,2000,73.44
Europe,2001,73.62
Europe,2002,73.63
Europe,2003,73.68
Europe,2004,74.15
Europe,2005,74.29
Europe,2006,74.9
Europe,2007,75.31
Europe,2008,75.61
Europe,2009,76.06
Europe,2010,76.2
Europe,2011,76.87
Europe,2012,77.06
Europe,2013,77.41
Europe,2014,77.68
Europe,2015,77.78
Europe,2016,78.17
Europe,2017,78.46
Europe,2018,78.53
Europe,2019,78.76
Europe,2020,77.65
Europe,2021,77.04
Europe,2022,78.18
Europe,2023,79.06
Falkland Islands,1950,49.48
Falkland Islands,1951,49.68
Falkland Islands,1952,49.89
Falkland Islands,1953,50.32
Falkland Islands,1954,50.86
Falkland Islands,1955,51.33
Falkland Islands,1956,51.81
Falkland Islands,1957,52.29
Falkland Islands,1958,52.78
Falkland Islands,1959,53.19
Falkland Islands,1960,53.54
Falkland Islands,1961,53.8
Falkland Islands,1962,54.04
Falkland Islands,1963,54.18
Falkland Islands,1964,54.33
Falkland Islands,1965,54.53
Falkland Islands,1966,54.72
Falkland Islands,1967,54.85
Falkland Islands,1968,55.01
Falkland Islands,1969,55.22
Falkland Islands,1970,55.38
Falkland Islands,1971,55.59
Falkland Islands,1972,55.8
Falkland Islands,1973,55.99
Falkland Islands,1974,56.09
Falkland Islands,1975,56.18
Falkland Islands,1976,56.11
Falkland Islands,1977,55.84
Falkland Islands,1978,55.36
Falkland Islands,1979,54.73
Falkland Islands,1980,53.94
Falkland Islands,1981,53.12
Falkland Islands,1982,52.39
Falkland Islands,1983,51.8
Falkland Islands,1984,51.38
Falkland Islands,1985,51.16
Falkland Islands,1986,51.15
Falkland Islands,1987,51.34
Falkland Islands,1988,51.7
Falkland Islands,1989,52.36
Falkland Islands,1990,53.34
Falkland Islands,1991,54.62
Falkland Islands,1992,56.28
Falkland Islands,1993,58.18
Falkland Islands,1994,60.23
Falkland Islands,1995,62.36
Falkland Islands,1996,64.44
Falkland Islands,1997,66.39
Falkland Islands,1998,68.16
Falkland Islands,1999,69.77
Falkland Islands,2000,71.13
Falkland Islands,2001,72.27
Falkland Islands,2002,73.24
Falkland Islands,2003,74.03
Falkland Islands,2004,74.7
Falkland Islands,2005,75.34
Falkland Islands,2006,75.94
Falkland Islands,2007,76.49
Falkland Islands,2008,76.95
Falkland Islands,2009,77.39
Falkland Islands,2010,77.73
Falkland Islands,2011,77.98
Falkland Islands,2012,78.19
Falkland Islands,2013,78.3
Falkland Islands,2014,78.36
Falkland Islands,2015,78.43
Falkland Islands,2016,78.48
Falkland Islands,2017,78.51
Falkland Islands,2018,78.56
Falkland Islands,2019,78.61
Falkland Islands,2020,78.78
Falkland Islands,2021,78.99
Falkland Islands,2022,79.04
Falkland Islands,2023,79.21
Faroe Islands,1950,60.57
Faroe Islands,1951,61.67
Faroe Islands,1952,62.71
Faroe Islands,1953,63.9
Faroe Islands,1954,65.18
Faroe Islands,1955,66.58
Faroe Islands,1956,67.98
Faroe Islands,1957,69.28
Faroe Islands,1958,70.36
Faroe Islands,1959,71.3
Faroe Islands,1960,72.02
Faroe Islands,1961,72.62
Faroe Islands,1962,73.07
Faroe Islands,1963,73.43
Faroe Islands,1964,73.72
Faroe Islands,1965,73.96
Faroe Islands,1966,74.16
Faroe Islands,1967,74.35
Faroe Islands,1968,74.55
Faroe Islands,1969,74.71
Faroe Islands,1970,74.85
Faroe Islands,1971,74.99
Faroe Islands,1972,75.09
Faroe Islands,1973,75.2
Faroe Islands,1974,75.24
Faroe Islands,1975,75.32
Faroe Islands,1976,75.4
Faroe Islands,1977,75.52
Faroe Islands,1978,75.62
Faroe Islands,1979,75.67
Faroe Islands,1980,75.75
Faroe Islands,1981,75.83
Faroe Islands,1982,75.88
Faroe Islands,1983,75.93
Faroe Islands,1984,75.98
Faroe Islands,1985,76.05
Faroe Islands,1986,76.16
Faroe Islands,1987,76.31
Faroe Islands,1988,76.49
Faroe Islands,1989,76.7
Faroe Islands,1990,76.89
Faroe Islands,1991,77.09
Faroe Islands,1992,77.27
Faroe Islands,1993,77.41
Faroe Islands,1994,77.54
Faroe Islands,1995,77.66
Faroe Islands,1996,77.76
Faroe Islands,1997,77.9
Faroe Islands,1998,78.02
Faroe Islands,1999,78.15
Faroe Islands,2000,78.25
Faroe Islands,2001,78.33
Faroe Islands,2002,78.37
Faroe Islands,2003,78.39
Faroe Islands,2004,78.38
Faroe Islands,2005,78.36
Faroe Islands,2006,78.39
Faroe Islands,2007,78.44
Faroe Islands,2008,78.52
Faroe Islands,2009,78.62
Faroe Islands,2010,78.73
Faroe Islands,2011,78.89
Faroe Islands,2012,79.02
Faroe Islands,2013,79.15
Faroe Islands,2014,79.3
Faroe Islands,2015,79.43
Faroe Islands,2016,79.57
Faroe Islands,2017,79.69
Faroe Islands,2018,79.81
Faroe Islands,2019,79.91
Faroe Islands,2020,79.98
Faroe Islands,2021,79.79
Faroe Islands,2022,79.26
Faroe Islands,2023,80.18
Fiji,1950,51.71
Fiji,1951,52.2
Fiji,1952,52.6
Fiji,1953,53.35
Fiji,1954,54.21
Fiji,1955,55.31
Fiji,1956,56.16
Fiji,1957,57.07
Fiji,1958,57.83
Fiji,1959,58.16
Fiji,1960,58.6
Fiji,1961,59.1
Fiji,1962,59.65
Fiji,1963,60.16
Fiji,1964,60.71
Fiji,1965,61.41
Fiji,1966,61.57
Fiji,1967,61.44
Fiji,1968,61.72
Fiji,1969,61.4
Fiji,1970,61.65
Fiji,1971,61.74
Fiji,1972,61.63
Fiji,1973,60.65
Fiji,1974,61.19
Fiji,1975,61.69
Fiji,1976,62.1
Fiji,1977,62.69
Fiji,1978,63.07
Fiji,1979,62.31
Fiji,1980,62.41
Fiji,1981,62.26
Fiji,1982,62.2
Fiji,1983,62.92
Fiji,1984,63.24
Fiji,1985,64.0
Fiji,1986,63.96
Fiji,1987,64.28
Fiji,1988,64.95
Fiji,1989,65.39
Fiji,1990,65.06
Fiji,1991,65.46
Fiji,1992,65.41
Fiji,1993,65.51
Fiji,1994,65.8
Fiji,1995,66.01
Fiji,1996,66.2
Fiji,1997,66.29
Fiji,1998,66.54
Fiji,1999,66.73
Fiji,2000,66.19
Fiji,2001,66.2
Fiji,2002,65.49
Fiji,2003,65.65
Fiji,2004,65.84
Fiji,2005,65.98
Fiji,2006,66.13
Fiji,2007,66.16
Fiji,2008,66.32
Fiji,2009,66.35
Fiji,2010,66.78
Fiji,2011,66.88
Fiji,2012,65.81
Fiji,2013,66.54
Fiji,2014,66.58
Fiji,2015,66.48
Fiji,2016,66.66
Fiji,2017,67.06
Fiji,2018,66.96
Fiji,2019,67.01
Fiji,2020,66.92
Fiji,2021,64.9
Fiji,2022,67.15
Fiji,2023,67.32
Finland,1950,64.2
Finland,1951,65.63
Finland,1952,66.52
Finland,1953,66.6
Finland,1954,67.55
Finland,1955,67.34
Finland,1956,67.99
Finland,1957,67.45
Finland,1958,68.61
Finland,1959,68.79
Finland,1960,68.99
Finland,1961,69.01
Finland,1962,68.74
Finland,1963,69.18
Finland,1964,69.38
Finland,1965,69.13
Finland,1966,69.64
Finland,1967,69.82
Finland,1968,69.78
Finland,1969,69.65
Finland,1970,70.32
Finland,1971,70.15
Finland,1972,70.87
Finland,1973,71.37
Finland,1974,71.29
Finland,1975,71.84
Finland,1976,71.99
Finland,1977,72.51
Finland,1978,73.08
Finland,1979,73.36
Finland,1980,73.65
Finland,1981,73.96
Finland,1982,74.53
Finland,1983,74.44
Finland,1984,74.74
Finland,1985,74.42
Finland,1986,74.77
Finland,1987,74.8
Finland,1988,74.76
Finland,1989,74.97
Finland,1990,74.99
Finland,1991,75.41
Finland,1992,75.65
Finland,1993,75.88
Finland,1994,76.57
Finland,1995,76.6
Finland,1996,76.87
Finland,1997,77.06
Finland,1998,77.26
Finland,1999,77.45
Finland,2000,77.67
Finland,2001,78.14
Finland,2002,78.27
Finland,2003,78.53
Finland,2004,78.85
Finland,2005,78.97
Finland,2006,79.37
Finland,2007,79.39
Finland,2008,79.69
Finland,2009,79.83
Finland,2010,80.01
Finland,2011,80.39
Finland,2012,80.51
Finland,2013,80.87
Finland,2014,81.05
Finland,2015,81.38
Finland,2016,81.3
Finland,2017,81.5
Finland,2018,81.63
Finland,2019,81.86
Finland,2020,81.82
Finland,2021,81.81
Finland,2022,81.24
Finland,2023,81.91
France,1950,66.38
France,1951,66.1
France,1952,67.39
France,1953,67.32
France,1954,68.19
France,1955,68.44
France,1956,68.46
France,1957,68.9
France,1958,70.11
France,1959,70.17
France,1960,70.37
France,1961,70.96
France,1962,70.47
France,1963,70.32
France,1964,71.28
France,1965,71.11
France,1966,71.51
France,1967,71.5
France,1968,71.49
France,1969,71.21
France,1970,72.09
France,1971,72.07
France,1972,72.31
France,1973,72.48
France,1974,72.8
France,1975,72.9
France,1976,73.12
France,1977,73.73
France,1978,73.84
France,1979,74.12
France,1980,74.23
France,1981,74.4
France,1982,74.77
France,1983,74.73
France,1984,75.22
France,1985,75.31
France,1986,75.58
France,1987,76.15
France,1988,76.4
France,1989,76.54
France,1990,76.84
France,1991,77.02
France,1992,77.3
France,1993,77.35
France,1994,77.77
France,1995,77.87
France,1996,78.06
France,1997,78.42
France,1998,78.59
France,1999,78.75
France,2000,79.04
France,2001,79.22
France,2002,79.41
France,2003,79.42
France,2004,80.34
France,2005,80.34
France,2006,80.74
France,2007,80.96
France,2008,81.04
France,2009,81.16
France,2010,81.4
France,2011,81.78
France,2012,81.74
France,2013,81.98
France,2014,82.44
France,2015,82.15
France,2016,82.4
France,2017,82.44
France,2018,82.57
France,2019,82.73
France,2020,82.2
France,2021,82.32
France,2022,82.48
France,2023,83.33
French Guiana,1950,47.74
French Guiana,1951,48.42
French Guiana,1952,48.99
French Guiana,1953,49.54
French Guiana,1954,50.1
French Guiana,1955,50.74
French Guiana,1956,51.55
French Guiana,1957,52.55
French Guiana,1958,53.64
French Guiana,1959,54.74
French Guiana,1960,55.82
French Guiana,1961,56.89
French Guiana,1962,57.92
French Guiana,1963,58.86
French Guiana,1964,59.74
French Guiana,1965,60.55
French Guiana,1966,61.27
French Guiana,1967,61.89
French Guiana,1968,62.41
French Guiana,1969,62.88
French Guiana,1970,63.27
French Guiana,1971,63.65
French Guiana,1972,64.04
French Guiana,1973,64.41
French Guiana,1974,64.74
French Guiana,1975,65.02
French Guiana,1976,65.25
French Guiana,1977,65.55
French Guiana,1978,66.01
French Guiana,1979,66.56
French Guiana,1980,67.14
French Guiana,1981,67.65
French Guiana,1982,68.13
French Guiana,1983,68.59
French Guiana,1984,69.02
French Guiana,1985,69.39
French Guiana,1986,69.72
French Guiana,1987,70.04
French Guiana,1988,70.36
French Guiana,1989,70.63
French Guiana,1990,70.85
French Guiana,1991,71.04
French Guiana,1992,71.24
French Guiana,1993,71.46
French Guiana,1994,71.69
French Guiana,1995,71.92
French Guiana,1996,72.13
French Guiana,1997,72.22
French Guiana,1998,72.49
French Guiana,1999,72.72
French Guiana,2000,72.97
French Guiana,2001,73.32
French Guiana,2002,73.49
French Guiana,2003,73.58
French Guiana,2004,73.8
French Guiana,2005,74.13
French Guiana,2006,74.57
French Guiana,2007,74.95
French Guiana,2008,75.37
French Guiana,2009,75.64
French Guiana,2010,75.85
French Guiana,2011,76.02
French Guiana,2012,76.22
French Guiana,2013,76.46
French Guiana,2014,76.68
French Guiana,2015,76.63
French Guiana,2016,76.65
French Guiana,2017,76.8
French Guiana,2018,77.24
French Guiana,2019,76.57
French Guiana,2020,77.51
French Guiana,2021,74.2
French Guiana,2022,76.79
French Guiana,2023,76.98
French Polynesia,1950,51.86
French Polynesia,1951,52.84
French Polynesia,1952,53.77
French Polynesia,1953,54.72
French Polynesia,1954,55.58
French Polynesia,1955,56.4
French Polynesia,1956,57.18
French Polynesia,1957,57.85
French Polynesia,1958,58.43
French Polynesia,1959,58.97
French Polynesia,1960,59.44
French Polynesia,1961,59.85
French Polynesia,1962,60.2
French Polynesia,1963,60.51
French Polynesia,1964,60.8
French Polynesia,1965,61.07
French Polynesia,1966,61.35
French Polynesia,1967,61.65
French Polynesia,1968,61.93
French Polynesia,1969,62.21
French Polynesia,1970,62.5
French Polynesia,1971,62.78
French Polynesia,1972,63.08
French Polynesia,1973,63.4
French Polynesia,1974,63.78
French Polynesia,1975,64.25
French Polynesia,1976,64.76
French Polynesia,1977,65.31
French Polynesia,1978,65.89
French Polynesia,1979,66.61
French Polynesia,1980,67.41
French Polynesia,1981,68.16
French Polynesia,1982,68.92
French Polynesia,1983,69.7
French Polynesia,1984,70.56
French Polynesia,1985,71.2
French Polynesia,1986,71.97
French Polynesia,1987,72.45
French Polynesia,1988,73.09
French Polynesia,1989,73.49
French Polynesia,1990,73.91
French Polynesia,1991,74.3
French Polynesia,1992,74.75
French Polynesia,1993,75.19
French Polynesia,1994,75.65
French Polynesia,1995,76.24
French Polynesia,1996,76.81
French Polynesia,1997,77.38
French Polynesia,1998,77.84
French Polynesia,1999,78.57
French Polynesia,2000,79.0
French Polynesia,2001,79.32
French Polynesia,2002,79.54
French Polynesia,2003,79.71
French Polynesia,2004,79.83
French Polynesia,2005,79.95
French Polynesia,2006,80.1
French Polynesia,2007,80.33
French Polynesia,2008,80.59
French Polynesia,2009,80.87
French Polynesia,2010,81.14
French Polynesia,2011,81.43
French Polynesia,2012,81.7
French Polynesia,2013,81.94
French Polynesia,2014,82.15
French Polynesia,2015,82.34
French Polynesia,2016,82.56
French Polynesia,2017,82.77
French Polynesia,2018,82.99
French Polynesia,2019,83.2
French Polynesia,2020,82.46
French Polynesia,2021,79.57
French Polynesia,2022,83.86
French Polynesia,2023,84.07
Gabon,1950,39.27
Gabon,1951,39.98
Gabon,1952,40.74
Gabon,1953,41.48
Gabon,1954,42.19
Gabon,1955,42.95
Gabon,1956,43.65
Gabon,1957,44.36
Gabon,1958,45.06
Gabon,1959,45.76
Gabon,1960,46.44
Gabon,1961,47.12
Gabon,1962,47.78
Gabon,1963,48.42
Gabon,1964,48.99
Gabon,1965,49.71
Gabon,1966,50.32
Gabon,1967,50.93
Gabon,1968,51.55
Gabon,1969,52.13
Gabon,1970,52.7
Gabon,1971,53.26
Gabon,1972,53.81
Gabon,1973,54.35
Gabon,1974,54.91
Gabon,1975,55.45
Gabon,1976,55.97
Gabon,1977,56.47
Gabon,1978,56.95
Gabon,1979,57.44
Gabon,1980,57.89
Gabon,1981,58.33
Gabon,1982,58.64
Gabon,1983,58.99
Gabon,1984,59.34
Gabon,1985,59.66
Gabon,1986,59.96
Gabon,1987,60.2
Gabon,1988,60.4
Gabon,1989,60.58
Gabon,1990,60.74
Gabon,1991,60.89
Gabon,1992,61.01
Gabon,1993,61.12
Gabon,1994,61.18
Gabon,1995,61.27
Gabon,1996,61.26
Gabon,1997,61.4
Gabon,1998,61.51
Gabon,1999,61.66
Gabon,2000,61.81
Gabon,2001,61.98
Gabon,2002,62.18
Gabon,2003,62.46
Gabon,2004,62.69
Gabon,2005,62.98
Gabon,2006,63.26
Gabon,2007,63.62
Gabon,2008,64.01
Gabon,2009,64.36
Gabon,2010,64.71
Gabon,2011,65.1
Gabon,2012,65.44
Gabon,2013,65.75
Gabon,2014,66.07
Gabon,2015,66.34
Gabon,2016,66.58
Gabon,2017,66.82
Gabon,2018,67.04
Gabon,2019,67.34
Gabon,2020,67.07
Gabon,2021,67.07
Gabon,2022,67.71
Gabon,2023,68.34
Gambia,1950,31.16
Gambia,1951,31.45
Gambia,1952,31.71
Gambia,1953,31.92
Gambia,1954,32.18
Gambia,1955,32.41
Gambia,1956,32.76
Gambia,1957,33.12
Gambia,1958,33.61
Gambia,1959,34.09
Gambia,1960,34.57
Gambia,1961,35.06
Gambia,1962,35.6
Gambia,1963,36.09
Gambia,1964,36.58
Gambia,1965,37.12
Gambia,1966,37.56
Gambia,1967,38.06
Gambia,1968,38.53
Gambia,1969,39.0
Gambia,1970,39.53
Gambia,1971,40.05
Gambia,1972,40.55
Gambia,1973,41.09
Gambia,1974,41.68
Gambia,1975,42.19
Gambia,1976,42.88
Gambia,1977,43.37
Gambia,1978,43.57
Gambia,1979,44.52
Gambia,1980,44.98
Gambia,1981,44.49
Gambia,1982,46.25
Gambia,1983,46.89
Gambia,1984,47.51
Gambia,1985,48.15
Gambia,1986,48.8
Gambia,1987,49.39
Gambia,1988,50.15
Gambia,1989,50.72
Gambia,1990,51.28
Gambia,1991,51.86
Gambia,1992,52.48
Gambia,1993,53.15
Gambia,1994,53.77
Gambia,1995,54.29
Gambia,1996,54.85
Gambia,1997,55.23
Gambia,1998,56.01
Gambia,1999,56.47
Gambia,2000,56.9
Gambia,2001,57.28
Gambia,2002,57.74
Gambia,2003,58.22
Gambia,2004,58.75
Gambia,2005,59.11
Gambia,2006,59.67
Gambia,2007,60.0
Gambia,2008,60.47
Gambia,2009,60.73
Gambia,2010,61.17
Gambia,2011,61.56
Gambia,2012,61.9
Gambia,2013,62.25
Gambia,2014,62.58
Gambia,2015,62.97
Gambia,2016,63.39
Gambia,2017,63.71
Gambia,2018,64.03
Gambia,2019,64.43
Gambia,2020,64.42
Gambia,2021,63.85
Gambia,2022,64.86
Gambia,2023,65.86
Georgia,1950,57.71
Georgia,1951,58.05
Georgia,1952,58.4
Georgia,1953,58.77
Georgia,1954,59.12
Georgia,1955,59.48
Georgia,1956,59.85
Georgia,1957,60.24
Georgia,1958,60.6
Georgia,1959,60.99
Georgia,1960,61.35
Georgia,1961,61.72
Georgia,1962,62.08
Georgia,1963,62.46
Georgia,1964,62.82
Georgia,1965,63.1
Georgia,1966,63.4
Georgia,1967,63.77
Georgia,1968,64.14
Georgia,1969,64.51
Georgia,1970,64.87
Georgia,1971,65.19
Georgia,1972,65.52
Georgia,1973,65.85
Georgia,1974,66.18
Georgia,1975,66.51
Georgia,1976,66.89
Georgia,1977,67.25
Georgia,1978,67.6
Georgia,1979,67.94
Georgia,1980,68.27
Georgia,1981,68.74
Georgia,1982,69.11
Georgia,1983,69.14
Georgia,1984,68.8
Georgia,1985,69.01
Georgia,1986,69.22
Georgia,1987,69.22
Georgia,1988,68.82
Georgia,1989,68.64
Georgia,1990,68.68
Georgia,1991,68.2
Georgia,1992,67.78
Georgia,1993,67.41
Georgia,1994,68.67
Georgia,1995,69.4
Georgia,1996,70.64
Georgia,1997,69.68
Georgia,1998,69.79
Georgia,1999,70.01
Georgia,2000,70.09
Georgia,2001,70.37
Georgia,2002,70.44
Georgia,2003,71.38
Georgia,2004,71.01
Georgia,2005,70.69
Georgia,2006,70.98
Georgia,2007,70.99
Georgia,2008,70.95
Georgia,2009,71.06
Georgia,2010,71.73
Georgia,2011,72.48
Georgia,2012,72.67
Georgia,2013,73.02
Georgia,2014,73.11
Georgia,2015,73.24
Georgia,2016,73.14
Georgia,2017,73.43
Georgia,2018,73.98
Georgia,2019,74.16
Georgia,2020,73.51
Georgia,2021,71.64
Georgia,2022,74.14
Georgia,2023,74.5
Germany,1950,66.81
Germany,1951,67.14
Germany,1952,67.46
Germany,1953,67.76
Germany,1954,68.06
Germany,1955,68.34
Germany,1956,68.59
Germany,1957,68.5
Germany,1958,69.23
Germany,1959,69.33
Germany,1960,69.25
Germany,1961,69.84
Germany,1962,70.0
Germany,1963,70.12
Germany,1964,70.65
Germany,1965,70.63
Germany,1966,70.74
Germany,1967,70.96
Germany,1968,70.61
Germany,1969,70.46
Germany,1970,70.68
Germany,1971,70.91
Germany,1972,71.15
Germany,1973,71.36
Germany,1974,71.68
Germany,1975,71.52
Germany,1976,71.98
Germany,1977,72.59
Germany,1978,72.57
Germany,1979,72.92
Germany,1980,73.09
Germany,1981,73.33
Germany,1982,73.63
Germany,1983,73.92
Germany,1984,74.38
Germany,1985,74.49
Germany,1986,74.7
Germany,1987,75.11
Germany,1988,75.28
Germany,1989,75.47
Germany,1990,75.34
Germany,1991,75.56
Germany,1992,76.0
Germany,1993,76.08
Germany,1994,76.38
Germany,1995,76.55
Germany,1996,76.78
Germany,1997,77.22
Germany,1998,77.58
Germany,1999,77.8
Germany,2000,78.06
Germany,2001,78.4
Germany,2002,78.47
Germany,2003,78.54
Germany,2004,79.12
Germany,2005,79.25
Germany,2006,79.59
Germany,2007,79.73
Germany,2008,79.82
Germany,2009,79.92
Germany,2010,80.08
Germany,2011,80.35
Germany,2012,80.5
Germany,2013,80.45
Germany,2014,80.91
Germany,2015,80.57
Germany,2016,80.84
Germany,2017,80.94
Germany,2018,80.87
Germany,2019,81.19
Germany,2020,81.0
Germany,2021,81.11
Germany,2022,80.58
Germany,2023,81.38
Ghana,1950,43.07
Ghana,1951,43.59
Ghana,1952,44.04
Ghana,1953,44.51
Ghana,1954,44.99
Ghana,1955,45.37
Ghana,1956,45.75
Ghana,1957,46.13
Ghana,1958,46.4
Ghana,1959,46.71
Ghana,1960,46.94
Ghana,1961,47.13
Ghana,1962,47.34
Ghana,1963,47.48
Ghana,1964,47.64
Ghana,1965,47.69
Ghana,1966,47.71
Ghana,1967,47.73
Ghana,1968,47.76
Ghana,1969,47.9
Ghana,1970,47.89
Ghana,1971,47.95
Ghana,1972,48.27
Ghana,1973,48.58
Ghana,1974,48.92
Ghana,1975,49.32
Ghana,1976,49.73
Ghana,1977,50.08
Ghana,1978,50.46
Ghana,1979,50.79
Ghana,1980,51.06
Ghana,1981,51.31
Ghana,1982,51.42
Ghana,1983,51.78
Ghana,1984,52.23
Ghana,1985,52.73
Ghana,1986,53.28
Ghana,1987,53.82
Ghana,1988,54.4
Ghana,1989,54.94
Ghana,1990,55.39
Ghana,1991,55.72
Ghana,1992,56.06
Ghana,1993,56.29
Ghana,1994,56.23
Ghana,1995,56.66
Ghana,1996,56.96
Ghana,1997,57.24
Ghana,1998,57.52
Ghana,1999,57.84
Ghana,2000,58.14
Ghana,2001,58.4
Ghana,2002,58.71
Ghana,2003,59.01
Ghana,2004,59.32
Ghana,2005,59.64
Ghana,2006,59.98
Ghana,2007,60.28
Ghana,2008,60.58
Ghana,2009,60.93
Ghana,2010,61.3
Ghana,2011,61.62
Ghana,2012,62.0
Ghana,2013,62.4
Ghana,2014,62.83
Ghana,2015,63.17
Ghana,2016,63.52
Ghana,2017,63.83
Ghana,2018,64.14
Ghana,2019,64.46
Ghana,2020,64.31
Ghana,2021,64.29
Ghana,2022,65.25
Ghana,2023,65.5
Gibraltar,1950,65.1
Gibraltar,1951,65.29
Gibraltar,1952,65.64
Gibraltar,1953,66.18
Gibraltar,1954,66.84
Gibraltar,1955,67.69
Gibraltar,1956,68.51
Gibraltar,1957,69.11
Gibraltar,1958,69.71
Gibraltar,1959,70.11
Gibraltar,1960,70.21
Gibraltar,1961,70.16
Gibraltar,1962,70.17
Gibraltar,1963,70.25
Gibraltar,1964,70.44
Gibraltar,1965,70.76
Gibraltar,1966,71.18
Gibraltar,1967,71.54
Gibraltar,1968,71.71
Gibraltar,1969,71.81
Gibraltar,1970,71.89
Gibraltar,1971,72.1
Gibraltar,1972,72.36
Gibraltar,1973,72.71
Gibraltar,1974,73.05
Gibraltar,1975,73.32
Gibraltar,1976,73.44
Gibraltar,1977,73.48
Gibraltar,1978,73.51
Gibraltar,1979,73.59
Gibraltar,1980,73.75
Gibraltar,1981,74.0
Gibraltar,1982,74.32
Gibraltar,1983,74.61
Gibraltar,1984,74.93
Gibraltar,1985,75.23
Gibraltar,1986,75.56
Gibraltar,1987,75.87
Gibraltar,1988,76.18
Gibraltar,1989,76.47
Gibraltar,1990,76.81
Gibraltar,1991,77.12
Gibraltar,1992,77.41
Gibraltar,1993,77.72
Gibraltar,1994,78.05
Gibraltar,1995,78.34
Gibraltar,1996,78.7
Gibraltar,1997,79.1
Gibraltar,1998,79.48
Gibraltar,1999,79.81
Gibraltar,2000,80.14
Gibraltar,2001,80.42
Gibraltar,2002,80.59
Gibraltar,2003,80.71
Gibraltar,2004,80.86
Gibraltar,2005,80.99
Gibraltar,2006,81.1
Gibraltar,2007,81.27
Gibraltar,2008,81.54
Gibraltar,2009,81.81
Gibraltar,2010,82.08
Gibraltar,2011,82.33
Gibraltar,2012,82.53
Gibraltar,2013,82.59
Gibraltar,2014,82.64
Gibraltar,2015,82.67
Gibraltar,2016,82.74
Gibraltar,2017,82.86
Gibraltar,2018,83.03
Gibraltar,2019,83.18
Gibraltar,2020,83.07
Gibraltar,2021,80.27
Gibraltar,2022,83.52
Gibraltar,2023,83.55
Greece,1950,66.21
Greece,1951,66.73
Greece,1952,67.32
Greece,1953,67.47
Greece,1954,68.05
Greece,1955,68.59
Greece,1956,68.12
Greece,1957,68.4
Greece,1958,69.71
Greece,1959,69.58
Greece,1960,70.52
Greece,1961,70.39
Greece,1962,70.31
Greece,1963,70.65
Greece,1964,70.53
Greece,1965,71.46
Greece,1966,71.86
Greece,1967,71.39
Greece,1968,71.47
Greece,1969,72.06
Greece,1970,72.75
Greece,1971,72.94
Greece,1972,72.72
Greece,1973,72.98
Greece,1974,73.47
Greece,1975,73.47
Greece,1976,73.75
Greece,1977,73.75
Greece,1978,74.44
Greece,1979,74.67
Greece,1980,74.48
Greece,1981,74.91
Greece,1982,75.21
Greece,1983,75.5
Greece,1984,75.78
Greece,1985,76.14
Greece,1986,76.54
Greece,1987,76.1
Greece,1988,77.0
Greece,1989,77.13
Greece,1990,77.3
Greece,1991,77.39
Greece,1992,77.31
Greece,1993,77.69
Greece,1994,77.86
Greece,1995,77.89
Greece,1996,78.04
Greece,1997,78.4
Greece,1998,78.3
Greece,1999,78.42
Greece,2000,78.44
Greece,2001,78.91
Greece,2002,79.03
Greece,2003,79.08
Greece,2004,79.35
Greece,2005,79.65
Greece,2006,79.76
Greece,2007,79.66
Greece,2008,80.1
Greece,2009,80.37
Greece,2010,80.57
Greece,2011,80.62
Greece,2012,80.42
Greece,2013,81.07
Greece,2014,81.12
Greece,2015,80.79
Greece,2016,81.27
Greece,2017,80.96
Greece,2018,81.5
Greece,2019,81.35
Greece,2020,81.54
Greece,2021,80.53
Greece,2022,79.94
Greece,2023,81.86
Greenland,1950,39.5
Greenland,1951,41.09
Greenland,1952,42.85
Greenland,1953,44.65
Greenland,1954,46.65
Greenland,1955,48.79
Greenland,1956,51.1
Greenland,1957,53.53
Greenland,1958,55.56
Greenland,1959,57.25
Greenland,1960,58.55
Greenland,1961,59.39
Greenland,1962,59.92
Greenland,1963,60.28
Greenland,1964,60.69
Greenland,1965,61.22
Greenland,1966,61.65
Greenland,1967,62.22
Greenland,1968,62.66
Greenland,1969,63.03
Greenland,1970,63.03
Greenland,1971,62.97
Greenland,1972,62.73
Greenland,1973,62.39
Greenland,1974,61.96
Greenland,1975,61.75
Greenland,1976,61.67
Greenland,1977,61.65
Greenland,1978,61.77
Greenland,1979,61.98
Greenland,1980,62.16
Greenland,1981,62.33
Greenland,1982,62.51
Greenland,1983,62.64
Greenland,1984,62.75
Greenland,1985,62.82
Greenland,1986,62.87
Greenland,1987,62.91
Greenland,1988,62.99
Greenland,1989,63.09
Greenland,1990,63.24
Greenland,1991,63.51
Greenland,1992,63.79
Greenland,1993,64.08
Greenland,1994,63.91
Greenland,1995,64.16
Greenland,1996,64.33
Greenland,1997,64.49
Greenland,1998,64.66
Greenland,1999,65.12
Greenland,2000,65.63
Greenland,2001,66.27
Greenland,2002,67.01
Greenland,2003,67.62
Greenland,2004,67.55
Greenland,2005,67.77
Greenland,2006,68.14
Greenland,2007,68.34
Greenland,2008,68.4
Greenland,2009,68.38
Greenland,2010,68.45
Greenland,2011,68.79
Greenland,2012,69.35
Greenland,2013,69.8
Greenland,2014,70.09
Greenland,2015,70.23
Greenland,2016,70.39
Greenland,2017,70.39
Greenland,2018,70.35
Greenland,2019,70.26
Greenland,2020,70.16
Greenland,2021,70.05
Greenland,2022,70.05
Greenland,2023,70.06
Grenada,1950,52.72
Grenada,1951,53.83
Grenada,1952,54.81
Grenada,1953,55.73
Grenada,1954,56.7
Grenada,1955,57.79
Grenada,1956,59.02
Grenada,1957,60.26
Grenada,1958,61.42
Grenada,1959,62.42
Grenada,1960,63.14
Grenada,1961,63.55
Grenada,1962,63.75
Grenada,1963,63.78
Grenada,1964,64.2
Grenada,1965,64.78
Grenada,1966,65.65
Grenada,1967,66.46
Grenada,1968,66.91
Grenada,1969,66.97
Grenada,1970,66.86
Grenada,1971,66.87
Grenada,1972,67.15
Grenada,1973,67.56
Grenada,1974,67.88
Grenada,1975,68.0
Grenada,1976,67.95
Grenada,1977,67.87
Grenada,1978,67.86
Grenada,1979,67.94
Grenada,1980,68.12
Grenada,1981,68.35
Grenada,1982,68.6
Grenada,1983,64.33
Grenada,1984,69.09
Grenada,1985,69.34
Grenada,1986,69.57
Grenada,1987,69.81
Grenada,1988,70.04
Grenada,1989,70.29
Grenada,1990,70.55
Grenada,1991,70.82
Grenada,1992,71.12
Grenada,1993,71.45
Grenada,1994,71.78
Grenada,1995,72.09
Grenada,1996,72.37
Grenada,1997,72.6
Grenada,1998,72.76
Grenada,1999,72.87
Grenada,2000,72.95
Grenada,2001,73.03
Grenada,2002,73.14
Grenada,2003,73.29
Grenada,2004,72.45
Grenada,2005,73.7
Grenada,2006,73.93
Grenada,2007,74.16
Grenada,2008,74.37
Grenada,2009,74.57
Grenada,2010,74.73
Grenada,2011,74.86
Grenada,2012,74.96
Grenada,2013,75.02
Grenada,2014,75.04
Grenada,2015,75.04
Grenada,2016,75.01
Grenada,2017,74.98
Grenada,2018,74.96
Grenada,2019,74.97
Grenada,2020,75.02
Grenada,2021,74.52
Grenada,2022,75.15
Grenada,2023,75.21
Guadeloupe,1950,53.1
Guadeloupe,1951,53.83
Guadeloupe,1952,54.18
Guadeloupe,1953,55.0
Guadeloupe,1954,56.09
Guadeloupe,1955,57.27
Guadeloupe,1956,57.59
Guadeloupe,1957,58.39
Guadeloupe,1958,59.3
Guadeloupe,1959,60.27
Guadeloupe,1960,61.06
Guadeloupe,1961,61.57
Guadeloupe,1962,62.26
Guadeloupe,1963,62.68
Guadeloupe,1964,62.64
Guadeloupe,1965,63.17
Guadeloupe,1966,63.07
Guadeloupe,1967,63.41
Guadeloupe,1968,63.6
Guadeloupe,1969,64.2
Guadeloupe,1970,64.69
Guadeloupe,1971,65.15
Guadeloupe,1972,65.58
Guadeloupe,1973,66.08
Guadeloupe,1974,66.65
Guadeloupe,1975,67.16
Guadeloupe,1976,67.81
Guadeloupe,1977,68.45
Guadeloupe,1978,68.92
Guadeloupe,1979,69.43
Guadeloupe,1980,69.92
Guadeloupe,1981,70.44
Guadeloupe,1982,70.92
Guadeloupe,1983,71.38
Guadeloupe,1984,71.83
Guadeloupe,1985,72.23
Guadeloupe,1986,72.63
Guadeloupe,1987,72.96
Guadeloupe,1988,73.28
Guadeloupe,1989,73.6
Guadeloupe,1990,73.93
Guadeloupe,1991,74.27
Guadeloupe,1992,74.62
Guadeloupe,1993,74.9
Guadeloupe,1994,75.21
Guadeloupe,1995,75.53
Guadeloupe,1996,75.85
Guadeloupe,1997,76.16
Guadeloupe,1998,76.43
Guadeloupe,1999,76.74
Guadeloupe,2000,77.08
Guadeloupe,2001,77.27
Guadeloupe,2002,77.81
Guadeloupe,2003,78.17
Guadeloupe,2004,78.35
Guadeloupe,2005,78.18
Guadeloupe,2006,78.43
Guadeloupe,2007,79.05
Guadeloupe,2008,79.66
Guadeloupe,2009,79.75
Guadeloupe,2010,80.12
Guadeloupe,2011,80.45
Guadeloupe,2012,80.97
Guadeloupe,2013,80.79
Guadeloupe,2014,81.19
Guadeloupe,2015,81.27
Guadeloupe,2016,81.64
Guadeloupe,2017,81.75
Guadeloupe,2018,81.38
Guadeloupe,2019,81.39
Guadeloupe,2020,80.65
Guadeloupe,2021,78.21
Guadeloupe,2022,80.91
Guadeloupe,2023,82.05
Guam,1950,59.57
Guam,1951,59.86
Guam,1952,60.21
Guam,1953,60.54
Guam,1954,60.88
Guam,1955,61.2
Guam,1956,61.54
Guam,1957,61.89
Guam,1958,62.22
Guam,1959,62.57
Guam,1960,62.88
Guam,1961,63.23
Guam,1962,63.35
Guam,1963,63.83
Guam,1964,64.1
Guam,1965,64.37
Guam,1966,64.64
Guam,1967,64.92
Guam,1968,65.2
Guam,1969,65.5
Guam,1970,65.81
Guam,1971,66.06
Guam,1972,66.47
Guam,1973,66.93
Guam,1974,67.53
Guam,1975,68.01
Guam,1976,68.27
Guam,1977,69.02
Guam,1978,69.57
Guam,1979,70.12
Guam,1980,70.67
Guam,1981,71.18
Guam,1982,71.68
Guam,1983,72.14
Guam,1984,72.59
Guam,1985,73.07
Guam,1986,73.32
Guam,1987,73.47
Guam,1988,73.43
Guam,1989,73.5
Guam,1990,73.46
Guam,1991,73.52
Guam,1992,73.63
Guam,1993,74.0
Guam,1994,74.34
Guam,1995,74.51
Guam,1996,74.64
Guam,1997,74.7
Guam,1998,74.75
Guam,1999,74.79
Guam,2000,74.89
Guam,2001,75.19
Guam,2002,75.51
Guam,2003,75.88
Guam,2004,76.11
Guam,2005,76.43
Guam,2006,76.48
Guam,2007,76.4
Guam,2008,76.23
Guam,2009,76.14
Guam,2010,76.1
Guam,2011,76.15
Guam,2012,76.24
Guam,2013,76.36
Guam,2014,76.42
Guam,2015,76.44
Guam,2016,76.45
Guam,2017,76.46
Guam,2018,76.56
Guam,2019,76.65
Guam,2020,75.53
Guam,2021,75.43
Guam,2022,77.1
Guam,2023,77.21
Guatemala,1950,37.8
Guatemala,1951,38.34
Guatemala,1952,38.92
Guatemala,1953,39.5
Guatemala,1954,40.07
Guatemala,1955,40.68
Guatemala,1956,41.29
Guatemala,1957,41.92
Guatemala,1958,43.14
Guatemala,1959,44.33
Guatemala,1960,45.76
Guatemala,1961,46.12
Guatemala,1962,46.49
Guatemala,1963,46.62
Guatemala,1964,47.06
Guatemala,1965,47.19
Guatemala,1966,47.51
Guatemala,1967,47.73
Guatemala,1968,47.76
Guatemala,1969,47.52
Guatemala,1970,48.51
Guatemala,1971,50.28
Guatemala,1972,51.82
Guatemala,1973,52.85
Guatemala,1974,53.02
Guatemala,1975,52.83
Guatemala,1976,47.62
Guatemala,1977,55.18
Guatemala,1978,56.41
Guatemala,1979,56.6
Guatemala,1980,55.3
Guatemala,1981,54.71
Guatemala,1982,48.86
Guatemala,1983,57.91
Guatemala,1984,59.07
Guatemala,1985,59.79
Guatemala,1986,60.34
Guatemala,1987,60.99
Guatemala,1988,61.54
Guatemala,1989,61.75
Guatemala,1990,61.77
Guatemala,1991,61.93
Guatemala,1992,61.99
Guatemala,1993,62.44
Guatemala,1994,63.03
Guatemala,1995,63.66
Guatemala,1996,64.54
Guatemala,1997,65.25
Guatemala,1998,65.97
Guatemala,1999,66.63
Guatemala,2000,67.1
Guatemala,2001,67.44
Guatemala,2002,67.83
Guatemala,2003,68.2
Guatemala,2004,68.24
Guatemala,2005,68.17
Guatemala,2006,68.79
Guatemala,2007,69.3
Guatemala,2008,69.49
Guatemala,2009,69.68
Guatemala,2010,69.89
Guatemala,2011,70.32
Guatemala,2012,70.72
Guatemala,2013,70.88
Guatemala,2014,70.94
Guatemala,2015,70.91
Guatemala,2016,71.22
Guatemala,2017,71.58
Guatemala,2018,71.5
Guatemala,2019,71.64
Guatemala,2020,69.97
Guatemala,2021,67.86
Guatemala,2022,71.21
Guatemala,2023,72.6
Guernsey,1950,71.23
Guernsey,1951,71.71
Guernsey,1952,72.68
Guernsey,1953,71.46
Guernsey,1954,73.07
Guernsey,1955,71.58
Guernsey,1956,75.86
Guernsey,1957,72.61
Guernsey,1958,73.58
Guernsey,1959,73.93
Guernsey,1960,75.19
Guernsey,1961,72.88
Guernsey,1962,73.58
Guernsey,1963,73.83
Guernsey,1964,73.12
Guernsey,1965,72.16
Guernsey,1966,73.72
Guernsey,1967,73.43
Guernsey,1968,72.39
Guernsey,1969,72.38
Guernsey,1970,72.58
Guernsey,1971,73.01
Guernsey,1972,72.89
Guernsey,1973,74.22
Guernsey,1974,73.56
Guernsey,1975,73.58
Guernsey,1976,73.64
Guernsey,1977,74.12
Guernsey,1978,74.44
Guernsey,1979,74.31
Guernsey,1980,75.49
Guernsey,1981,74.68
Guernsey,1982,72.37
Guernsey,1983,76.21
Guernsey,1984,76.23
Guernsey,1985,76.03
Guernsey,1986,76.03
Guernsey,1987,76.43
Guernsey,1988,76.7
Guernsey,1989,77.6
Guernsey,1990,76.64
Guernsey,1991,76.79
Guernsey,1992,77.82
Guernsey,1993,76.8
Guernsey,1994,77.02
Guernsey,1995,78.12
Guernsey,1996,78.09
Guernsey,1997,78.7
Guernsey,1998,79.16
Guernsey,1999,80.26
Guernsey,2000,79.39
Guernsey,2001,79.49
Guernsey,2002,79.61
Guernsey,2003,79.68
Guernsey,2004,80.43
Guernsey,2005,80.73
Guernsey,2006,81.16
Guernsey,2007,81.31
Guernsey,2008,81.56
Guernsey,2009,81.9
Guernsey,2010,82.31
Guernsey,2011,82.64
Guernsey,2012,82.35
Guernsey,2013,82.84
Guernsey,2014,83.01
Guernsey,2015,82.75
Guernsey,2016,82.56
Guernsey,2017,82.32
Guernsey,2018,82.75
Guernsey,2019,83.28
Guernsey,2020,83.35
Guernsey,2021,81.97
Guernsey,2022,83.11
Guernsey,2023,83.27
Guinea,1950,35.59
Guinea,1951,35.65
Guinea,1952,35.73
Guinea,1953,35.8
Guinea,1954,35.86
Guinea,1955,35.96
Guinea,1956,36.06
Guinea,1957,36.23
Guinea,1958,36.36
Guinea,1959,36.47
Guinea,1960,36.62
Guinea,1961,36.82
Guinea,1962,37.0
Guinea,1963,37.2
Guinea,1964,37.42
Guinea,1965,37.65
Guinea,1966,37.96
Guinea,1967,38.22
Guinea,1968,38.5
Guinea,1969,38.82
Guinea,1970,39.06
Guinea,1971,39.37
Guinea,1972,39.68
Guinea,1973,39.94
Guinea,1974,40.23
Guinea,1975,40.61
Guinea,1976,41.03
Guinea,1977,41.41
Guinea,1978,41.88
Guinea,1979,42.34
Guinea,1980,42.84
Guinea,1981,43.33
Guinea,1982,43.86
Guinea,1983,44.23
Guinea,1984,44.86
Guinea,1985,45.31
Guinea,1986,45.72
Guinea,1987,46.11
Guinea,1988,46.48
Guinea,1989,46.86
Guinea,1990,47.25
Guinea,1991,47.78
Guinea,1992,48.27
Guinea,1993,48.82
Guinea,1994,49.19
Guinea,1995,49.84
Guinea,1996,50.55
Guinea,1997,51.11
Guinea,1998,51.61
Guinea,1999,51.99
Guinea,2000,52.42
Guinea,2001,52.67
Guinea,2002,53.2
Guinea,2003,53.59
Guinea,2004,53.97
Guinea,2005,54.42
Guinea,2006,54.88
Guinea,2007,55.23
Guinea,2008,55.7
Guinea,2009,56.05
Guinea,2010,56.43
Guinea,2011,56.78
Guinea,2012,57.12
Guinea,2013,57.46
Guinea,2014,57.58
Guinea,2015,57.9
Guinea,2016,58.49
Guinea,2017,58.72
Guinea,2018,59.04
Guinea,2019,59.38
Guinea,2020,59.35
Guinea,2021,59.37
Guinea,2022,60.43
Guinea,2023,60.74
Guinea-Bissau,1950,35.74
Guinea-Bissau,1951,35.91
Guinea-Bissau,1952,36.09
Guinea-Bissau,1953,36.26
Guinea-Bissau,1954,36.43
Guinea-Bissau,1955,36.6
Guinea-Bissau,1956,36.78
Guinea-Bissau,1957,36.96
Guinea-Bissau,1958,37.14
Guinea-Bissau,1959,37.34
Guinea-Bissau,1960,37.55
Guinea-Bissau,1961,37.79
Guinea-Bissau,1962,38.03
Guinea-Bissau,1963,35.64
Guinea-Bissau,1964,35.81
Guinea-Bissau,1965,35.92
Guinea-Bissau,1966,36.08
Guinea-Bissau,1967,36.34
Guinea-Bissau,1968,36.67
Guinea-Bissau,1969,36.96
Guinea-Bissau,1970,37.26
Guinea-Bissau,1971,37.54
Guinea-Bissau,1972,37.82
Guinea-Bissau,1973,38.17
Guinea-Bissau,1974,41.61
Guinea-Bissau,1975,41.93
Guinea-Bissau,1976,42.25
Guinea-Bissau,1977,42.58
Guinea-Bissau,1978,42.91
Guinea-Bissau,1979,43.24
Guinea-Bissau,1980,43.57
Guinea-Bissau,1981,43.93
Guinea-Bissau,1982,44.29
Guinea-Bissau,1983,44.6
Guinea-Bissau,1984,44.94
Guinea-Bissau,1985,45.27
Guinea-Bissau,1986,45.52
Guinea-Bissau,1987,45.84
Guinea-Bissau,1988,46.28
Guinea-Bissau,1989,46.61
Guinea-Bissau,1990,46.89
Guinea-Bissau,1991,47.2
Guinea-Bissau,1992,47.52
Guinea-Bissau,1993,47.84
Guinea-Bissau,1994,47.77
Guinea-Bissau,1995,48.53
Guinea-Bissau,1996,48.77
Guinea-Bissau,1997,48.03
Guinea-Bissau,1998,48.12
Guinea-Bissau,1999,48.49
Guinea-Bissau,2000,50.56
Guinea-Bissau,2001,51.05
Guinea-Bissau,2002,51.61
Guinea-Bissau,2003,52.19
Guinea-Bissau,2004,52.8
Guinea-Bissau,2005,52.95
Guinea-Bissau,2006,54.09
Guinea-Bissau,2007,54.87
Guinea-Bissau,2008,55.3
Guinea-Bissau,2009,56.3
Guinea-Bissau,2010,57.0
Guinea-Bissau,2011,57.66
Guinea-Bissau,2012,58.27
Guinea-Bissau,2013,58.88
Guinea-Bissau,2014,59.48
Guinea-Bissau,2015,60.07
Guinea-Bissau,2016,60.62
Guinea-Bissau,2017,61.15
Guinea-Bissau,2018,61.65
Guinea-Bissau,2019,62.16
Guinea-Bissau,2020,61.34
Guinea-Bissau,2021,61.65
Guinea-Bissau,2022,63.6
Guinea-Bissau,2023,64.08
Guyana,1950,49.21
Guyana,1951,50.23
Guyana,1952,51.29
Guyana,1953,52.37
Guyana,1954,53.32
Guyana,1955,54.12
Guyana,1956,55.16
Guyana,1957,56.1
Guyana,1958,56.45
Guyana,1959,57.01
Guyana,1960,57.51
Guyana,1961,57.91
Guyana,1962,58.3
Guyana,1963,58.64
Guyana,1964,58.96
Guyana,1965,59.14
Guyana,1966,59.33
Guyana,1967,59.53
Guyana,1968,59.69
Guyana,1969,59.83
Guyana,1970,59.96
Guyana,1971,60.07
Guyana,1972,60.13
Guyana,1973,60.21
Guyana,1974,60.3
Guyana,1975,60.37
Guyana,1976,60.45
Guyana,1977,60.56
Guyana,1978,60.65
Guyana,1979,60.73
Guyana,1980,60.81
Guyana,1981,60.91
Guyana,1982,61.01
Guyana,1983,61.16
Guyana,1984,61.25
Guyana,1985,61.38
Guyana,1986,61.52
Guyana,1987,61.7
Guyana,1988,61.85
Guyana,1989,62.05
Guyana,1990,62.25
Guyana,1991,62.46
Guyana,1992,62.82
Guyana,1993,63.02
Guyana,1994,63.01
Guyana,1995,62.67
Guyana,1996,62.69
Guyana,1997,62.88
Guyana,1998,63.43
Guyana,1999,63.77
Guyana,2000,64.07
Guyana,2001,64.38
Guyana,2002,64.18
Guyana,2003,64.12
Guyana,2004,64.21
Guyana,2005,64.39
Guyana,2006,64.85
Guyana,2007,65.46
Guyana,2008,65.72
Guyana,2009,66.03
Guyana,2010,66.2
Guyana,2011,66.47
Guyana,2012,66.44
Guyana,2013,66.71
Guyana,2014,67.33
Guyana,2015,67.72
Guyana,2016,68.07
Guyana,2017,68.54
Guyana,2018,68.83
Guyana,2019,69.07
Guyana,2020,67.75
Guyana,2021,64.32
Guyana,2022,69.89
Guyana,2023,70.18
Haiti,1950,37.24
Haiti,1951,38.08
Haiti,1952,38.78
Haiti,1953,39.53
Haiti,1954,40.05
Haiti,1955,40.95
Haiti,1956,41.6
Haiti,1957,42.15
Haiti,1958,42.62
Haiti,1959,43.02
Haiti,1960,43.44
Haiti,1961,43.82
Haiti,1962,44.2
Haiti,1963,42.72
Haiti,1964,44.93
Haiti,1965,45.37
Haiti,1966,45.57
Haiti,1967,46.14
Haiti,1968,46.52
Haiti,1969,46.9
Haiti,1970,47.26
Haiti,1971,47.62
Haiti,1972,47.88
Haiti,1973,48.19
Haiti,1974,48.46
Haiti,1975,48.72
Haiti,1976,48.97
Haiti,1977,49.23
Haiti,1978,49.48
Haiti,1979,49.75
Haiti,1980,49.97
Haiti,1981,50.31
Haiti,1982,50.63
Haiti,1983,50.95
Haiti,1984,51.25
Haiti,1985,51.58
Haiti,1986,51.87
Haiti,1987,52.25
Haiti,1988,52.55
Haiti,1989,52.88
Haiti,1990,53.22
Haiti,1991,53.52
Haiti,1992,54.04
Haiti,1993,54.48
Haiti,1994,54.73
Haiti,1995,55.58
Haiti,1996,56.11
Haiti,1997,56.67
Haiti,1998,57.14
Haiti,1999,57.69
Haiti,2000,58.17
Haiti,2001,58.59
Haiti,2002,59.04
Haiti,2003,59.44
Haiti,2004,58.52
Haiti,2005,60.32
Haiti,2006,60.74
Haiti,2007,61.09
Haiti,2008,61.28
Haiti,2009,61.69
Haiti,2010,45.58
Haiti,2011,61.58
Haiti,2012,62.27
Haiti,2013,62.62
Haiti,2014,62.97
Haiti,2015,63.22
Haiti,2016,63.32
Haiti,2017,63.83
Haiti,2018,64.08
Haiti,2019,64.33
Haiti,2020,63.77
Haiti,2021,62.61
Haiti,2022,63.95
Haiti,2023,64.94
High-and-upper-middle-income countries,1950,51.02
High-and-upper-middle-income countries,1951,51.7
High-and-upper-middle-income countries,1952,52.78
High-and-upper-middle-income countries,1953,53.39
High-and-upper-middle-income countries,1954,54.24
High-and-upper-middle-income countries,1955,54.78
High-and-upper-middle-income countries,1956,55.4
High-and-upper-middle-income countries,1957,55.77
High-and-upper-middle-income countries,1958,56.42
High-and-upper-middle-income countries,1959,52.55
High-and-upper-middle-income countries,1960,49.43
High-and-upper-middle-income countries,1961,53.58
High-and-upper-middle-income countries,1962,58.33
High-and-upper-middle-income countries,1963,58.7
High-and-upper-middle-income countries,1964,59.26
High-and-upper-middle-income countries,1965,59.12
High-and-upper-middle-income countries,1966,59.89
High-and-upper-middle-income countries,1967,60.58
High-and-upper-middle-income countries,1968,60.88
High-and-upper-middle-income countries,1969,61.28
High-and-upper-middle-income countries,1970,61.8
High-and-upper-middle-income countries,1971,62.46
High-and-upper-middle-income countries,1972,62.98
High-and-upper-middle-income countries,1973,63.51
High-and-upper-middle-income countries,1974,64.03
High-and-upper-middle-income countries,1975,64.49
High-and-upper-middle-income countries,1976,64.76
High-and-upper-middle-income countries,1977,65.51
High-and-upper-middle-income countries,1978,65.9
High-and-upper-middle-income countries,1979,66.34
High-and-upper-middle-income countries,1980,66.61
High-and-upper-middle-income countries,1981,67.05
High-and-upper-middle-income countries,1982,67.47
High-and-upper-middle-income countries,1983,67.81
High-and-upper-middle-income countries,1984,68.18
High-and-upper-middle-income countries,1985,68.47
High-and-upper-middle-income countries,1986,68.94
High-and-upper-middle-income countries,1987,69.28
High-and-upper-middle-income countries,1988,69.47
High-and-upper-middle-income countries,1989,69.76
High-and-upper-middle-income countries,1990,69.94
High-and-upper-middle-income countries,1991,70.26
High-and-upper-middle-income countries,1992,70.51
High-and-upper-middle-income countries,1993,70.57
High-and-upper-middle-income countries,1994,70.79
High-and-upper-middle-income countries,1995,71.1
High-and-upper-middle-income countries,1996,71.54
High-and-upper-middle-income countries,1997,71.94
High-and-upper-middle-income countries,1998,72.23
High-and-upper-middle-income countries,1999,72.35
High-and-upper-middle-income countries,2000,72.65
High-and-upper-middle-income countries,2001,72.94
High-and-upper-middle-income countries,2002,73.15
High-and-upper-middle-income countries,2003,73.35
High-and-upper-middle-income countries,2004,73.58
High-and-upper-middle-income countries,2005,73.97
High-and-upper-middle-income countries,2006,74.37
High-and-upper-middle-income countries,2007,74.72
High-and-upper-middle-income countries,2008,74.92
High-and-upper-middle-income countries,2009,75.34
High-and-upper-middle-income countries,2010,75.59
High-and-upper-middle-income countries,2011,75.91
High-and-upper-middle-income countries,2012,76.19
High-and-upper-middle-income countries,2013,76.45
High-and-upper-middle-income countries,2014,76.7
High-and-upper-middle-income countries,2015,76.85
High-and-upper-middle-income countries,2016,77.05
High-and-upper-middle-income countries,2017,77.18
High-and-upper-middle-income countries,2018,77.45
High-and-upper-middle-income countries,2019,77.65
High-and-upper-middle-income countries,2020,76.8
High-and-upper-middle-income countries,2021,76.24
High-and-upper-middle-income countries,2022,77.35
High-and-upper-middle-income countries,2023,77.78
High-income countries,1950,61.83
High-income countries,1951,62.71
High-income countries,1952,64.45
High-income countries,1953,65.08
High-income countries,1954,66.09
High-income countries,1955,66.53
High-income countries,1956,66.69
High-income countries,1957,66.82
High-income countries,1958,67.59
High-income countries,1959,67.88
High-income countries,1960,68.11
High-income countries,1961,68.56
High-income countries,1962,68.57
High-income countries,1963,68.76
High-income countries,1964,69.28
High-income countries,1965,69.37
High-income countries,1966,69.57
High-income countries,1967,70.03
High-income countries,1968,69.9
High-income countries,1969,69.98
High-income countries,1970,70.35
High-income countries,1971,70.69
High-income countries,1972,70.95
High-income countries,1973,71.14
High-income countries,1974,71.51
High-income countries,1975,71.78
High-income countries,1976,72.06
High-income countries,1977,72.45
High-income countries,1978,72.62
High-income countries,1979,72.96
High-income countries,1980,73.0
High-income countries,1981,73.38
High-income countries,1982,73.72
High-income countries,1983,73.79
High-income countries,1984,74.15
High-income countries,1985,74.21
High-income countries,1986,74.47
High-income countries,1987,74.76
High-income countries,1988,74.9
High-income countries,1989,75.13
High-income countries,1990,75.29
High-income countries,1991,75.49
High-income countries,1992,75.76
High-income countries,1993,75.81
High-income countries,1994,76.1
High-income countries,1995,76.22
High-income countries,1996,76.55
High-income countries,1997,76.89
High-income countries,1998,77.09
High-income countries,1999,77.26
High-income countries,2000,77.61
High-income countries,2001,77.89
High-income countries,2002,78.04
High-income countries,2003,78.15
High-income countries,2004,78.62
High-income countries,2005,78.7
High-income countries,2006,79.05
High-income countries,2007,79.25
High-income countries,2008,79.42
High-income countries,2009,79.72
High-income countries,2010,79.93
High-income countries,2011,80.09
High-income countries,2012,80.23
High-income countries,2013,80.43
High-income countries,2014,80.64
High-income countries,2015,80.56
High-income countries,2016,80.74
High-income countries,2017,80.77
High-income countries,2018,80.9
High-income countries,2019,81.1
High-income countries,2020,80.18
High-income countries,2021,79.94
High-income countries,2022,80.4
High-income countries,2023,81.44
Honduras,1950,41.05
Honduras,1951,41.59
Honduras,1952,42.02
Honduras,1953,42.53
Honduras,1954,43.04
Honduras,1955,43.67
Honduras,1956,44.25
Honduras,1957,44.93
Honduras,1958,45.63
Honduras,1959,46.38
Honduras,1960,47.15
Honduras,1961,47.71
Honduras,1962,48.65
Honduras,1963,49.38
Honduras,1964,50.2
Honduras,1965,50.86
Honduras,1966,51.59
Honduras,1967,52.33
Honduras,1968,53.04
Honduras,1969,53.71
Honduras,1970,54.36
Honduras,1971,55.01
Honduras,1972,55.69
Honduras,1973,54.56
Honduras,1974,52.52
Honduras,1975,57.52
Honduras,1976,58.15
Honduras,1977,58.7
Honduras,1978,59.25
Honduras,1979,59.83
Honduras,1980,60.39
Honduras,1981,61.03
Honduras,1982,61.69
Honduras,1983,62.41
Honduras,1984,62.82
Honduras,1985,63.22
Honduras,1986,63.65
Honduras,1987,64.07
Honduras,1988,64.39
Honduras,1989,64.78
Honduras,1990,65.18
Honduras,1991,65.58
Honduras,1992,65.91
Honduras,1993,66.07
Honduras,1994,66.52
Honduras,1995,66.92
Honduras,1996,67.26
Honduras,1997,67.54
Honduras,1998,62.43
Honduras,1999,68.0
Honduras,2000,68.3
Honduras,2001,68.49
Honduras,2002,68.71
Honduras,2003,68.87
Honduras,2004,69.05
Honduras,2005,69.2
Honduras,2006,69.36
Honduras,2007,69.54
Honduras,2008,69.66
Honduras,2009,69.82
Honduras,2010,69.77
Honduras,2011,70.12
Honduras,2012,70.46
Honduras,2013,70.76
Honduras,2014,71.03
Honduras,2015,71.32
Honduras,2016,71.62
Honduras,2017,71.8
Honduras,2018,72.0
Honduras,2019,72.12
Honduras,2020,70.86
Honduras,2021,69.49
Honduras,2022,72.72
Honduras,2023,72.88
Hong Kong,1950,57.82
Hong Kong,1951,58.72
Hong Kong,1952,59.77
Hong Kong,1953,60.86
Hong Kong,1954,61.92
Hong Kong,1955,62.76
Hong Kong,1956,63.45
Hong Kong,1957,64.05
Hong Kong,1958,64.69
Hong Kong,1959,65.39
Hong Kong,1960,66.15
Hong Kong,1961,66.87
Hong Kong,1962,67.31
Hong Kong,1963,68.02
Hong Kong,1964,68.58
Hong Kong,1965,68.89
Hong Kong,1966,69.29
Hong Kong,1967,69.93
Hong Kong,1968,70.69
Hong Kong,1969,71.03
Hong Kong,1970,71.27
Hong Kong,1971,71.47
Hong Kong,1972,71.67
Hong Kong,1973,72.21
Hong Kong,1974,72.54
Hong Kong,1975,72.82
Hong Kong,1976,73.04
Hong Kong,1977,73.31
Hong Kong,1978,73.58
Hong Kong,1979,73.9
Hong Kong,1980,74.25
Hong Kong,1981,74.6
Hong Kong,1982,74.93
Hong Kong,1983,75.3
Hong Kong,1984,75.67
Hong Kong,1985,76.25
Hong Kong,1986,76.69
Hong Kong,1987,77.06
Hong Kong,1988,77.09
Hong Kong,1989,77.23
Hong Kong,1990,77.45
Hong Kong,1991,77.69
Hong Kong,1992,77.99
Hong Kong,1993,78.33
Hong Kong,1994,78.72
Hong Kong,1995,79.11
Hong Kong,1996,79.45
Hong Kong,1997,79.73
Hong Kong,1998,80.07
Hong Kong,1999,80.39
Hong Kong,2000,80.7
Hong Kong,2001,80.99
Hong Kong,2002,81.18
Hong Kong,2003,81.14
Hong Kong,2004,81.45
Hong Kong,2005,81.68
Hong Kong,2006,81.95
Hong Kong,2007,82.14
Hong Kong,2008,82.34
Hong Kong,2009,82.59
Hong Kong,2010,82.86
Hong Kong,2011,83.16
Hong Kong,2012,83.42
Hong Kong,2013,83.7
Hong Kong,2014,83.93
Hong Kong,2015,84.15
Hong Kong,2016,84.38
Hong Kong,2017,84.66
Hong Kong,2018,84.99
Hong Kong,2019,85.26
Hong Kong,2020,84.71
Hong Kong,2021,85.08
Hong Kong,2022,83.49
Hong Kong,2023,85.51
Hungary,1950,62.14
Hungary,1951,62.47
Hungary,1952,63.93
Hungary,1953,63.85
Hungary,1954,65.43
Hungary,1955,66.9
Hungary,1956,66.0
Hungary,1957,66.35
Hungary,1958,67.44
Hungary,1959,67.33
Hungary,1960,68.09
Hungary,1961,69.02
Hungary,1962,67.94
Hungary,1963,68.94
Hungary,1964,69.47
Hungary,1965,69.15
Hungary,1966,69.9
Hungary,1967,69.46
Hungary,1968,69.34
Hungary,1969,69.38
Hungary,1970,69.22
Hungary,1971,69.08
Hungary,1972,69.72
Hungary,1973,69.6
Hungary,1974,69.27
Hungary,1975,69.42
Hungary,1976,69.66
Hungary,1977,69.94
Hungary,1978,69.47
Hungary,1979,69.67
Hungary,1980,69.09
Hungary,1981,69.15
Hungary,1982,69.35
Hungary,1983,68.93
Hungary,1984,68.96
Hungary,1985,68.9
Hungary,1986,69.11
Hungary,1987,69.56
Hungary,1988,69.94
Hungary,1989,69.39
Hungary,1990,69.37
Hungary,1991,69.44
Hungary,1992,69.17
Hungary,1993,69.18
Hungary,1994,69.6
Hungary,1995,69.97
Hungary,1996,70.6
Hungary,1997,71.0
Hungary,1998,70.92
Hungary,1999,71.04
Hungary,2000,71.76
Hungary,2001,72.39
Hungary,2002,72.51
Hungary,2003,72.51
Hungary,2004,72.91
Hungary,2005,72.86
Hungary,2006,73.34
Hungary,2007,73.43
Hungary,2008,73.96
Hungary,2009,74.18
Hungary,2010,74.52
Hungary,2011,74.92
Hungary,2012,75.18
Hungary,2013,75.68
Hungary,2014,75.85
Hungary,2015,75.65
Hungary,2016,76.16
Hungary,2017,76.01
Hungary,2018,76.2
Hungary,2019,76.45
Hungary,2020,75.73
Hungary,2021,74.19
Hungary,2022,76.21
Hungary,2023,77.02
Iceland,1950,71.03
Iceland,1951,71.0
Iceland,1952,72.41
Iceland,1953,72.28
Iceland,1954,73.34
Iceland,1955,73.28
Iceland,1956,72.9
Iceland,1957,73.39
Iceland,1958,73.35
Iceland,1959,72.62
Iceland,1960,74.05
Iceland,1961,73.39
Iceland,1962,73.61
Iceland,1963,72.94
Iceland,1964,73.53
Iceland,1965,73.8
Iceland,1966,73.14
Iceland,1967,73.69
Iceland,1968,73.9
Iceland,1969,73.66
Iceland,1970,73.78
Iceland,1971,73.49
Iceland,1972,74.4
Iceland,1973,74.28
Iceland,1974,74.13
Iceland,1975,75.27
Iceland,1976,76.63
Iceland,1977,76.08
Iceland,1978,76.38
Iceland,1979,76.53
Iceland,1980,76.6
Iceland,1981,76.19
Iceland,1982,76.8
Iceland,1983,76.43
Iceland,1984,77.3
Iceland,1985,77.39
Iceland,1986,77.87
Iceland,1987,77.05
Iceland,1988,76.89
Iceland,1989,77.93
Iceland,1990,77.74
Iceland,1991,77.76
Iceland,1992,78.59
Iceland,1993,78.81
Iceland,1994,79.02
Iceland,1995,77.54
Iceland,1996,78.65
Iceland,1997,78.67
Iceland,1998,79.4
Iceland,1999,79.24
Iceland,2000,79.55
Iceland,2001,80.42
Iceland,2002,80.28
Iceland,2003,80.77
Iceland,2004,80.72
Iceland,2005,81.17
Iceland,2006,80.94
Iceland,2007,81.09
Iceland,2008,81.24
Iceland,2009,81.42
Iceland,2010,81.59
Iceland,2011,81.97
Iceland,2012,82.35
Iceland,2013,81.74
Iceland,2014,82.43
Iceland,2015,82.16
Iceland,2016,81.83
Iceland,2017,82.24
Iceland,2018,82.45
Iceland,2019,82.85
Iceland,2020,82.71
Iceland,2021,82.84
Iceland,2022,81.59
Iceland,2023,82.69
India,1950,41.18
India,1951,41.6
India,1952,42.09
India,1953,42.39
India,1954,43.25
India,1955,43.74
India,1956,44.13
India,1957,44.41
India,1958,44.78
India,1959,45.26
India,1960,45.61
India,1961,45.82
India,1962,46.13
India,1963,46.46
India,1964,46.74
India,1965,45.56
India,1966,45.88
India,1967,46.18
India,1968,47.92
India,1969,48.26
India,1970,48.59
India,1971,48.9
India,1972,49.21
India,1973,49.64
India,1974,50.26
India,1975,50.76
India,1976,51.3
India,1977,51.82
India,1978,52.42
India,1979,53.01
India,1980,53.59
India,1981,54.17
India,1982,54.74
India,1983,55.28
India,1984,55.81
India,1985,56.32
India,1986,56.82
India,1987,57.29
India,1988,57.74
India,1989,58.2
India,1990,58.62
India,1991,59.03
India,1992,59.44
India,1993,59.82
India,1994,60.24
India,1995,60.63
India,1996,61.03
India,1997,61.44
India,1998,61.85
India,1999,62.28
India,2000,62.75
India,2001,63.16
India,2002,63.65
India,2003,64.09
India,2004,64.48
India,2005,64.94
India,2006,65.37
India,2007,65.8
India,2008,66.25
India,2009,66.7
India,2010,67.16
India,2011,67.62
India,2012,68.08
India,2013,68.5
India,2014,68.93
India,2015,69.33
India,2016,69.71
India,2017,70.07
India,2018,70.42
India,2019,70.75
India,2020,70.16
India,2021,67.28
India,2022,71.7
India,2023,72.0
Indonesia,1950,40.21
Indonesia,1951,40.83
Indonesia,1952,41.54
Indonesia,1953,42.21
Indonesia,1954,42.91
Indonesia,1955,43.59
Indonesia,1956,44.3
Indonesia,1957,44.99
Indonesia,1958,45.42
Indonesia,1959,46.2
Indonesia,1960,46.83
Indonesia,1961,47.39
Indonesia,1962,48.14
Indonesia,1963,48.74
Indonesia,1964,49.44
Indonesia,1965,42.76
Indonesia,1966,48.41
Indonesia,1967,51.31
Indonesia,1968,51.89
Indonesia,1969,52.59
Indonesia,1970,53.25
Indonesia,1971,53.82
Indonesia,1972,54.36
Indonesia,1973,54.92
Indonesia,1974,55.44
Indonesia,1975,56.0
Indonesia,1976,56.44
Indonesia,1977,57.09
Indonesia,1978,57.61
Indonesia,1979,58.18
Indonesia,1980,58.7
Indonesia,1981,59.1
Indonesia,1982,59.7
Indonesia,1983,60.34
Indonesia,1984,60.89
Indonesia,1985,61.39
Indonesia,1986,61.74
Indonesia,1987,62.09
Indonesia,1988,62.39
Indonesia,1989,62.88
Indonesia,1990,63.25
Indonesia,1991,63.7
Indonesia,1992,64.18
Indonesia,1993,64.85
Indonesia,1994,65.04
Indonesia,1995,65.26
Indonesia,1996,65.46
Indonesia,1997,65.77
Indonesia,1998,65.94
Indonesia,1999,66.0
Indonesia,2000,66.29
Indonesia,2001,66.58
Indonesia,2002,66.95
Indonesia,2003,67.13
Indonesia,2004,65.52
Indonesia,2005,67.53
Indonesia,2006,67.66
Indonesia,2007,67.91
Indonesia,2008,68.08
Indonesia,2009,68.27
Indonesia,2010,68.36
Indonesia,2011,68.63
Indonesia,2012,68.86
Indonesia,2013,69.06
Indonesia,2014,69.29
Indonesia,2015,69.52
Indonesia,2016,69.73
Indonesia,2017,69.95
Indonesia,2018,70.08
Indonesia,2019,70.35
Indonesia,2020,68.82
Indonesia,2021,67.45
Indonesia,2022,70.92
Indonesia,2023,71.15
Iran,1950,38.19
Iran,1951,38.66
Iran,1952,39.15
Iran,1953,39.51
Iran,1954,40.0
Iran,1955,40.62
Iran,1956,41.05
Iran,1957,41.31
Iran,1958,42.2
Iran,1959,42.76
Iran,1960,43.3
Iran,1961,43.9
Iran,1962,43.77
Iran,1963,45.11
Iran,1964,45.74
Iran,1965,46.37
Iran,1966,47.07
Iran,1967,47.8
Iran,1968,47.95
Iran,1969,49.38
Iran,1970,50.22
Iran,1971,51.12
Iran,1972,51.73
Iran,1973,52.94
Iran,1974,53.86
Iran,1975,54.82
Iran,1976,55.77
Iran,1977,56.66
Iran,1978,56.04
Iran,1979,58.45
Iran,1980,58.37
Iran,1981,56.63
Iran,1982,57.63
Iran,1983,58.52
Iran,1984,60.88
Iran,1985,61.54
Iran,1986,62.14
Iran,1987,62.68
Iran,1988,63.26
Iran,1989,65.31
Iran,1990,64.07
Iran,1991,66.23
Iran,1992,66.65
Iran,1993,67.04
Iran,1994,67.49
Iran,1995,67.9
Iran,1996,68.33
Iran,1997,68.65
Iran,1998,69.21
Iran,1999,69.69
Iran,2000,70.17
Iran,2001,70.62
Iran,2002,71.11
Iran,2003,70.46
Iran,2004,72.04
Iran,2005,72.45
Iran,2006,72.9
Iran,2007,73.3
Iran,2008,73.68
Iran,2009,74.04
Iran,2010,74.39
Iran,2011,74.72
Iran,2012,75.04
Iran,2013,75.35
Iran,2014,75.64
Iran,2015,75.91
Iran,2016,76.16
Iran,2017,76.4
Iran,2018,76.62
Iran,2019,76.85
Iran,2020,74.14
Iran,2021,73.75
Iran,2022,76.8
Iran,2023,77.65
Iraq,1950,37.4
Iraq,1951,38.97
Iraq,1952,40.52
Iraq,1953,42.08
Iraq,1954,43.53
Iraq,1955,44.98
Iraq,1956,46.37
Iraq,1957,47.73
Iraq,1958,48.98
Iraq,1959,49.72
Iraq,1960,51.46
Iraq,1961,52.34
Iraq,1962,53.48
Iraq,1963,54.36
Iraq,1964,55.24
Iraq,1965,56.39
Iraq,1966,57.32
Iraq,1967,58.42
Iraq,1968,58.97
Iraq,1969,59.64
Iraq,1970,60.53
Iraq,1971,61.33
Iraq,1972,61.82
Iraq,1973,62.34
Iraq,1974,61.0
Iraq,1975,61.43
Iraq,1976,63.57
Iraq,1977,63.9
Iraq,1978,64.17
Iraq,1979,64.42
Iraq,1980,60.92
Iraq,1981,58.65
Iraq,1982,58.98
Iraq,1983,59.29
Iraq,1984,59.54
Iraq,1985,59.8
Iraq,1986,60.03
Iraq,1987,60.26
Iraq,1988,56.69
Iraq,1989,57.5
Iraq,1990,57.59
Iraq,1991,61.34
Iraq,1992,65.34
Iraq,1993,65.31
Iraq,1994,65.03
Iraq,1995,64.76
Iraq,1996,64.62
Iraq,1997,64.24
Iraq,1998,64.4
Iraq,1999,64.53
Iraq,2000,64.86
Iraq,2001,65.29
Iraq,2002,65.72
Iraq,2003,64.83
Iraq,2004,64.63
Iraq,2005,64.9
Iraq,2006,64.03
Iraq,2007,64.43
Iraq,2008,66.46
Iraq,2009,67.83
Iraq,2010,68.09
Iraq,2011,68.44
Iraq,2012,68.83
Iraq,2013,69.05
Iraq,2014,69.68
Iraq,2015,69.98
Iraq,2016,68.68
Iraq,2017,69.79
Iraq,2018,71.12
Iraq,2019,71.25
Iraq,2020,69.65
Iraq,2021,70.7
Iraq,2022,72.04
Iraq,2023,72.32
Ireland,1950,65.58
Ireland,1951,64.75
Ireland,1952,67.17
Ireland,1953,67.91
Ireland,1954,68.01
Ireland,1955,68.0
Ireland,1956,68.96
Ireland,1957,69.0
Ireland,1958,69.27
Ireland,1959,69.42
Ireland,1960,70.17
Ireland,1961,69.64
Ireland,1962,69.95
Ireland,1963,70.19
Ireland,1964,70.45
Ireland,1965,70.64
Ireland,1966,70.16
Ireland,1967,71.2
Ireland,1968,70.88
Ireland,1969,70.8
Ireland,1970,70.83
Ireland,1971,71.62
Ireland,1972,70.95
Ireland,1973,71.17
Ireland,1974,71.11
Ireland,1975,71.69
Ireland,1976,71.8
Ireland,1977,71.94
Ireland,1978,71.93
Ireland,1979,72.18
Ireland,1980,72.54
Ireland,1981,72.89
Ireland,1982,73.15
Ireland,1983,73.18
Ireland,1984,73.62
Ireland,1985,73.56
Ireland,1986,73.61
Ireland,1987,74.41
Ireland,1988,74.43
Ireland,1989,74.45
Ireland,1990,74.84
Ireland,1991,75.03
Ireland,1992,75.42
Ireland,1993,75.29
Ireland,1994,75.8
Ireland,1995,75.47
Ireland,1996,75.83
Ireland,1997,75.98
Ireland,1998,76.18
Ireland,1999,76.09
Ireland,2000,76.54
Ireland,2001,77.1
Ireland,2002,77.59
Ireland,2003,78.1
Ireland,2004,78.5
Ireland,2005,78.91
Ireland,2006,79.15
Ireland,2007,79.56
Ireland,2008,79.79
Ireland,2009,80.1
Ireland,2010,80.6
Ireland,2011,80.73
Ireland,2012,80.85
Ireland,2013,81.06
Ireland,2014,81.41
Ireland,2015,81.53
Ireland,2016,81.68
Ireland,2017,82.1
Ireland,2018,82.12
Ireland,2019,82.41
Ireland,2020,82.39
Ireland,2021,81.86
Ireland,2022,82.05
Ireland,2023,82.41
Isle of Man,1950,63.06
Isle of Man,1951,63.36
Isle of Man,1952,63.64
Isle of Man,1953,64.11
Isle of Man,1954,64.47
Isle of Man,1955,64.81
Isle of Man,1956,64.95
Isle of Man,1957,64.95
Isle of Man,1958,64.88
Isle of Man,1959,64.75
Isle of Man,1960,64.56
Isle of Man,1961,64.42
Isle of Man,1962,64.4
Isle of Man,1963,64.46
Isle of Man,1964,64.67
Isle of Man,1965,64.92
Isle of Man,1966,65.18
Isle of Man,1967,65.41
Isle of Man,1968,65.54
Isle of Man,1969,65.63
Isle of Man,1970,65.72
Isle of Man,1971,65.84
Isle of Man,1972,65.99
Isle of Man,1973,66.24
Isle of Man,1974,66.48
Isle of Man,1975,66.76
Isle of Man,1976,67.05
Isle of Man,1977,67.36
Isle of Man,1978,67.69
Isle of Man,1979,68.07
Isle of Man,1980,68.45
Isle of Man,1981,68.81
Isle of Man,1982,69.14
Isle of Man,1983,69.46
Isle of Man,1984,69.75
Isle of Man,1985,70.02
Isle of Man,1986,70.34
Isle of Man,1987,70.68
Isle of Man,1988,71.06
Isle of Man,1989,71.41
Isle of Man,1990,71.8
Isle of Man,1991,72.18
Isle of Man,1992,72.54
Isle of Man,1993,72.82
Isle of Man,1994,73.14
Isle of Man,1995,73.37
Isle of Man,1996,73.63
Isle of Man,1997,73.9
Isle of Man,1998,74.2
Isle of Man,1999,74.47
Isle of Man,2000,74.84
Isle of Man,2001,75.29
Isle of Man,2002,75.78
Isle of Man,2003,76.32
Isle of Man,2004,76.88
Isle of Man,2005,77.45
Isle of Man,2006,77.97
Isle of Man,2007,78.45
Isle of Man,2008,78.9
Isle of Man,2009,79.3
Isle of Man,2010,79.61
Isle of Man,2011,79.84
Isle of Man,2012,80.01
Isle of Man,2013,80.12
Isle of Man,2014,80.2
Isle of Man,2015,80.27
Isle of Man,2016,80.39
Isle of Man,2017,80.51
Isle of Man,2018,80.61
Isle of Man,2019,80.74
Isle of Man,2020,80.59
Isle of Man,2021,80.42
Isle of Man,2022,80.96
Isle of Man,2023,81.0
Israel,1950,69.86
Israel,1951,67.63
Israel,1952,67.22
Israel,1953,66.42
Israel,1954,66.25
Israel,1955,68.0
Israel,1956,66.59
Israel,1957,66.49
Israel,1958,68.39
Israel,1959,68.92
Israel,1960,69.75
Israel,1961,69.81
Israel,1962,69.33
Israel,1963,69.62
Israel,1964,69.61
Israel,1965,70.5
Israel,1966,70.94
Israel,1967,70.9
Israel,1968,70.75
Israel,1969,71.03
Israel,1970,71.16
Israel,1971,71.83
Israel,1972,71.62
Israel,1973,71.61
Israel,1974,71.56
Israel,1975,71.6
Israel,1976,72.67
Israel,1977,72.69
Israel,1978,73.06
Israel,1979,73.39
Israel,1980,73.68
Israel,1981,74.19
Israel,1982,74.33
Israel,1983,75.09
Israel,1984,75.5
Israel,1985,75.97
Israel,1986,75.91
Israel,1987,76.38
Israel,1988,76.89
Israel,1989,77.64
Israel,1990,78.04
Israel,1991,77.58
Israel,1992,77.27
Israel,1993,77.86
Israel,1994,78.04
Israel,1995,78.05
Israel,1996,78.57
Israel,1997,78.55
Israel,1998,78.59
Israel,1999,78.89
Israel,2000,79.18
Israel,2001,79.48
Israel,2002,79.51
Israel,2003,79.82
Israel,2004,80.31
Israel,2005,80.39
Israel,2006,80.79
Israel,2007,80.95
Israel,2008,81.28
Israel,2009,81.82
Israel,2010,81.97
Israel,2011,81.99
Israel,2012,81.98
Israel,2013,82.35
Israel,2014,82.36
Israel,2015,82.25
Israel,2016,82.61
Israel,2017,82.7
Israel,2018,82.92
Israel,2019,82.9
Israel,2020,82.7
Israel,2021,82.52
Israel,2022,82.81
Israel,2023,82.41
Italy,1950,65.72
Italy,1951,65.32
Italy,1952,65.91
Italy,1953,66.58
Italy,1954,67.86
Italy,1955,68.25
Italy,1956,67.64
Italy,1957,67.78
Italy,1958,68.85
Italy,1959,69.31
Italy,1960,69.21
Italy,1961,69.82
Italy,1962,69.22
Italy,1963,69.32
Italy,1964,70.38
Italy,1965,70.26
Italy,1966,71.0
Italy,1967,71.03
Italy,1968,70.87
Italy,1969,70.86
Italy,1970,71.63
Italy,1971,71.88
Italy,1972,72.15
Italy,1973,72.11
Italy,1974,72.8
Italy,1975,72.73
Italy,1976,73.07
Italy,1977,73.44
Italy,1978,73.78
Italy,1979,74.11
Italy,1980,74.05
Italy,1981,74.44
Italy,1982,74.91
Italy,1983,74.74
Italy,1984,75.5
Italy,1985,75.61
Italy,1986,75.92
Italy,1987,76.34
Italy,1988,76.53
Italy,1989,76.93
Italy,1990,76.99
Italy,1991,76.99
Italy,1992,77.36
Italy,1993,77.65
Italy,1994,77.87
Italy,1995,78.13
Italy,1996,78.44
Italy,1997,78.73
Italy,1998,78.81
Italy,1999,79.2
Italy,2000,79.61
Italy,2001,79.88
Italy,2002,80.11
Italy,2003,80.19
Italy,2004,81.02
Italy,2005,81.02
Italy,2006,81.41
Italy,2007,81.5
Italy,2008,81.65
Italy,2009,81.76
Italy,2010,82.13
Italy,2011,82.23
Italy,2012,82.25
Italy,2013,82.65
Italy,2014,82.9
Italy,2015,82.52
Italy,2016,83.05
Italy,2017,82.73
Italy,2018,83.18
Italy,2019,83.34
Italy,2020,82.18
Italy,2021,82.87
Italy,2022,82.05
Italy,2023,83.72
Jamaica,1950,56.56
Jamaica,1951,57.13
Jamaica,1952,58.11
Jamaica,1953,58.87
Jamaica,1954,59.64
Jamaica,1955,60.4
Jamaica,1956,61.16
Jamaica,1957,61.95
Jamaica,1958,62.65
Jamaica,1959,63.25
Jamaica,1960,63.83
Jamaica,1961,64.26
Jamaica,1962,64.62
Jamaica,1963,65.0
Jamaica,1964,65.35
Jamaica,1965,65.66
Jamaica,1966,65.93
Jamaica,1967,66.09
Jamaica,1968,66.32
Jamaica,1969,66.52
Jamaica,1970,66.73
Jamaica,1971,67.0
Jamaica,1972,67.3
Jamaica,1973,67.61
Jamaica,1974,67.91
Jamaica,1975,68.17
Jamaica,1976,68.41
Jamaica,1977,68.59
Jamaica,1978,68.74
Jamaica,1979,68.81
Jamaica,1980,68.99
Jamaica,1981,69.12
Jamaica,1982,69.25
Jamaica,1983,69.55
Jamaica,1984,69.81
Jamaica,1985,70.1
Jamaica,1986,70.45
Jamaica,1987,70.87
Jamaica,1988,71.16
Jamaica,1989,71.51
Jamaica,1990,71.7
Jamaica,1991,71.79
Jamaica,1992,71.82
Jamaica,1993,71.76
Jamaica,1994,71.62
Jamaica,1995,71.49
Jamaica,1996,71.33
Jamaica,1997,71.22
Jamaica,1998,71.17
Jamaica,1999,71.19
Jamaica,2000,71.28
Jamaica,2001,71.29
Jamaica,2002,71.48
Jamaica,2003,71.58
Jamaica,2004,71.54
Jamaica,2005,71.49
Jamaica,2006,71.39
Jamaica,2007,71.4
Jamaica,2008,71.5
Jamaica,2009,71.72
Jamaica,2010,71.98
Jamaica,2011,72.24
Jamaica,2012,72.4
Jamaica,2013,72.44
Jamaica,2014,72.36
Jamaica,2015,72.21
Jamaica,2016,72.05
Jamaica,2017,71.88
Jamaica,2018,71.61
Jamaica,2019,71.53
Jamaica,2020,71.45
Jamaica,2021,69.08
Jamaica,2022,71.48
Jamaica,2023,71.48
Japan,1950,59.25
Japan,1951,60.99
Japan,1952,63.0
Japan,1953,63.33
Japan,1954,64.54
Japan,1955,65.71
Japan,1956,65.56
Japan,1957,65.44
Japan,1958,67.04
Japan,1959,67.46
Japan,1960,67.72
Japan,1961,68.37
Japan,1962,68.67
Japan,1963,69.75
Japan,1964,70.2
Japan,1965,70.26
Japan,1966,71.06
Japan,1967,71.4
Japan,1968,71.67
Japan,1969,71.92
Japan,1970,72.01
Japan,1971,72.83
Japan,1972,73.26
Japan,1973,73.42
Japan,1974,73.85
Japan,1975,74.36
Japan,1976,74.76
Japan,1977,75.33
Japan,1978,75.66
Japan,1979,76.17
Japan,1980,76.14
Japan,1981,76.56
Japan,1982,77.07
Japan,1983,77.11
Japan,1984,77.51
Japan,1985,77.8
Japan,1986,78.21
Japan,1987,78.63
Japan,1988,78.55
Japan,1989,78.98
Japan,1990,78.99
Japan,1991,79.26
Japan,1992,79.3
Japan,1993,79.45
Japan,1994,79.84
Japan,1995,79.68
Japan,1996,80.36
Japan,1997,80.58
Japan,1998,80.65
Japan,1999,80.61
Japan,2000,81.18
Japan,2001,81.51
Japan,2002,81.8
Japan,2003,81.85
Japan,2004,82.13
Japan,2005,82.01
Japan,2006,82.37
Japan,2007,82.55
Japan,2008,82.63
Japan,2009,82.97
Japan,2010,82.92
Japan,2011,82.67
Japan,2012,83.17
Japan,2013,83.4
Japan,2014,83.64
Japan,2015,83.88
Japan,2016,84.06
Japan,2017,84.19
Japan,2018,84.29
Japan,2019,84.42
Japan,2020,84.67
Japan,2021,84.55
Japan,2022,84.05
Japan,2023,84.71
Jersey,1950,69.42
Jersey,1951,69.57
Jersey,1952,69.79
Jersey,1953,69.97
Jersey,1954,70.12
Jersey,1955,70.29
Jersey,1956,70.4
Jersey,1957,70.4
Jersey,1958,70.48
Jersey,1959,70.51
Jersey,1960,70.49
Jersey,1961,70.57
Jersey,1962,70.81
Jersey,1963,70.96
Jersey,1964,71.08
Jersey,1965,71.25
Jersey,1966,71.32
Jersey,1967,71.22
Jersey,1968,71.13
Jersey,1969,71.15
Jersey,1970,71.12
Jersey,1971,71.17
Jersey,1972,71.34
Jersey,1973,71.61
Jersey,1974,71.74
Jersey,1975,71.88
Jersey,1976,71.98
Jersey,1977,72.03
Jersey,1978,72.13
Jersey,1979,72.34
Jersey,1980,72.73
Jersey,1981,73.15
Jersey,1982,73.63
Jersey,1983,74.04
Jersey,1984,74.47
Jersey,1985,74.73
Jersey,1986,75.01
Jersey,1987,75.25
Jersey,1988,75.56
Jersey,1989,75.8
Jersey,1990,76.09
Jersey,1991,76.32
Jersey,1992,76.56
Jersey,1993,76.77
Jersey,1994,77.06
Jersey,1995,77.33
Jersey,1996,77.58
Jersey,1997,77.84
Jersey,1998,78.06
Jersey,1999,78.23
Jersey,2000,78.42
Jersey,2001,78.63
Jersey,2002,78.84
Jersey,2003,79.13
Jersey,2004,79.43
Jersey,2005,79.68
Jersey,2006,79.91
Jersey,2007,80.14
Jersey,2008,80.28
Jersey,2009,80.4
Jersey,2010,80.54
Jersey,2011,80.67
Jersey,2012,80.7
Jersey,2013,80.72
Jersey,2014,80.67
Jersey,2015,80.53
Jersey,2016,80.35
Jersey,2017,80.18
Jersey,2018,80.03
Jersey,2019,79.89
Jersey,2020,79.45
Jersey,2021,79.32
Jersey,2022,79.73
Jersey,2023,79.71
Jordan,1950,40.87
Jordan,1951,42.02
Jordan,1952,43.22
Jordan,1953,44.45
Jordan,1954,45.63
Jordan,1955,46.75
Jordan,1956,48.0
Jordan,1957,49.23
Jordan,1958,50.45
Jordan,1959,51.61
Jordan,1960,52.68
Jordan,1961,53.68
Jordan,1962,54.63
Jordan,1963,55.49
Jordan,1964,56.46
Jordan,1965,57.32
Jordan,1966,57.76
Jordan,1967,58.97
Jordan,1968,59.77
Jordan,1969,60.5
Jordan,1970,59.83
Jordan,1971,61.77
Jordan,1972,62.48
Jordan,1973,63.06
Jordan,1974,63.61
Jordan,1975,64.15
Jordan,1976,64.65
Jordan,1977,65.13
Jordan,1978,65.6
Jordan,1979,66.05
Jordan,1980,66.49
Jordan,1981,66.92
Jordan,1982,67.36
Jordan,1983,67.78
Jordan,1984,68.21
Jordan,1985,68.59
Jordan,1986,68.96
Jordan,1987,69.3
Jordan,1988,69.61
Jordan,1989,69.86
Jordan,1990,70.09
Jordan,1991,70.24
Jordan,1992,70.4
Jordan,1993,70.57
Jordan,1994,70.74
Jordan,1995,70.92
Jordan,1996,71.1
Jordan,1997,71.32
Jordan,1998,71.52
Jordan,1999,71.74
Jordan,2000,71.93
Jordan,2001,72.14
Jordan,2002,72.36
Jordan,2003,72.58
Jordan,2004,72.79
Jordan,2005,72.98
Jordan,2006,73.22
Jordan,2007,73.41
Jordan,2008,73.56
Jordan,2009,73.71
Jordan,2010,73.8
Jordan,2011,73.93
Jordan,2012,74.09
Jordan,2013,74.28
Jordan,2014,74.61
Jordan,2015,75.06
Jordan,2016,75.55
Jordan,2017,76.07
Jordan,2018,76.49
Jordan,2019,76.86
Jordan,2020,75.58
Jordan,2021,74.2
Jordan,2022,77.09
Jordan,2023,77.81
Kazakhstan,1950,55.59
Kazakhstan,1951,55.85
Kazakhstan,1952,56.1
Kazakhstan,1953,56.35
Kazakhstan,1954,56.59
Kazakhstan,1955,56.83
Kazakhstan,1956,57.06
Kazakhstan,1957,57.28
Kazakhstan,1958,57.5
Kazakhstan,1959,57.72
Kazakhstan,1960,57.95
Kazakhstan,1961,58.17
Kazakhstan,1962,58.39
Kazakhstan,1963,58.61
Kazakhstan,1964,58.83
Kazakhstan,1965,59.04
Kazakhstan,1966,59.25
Kazakhstan,1967,59.45
Kazakhstan,1968,59.64
Kazakhstan,1969,59.84
Kazakhstan,1970,60.05
Kazakhstan,1971,60.26
Kazakhstan,1972,60.48
Kazakhstan,1973,60.7
Kazakhstan,1974,60.91
Kazakhstan,1975,61.11
Kazakhstan,1976,61.3
Kazakhstan,1977,61.52
Kazakhstan,1978,61.77
Kazakhstan,1979,62.07
Kazakhstan,1980,62.52
Kazakhstan,1981,63.0
Kazakhstan,1982,63.59
Kazakhstan,1983,64.22
Kazakhstan,1984,64.84
Kazakhstan,1985,65.38
Kazakhstan,1986,65.79
Kazakhstan,1987,66.0
Kazakhstan,1988,66.03
Kazakhstan,1989,65.92
Kazakhstan,1990,65.7
Kazakhstan,1991,65.38
Kazakhstan,1992,64.98
Kazakhstan,1993,64.54
Kazakhstan,1994,64.11
Kazakhstan,1995,63.72
Kazakhstan,1996,63.46
Kazakhstan,1997,63.32
Kazakhstan,1998,63.35
Kazakhstan,1999,63.53
Kazakhstan,2000,63.79
Kazakhstan,2001,64.11
Kazakhstan,2002,64.44
Kazakhstan,2003,64.75
Kazakhstan,2004,65.04
Kazakhstan,2005,65.36
Kazakhstan,2006,65.72
Kazakhstan,2007,66.18
Kazakhstan,2008,66.76
Kazakhstan,2009,67.46
Kazakhstan,2010,68.26
Kazakhstan,2011,69.11
Kazakhstan,2012,69.94
Kazakhstan,2013,70.72
Kazakhstan,2014,71.41
Kazakhstan,2015,72.02
Kazakhstan,2016,72.55
Kazakhstan,2017,73.0
Kazakhstan,2018,73.37
Kazakhstan,2019,73.66
Kazakhstan,2020,71.2
Kazakhstan,2021,70.13
Kazakhstan,2022,73.5
Kazakhstan,2023,74.4
Kenya,1950,36.86
Kenya,1951,38.04
Kenya,1952,38.64
Kenya,1953,39.82
Kenya,1954,41.04
Kenya,1955,42.28
Kenya,1956,43.53
Kenya,1957,45.34
Kenya,1958,46.46
Kenya,1959,47.52
Kenya,1960,48.48
Kenya,1961,49.33
Kenya,1962,50.1
Kenya,1963,50.76
Kenya,1964,51.32
Kenya,1965,51.89
Kenya,1966,52.38
Kenya,1967,52.8
Kenya,1968,53.3
Kenya,1969,53.73
Kenya,1970,54.14
Kenya,1971,54.54
Kenya,1972,55.01
Kenya,1973,55.5
Kenya,1974,56.04
Kenya,1975,56.62
Kenya,1976,57.15
Kenya,1977,57.68
Kenya,1978,58.23
Kenya,1979,58.69
Kenya,1980,59.17
Kenya,1981,59.56
Kenya,1982,59.9
Kenya,1983,60.34
Kenya,1984,60.61
Kenya,1985,60.86
Kenya,1986,60.82
Kenya,1987,60.72
Kenya,1988,60.32
Kenya,1989,59.99
Kenya,1990,58.33
Kenya,1991,57.83
Kenya,1992,57.1
Kenya,1993,56.67
Kenya,1994,56.1
Kenya,1995,55.86
Kenya,1996,55.57
Kenya,1997,55.48
Kenya,1998,55.57
Kenya,1999,55.87
Kenya,2000,56.08
Kenya,2001,56.5
Kenya,2002,56.76
Kenya,2003,57.37
Kenya,2004,57.95
Kenya,2005,58.51
Kenya,2006,59.06
Kenya,2007,59.41
Kenya,2008,59.95
Kenya,2009,60.48
Kenya,2010,60.91
Kenya,2011,61.28
Kenya,2012,61.54
Kenya,2013,61.73
Kenya,2014,61.99
Kenya,2015,62.28
Kenya,2016,62.53
Kenya,2017,62.72
Kenya,2018,62.83
Kenya,2019,62.94
Kenya,2020,61.6
Kenya,2021,61.23
Kenya,2022,63.55
Kenya,2023,63.65
Kiribati,1950,45.72
Kiribati,1951,45.81
Kiribati,1952,45.9
Kiribati,1953,46.0
Kiribati,1954,46.12
Kiribati,1955,46.29
Kiribati,1956,46.5
Kiribati,1957,46.78
Kiribati,1958,47.11
Kiribati,1959,47.5
Kiribati,1960,47.96
Kiribati,1961,48.47
Kiribati,1962,49.04
Kiribati,1963,49.69
Kiribati,1964,50.36
Kiribati,1965,51.03
Kiribati,1966,51.74
Kiribati,1967,52.45
Kiribati,1968,53.13
Kiribati,1969,53.76
Kiribati,1970,54.38
Kiribati,1971,54.93
Kiribati,1972,55.31
Kiribati,1973,55.79
Kiribati,1974,56.1
Kiribati,1975,56.36
Kiribati,1976,56.56
Kiribati,1977,56.06
Kiribati,1978,56.92
Kiribati,1979,57.11
Kiribati,1980,57.3
Kiribati,1981,57.52
Kiribati,1982,57.77
Kiribati,1983,58.05
Kiribati,1984,58.36
Kiribati,1985,58.72
Kiribati,1986,59.12
Kiribati,1987,59.58
Kiribati,1988,60.05
Kiribati,1989,60.54
Kiribati,1990,61.02
Kiribati,1991,61.5
Kiribati,1992,61.97
Kiribati,1993,62.41
Kiribati,1994,62.8
Kiribati,1995,63.15
Kiribati,1996,63.47
Kiribati,1997,63.8
Kiribati,1998,64.1
Kiribati,1999,64.39
Kiribati,2000,64.67
Kiribati,2001,64.92
Kiribati,2002,65.12
Kiribati,2003,65.29
Kiribati,2004,65.42
Kiribati,2005,65.52
Kiribati,2006,65.6
Kiribati,2007,65.68
Kiribati,2008,65.75
Kiribati,2009,65.81
Kiribati,2010,65.86
Kiribati,2011,65.9
Kiribati,2012,65.91
Kiribati,2013,65.9
Kiribati,2014,65.87
Kiribati,2015,65.83
Kiribati,2016,65.8
Kiribati,2017,65.79
Kiribati,2018,65.81
Kiribati,2019,65.87
Kiribati,2020,65.2
Kiribati,2021,64.15
Kiribati,2022,66.27
Kiribati,2023,66.47
Kosovo,1950,43.5
Kosovo,1951,42.15
Kosovo,1952,43.95
Kosovo,1953,43.47
Kosovo,1954,46.5
Kosovo,1955,45.79
Kosovo,1956,46.25
Kosovo,1957,46.33
Kosovo,1958,48.32
Kosovo,1959,48.11
Kosovo,1960,48.7
Kosovo,1961,49.88
Kosovo,1962,48.38
Kosovo,1963,50.1
Kosovo,1964,51.12
Kosovo,1965,52.0
Kosovo,1966,52.47
Kosovo,1967,53.05
Kosovo,1968,53.61
Kosovo,1969,53.39
Kosovo,1970,54.0
Kosovo,1971,55.13
Kosovo,1972,55.12
Kosovo,1973,55.91
Kosovo,1974,56.38
Kosovo,1975,57.31
Kosovo,1976,57.54
Kosovo,1977,58.4
Kosovo,1978,58.83
Kosovo,1979,59.09
Kosovo,1980,60.3
Kosovo,1981,60.37
Kosovo,1982,60.07
Kosovo,1983,61.0
Kosovo,1984,61.46
Kosovo,1985,61.22
Kosovo,1986,62.54
Kosovo,1987,63.57
Kosovo,1988,64.21
Kosovo,1989,65.23
Kosovo,1990,66.51
Kosovo,1991,66.46
Kosovo,1992,67.38
Kosovo,1993,67.95
Kosovo,1994,68.59
Kosovo,1995,68.78
Kosovo,1996,69.36
Kosovo,1997,69.86
Kosovo,1998,68.58
Kosovo,1999,58.27
Kosovo,2000,71.32
Kosovo,2001,71.78
Kosovo,2002,72.23
Kosovo,2003,72.68
Kosovo,2004,73.13
Kosovo,2005,73.44
Kosovo,2006,73.63
Kosovo,2007,74.42
Kosovo,2008,74.71
Kosovo,2009,74.79
Kosovo,2010,74.61
Kosovo,2011,75.32
Kosovo,2012,75.75
Kosovo,2013,76.34
Kosovo,2014,76.18
Kosovo,2015,76.02
Kosovo,2016,76.75
Kosovo,2017,77.11
Kosovo,2018,77.12
Kosovo,2019,77.25
Kosovo,2020,74.21
Kosovo,2021,74.98
Kosovo,2022,77.62
Kosovo,2023,78.03
Kuwait,1950,49.74
Kuwait,1951,50.58
Kuwait,1952,51.42
Kuwait,1953,52.26
Kuwait,1954,53.13
Kuwait,1955,54.03
Kuwait,1956,54.94
Kuwait,1957,55.89
Kuwait,1958,56.88
Kuwait,1959,57.89
Kuwait,1960,58.92
Kuwait,1961,59.95
Kuwait,1962,60.98
Kuwait,1963,61.99
Kuwait,1964,62.97
Kuwait,1965,63.94
Kuwait,1966,64.88
Kuwait,1967,65.78
Kuwait,1968,66.61
Kuwait,1969,67.35
Kuwait,1970,67.98
Kuwait,1971,68.48
Kuwait,1972,68.88
Kuwait,1973,69.19
Kuwait,1974,69.45
Kuwait,1975,69.68
Kuwait,1976,69.92
Kuwait,1977,70.17
Kuwait,1978,70.46
Kuwait,1979,70.78
Kuwait,1980,71.13
Kuwait,1981,71.52
Kuwait,1982,71.95
Kuwait,1983,72.39
Kuwait,1984,72.85
Kuwait,1985,73.32
Kuwait,1986,73.78
Kuwait,1987,74.22
Kuwait,1988,74.64
Kuwait,1989,75.03
Kuwait,1990,72.85
Kuwait,1991,73.31
Kuwait,1992,75.74
Kuwait,1993,75.77
Kuwait,1994,75.73
Kuwait,1995,75.66
Kuwait,1996,75.6
Kuwait,1997,75.56
Kuwait,1998,75.61
Kuwait,1999,75.72
Kuwait,2000,75.87
Kuwait,2001,76.04
Kuwait,2002,76.19
Kuwait,2003,76.3
Kuwait,2004,76.39
Kuwait,2005,76.46
Kuwait,2006,76.55
Kuwait,2007,76.69
Kuwait,2008,76.89
Kuwait,2009,77.17
Kuwait,2010,77.5
Kuwait,2011,77.86
Kuwait,2012,78.23
Kuwait,2013,78.58
Kuwait,2014,78.93
Kuwait,2015,79.22
Kuwait,2016,79.52
Kuwait,2017,79.73
Kuwait,2018,79.9
Kuwait,2019,80.02
Kuwait,2020,78.25
Kuwait,2021,77.62
Kuwait,2022,78.79
Kuwait,2023,80.4
Kyrgyzstan,1950,52.06
Kyrgyzstan,1951,52.37
Kyrgyzstan,1952,52.62
Kyrgyzstan,1953,52.92
Kyrgyzstan,1954,53.23
Kyrgyzstan,1955,53.54
Kyrgyzstan,1956,53.86
Kyrgyzstan,1957,54.16
Kyrgyzstan,1958,54.47
Kyrgyzstan,1959,54.78
Kyrgyzstan,1960,55.09
Kyrgyzstan,1961,55.41
Kyrgyzstan,1962,55.73
Kyrgyzstan,1963,56.03
Kyrgyzstan,1964,56.33
Kyrgyzstan,1965,56.64
Kyrgyzstan,1966,56.96
Kyrgyzstan,1967,57.3
Kyrgyzstan,1968,57.6
Kyrgyzstan,1969,57.91
Kyrgyzstan,1970,58.18
Kyrgyzstan,1971,58.5
Kyrgyzstan,1972,58.83
Kyrgyzstan,1973,59.18
Kyrgyzstan,1974,59.54
Kyrgyzstan,1975,59.82
Kyrgyzstan,1976,60.1
Kyrgyzstan,1977,60.37
Kyrgyzstan,1978,60.71
Kyrgyzstan,1979,61.09
Kyrgyzstan,1980,61.53
Kyrgyzstan,1981,61.85
Kyrgyzstan,1982,62.28
Kyrgyzstan,1983,62.34
Kyrgyzstan,1984,62.85
Kyrgyzstan,1985,63.68
Kyrgyzstan,1986,64.73
Kyrgyzstan,1987,65.44
Kyrgyzstan,1988,65.29
Kyrgyzstan,1989,65.17
Kyrgyzstan,1990,64.82
Kyrgyzstan,1991,64.94
Kyrgyzstan,1992,64.43
Kyrgyzstan,1993,63.65
Kyrgyzstan,1994,62.72
Kyrgyzstan,1995,62.92
Kyrgyzstan,1996,63.45
Kyrgyzstan,1997,64.16
Kyrgyzstan,1998,64.58
Kyrgyzstan,1999,64.92
Kyrgyzstan,2000,65.24
Kyrgyzstan,2001,65.32
Kyrgyzstan,2002,65.34
Kyrgyzstan,2003,65.45
Kyrgyzstan,2004,65.65
Kyrgyzstan,2005,65.79
Kyrgyzstan,2006,65.78
Kyrgyzstan,2007,66.05
Kyrgyzstan,2008,66.62
Kyrgyzstan,2009,67.14
Kyrgyzstan,2010,67.52
Kyrgyzstan,2011,67.75
Kyrgyzstan,2012,68.14
Kyrgyzstan,2013,68.46
Kyrgyzstan,2014,68.83
Kyrgyzstan,2015,69.31
Kyrgyzstan,2016,69.91
Kyrgyzstan,2017,70.5
Kyrgyzstan,2018,70.67
Kyrgyzstan,2019,70.89
Kyrgyzstan,2020,69.14
Kyrgyzstan,2021,69.29
Kyrgyzstan,2022,71.49
Kyrgyzstan,2023,71.68
Land-locked Developing Countries (LLDC),1950,39.09
Land-locked Developing Countries (LLDC),1951,39.52
Land-locked Developing Countries (LLDC),1952,39.95
Land-locked Developing Countries (LLDC),1953,40.35
Land-locked Developing Countries (LLDC),1954,40.75
Land-locked Developing Countries (LLDC),1955,41.16
Land-locked Developing Countries (LLDC),1956,41.57
Land-locked Developing Countries (LLDC),1957,40.71
Land-locked Developing Countries (LLDC),1958,41.06
Land-locked Developing Countries (LLDC),1959,42.67
Land-locked Developing Countries (LLDC),1960,43.09
Land-locked Developing Countries (LLDC),1961,43.52
Land-locked Developing Countries (LLDC),1962,43.89
Land-locked Developing Countries (LLDC),1963,44.13
Land-locked Developing Countries (LLDC),1964,44.68
Land-locked Developing Countries (LLDC),1965,44.78
Land-locked Developing Countries (LLDC),1966,44.49
Land-locked Developing Countries (LLDC),1967,45.24
Land-locked Developing Countries (LLDC),1968,45.5
Land-locked Developing Countries (LLDC),1969,45.68
Land-locked Developing Countries (LLDC),1970,45.93
Land-locked Developing Countries (LLDC),1971,46.22
Land-locked Developing Countries (LLDC),1972,45.69
Land-locked Developing Countries (LLDC),1973,46.57
Land-locked Developing Countries (LLDC),1974,46.56
Land-locked Developing Countries (LLDC),1975,46.8
Land-locked Developing Countries (LLDC),1976,47.58
Land-locked Developing Countries (LLDC),1977,47.9
Land-locked Developing Countries (LLDC),1978,48.07
Land-locked Developing Countries (LLDC),1979,48.43
Land-locked Developing Countries (LLDC),1980,48.87
Land-locked Developing Countries (LLDC),1981,49.29
Land-locked Developing Countries (LLDC),1982,49.48
Land-locked Developing Countries (LLDC),1983,48.04
Land-locked Developing Countries (LLDC),1984,47.86
Land-locked Developing Countries (LLDC),1985,48.5
Land-locked Developing Countries (LLDC),1986,49.38
Land-locked Developing Countries (LLDC),1987,50.58
Land-locked Developing Countries (LLDC),1988,50.06
Land-locked Developing Countries (LLDC),1989,51.52
Land-locked Developing Countries (LLDC),1990,51.36
Land-locked Developing Countries (LLDC),1991,51.68
Land-locked Developing Countries (LLDC),1992,51.25
Land-locked Developing Countries (LLDC),1993,51.24
Land-locked Developing Countries (LLDC),1994,47.03
Land-locked Developing Countries (LLDC),1995,52.16
Land-locked Developing Countries (LLDC),1996,52.3
Land-locked Developing Countries (LLDC),1997,52.52
Land-locked Developing Countries (LLDC),1998,52.02
Land-locked Developing Countries (LLDC),1999,53.32
Land-locked Developing Countries (LLDC),2000,53.97
Land-locked Developing Countries (LLDC),2001,54.42
Land-locked Developing Countries (LLDC),2002,55.06
Land-locked Developing Countries (LLDC),2003,55.76
Land-locked Developing Countries (LLDC),2004,56.47
Land-locked Developing Countries (LLDC),2005,57.1
Land-locked Developing Countries (LLDC),2006,57.8
Land-locked Developing Countries (LLDC),2007,58.55
Land-locked Developing Countries (LLDC),2008,59.35
Land-locked Developing Countries (LLDC),2009,58.74
Land-locked Developing Countries (LLDC),2010,60.73
Land-locked Developing Countries (LLDC),2011,61.43
Land-locked Developing Countries (LLDC),2012,62.06
Land-locked Developing Countries (LLDC),2013,62.59
Land-locked Developing Countries (LLDC),2014,62.52
Land-locked Developing Countries (LLDC),2015,62.89
Land-locked Developing Countries (LLDC),2016,63.25
Land-locked Developing Countries (LLDC),2017,63.55
Land-locked Developing Countries (LLDC),2018,64.62
Land-locked Developing Countries (LLDC),2019,64.72
Land-locked Developing Countries (LLDC),2020,64.52
Land-locked Developing Countries (LLDC),2021,63.81
Land-locked Developing Countries (LLDC),2022,65.1
Land-locked Developing Countries (LLDC),2023,66.59
Laos,1950,38.94
Laos,1951,39.17
Laos,1952,39.43
Laos,1953,39.73
Laos,1954,40.0
Laos,1955,40.31
Laos,1956,40.56
Laos,1957,40.87
Laos,1958,41.18
Laos,1959,40.75
Laos,1960,41.04
Laos,1961,41.34
Laos,1962,42.27
Laos,1963,41.54
Laos,1964,41.86
Laos,1965,42.22
Laos,1966,42.35
Laos,1967,42.87
Laos,1968,43.18
Laos,1969,43.46
Laos,1970,43.78
Laos,1971,44.12
Laos,1972,44.42
Laos,1973,44.73
Laos,1974,45.89
Laos,1975,46.15
Laos,1976,46.01
Laos,1977,46.41
Laos,1978,46.83
Laos,1979,47.46
Laos,1980,48.56
Laos,1981,49.24
Laos,1982,49.93
Laos,1983,50.49
Laos,1984,51.01
Laos,1985,51.58
Laos,1986,52.14
Laos,1987,52.6
Laos,1988,53.08
Laos,1989,53.59
Laos,1990,54.04
Laos,1991,54.7
Laos,1992,55.1
Laos,1993,55.58
Laos,1994,55.81
Laos,1995,56.34
Laos,1996,56.82
Laos,1997,57.3
Laos,1998,57.55
Laos,1999,57.87
Laos,2000,58.32
Laos,2001,58.89
Laos,2002,59.3
Laos,2003,59.64
Laos,2004,60.08
Laos,2005,60.69
Laos,2006,61.07
Laos,2007,61.69
Laos,2008,62.25
Laos,2009,63.02
Laos,2010,63.69
Laos,2011,64.5
Laos,2012,65.13
Laos,2013,65.72
Laos,2014,66.35
Laos,2015,66.69
Laos,2016,67.01
Laos,2017,67.35
Laos,2018,67.59
Laos,2019,67.91
Laos,2020,68.34
Laos,2021,67.81
Laos,2022,68.72
Laos,2023,68.96
Latin America and the Caribbean,1950,48.68
Latin America and the Caribbean,1951,49.28
Latin America and the Caribbean,1952,49.92
Latin America and the Caribbean,1953,50.57
Latin America and the Caribbean,1954,51.22
Latin America and the Caribbean,1955,51.78
Latin America and the Caribbean,1956,52.38
Latin America and the Caribbean,1957,52.92
Latin America and the Caribbean,1958,53.55
Latin America and the Caribbean,1959,54.11
Latin America and the Caribbean,1960,54.69
Latin America and the Caribbean,1961,55.22
Latin America and the Caribbean,1962,55.67
Latin America and the Caribbean,1963,56.08
Latin America and the Caribbean,1964,56.54
Latin America and the Caribbean,1965,56.99
Latin America and the Caribbean,1966,57.51
Latin America and the Caribbean,1967,57.93
Latin America and the Caribbean,1968,58.25
Latin America and the Caribbean,1969,58.54
Latin America and the Caribbean,1970,58.54
Latin America and the Caribbean,1971,59.45
Latin America and the Caribbean,1972,59.86
Latin America and the Caribbean,1973,60.34
Latin America and the Caribbean,1974,60.75
Latin America and the Caribbean,1975,61.3
Latin America and the Caribbean,1976,61.6
Latin America and the Caribbean,1977,62.23
Latin America and the Caribbean,1978,62.64
Latin America and the Caribbean,1979,62.97
Latin America and the Caribbean,1980,63.29
Latin America and the Caribbean,1981,63.72
Latin America and the Caribbean,1982,64.0
Latin America and the Caribbean,1983,64.61
Latin America and the Caribbean,1984,64.99
Latin America and the Caribbean,1985,65.25
Latin America and the Caribbean,1986,65.89
Latin America and the Caribbean,1987,66.26
Latin America and the Caribbean,1988,66.65
Latin America and the Caribbean,1989,67.02
Latin America and the Caribbean,1990,67.36
Latin America and the Caribbean,1991,67.7
Latin America and the Caribbean,1992,67.98
Latin America and the Caribbean,1993,68.32
Latin America and the Caribbean,1994,68.72
Latin America and the Caribbean,1995,69.1
Latin America and the Caribbean,1996,69.49
Latin America and the Caribbean,1997,69.89
Latin America and the Caribbean,1998,70.07
Latin America and the Caribbean,1999,70.49
Latin America and the Caribbean,2000,70.81
Latin America and the Caribbean,2001,71.11
Latin America and the Caribbean,2002,71.52
Latin America and the Caribbean,2003,71.84
Latin America and the Caribbean,2004,72.16
Latin America and the Caribbean,2005,72.54
Latin America and the Caribbean,2006,72.82
Latin America and the Caribbean,2007,73.03
Latin America and the Caribbean,2008,73.25
Latin America and the Caribbean,2009,73.45
Latin America and the Caribbean,2010,73.22
Latin America and the Caribbean,2011,73.94
Latin America and the Caribbean,2012,74.18
Latin America and the Caribbean,2013,74.41
Latin America and the Caribbean,2014,74.6
Latin America and the Caribbean,2015,74.79
Latin America and the Caribbean,2016,74.71
Latin America and the Caribbean,2017,74.87
Latin America and the Caribbean,2018,75.1
Latin America and the Caribbean,2019,75.26
Latin America and the Caribbean,2020,73.27
Latin America and the Caribbean,2021,71.83
Latin America and the Caribbean,2022,74.66
Latin America and the Caribbean,2023,75.69
Latvia,1950,64.57
Latvia,1951,65.18
Latvia,1952,65.71
Latvia,1953,66.23
Latvia,1954,66.7
Latvia,1955,67.15
Latvia,1956,67.61
Latvia,1957,68.26
Latvia,1958,68.9
Latvia,1959,69.52
Latvia,1960,70.33
Latvia,1961,70.54
Latvia,1962,69.9
Latvia,1963,70.34
Latvia,1964,71.53
Latvia,1965,71.22
Latvia,1966,71.18
Latvia,1967,70.87
Latvia,1968,70.48
Latvia,1969,70.22
Latvia,1970,70.24
Latvia,1971,70.57
Latvia,1972,70.26
Latvia,1973,70.19
Latvia,1974,70.12
Latvia,1975,69.26
Latvia,1976,69.39
Latvia,1977,69.45
Latvia,1978,69.33
Latvia,1979,68.82
Latvia,1980,69.12
Latvia,1981,69.08
Latvia,1982,69.63
Latvia,1983,69.4
Latvia,1984,69.43
Latvia,1985,69.6
Latvia,1986,70.96
Latvia,1987,71.01
Latvia,1988,70.91
Latvia,1989,70.4
Latvia,1990,69.46
Latvia,1991,69.18
Latvia,1992,68.45
Latvia,1993,66.63
Latvia,1994,65.18
Latvia,1995,66.0
Latvia,1996,68.59
Latvia,1997,69.22
Latvia,1998,68.85
Latvia,1999,69.65
Latvia,2000,70.18
Latvia,2001,69.91
Latvia,2002,70.18
Latvia,2003,70.64
Latvia,2004,70.94
Latvia,2005,70.63
Latvia,2006,70.55
Latvia,2007,70.79
Latvia,2008,72.0
Latvia,2009,72.7
Latvia,2010,73.03
Latvia,2011,73.72
Latvia,2012,73.94
Latvia,2013,74.19
Latvia,2014,74.31
Latvia,2015,74.66
Latvia,2016,74.76
Latvia,2017,74.8
Latvia,2018,74.98
Latvia,2019,75.63
Latvia,2020,75.48
Latvia,2021,73.18
Latvia,2022,74.87
Latvia,2023,76.19
Least developed countries,1950,36.47
Least developed countries,1951,36.93
Least developed countries,1952,37.42
Least developed countries,1953,37.86
Least developed countries,1954,38.35
Least developed countries,1955,38.81
Least developed countries,1956,39.22
Least developed countries,1957,39.09
Least developed countries,1958,39.45
Least developed countries,1959,40.49
Least developed countries,1960,40.85
Least developed countries,1961,41.25
Least developed countries,1962,41.7
Least developed countries,1963,41.89
Least developed countries,1964,42.48
Least developed countries,1965,42.57
Least developed countries,1966,42.95
Least developed countries,1967,43.56
Least developed countries,1968,43.91
Least developed countries,1969,44.23
Least developed countries,1970,43.07
Least developed countries,1971,38.52
Least developed countries,1972,44.63
Least developed countries,1973,45.24
Least developed countries,1974,45.28
Least developed countries,1975,43.84
Least developed countries,1976,44.46
Least developed countries,1977,44.91
Least developed countries,1978,45.27
Least developed countries,1979,47.28
Least developed countries,1980,47.75
Least developed countries,1981,48.04
Least developed countries,1982,48.29
Least developed countries,1983,47.49
Least developed countries,1984,47.46
Least developed countries,1985,47.85
Least developed countries,1986,48.69
Least developed countries,1987,49.46
Least developed countries,1988,49.48
Least developed countries,1989,50.36
Least developed countries,1990,50.45
Least developed countries,1991,49.98
Least developed countries,1992,50.51
Least developed countries,1993,51.25
Least developed countries,1994,49.24
Least developed countries,1995,52.35
Least developed countries,1996,52.64
Least developed countries,1997,53.11
Least developed countries,1998,53.01
Least developed countries,1999,53.97
Least developed countries,2000,54.85
Least developed countries,2001,55.45
Least developed countries,2002,56.01
Least developed countries,2003,56.68
Least developed countries,2004,57.24
Least developed countries,2005,57.85
Least developed countries,2006,58.56
Least developed countries,2007,59.18
Least developed countries,2008,59.41
Least developed countries,2009,59.68
Least developed countries,2010,60.57
Least developed countries,2011,60.88
Least developed countries,2012,61.83
Least developed countries,2013,62.36
Least developed countries,2014,62.52
Least developed countries,2015,62.88
Least developed countries,2016,63.29
Least developed countries,2017,63.58
Least developed countries,2018,64.33
Least developed countries,2019,64.64
Least developed countries,2020,64.59
Least developed countries,2021,64.0
Least developed countries,2022,65.24
Least developed countries,2023,66.35
Lebanon,1950,59.9
Lebanon,1951,60.33
Lebanon,1952,60.76
Lebanon,1953,61.18
Lebanon,1954,61.59
Lebanon,1955,61.45
Lebanon,1956,62.24
Lebanon,1957,62.81
Lebanon,1958,61.23
Lebanon,1959,63.58
Lebanon,1960,63.93
Lebanon,1961,64.27
Lebanon,1962,64.6
Lebanon,1963,64.88
Lebanon,1964,65.1
Lebanon,1965,65.32
Lebanon,1966,65.5
Lebanon,1967,65.68
Lebanon,1968,65.8
Lebanon,1969,65.92
Lebanon,1970,66.02
Lebanon,1971,66.12
Lebanon,1972,66.2
Lebanon,1973,66.3
Lebanon,1974,66.41
Lebanon,1975,57.74
Lebanon,1976,36.44
Lebanon,1977,60.33
Lebanon,1978,60.0
Lebanon,1979,59.56
Lebanon,1980,59.91
Lebanon,1981,60.28
Lebanon,1982,47.19
Lebanon,1983,60.75
Lebanon,1984,61.17
Lebanon,1985,61.57
Lebanon,1986,62.01
Lebanon,1987,62.54
Lebanon,1988,62.92
Lebanon,1989,65.11
Lebanon,1990,65.48
Lebanon,1991,70.86
Lebanon,1992,71.17
Lebanon,1993,71.56
Lebanon,1994,72.03
Lebanon,1995,72.38
Lebanon,1996,72.61
Lebanon,1997,72.94
Lebanon,1998,73.2
Lebanon,1999,73.51
Lebanon,2000,73.89
Lebanon,2001,74.35
Lebanon,2002,74.84
Lebanon,2003,75.28
Lebanon,2004,75.69
Lebanon,2005,76.07
Lebanon,2006,75.68
Lebanon,2007,76.73
Lebanon,2008,76.96
Lebanon,2009,77.26
Lebanon,2010,77.53
Lebanon,2011,77.77
Lebanon,2012,77.94
Lebanon,2013,78.04
Lebanon,2014,78.15
Lebanon,2015,78.28
Lebanon,2016,78.31
Lebanon,2017,78.19
Lebanon,2018,78.26
Lebanon,2019,78.21
Lebanon,2020,76.3
Lebanon,2021,73.65
Lebanon,2022,78.0
Lebanon,2023,77.82
Lesotho,1950,44.63
Lesotho,1951,45.22
Lesotho,1952,45.9
Lesotho,1953,46.58
Lesotho,1954,47.3
Lesotho,1955,47.96
Lesotho,1956,48.61
Lesotho,1957,49.16
Lesotho,1958,49.6
Lesotho,1959,49.92
Lesotho,1960,50.17
Lesotho,1961,50.27
Lesotho,1962,50.31
Lesotho,1963,50.26
Lesotho,1964,50.31
Lesotho,1965,50.33
Lesotho,1966,50.38
Lesotho,1967,50.51
Lesotho,1968,50.79
Lesotho,1969,51.12
Lesotho,1970,51.5
Lesotho,1971,51.84
Lesotho,1972,52.26
Lesotho,1973,52.62
Lesotho,1974,52.94
Lesotho,1975,53.45
Lesotho,1976,53.93
Lesotho,1977,54.53
Lesotho,1978,55.17
Lesotho,1979,55.84
Lesotho,1980,56.53
Lesotho,1981,57.31
Lesotho,1982,57.98
Lesotho,1983,58.5
Lesotho,1984,58.95
Lesotho,1985,59.21
Lesotho,1986,59.35
Lesotho,1987,59.56
Lesotho,1988,59.57
Lesotho,1989,59.5
Lesotho,1990,59.32
Lesotho,1991,59.06
Lesotho,1992,58.64
Lesotho,1993,58.06
Lesotho,1994,57.29
Lesotho,1995,56.37
Lesotho,1996,55.14
Lesotho,1997,53.73
Lesotho,1998,52.03
Lesotho,1999,50.38
Lesotho,2000,48.78
Lesotho,2001,47.15
Lesotho,2002,45.95
Lesotho,2003,44.92
Lesotho,2004,44.04
Lesotho,2005,43.61
Lesotho,2006,43.18
Lesotho,2007,43.66
Lesotho,2008,44.3
Lesotho,2009,45.06
Lesotho,2010,46.04
Lesotho,2011,46.93
Lesotho,2012,48.24
Lesotho,2013,49.55
Lesotho,2014,50.79
Lesotho,2015,51.83
Lesotho,2016,52.91
Lesotho,2017,53.87
Lesotho,2018,54.64
Lesotho,2019,55.25
Lesotho,2020,55.13
Lesotho,2021,54.21
Lesotho,2022,56.81
Lesotho,2023,57.37
Less developed regions,1950,41.15
Less developed regions,1951,42.06
Less developed regions,1952,43.19
Less developed regions,1953,43.84
Less developed regions,1954,44.71
Less developed regions,1955,45.29
Less developed regions,1956,45.82
Less developed regions,1957,46.26
Less developed regions,1958,46.71
Less developed regions,1959,44.27
Less developed regions,1960,42.18
Less developed regions,1961,44.98
Less developed regions,1962,48.55
Less developed regions,1963,49.21
Less developed regions,1964,49.8
Less developed regions,1965,49.59
Less developed regions,1966,50.31
Less developed regions,1967,50.92
Less developed regions,1968,51.71
Less developed regions,1969,52.25
Less developed regions,1970,52.55
Less developed regions,1971,52.19
Less developed regions,1972,53.66
Less developed regions,1973,54.26
Less developed regions,1974,54.67
Less developed regions,1975,54.93
Less developed regions,1976,55.3
Less developed regions,1977,55.95
Less developed regions,1978,56.4
Less developed regions,1979,57.17
Less developed regions,1980,57.62
Less developed regions,1981,58.09
Less developed regions,1982,58.55
Less developed regions,1983,58.81
Less developed regions,1984,59.21
Less developed regions,1985,59.63
Less developed regions,1986,60.14
Less developed regions,1987,60.64
Less developed regions,1988,60.89
Less developed regions,1989,61.37
Less developed regions,1990,61.61
Less developed regions,1991,61.77
Less developed regions,1992,62.1
Less developed regions,1993,62.46
Less developed regions,1994,62.32
Less developed regions,1995,63.03
Less developed regions,1996,63.31
Less developed regions,1997,63.62
Less developed regions,1998,63.82
Less developed regions,1999,64.24
Less developed regions,2000,64.67
Less developed regions,2001,65.01
Less developed regions,2002,65.4
Less developed regions,2003,65.78
Less developed regions,2004,66.06
Less developed regions,2005,66.51
Less developed regions,2006,66.93
Less developed regions,2007,67.34
Less developed regions,2008,67.61
Less developed regions,2009,67.97
Less developed regions,2010,68.43
Less developed regions,2011,68.72
Less developed regions,2012,69.18
Less developed regions,2013,69.51
Less developed regions,2014,69.78
Less developed regions,2015,70.03
Less developed regions,2016,70.3
Less developed regions,2017,70.5
Less developed regions,2018,70.88
Less developed regions,2019,71.11
Less developed regions,2020,70.54
Less developed regions,2021,69.39
Less developed regions,2022,71.34
Less developed regions,2023,71.73
"Less developed regions, excluding China",1950,40.09
"Less developed regions, excluding China",1951,41.04
"Less developed regions, excluding China",1952,42.27
"Less developed regions, excluding China",1953,42.93
"Less developed regions, excluding China",1954,43.81
"Less developed regions, excluding China",1955,44.45
"Less developed regions, excluding China",1956,45.0
"Less developed regions, excluding China",1957,45.37
"Less developed regions, excluding China",1958,45.86
"Less developed regions, excluding China",1959,46.55
"Less developed regions, excluding China",1960,46.99
"Less developed regions, excluding China",1961,47.41
"Less developed regions, excluding China",1962,47.86
"Less developed regions, excluding China",1963,48.27
"Less developed regions, excluding China",1964,48.72
"Less developed regions, excluding China",1965,48.08
"Less developed regions, excluding China",1966,48.83
"Less developed regions, excluding China",1967,49.43
"Less developed regions, excluding China",1968,50.19
"Less developed regions, excluding China",1969,50.61
"Less developed regions, excluding China",1970,50.67
"Less developed regions, excluding China",1971,49.85
"Less developed regions, excluding China",1972,51.62
"Less developed regions, excluding China",1973,52.16
"Less developed regions, excluding China",1974,52.53
"Less developed regions, excluding China",1975,52.75
"Less developed regions, excluding China",1976,53.26
"Less developed regions, excluding China",1977,53.83
"Less developed regions, excluding China",1978,54.29
"Less developed regions, excluding China",1979,55.15
"Less developed regions, excluding China",1980,55.59
"Less developed regions, excluding China",1981,56.03
"Less developed regions, excluding China",1982,56.43
"Less developed regions, excluding China",1983,56.68
"Less developed regions, excluding China",1984,57.06
"Less developed regions, excluding China",1985,57.46
"Less developed regions, excluding China",1986,57.97
"Less developed regions, excluding China",1987,58.43
"Less developed regions, excluding China",1988,58.65
"Less developed regions, excluding China",1989,59.16
"Less developed regions, excluding China",1990,59.38
"Less developed regions, excluding China",1991,59.52
"Less developed regions, excluding China",1992,59.87
"Less developed regions, excluding China",1993,60.25
"Less developed regions, excluding China",1994,59.98
"Less developed regions, excluding China",1995,60.78
"Less developed regions, excluding China",1996,61.04
"Less developed regions, excluding China",1997,61.35
"Less developed regions, excluding China",1998,61.54
"Less developed regions, excluding China",1999,61.99
"Less developed regions, excluding China",2000,62.45
"Less developed regions, excluding China",2001,62.81
"Less developed regions, excluding China",2002,63.21
"Less developed regions, excluding China",2003,63.62
"Less developed regions, excluding China",2004,63.88
"Less developed regions, excluding China",2005,64.37
"Less developed regions, excluding China",2006,64.81
"Less developed regions, excluding China",2007,65.23
"Less developed regions, excluding China",2008,65.56
"Less developed regions, excluding China",2009,65.88
"Less developed regions, excluding China",2010,66.37
"Less developed regions, excluding China",2011,66.69
"Less developed regions, excluding China",2012,67.17
"Less developed regions, excluding China",2013,67.53
"Less developed regions, excluding China",2014,67.8
"Less developed regions, excluding China",2015,68.08
"Less developed regions, excluding China",2016,68.35
"Less developed regions, excluding China",2017,68.62
"Less developed regions, excluding China",2018,69.0
"Less developed regions, excluding China",2019,69.24
"Less developed regions, excluding China",2020,68.47
"Less developed regions, excluding China",2021,66.99
"Less developed regions, excluding China",2022,69.6
"Less developed regions, excluding China",2023,70.22
"Less developed regions, excluding least developed countries",1950,41.89
"Less developed regions, excluding least developed countries",1951,42.85
"Less developed regions, excluding least developed countries",1952,44.07
"Less developed regions, excluding least developed countries",1953,44.74
"Less developed regions, excluding least developed countries",1954,45.66
"Less developed regions, excluding least developed countries",1955,46.25
"Less developed regions, excluding least developed countries",1956,46.8
"Less developed regions, excluding least developed countries",1957,47.33
"Less developed regions, excluding least developed countries",1958,47.8
"Less developed regions, excluding least developed countries",1959,44.84
"Less developed regions, excluding least developed countries",1960,42.4
"Less developed regions, excluding least developed countries",1961,45.58
"Less developed regions, excluding least developed countries",1962,49.64
"Less developed regions, excluding least developed countries",1963,50.34
"Less developed regions, excluding least developed countries",1964,50.93
"Less developed regions, excluding least developed countries",1965,50.66
"Less developed regions, excluding least developed countries",1966,51.45
"Less developed regions, excluding least developed countries",1967,52.06
"Less developed regions, excluding least developed countries",1968,52.93
"Less developed regions, excluding least developed countries",1969,53.52
"Less developed regions, excluding least developed countries",1970,54.07
"Less developed regions, excluding least developed countries",1971,54.56
"Less developed regions, excluding least developed countries",1972,55.12
"Less developed regions, excluding least developed countries",1973,55.74
"Less developed regions, excluding least developed countries",1974,56.24
"Less developed regions, excluding least developed countries",1975,56.83
"Less developed regions, excluding least developed countries",1976,57.18
"Less developed regions, excluding least developed countries",1977,57.89
"Less developed regions, excluding least developed countries",1978,58.38
"Less developed regions, excluding least developed countries",1979,58.94
"Less developed regions, excluding least developed countries",1980,59.41
"Less developed regions, excluding least developed countries",1981,59.91
"Less developed regions, excluding least developed countries",1982,60.39
"Less developed regions, excluding least developed countries",1983,60.88
"Less developed regions, excluding least developed countries",1984,61.37
"Less developed regions, excluding least developed countries",1985,61.8
"Less developed regions, excluding least developed countries",1986,62.24
"Less developed regions, excluding least developed countries",1987,62.66
"Less developed regions, excluding least developed countries",1988,62.98
"Less developed regions, excluding least developed countries",1989,63.37
"Less developed regions, excluding least developed countries",1990,63.63
"Less developed regions, excluding least developed countries",1991,63.96
"Less developed regions, excluding least developed countries",1992,64.27
"Less developed regions, excluding least developed countries",1993,64.57
"Less developed regions, excluding least developed countries",1994,64.81
"Less developed regions, excluding least developed countries",1995,65.08
"Less developed regions, excluding least developed countries",1996,65.38
"Less developed regions, excluding least developed countries",1997,65.68
"Less developed regions, excluding least developed countries",1998,65.97
"Less developed regions, excluding least developed countries",1999,66.27
"Less developed regions, excluding least developed countries",2000,66.62
"Less developed regions, excluding least developed countries",2001,66.92
"Less developed regions, excluding least developed countries",2002,67.27
"Less developed regions, excluding least developed countries",2003,67.6
"Less developed regions, excluding least developed countries",2004,67.82
"Less developed regions, excluding least developed countries",2005,68.25
"Less developed regions, excluding least developed countries",2006,68.61
"Less developed regions, excluding least developed countries",2007,68.98
"Less developed regions, excluding least developed countries",2008,69.26
"Less developed regions, excluding least developed countries",2009,69.63
"Less developed regions, excluding least developed countries",2010,70.0
"Less developed regions, excluding least developed countries",2011,70.31
"Less developed regions, excluding least developed countries",2012,70.64
"Less developed regions, excluding least developed countries",2013,70.93
"Less developed regions, excluding least developed countries",2014,71.24
"Less developed regions, excluding least developed countries",2015,71.49
"Less developed regions, excluding least developed countries",2016,71.74
"Less developed regions, excluding least developed countries",2017,71.95
"Less developed regions, excluding least developed countries",2018,72.24
"Less developed regions, excluding least developed countries",2019,72.47
"Less developed regions, excluding least developed countries",2020,71.82
"Less developed regions, excluding least developed countries",2021,70.61
"Less developed regions, excluding least developed countries",2022,72.72
"Less developed regions, excluding least developed countries",2023,72.94
Liberia,1950,37.97
Liberia,1951,38.02
Liberia,1952,38.05
Liberia,1953,38.08
Liberia,1954,38.1
Liberia,1955,38.11
Liberia,1956,38.1
Liberia,1957,38.08
Liberia,1958,38.05
Liberia,1959,38.06
Liberia,1960,38.07
Liberia,1961,38.1
Liberia,1962,38.17
Liberia,1963,38.31
Liberia,1964,38.45
Liberia,1965,38.69
Liberia,1966,38.95
Liberia,1967,39.26
Liberia,1968,39.59
Liberia,1969,39.99
Liberia,1970,40.36
Liberia,1971,40.72
Liberia,1972,41.2
Liberia,1973,41.62
Liberia,1974,42.06
Liberia,1975,42.46
Liberia,1976,42.85
Liberia,1977,43.22
Liberia,1978,43.57
Liberia,1979,43.89
Liberia,1980,44.09
Liberia,1981,44.34
Liberia,1982,44.45
Liberia,1983,44.58
Liberia,1984,44.68
Liberia,1985,44.03
Liberia,1986,44.49
Liberia,1987,44.27
Liberia,1988,44.07
Liberia,1989,43.86
Liberia,1990,37.64
Liberia,1991,43.57
Liberia,1992,43.57
Liberia,1993,43.02
Liberia,1994,42.62
Liberia,1995,44.57
Liberia,1996,44.95
Liberia,1997,48.3
Liberia,1998,49.37
Liberia,1999,50.41
Liberia,2000,51.85
Liberia,2001,53.11
Liberia,2002,54.06
Liberia,2003,53.04
Liberia,2004,55.95
Liberia,2005,56.76
Liberia,2006,57.49
Liberia,2007,58.15
Liberia,2008,58.68
Liberia,2009,59.11
Liberia,2010,59.36
Liberia,2011,59.49
Liberia,2012,59.79
Liberia,2013,59.99
Liberia,2014,59.21
Liberia,2015,59.25
Liberia,2016,60.48
Liberia,2017,60.78
Liberia,2018,61.0
Liberia,2019,61.23
Liberia,2020,61.27
Liberia,2021,61.17
Liberia,2022,61.93
Liberia,2023,62.16
Libya,1950,33.11
Libya,1951,33.47
Libya,1952,33.8
Libya,1953,34.18
Libya,1954,34.65
Libya,1955,35.25
Libya,1956,36.0
Libya,1957,36.88
Libya,1958,37.99
Libya,1959,39.27
Libya,1960,40.75
Libya,1961,42.36
Libya,1962,44.08
Libya,1963,45.58
Libya,1964,47.65
Libya,1965,49.28
Libya,1966,50.95
Libya,1967,52.46
Libya,1968,53.85
Libya,1969,55.17
Libya,1970,56.38
Libya,1971,57.58
Libya,1972,58.69
Libya,1973,59.71
Libya,1974,60.71
Libya,1975,61.62
Libya,1976,62.45
Libya,1977,63.13
Libya,1978,63.8
Libya,1979,64.33
Libya,1980,64.8
Libya,1981,65.25
Libya,1982,65.77
Libya,1983,66.26
Libya,1984,66.75
Libya,1985,67.29
Libya,1986,67.81
Libya,1987,68.26
Libya,1988,68.61
Libya,1989,68.98
Libya,1990,69.31
Libya,1991,69.64
Libya,1992,69.97
Libya,1993,70.25
Libya,1994,70.47
Libya,1995,70.64
Libya,1996,70.74
Libya,1997,70.72
Libya,1998,70.66
Libya,1999,70.6
Libya,2000,70.54
Libya,2001,70.65
Libya,2002,70.79
Libya,2003,71.0
Libya,2004,71.21
Libya,2005,71.44
Libya,2006,71.63
Libya,2007,71.79
Libya,2008,71.94
Libya,2009,72.07
Libya,2010,72.2
Libya,2011,69.95
Libya,2012,72.19
Libya,2013,72.34
Libya,2014,71.3
Libya,2015,71.64
Libya,2016,71.8
Libya,2017,72.72
Libya,2018,73.15
Libya,2019,72.94
Libya,2020,72.39
Libya,2021,72.06
Libya,2022,74.46
Libya,2023,69.34
Liechtenstein,1950,65.34
Liechtenstein,1951,65.85
Liechtenstein,1952,66.23
Liechtenstein,1953,66.89
Liechtenstein,1954,67.55
Liechtenstein,1955,68.31
Liechtenstein,1956,68.89
Liechtenstein,1957,69.58
Liechtenstein,1958,70.11
Liechtenstein,1959,70.6
Liechtenstein,1960,70.9
Liechtenstein,1961,70.97
Liechtenstein,1962,70.88
Liechtenstein,1963,70.93
Liechtenstein,1964,71.07
Liechtenstein,1965,71.24
Liechtenstein,1966,71.64
Liechtenstein,1967,72.02
Liechtenstein,1968,72.35
Liechtenstein,1969,72.55
Liechtenstein,1970,72.82
Liechtenstein,1971,73.03
Liechtenstein,1972,73.37
Liechtenstein,1973,73.65
Liechtenstein,1974,74.02
Liechtenstein,1975,74.33
Liechtenstein,1976,74.57
Liechtenstein,1977,74.77
Liechtenstein,1978,74.71
Liechtenstein,1979,74.74
Liechtenstein,1980,74.78
Liechtenstein,1981,74.95
Liechtenstein,1982,75.06
Liechtenstein,1983,75.71
Liechtenstein,1984,76.19
Liechtenstein,1985,76.73
Liechtenstein,1986,77.23
Liechtenstein,1987,77.75
Liechtenstein,1988,77.99
Liechtenstein,1989,78.28
Liechtenstein,1990,78.51
Liechtenstein,1991,78.66
Liechtenstein,1992,78.65
Liechtenstein,1993,78.45
Liechtenstein,1994,78.18
Liechtenstein,1995,77.92
Liechtenstein,1996,77.67
Liechtenstein,1997,77.6
Liechtenstein,1998,77.81
Liechtenstein,1999,78.15
Liechtenstein,2000,78.58
Liechtenstein,2001,79.19
Liechtenstein,2002,79.76
Liechtenstein,2003,80.24
Liechtenstein,2004,80.73
Liechtenstein,2005,81.12
Liechtenstein,2006,81.4
Liechtenstein,2007,81.64
Liechtenstein,2008,81.86
Liechtenstein,2009,81.94
Liechtenstein,2010,82.05
Liechtenstein,2011,82.16
Liechtenstein,2012,82.25
Liechtenstein,2013,82.37
Liechtenstein,2014,82.55
Liechtenstein,2015,82.76
Liechtenstein,2016,82.89
Liechtenstein,2017,83.11
Liechtenstein,2018,83.27
Liechtenstein,2019,83.4
Liechtenstein,2020,82.04
Liechtenstein,2021,82.79
Liechtenstein,2022,83.41
Liechtenstein,2023,83.63
Lithuania,1950,66.07
Lithuania,1951,66.15
Lithuania,1952,66.23
Lithuania,1953,66.34
Lithuania,1954,66.46
Lithuania,1955,66.64
Lithuania,1956,66.85
Lithuania,1957,67.71
Lithuania,1958,68.56
Lithuania,1959,69.4
Lithuania,1960,70.29
Lithuania,1961,70.46
Lithuania,1962,69.44
Lithuania,1963,70.57
Lithuania,1964,71.94
Lithuania,1965,71.69
Lithuania,1966,71.87
Lithuania,1967,71.96
Lithuania,1968,71.63
Lithuania,1969,71.23
Lithuania,1970,71.1
Lithuania,1971,72.04
Lithuania,1972,71.31
Lithuania,1973,71.62
Lithuania,1974,71.54
Lithuania,1975,71.11
Lithuania,1976,71.22
Lithuania,1977,71.06
Lithuania,1978,70.85
Lithuania,1979,70.71
Lithuania,1980,70.7
Lithuania,1981,70.69
Lithuania,1982,71.06
Lithuania,1983,71.02
Lithuania,1984,70.54
Lithuania,1985,70.74
Lithuania,1986,72.39
Lithuania,1987,72.23
Lithuania,1988,72.03
Lithuania,1989,71.64
Lithuania,1990,71.37
Lithuania,1991,70.51
Lithuania,1992,70.34
Lithuania,1993,68.93
Lithuania,1994,68.5
Lithuania,1995,69.02
Lithuania,1996,70.19
Lithuania,1997,71.03
Lithuania,1998,71.33
Lithuania,1999,71.72
Lithuania,2000,72.14
Lithuania,2001,71.71
Lithuania,2002,71.84
Lithuania,2003,72.09
Lithuania,2004,72.0
Lithuania,2005,71.25
Lithuania,2006,70.96
Lithuania,2007,70.7
Lithuania,2008,71.7
Lithuania,2009,72.85
Lithuania,2010,73.2
Lithuania,2011,73.61
Lithuania,2012,73.96
Lithuania,2013,74.03
Lithuania,2014,74.6
Lithuania,2015,74.47
Lithuania,2016,74.82
Lithuania,2017,75.7
Lithuania,2018,75.91
Lithuania,2019,76.42
Lithuania,2020,75.1
Lithuania,2021,74.3
Lithuania,2022,74.7
Lithuania,2023,76.03
Low-and-Lower-middle-income countries,1950,39.22
Low-and-Lower-middle-income countries,1951,40.03
Low-and-Lower-middle-income countries,1952,41.08
Low-and-Lower-middle-income countries,1953,41.65
Low-and-Lower-middle-income countries,1954,42.47
Low-and-Lower-middle-income countries,1955,43.08
Low-and-Lower-middle-income countries,1956,43.57
Low-and-Lower-middle-income countries,1957,43.86
Low-and-Lower-middle-income countries,1958,44.32
Low-and-Lower-middle-income countries,1959,45.0
Low-and-Lower-middle-income countries,1960,45.37
Low-and-Lower-middle-income countries,1961,45.73
Low-and-Lower-middle-income countries,1962,46.13
Low-and-Lower-middle-income countries,1963,46.49
Low-and-Lower-middle-income countries,1964,46.91
Low-and-Lower-middle-income countries,1965,46.52
Low-and-Lower-middle-income countries,1966,46.88
Low-and-Lower-middle-income countries,1967,47.22
Low-and-Lower-middle-income countries,1968,48.09
Low-and-Lower-middle-income countries,1969,48.48
Low-and-Lower-middle-income countries,1970,48.44
Low-and-Lower-middle-income countries,1971,47.14
Low-and-Lower-middle-income countries,1972,49.29
Low-and-Lower-middle-income countries,1973,49.85
Low-and-Lower-middle-income countries,1974,50.2
Low-and-Lower-middle-income countries,1975,50.3
Low-and-Lower-middle-income countries,1976,50.85
Low-and-Lower-middle-income countries,1977,51.4
Low-and-Lower-middle-income countries,1978,51.85
Low-and-Lower-middle-income countries,1979,52.84
Low-and-Lower-middle-income countries,1980,53.35
Low-and-Lower-middle-income countries,1981,53.77
Low-and-Lower-middle-income countries,1982,54.18
Low-and-Lower-middle-income countries,1983,54.33
Low-and-Lower-middle-income countries,1984,54.68
Low-and-Lower-middle-income countries,1985,55.09
Low-and-Lower-middle-income countries,1986,55.62
Low-and-Lower-middle-income countries,1987,56.13
Low-and-Lower-middle-income countries,1988,56.36
Low-and-Lower-middle-income countries,1989,56.88
Low-and-Lower-middle-income countries,1990,57.05
Low-and-Lower-middle-income countries,1991,57.11
Low-and-Lower-middle-income countries,1992,57.42
Low-and-Lower-middle-income countries,1993,57.77
Low-and-Lower-middle-income countries,1994,57.32
Low-and-Lower-middle-income countries,1995,58.29
Low-and-Lower-middle-income countries,1996,58.54
Low-and-Lower-middle-income countries,1997,58.87
Low-and-Lower-middle-income countries,1998,59.06
Low-and-Lower-middle-income countries,1999,59.61
Low-and-Lower-middle-income countries,2000,60.12
Low-and-Lower-middle-income countries,2001,60.52
Low-and-Lower-middle-income countries,2002,60.97
Low-and-Lower-middle-income countries,2003,61.46
Low-and-Lower-middle-income countries,2004,61.85
Low-and-Lower-middle-income countries,2005,62.26
Low-and-Lower-middle-income countries,2006,62.76
Low-and-Lower-middle-income countries,2007,63.21
Low-and-Lower-middle-income countries,2008,63.54
Low-and-Lower-middle-income countries,2009,63.87
Low-and-Lower-middle-income countries,2010,64.42
Low-and-Lower-middle-income countries,2011,64.75
Low-and-Lower-middle-income countries,2012,65.25
Low-and-Lower-middle-income countries,2013,65.62
Low-and-Lower-middle-income countries,2014,65.89
Low-and-Lower-middle-income countries,2015,66.2
Low-and-Lower-middle-income countries,2016,66.54
Low-and-Lower-middle-income countries,2017,66.82
Low-and-Lower-middle-income countries,2018,67.21
Low-and-Lower-middle-income countries,2019,67.49
Low-and-Lower-middle-income countries,2020,67.0
Low-and-Lower-middle-income countries,2021,65.43
Low-and-Lower-middle-income countries,2022,68.11
Low-and-Lower-middle-income countries,2023,68.66
Low-and-middle-income countries,1950,42.33
Low-and-middle-income countries,1951,43.09
Low-and-middle-income countries,1952,44.08
Low-and-middle-income countries,1953,44.72
Low-and-middle-income countries,1954,45.55
Low-and-middle-income countries,1955,46.16
Low-and-middle-income countries,1956,46.79
Low-and-middle-income countries,1957,47.19
Low-and-middle-income countries,1958,47.69
Low-and-middle-income countries,1959,45.26
Low-and-middle-income countries,1960,43.2
Low-and-middle-income countries,1961,45.98
Low-and-middle-income countries,1962,49.46
Low-and-middle-income countries,1963,50.09
Low-and-middle-income countries,1964,50.66
Low-and-middle-income countries,1965,50.4
Low-and-middle-income countries,1966,51.09
Low-and-middle-income countries,1967,51.6
Low-and-middle-income countries,1968,52.36
Low-and-middle-income countries,1969,52.84
Low-and-middle-income countries,1970,53.1
Low-and-middle-income countries,1971,52.75
Low-and-middle-income countries,1972,54.17
Low-and-middle-income countries,1973,54.74
Low-and-middle-income countries,1974,55.12
Low-and-middle-income countries,1975,55.34
Low-and-middle-income countries,1976,55.67
Low-and-middle-income countries,1977,56.28
Low-and-middle-income countries,1978,56.7
Low-and-middle-income countries,1979,57.4
Low-and-middle-income countries,1980,57.84
Low-and-middle-income countries,1981,58.27
Low-and-middle-income countries,1982,58.73
Low-and-middle-income countries,1983,58.97
Low-and-middle-income countries,1984,59.32
Low-and-middle-income countries,1985,59.75
Low-and-middle-income countries,1986,60.34
Low-and-middle-income countries,1987,60.82
Low-and-middle-income countries,1988,61.03
Low-and-middle-income countries,1989,61.47
Low-and-middle-income countries,1990,61.65
Low-and-middle-income countries,1991,61.76
Low-and-middle-income countries,1992,61.96
Low-and-middle-income countries,1993,62.14
Low-and-middle-income countries,1994,61.92
Low-and-middle-income countries,1995,62.61
Low-and-middle-income countries,1996,62.93
Low-and-middle-income countries,1997,63.27
Low-and-middle-income countries,1998,63.49
Low-and-middle-income countries,1999,63.81
Low-and-middle-income countries,2000,64.2
Low-and-middle-income countries,2001,64.53
Low-and-middle-income countries,2002,64.87
Low-and-middle-income countries,2003,65.25
Low-and-middle-income countries,2004,65.55
Low-and-middle-income countries,2005,66.0
Low-and-middle-income countries,2006,66.47
Low-and-middle-income countries,2007,66.91
Low-and-middle-income countries,2008,67.2
Low-and-middle-income countries,2009,67.59
Low-and-middle-income countries,2010,68.03
Low-and-middle-income countries,2011,68.38
Low-and-middle-income countries,2012,68.86
Low-and-middle-income countries,2013,69.2
Low-and-middle-income countries,2014,69.47
Low-and-middle-income countries,2015,69.74
Low-and-middle-income countries,2016,70.02
Low-and-middle-income countries,2017,70.26
Low-and-middle-income countries,2018,70.62
Low-and-middle-income countries,2019,70.85
Low-and-middle-income countries,2020,70.22
Low-and-middle-income countries,2021,69.03
Low-and-middle-income countries,2022,71.07
Low-and-middle-income countries,2023,71.47
Low-income countries,1950,31.21
Low-income countries,1951,33.02
Low-income countries,1952,36.04
Low-income countries,1953,37.03
Low-income countries,1954,38.02
Low-income countries,1955,38.48
Low-income countries,1956,38.91
Low-income countries,1957,38.26
Low-income countries,1958,38.63
Low-income countries,1959,40.14
Low-income countries,1960,40.53
Low-income countries,1961,40.84
Low-income countries,1962,41.17
Low-income countries,1963,41.41
Low-income countries,1964,41.89
Low-income countries,1965,42.1
Low-income countries,1966,42.05
Low-income countries,1967,42.84
Low-income countries,1968,43.2
Low-income countries,1969,43.5
Low-income countries,1970,43.84
Low-income countries,1971,44.18
Low-income countries,1972,43.77
Low-income countries,1973,44.54
Low-income countries,1974,44.57
Low-income countries,1975,44.81
Low-income countries,1976,45.53
Low-income countries,1977,45.86
Low-income countries,1978,45.98
Low-income countries,1979,46.35
Low-income countries,1980,46.68
Low-income countries,1981,46.87
Low-income countries,1982,46.89
Low-income countries,1983,45.49
Low-income countries,1984,45.2
Low-income countries,1985,45.73
Low-income countries,1986,46.85
Low-income countries,1987,48.05
Low-income countries,1988,47.9
Low-income countries,1989,49.19
Low-income countries,1990,49.21
Low-income countries,1991,48.95
Low-income countries,1992,49.01
Low-income countries,1993,50.02
Low-income countries,1994,46.34
Low-income countries,1995,50.79
Low-income countries,1996,50.96
Low-income countries,1997,51.41
Low-income countries,1998,50.94
Low-income countries,1999,52.15
Low-income countries,2000,53.15
Low-income countries,2001,53.68
Low-income countries,2002,54.18
Low-income countries,2003,55.13
Low-income countries,2004,55.68
Low-income countries,2005,56.25
Low-income countries,2006,57.05
Low-income countries,2007,57.75
Low-income countries,2008,58.41
Low-income countries,2009,57.98
Low-income countries,2010,59.53
Low-income countries,2011,59.4
Low-income countries,2012,60.36
Low-income countries,2013,60.89
Low-income countries,2014,60.9
Low-income countries,2015,61.16
Low-income countries,2016,61.56
Low-income countries,2017,61.77
Low-income countries,2018,62.71
Low-income countries,2019,63.04
Low-income countries,2020,63.27
Low-income countries,2021,62.78
Low-income countries,2022,63.48
Low-income countries,2023,64.94
Lower-middle-income countries,1950,40.78
Lower-middle-income countries,1951,41.34
Lower-middle-income countries,1952,41.96
Lower-middle-income countries,1953,42.44
Lower-middle-income countries,1954,43.23
Lower-middle-income countries,1955,43.86
Lower-middle-income countries,1956,44.35
Lower-middle-income countries,1957,44.81
Lower-middle-income countries,1958,45.29
Lower-middle-income countries,1959,45.82
Lower-middle-income countries,1960,46.17
Lower-middle-income countries,1961,46.54
Lower-middle-income countries,1962,46.96
Lower-middle-income countries,1963,47.34
Lower-middle-income countries,1964,47.75
Lower-middle-income countries,1965,47.26
Lower-middle-income countries,1966,47.7
Lower-middle-income countries,1967,47.95
Lower-middle-income countries,1968,48.92
Lower-middle-income countries,1969,49.34
Lower-middle-income countries,1970,49.24
Lower-middle-income countries,1971,47.64
Lower-middle-income countries,1972,50.26
Lower-middle-income countries,1973,50.78
Lower-middle-income countries,1974,51.2
Lower-middle-income countries,1975,51.28
Lower-middle-income countries,1976,51.79
Lower-middle-income countries,1977,52.39
Lower-middle-income countries,1978,52.91
Lower-middle-income countries,1979,54.01
Lower-middle-income countries,1980,54.56
Lower-middle-income countries,1981,55.02
Lower-middle-income countries,1982,55.5
Lower-middle-income countries,1983,55.98
Lower-middle-income countries,1984,56.45
Lower-middle-income countries,1985,56.85
Lower-middle-income countries,1986,57.25
Lower-middle-income countries,1987,57.61
Lower-middle-income countries,1988,57.96
Lower-middle-income countries,1989,58.31
Lower-middle-income countries,1990,58.53
Lower-middle-income countries,1991,58.66
Lower-middle-income countries,1992,59.04
Lower-middle-income countries,1993,59.27
Lower-middle-income countries,1994,59.5
Lower-middle-income countries,1995,59.77
Lower-middle-income countries,1996,60.05
Lower-middle-income countries,1997,60.38
Lower-middle-income countries,1998,60.71
Lower-middle-income countries,1999,61.12
Lower-middle-income countries,2000,61.55
Lower-middle-income countries,2001,61.92
Lower-middle-income countries,2002,62.37
Lower-middle-income countries,2003,62.76
Lower-middle-income countries,2004,63.14
Lower-middle-income countries,2005,63.52
Lower-middle-income countries,2006,63.96
Lower-middle-income countries,2007,64.36
Lower-middle-income countries,2008,64.63
Lower-middle-income countries,2009,65.14
Lower-middle-income countries,2010,65.48
Lower-middle-income countries,2011,65.94
Lower-middle-income countries,2012,66.32
Lower-middle-income countries,2013,66.66
Lower-middle-income countries,2014,67.01
Lower-middle-income countries,2015,67.33
Lower-middle-income countries,2016,67.67
Lower-middle-income countries,2017,67.99
Lower-middle-income countries,2018,68.25
Lower-middle-income countries,2019,68.53
Lower-middle-income countries,2020,67.91
Lower-middle-income countries,2021,66.19
Lower-middle-income countries,2022,69.25
Lower-middle-income countries,2023,69.59
Luxembourg,1950,65.55
Luxembourg,1951,65.86
Luxembourg,1952,66.12
Luxembourg,1953,66.39
Luxembourg,1954,66.67
Luxembourg,1955,67.37
Luxembourg,1956,67.14
Luxembourg,1957,66.89
Luxembourg,1958,68.41
Luxembourg,1959,68.37
Luxembourg,1960,68.78
Luxembourg,1961,69.15
Luxembourg,1962,68.4
Luxembourg,1963,68.67
Luxembourg,1964,68.83
Luxembourg,1965,69.21
Luxembourg,1966,68.91
Luxembourg,1967,69.47
Luxembourg,1968,69.99
Luxembourg,1969,69.72
Luxembourg,1970,69.23
Luxembourg,1971,69.25
Luxembourg,1972,70.47
Luxembourg,1973,70.32
Luxembourg,1974,70.22
Luxembourg,1975,70.34
Luxembourg,1976,70.24
Luxembourg,1977,71.46
Luxembourg,1978,71.47
Luxembourg,1979,72.25
Luxembourg,1980,72.39
Luxembourg,1981,72.08
Luxembourg,1982,72.16
Luxembourg,1983,72.98
Luxembourg,1984,72.72
Luxembourg,1985,73.28
Luxembourg,1986,74.09
Luxembourg,1987,73.87
Luxembourg,1988,74.28
Luxembourg,1989,74.29
Luxembourg,1990,74.97
Luxembourg,1991,74.96
Luxembourg,1992,74.75
Luxembourg,1993,75.43
Luxembourg,1994,75.93
Luxembourg,1995,75.88
Luxembourg,1996,76.17
Luxembourg,1997,76.39
Luxembourg,1998,76.57
Luxembourg,1999,76.99
Luxembourg,2000,77.26
Luxembourg,2001,77.53
Luxembourg,2002,77.55
Luxembourg,2003,77.26
Luxembourg,2004,78.66
Luxembourg,2005,78.88
Luxembourg,2006,78.84
Luxembourg,2007,79.12
Luxembourg,2008,80.11
Luxembourg,2009,79.91
Luxembourg,2010,80.1
Luxembourg,2011,80.28
Luxembourg,2012,80.44
Luxembourg,2013,80.85
Luxembourg,2014,81.24
Luxembourg,2015,81.26
Luxembourg,2016,81.62
Luxembourg,2017,81.09
Luxembourg,2018,81.52
Luxembourg,2019,81.59
Luxembourg,2020,81.41
Luxembourg,2021,81.84
Luxembourg,2022,82.2
Luxembourg,2023,82.23
Macao,1950,58.33
Macao,1951,58.82
Macao,1952,59.29
Macao,1953,59.75
Macao,1954,60.25
Macao,1955,60.73
Macao,1956,60.95
Macao,1957,62.47
Macao,1958,63.15
Macao,1959,63.68
Macao,1960,63.94
Macao,1961,64.48
Macao,1962,65.09
Macao,1963,65.65
Macao,1964,66.03
Macao,1965,66.31
Macao,1966,66.79
Macao,1967,67.4
Macao,1968,68.02
Macao,1969,68.27
Macao,1970,68.76
Macao,1971,69.17
Macao,1972,69.7
Macao,1973,70.09
Macao,1974,71.0
Macao,1975,71.19
Macao,1976,71.87
Macao,1977,71.8
Macao,1978,72.24
Macao,1979,72.63
Macao,1980,73.0
Macao,1981,73.37
Macao,1982,73.91
Macao,1983,74.07
Macao,1984,74.23
Macao,1985,74.7
Macao,1986,74.98
Macao,1987,75.17
Macao,1988,75.54
Macao,1989,76.22
Macao,1990,76.57
Macao,1991,76.64
Macao,1992,77.07
Macao,1993,77.47
Macao,1994,77.43
Macao,1995,77.85
Macao,1996,77.43
Macao,1997,78.44
Macao,1998,78.75
Macao,1999,79.13
Macao,2000,79.43
Macao,2001,79.81
Macao,2002,80.1
Macao,2003,80.21
Macao,2004,80.41
Macao,2005,80.52
Macao,2006,80.71
Macao,2007,80.93
Macao,2008,81.16
Macao,2009,81.49
Macao,2010,81.66
Macao,2011,81.99
Macao,2012,82.26
Macao,2013,82.48
Macao,2014,82.7
Macao,2015,82.94
Macao,2016,83.02
Macao,2017,83.08
Macao,2018,83.4
Macao,2019,83.29
Macao,2020,84.61
Macao,2021,83.82
Macao,2022,82.1
Macao,2023,83.07
Madagascar,1950,39.66
Madagascar,1951,39.94
Madagascar,1952,40.34
Madagascar,1953,40.66
Madagascar,1954,40.95
Madagascar,1955,41.28
Madagascar,1956,41.69
Madagascar,1957,42.11
Madagascar,1958,42.5
Madagascar,1959,42.95
Madagascar,1960,43.35
Madagascar,1961,43.79
Madagascar,1962,44.19
Madagascar,1963,44.63
Madagascar,1964,45.04
Madagascar,1965,45.45
Madagascar,1966,45.98
Madagascar,1967,46.46
Madagascar,1968,46.93
Madagascar,1969,47.32
Madagascar,1970,47.9
Madagascar,1971,48.2
Madagascar,1972,48.51
Madagascar,1973,48.92
Madagascar,1974,49.3
Madagascar,1975,49.6
Madagascar,1976,49.8
Madagascar,1977,49.94
Madagascar,1978,50.02
Madagascar,1979,50.06
Madagascar,1980,49.98
Madagascar,1981,49.81
Madagascar,1982,50.01
Madagascar,1983,50.11
Madagascar,1984,50.21
Madagascar,1985,50.41
Madagascar,1986,50.65
Madagascar,1987,51.1
Madagascar,1988,51.42
Madagascar,1989,51.82
Madagascar,1990,52.14
Madagascar,1991,52.56
Madagascar,1992,52.95
Madagascar,1993,53.73
Madagascar,1994,54.25
Madagascar,1995,54.84
Madagascar,1996,55.48
Madagascar,1997,56.13
Madagascar,1998,56.8
Madagascar,1999,57.43
Madagascar,2000,57.97
Madagascar,2001,58.67
Madagascar,2002,59.17
Madagascar,2003,59.69
Madagascar,2004,60.17
Madagascar,2005,60.66
Madagascar,2006,61.14
Madagascar,2007,61.53
Madagascar,2008,61.99
Madagascar,2009,62.3
Madagascar,2010,62.6
Madagascar,2011,62.86
Madagascar,2012,63.01
Madagascar,2013,63.16
Madagascar,2014,63.26
Madagascar,2015,63.36
Madagascar,2016,63.43
Madagascar,2017,63.43
Madagascar,2018,63.49
Madagascar,2019,63.5
Madagascar,2020,62.71
Madagascar,2021,62.52
Madagascar,2022,63.07
Madagascar,2023,63.63
Malawi,1950,32.66
Malawi,1951,32.82
Malawi,1952,32.99
Malawi,1953,33.16
Malawi,1954,33.35
Malawi,1955,33.58
Malawi,1956,33.85
Malawi,1957,34.11
Malawi,1958,34.44
Malawi,1959,34.76
Malawi,1960,34.99
Malawi,1961,35.23
Malawi,1962,35.45
Malawi,1963,35.64
Malawi,1964,35.68
Malawi,1965,35.74
Malawi,1966,35.83
Malawi,1967,35.94
Malawi,1968,36.08
Malawi,1969,36.3
Malawi,1970,36.64
Malawi,1971,37.1
Malawi,1972,37.61
Malawi,1973,38.35
Malawi,1974,39.2
Malawi,1975,40.08
Malawi,1976,41.02
Malawi,1977,41.98
Malawi,1978,43.0
Malawi,1979,43.7
Malawi,1980,44.33
Malawi,1981,44.72
Malawi,1982,44.84
Malawi,1983,44.97
Malawi,1984,44.81
Malawi,1985,44.57
Malawi,1986,44.3
Malawi,1987,43.9
Malawi,1988,43.57
Malawi,1989,43.52
Malawi,1990,43.57
Malawi,1991,43.54
Malawi,1992,43.64
Malawi,1993,43.65
Malawi,1994,43.8
Malawi,1995,43.8
Malawi,1996,44.01
Malawi,1997,44.2
Malawi,1998,44.3
Malawi,1999,45.06
Malawi,2000,46.17
Malawi,2001,47.2
Malawi,2002,48.18
Malawi,2003,49.6
Malawi,2004,51.07
Malawi,2005,52.47
Malawi,2006,53.65
Malawi,2007,54.69
Malawi,2008,55.72
Malawi,2009,56.71
Malawi,2010,57.79
Malawi,2011,58.86
Malawi,2012,59.87
Malawi,2013,60.82
Malawi,2014,61.65
Malawi,2015,62.32
Malawi,2016,63.16
Malawi,2017,63.91
Malawi,2018,64.46
Malawi,2019,65.0
Malawi,2020,65.22
Malawi,2021,64.78
Malawi,2022,66.04
Malawi,2023,67.35
Malaysia,1950,48.49
Malaysia,1951,49.22
Malaysia,1952,50.15
Malaysia,1953,51.13
Malaysia,1954,51.98
Malaysia,1955,52.84
Malaysia,1956,53.67
Malaysia,1957,54.51
Malaysia,1958,55.41
Malaysia,1959,56.31
Malaysia,1960,57.17
Malaysia,1961,58.02
Malaysia,1962,58.86
Malaysia,1963,59.67
Malaysia,1964,60.45
Malaysia,1965,61.14
Malaysia,1966,61.68
Malaysia,1967,62.04
Malaysia,1968,62.44
Malaysia,1969,62.87
Malaysia,1970,63.3
Malaysia,1971,63.77
Malaysia,1972,64.23
Malaysia,1973,64.73
Malaysia,1974,65.2
Malaysia,1975,65.7
Malaysia,1976,66.23
Malaysia,1977,66.72
Malaysia,1978,67.17
Malaysia,1979,67.61
Malaysia,1980,68.06
Malaysia,1981,68.46
Malaysia,1982,68.88
Malaysia,1983,69.21
Malaysia,1984,69.55
Malaysia,1985,69.86
Malaysia,1986,70.13
Malaysia,1987,70.35
Malaysia,1988,70.55
Malaysia,1989,70.76
Malaysia,1990,70.95
Malaysia,1991,71.22
Malaysia,1992,71.48
Malaysia,1993,71.72
Malaysia,1994,71.87
Malaysia,1995,71.98
Malaysia,1996,72.12
Malaysia,1997,72.3
Malaysia,1998,72.39
Malaysia,1999,72.43
Malaysia,2000,72.73
Malaysia,2001,73.08
Malaysia,2002,73.47
Malaysia,2003,73.73
Malaysia,2004,74.03
Malaysia,2005,74.37
Malaysia,2006,74.7
Malaysia,2007,74.96
Malaysia,2008,75.15
Malaysia,2009,75.27
Malaysia,2010,75.38
Malaysia,2011,75.49
Malaysia,2012,75.55
Malaysia,2013,75.46
Malaysia,2014,75.35
Malaysia,2015,75.29
Malaysia,2016,75.37
Malaysia,2017,75.54
Malaysia,2018,75.73
Malaysia,2019,75.9
Malaysia,2020,76.06
Malaysia,2021,73.92
Malaysia,2022,75.44
Malaysia,2023,76.66
Maldives,1950,36.49
Maldives,1951,37.08
Maldives,1952,37.0
Maldives,1953,36.95
Maldives,1954,36.95
Maldives,1955,37.01
Maldives,1956,37.15
Maldives,1957,37.34
Maldives,1958,37.58
Maldives,1959,37.89
Maldives,1960,38.24
Maldives,1961,38.65
Maldives,1962,39.09
Maldives,1963,39.59
Maldives,1964,40.15
Maldives,1965,40.76
Maldives,1966,41.41
Maldives,1967,42.11
Maldives,1968,42.85
Maldives,1969,43.65
Maldives,1970,44.52
Maldives,1971,45.45
Maldives,1972,46.43
Maldives,1973,47.46
Maldives,1974,48.53
Maldives,1975,49.65
Maldives,1976,50.75
Maldives,1977,51.84
Maldives,1978,50.45
Maldives,1979,53.87
Maldives,1980,54.82
Maldives,1981,55.73
Maldives,1982,56.61
Maldives,1983,57.48
Maldives,1984,58.34
Maldives,1985,59.18
Maldives,1986,59.99
Maldives,1987,60.79
Maldives,1988,61.59
Maldives,1989,62.38
Maldives,1990,63.15
Maldives,1991,63.91
Maldives,1992,64.66
Maldives,1993,65.43
Maldives,1994,66.2
Maldives,1995,66.96
Maldives,1996,67.73
Maldives,1997,68.52
Maldives,1998,69.3
Maldives,1999,70.16
Maldives,2000,70.89
Maldives,2001,71.66
Maldives,2002,72.36
Maldives,2003,73.26
Maldives,2004,73.01
Maldives,2005,74.78
Maldives,2006,75.26
Maldives,2007,75.71
Maldives,2008,76.0
Maldives,2009,76.37
Maldives,2010,76.76
Maldives,2011,77.14
Maldives,2012,77.51
Maldives,2013,77.85
Maldives,2014,78.19
Maldives,2015,78.61
Maldives,2016,78.91
Maldives,2017,79.23
Maldives,2018,79.43
Maldives,2019,79.71
Maldives,2020,78.71
Maldives,2021,78.05
Maldives,2022,80.76
Maldives,2023,81.04
Mali,1950,28.73
Mali,1951,28.91
Mali,1952,29.14
Mali,1953,29.39
Mali,1954,29.51
Mali,1955,29.69
Mali,1956,29.85
Mali,1957,30.06
Mali,1958,30.19
Mali,1959,30.34
Mali,1960,30.46
Mali,1961,30.64
Mali,1962,30.83
Mali,1963,31.02
Mali,1964,31.23
Mali,1965,31.53
Mali,1966,31.79
Mali,1967,32.2
Mali,1968,32.57
Mali,1969,32.87
Mali,1970,33.4
Mali,1971,33.8
Mali,1972,34.51
Mali,1973,35.09
Mali,1974,35.75
Mali,1975,36.48
Mali,1976,37.2
Mali,1977,37.99
Mali,1978,38.76
Mali,1979,39.51
Mali,1980,40.27
Mali,1981,40.98
Mali,1982,41.8
Mali,1983,42.75
Mali,1984,43.4
Mali,1985,43.92
Mali,1986,44.62
Mali,1987,45.23
Mali,1988,45.72
Mali,1989,46.24
Mali,1990,46.54
Mali,1991,46.89
Mali,1992,47.24
Mali,1993,47.59
Mali,1994,47.91
Mali,1995,48.29
Mali,1996,48.5
Mali,1997,49.09
Mali,1998,49.59
Mali,1999,50.06
Mali,2000,50.6
Mali,2001,51.3
Mali,2002,52.0
Mali,2003,52.63
Mali,2004,53.25
Mali,2005,53.79
Mali,2006,54.3
Mali,2007,54.76
Mali,2008,55.19
Mali,2009,55.59
Mali,2010,55.99
Mali,2011,56.37
Mali,2012,56.7
Mali,2013,57.05
Mali,2014,57.48
Mali,2015,57.85
Mali,2016,58.29
Mali,2017,58.56
Mali,2018,58.87
Mali,2019,59.22
Mali,2020,58.86
Mali,2021,59.12
Mali,2022,60.03
Mali,2023,60.44
Malta,1950,63.47
Malta,1951,63.91
Malta,1952,64.06
Malta,1953,64.3
Malta,1954,65.06
Malta,1955,66.29
Malta,1956,66.76
Malta,1957,67.47
Malta,1958,67.83
Malta,1959,68.37
Malta,1960,68.44
Malta,1961,68.42
Malta,1962,69.17
Malta,1963,69.25
Malta,1964,69.34
Malta,1965,69.45
Malta,1966,69.74
Malta,1967,69.79
Malta,1968,69.9
Malta,1969,70.06
Malta,1970,70.37
Malta,1971,70.14
Malta,1972,70.68
Malta,1973,71.32
Malta,1974,71.95
Malta,1975,72.07
Malta,1976,72.21
Malta,1977,72.33
Malta,1978,72.34
Malta,1979,72.5
Malta,1980,72.32
Malta,1981,72.37
Malta,1982,72.83
Malta,1983,73.1
Malta,1984,73.31
Malta,1985,73.85
Malta,1986,74.48
Malta,1987,75.3
Malta,1988,75.87
Malta,1989,76.17
Malta,1990,76.16
Malta,1991,76.49
Malta,1992,76.68
Malta,1993,76.83
Malta,1994,76.95
Malta,1995,76.98
Malta,1996,76.32
Malta,1997,77.32
Malta,1998,77.8
Malta,1999,77.75
Malta,2000,77.9
Malta,2001,78.9
Malta,2002,78.47
Malta,2003,78.7
Malta,2004,79.17
Malta,2005,79.49
Malta,2006,79.56
Malta,2007,79.74
Malta,2008,79.69
Malta,2009,80.42
Malta,2010,81.4
Malta,2011,80.8
Malta,2012,81.06
Malta,2013,81.82
Malta,2014,82.32
Malta,2015,82.59
Malta,2016,82.66
Malta,2017,83.09
Malta,2018,82.91
Malta,2019,82.84
Malta,2020,82.34
Malta,2021,82.32
Malta,2022,82.25
Malta,2023,83.3
Marshall Islands,1950,52.61
Marshall Islands,1951,52.67
Marshall Islands,1952,52.73
Marshall Islands,1953,52.8
Marshall Islands,1954,52.89
Marshall Islands,1955,53.0
Marshall Islands,1956,53.16
Marshall Islands,1957,53.37
Marshall Islands,1958,53.63
Marshall Islands,1959,53.97
Marshall Islands,1960,54.36
Marshall Islands,1961,54.73
Marshall Islands,1962,55.21
Marshall Islands,1963,55.74
Marshall Islands,1964,56.26
Marshall Islands,1965,56.78
Marshall Islands,1966,57.28
Marshall Islands,1967,57.76
Marshall Islands,1968,58.19
Marshall Islands,1969,58.5
Marshall Islands,1970,58.8
Marshall Islands,1971,59.13
Marshall Islands,1972,59.49
Marshall Islands,1973,59.83
Marshall Islands,1974,60.12
Marshall Islands,1975,60.27
Marshall Islands,1976,60.42
Marshall Islands,1977,60.57
Marshall Islands,1978,60.7
Marshall Islands,1979,60.84
Marshall Islands,1980,60.99
Marshall Islands,1981,61.14
Marshall Islands,1982,61.29
Marshall Islands,1983,61.45
Marshall Islands,1984,61.6
Marshall Islands,1985,61.71
Marshall Islands,1986,61.78
Marshall Islands,1987,61.81
Marshall Islands,1988,61.78
Marshall Islands,1989,61.73
Marshall Islands,1990,61.76
Marshall Islands,1991,61.79
Marshall Islands,1992,61.9
Marshall Islands,1993,62.08
Marshall Islands,1994,62.31
Marshall Islands,1995,62.51
Marshall Islands,1996,62.77
Marshall Islands,1997,63.01
Marshall Islands,1998,63.22
Marshall Islands,1999,63.42
Marshall Islands,2000,63.32
Marshall Islands,2001,63.73
Marshall Islands,2002,63.85
Marshall Islands,2003,63.96
Marshall Islands,2004,64.04
Marshall Islands,2005,64.11
Marshall Islands,2006,64.21
Marshall Islands,2007,64.26
Marshall Islands,2008,64.3
Marshall Islands,2009,64.39
Marshall Islands,2010,64.5
Marshall Islands,2011,64.64
Marshall Islands,2012,64.78
Marshall Islands,2013,64.95
Marshall Islands,2014,65.11
Marshall Islands,2015,65.29
Marshall Islands,2016,65.48
Marshall Islands,2017,65.67
Marshall Islands,2018,65.87
Marshall Islands,2019,66.05
Marshall Islands,2020,65.39
Marshall Islands,2021,65.42
Marshall Islands,2022,66.72
Marshall Islands,2023,66.95
Martinique,1950,54.95
Martinique,1951,54.21
Martinique,1952,54.89
Martinique,1953,57.63
Martinique,1954,58.51
Martinique,1955,58.75
Martinique,1956,59.57
Martinique,1957,60.06
Martinique,1958,60.07
Martinique,1959,61.51
Martinique,1960,61.61
Martinique,1961,62.89
Martinique,1962,62.27
Martinique,1963,62.63
Martinique,1964,63.16
Martinique,1965,64.16
Martinique,1966,64.45
Martinique,1967,65.14
Martinique,1968,65.39
Martinique,1969,65.44
Martinique,1970,65.05
Martinique,1971,67.35
Martinique,1972,67.61
Martinique,1973,68.02
Martinique,1974,68.16
Martinique,1975,69.01
Martinique,1976,69.71
Martinique,1977,70.26
Martinique,1978,70.82
Martinique,1979,71.38
Martinique,1980,71.9
Martinique,1981,72.43
Martinique,1982,72.98
Martinique,1983,73.52
Martinique,1984,74.03
Martinique,1985,74.4
Martinique,1986,74.48
Martinique,1987,74.9
Martinique,1988,75.31
Martinique,1989,75.78
Martinique,1990,75.86
Martinique,1991,76.43
Martinique,1992,76.63
Martinique,1993,76.82
Martinique,1994,77.02
Martinique,1995,77.2
Martinique,1996,77.42
Martinique,1997,77.63
Martinique,1998,77.84
Martinique,1999,78.08
Martinique,2000,78.5
Martinique,2001,78.43
Martinique,2002,78.88
Martinique,2003,79.63
Martinique,2004,79.59
Martinique,2005,80.22
Martinique,2006,80.43
Martinique,2007,80.06
Martinique,2008,80.69
Martinique,2009,81.24
Martinique,2010,81.14
Martinique,2011,81.62
Martinique,2012,81.79
Martinique,2013,81.9
Martinique,2014,81.94
Martinique,2015,82.03
Martinique,2016,81.81
Martinique,2017,81.99
Martinique,2018,82.09
Martinique,2019,82.07
Martinique,2020,80.27
Martinique,2021,77.74
Martinique,2022,80.84
Martinique,2023,82.57
Mauritania,1950,38.38
Mauritania,1951,38.85
Mauritania,1952,39.2
Mauritania,1953,39.6
Mauritania,1954,40.14
Mauritania,1955,40.58
Mauritania,1956,41.14
Mauritania,1957,41.74
Mauritania,1958,42.3
Mauritania,1959,42.89
Mauritania,1960,43.61
Mauritania,1961,44.31
Mauritania,1962,45.05
Mauritania,1963,45.79
Mauritania,1964,46.58
Mauritania,1965,47.36
Mauritania,1966,48.13
Mauritania,1967,48.89
Mauritania,1968,49.51
Mauritania,1969,50.09
Mauritania,1970,50.54
Mauritania,1971,50.76
Mauritania,1972,51.04
Mauritania,1973,51.22
Mauritania,1974,51.43
Mauritania,1975,51.57
Mauritania,1976,51.77
Mauritania,1977,52.0
Mauritania,1978,52.35
Mauritania,1979,52.76
Mauritania,1980,53.2
Mauritania,1981,53.68
Mauritania,1982,54.23
Mauritania,1983,54.58
Mauritania,1984,55.2
Mauritania,1985,55.81
Mauritania,1986,56.32
Mauritania,1987,56.96
Mauritania,1988,57.48
Mauritania,1989,57.7
Mauritania,1990,58.09
Mauritania,1991,58.29
Mauritania,1992,58.57
Mauritania,1993,58.73
Mauritania,1994,58.76
Mauritania,1995,58.86
Mauritania,1996,58.91
Mauritania,1997,59.42
Mauritania,1998,59.89
Mauritania,1999,60.44
Mauritania,2000,61.04
Mauritania,2001,61.66
Mauritania,2002,62.25
Mauritania,2003,62.8
Mauritania,2004,63.37
Mauritania,2005,63.92
Mauritania,2006,64.49
Mauritania,2007,64.88
Mauritania,2008,65.23
Mauritania,2009,65.48
Mauritania,2010,65.66
Mauritania,2011,65.75
Mauritania,2012,65.81
Mauritania,2013,65.89
Mauritania,2014,66.21
Mauritania,2015,66.5
Mauritania,2016,66.82
Mauritania,2017,67.09
Mauritania,2018,67.42
Mauritania,2019,67.64
Mauritania,2020,66.79
Mauritania,2021,66.76
Mauritania,2022,68.28
Mauritania,2023,68.48
Mauritius,1950,51.94
Mauritius,1951,52.47
Mauritius,1952,52.11
Mauritius,1953,51.5
Mauritius,1954,52.22
Mauritius,1955,53.77
Mauritius,1956,55.07
Mauritius,1957,55.68
Mauritius,1958,56.39
Mauritius,1959,57.4
Mauritius,1960,58.4
Mauritius,1961,59.54
Mauritius,1962,60.46
Mauritius,1963,61.15
Mauritius,1964,61.52
Mauritius,1965,62.07
Mauritius,1966,62.11
Mauritius,1967,61.72
Mauritius,1968,62.1
Mauritius,1969,62.7
Mauritius,1970,63.69
Mauritius,1971,63.84
Mauritius,1972,63.8
Mauritius,1973,64.25
Mauritius,1974,64.22
Mauritius,1975,64.37
Mauritius,1976,64.03
Mauritius,1977,64.83
Mauritius,1978,65.26
Mauritius,1979,66.02
Mauritius,1980,66.51
Mauritius,1981,67.22
Mauritius,1982,67.95
Mauritius,1983,68.41
Mauritius,1984,68.64
Mauritius,1985,68.72
Mauritius,1986,68.89
Mauritius,1987,69.18
Mauritius,1988,69.44
Mauritius,1989,69.54
Mauritius,1990,69.77
Mauritius,1991,70.05
Mauritius,1992,70.21
Mauritius,1993,70.36
Mauritius,1994,70.42
Mauritius,1995,70.6
Mauritius,1996,70.52
Mauritius,1997,70.68
Mauritius,1998,70.89
Mauritius,1999,71.39
Mauritius,2000,71.76
Mauritius,2001,71.99
Mauritius,2002,72.05
Mauritius,2003,72.31
Mauritius,2004,72.55
Mauritius,2005,72.64
Mauritius,2006,72.78
Mauritius,2007,72.89
Mauritius,2008,73.12
Mauritius,2009,73.26
Mauritius,2010,73.65
Mauritius,2011,74.07
Mauritius,2012,74.33
Mauritius,2013,74.43
Mauritius,2014,74.61
Mauritius,2015,74.67
Mauritius,2016,74.85
Mauritius,2017,75.02
Mauritius,2018,74.49
Mauritius,2019,74.18
Mauritius,2020,74.66
Mauritius,2021,72.9
Mauritius,2022,73.54
Mauritius,2023,74.93
Mayotte,1950,42.25
Mayotte,1951,43.57
Mayotte,1952,44.83
Mayotte,1953,46.14
Mayotte,1954,47.39
Mayotte,1955,48.7
Mayotte,1956,49.92
Mayotte,1957,51.08
Mayotte,1958,52.24
Mayotte,1959,53.35
Mayotte,1960,54.36
Mayotte,1961,55.35
Mayotte,1962,56.33
Mayotte,1963,57.26
Mayotte,1964,58.26
Mayotte,1965,59.21
Mayotte,1966,60.15
Mayotte,1967,61.05
Mayotte,1968,61.91
Mayotte,1969,62.71
Mayotte,1970,63.55
Mayotte,1971,64.27
Mayotte,1972,64.99
Mayotte,1973,65.66
Mayotte,1974,66.33
Mayotte,1975,66.97
Mayotte,1976,67.57
Mayotte,1977,68.16
Mayotte,1978,68.69
Mayotte,1979,69.21
Mayotte,1980,69.76
Mayotte,1981,70.24
Mayotte,1982,70.71
Mayotte,1983,71.12
Mayotte,1984,71.53
Mayotte,1985,71.9
Mayotte,1986,72.28
Mayotte,1987,72.63
Mayotte,1988,72.99
Mayotte,1989,73.31
Mayotte,1990,73.61
Mayotte,1991,73.96
Mayotte,1992,74.25
Mayotte,1993,74.54
Mayotte,1994,74.84
Mayotte,1995,75.07
Mayotte,1996,75.33
Mayotte,1997,75.59
Mayotte,1998,75.86
Mayotte,1999,76.11
Mayotte,2000,76.36
Mayotte,2001,76.53
Mayotte,2002,76.69
Mayotte,2003,76.84
Mayotte,2004,77.04
Mayotte,2005,77.13
Mayotte,2006,77.47
Mayotte,2007,77.77
Mayotte,2008,78.0
Mayotte,2009,78.2
Mayotte,2010,78.25
Mayotte,2011,78.16
Mayotte,2012,77.89
Mayotte,2013,77.61
Mayotte,2014,77.29
Mayotte,2015,76.88
Mayotte,2016,76.51
Mayotte,2017,76.35
Mayotte,2018,76.22
Mayotte,2019,76.1
Mayotte,2020,74.21
Mayotte,2021,72.82
Mayotte,2022,75.13
Mayotte,2023,76.05
Mexico,1950,43.84
Mexico,1951,44.77
Mexico,1952,45.67
Mexico,1953,47.04
Mexico,1954,48.3
Mexico,1955,49.6
Mexico,1956,50.36
Mexico,1957,51.11
Mexico,1958,51.84
Mexico,1959,52.66
Mexico,1960,53.57
Mexico,1961,54.42
Mexico,1962,55.06
Mexico,1963,55.5
Mexico,1964,55.92
Mexico,1965,56.69
Mexico,1966,57.36
Mexico,1967,57.96
Mexico,1968,58.22
Mexico,1969,58.41
Mexico,1970,58.89
Mexico,1971,59.41
Mexico,1972,60.05
Mexico,1973,60.52
Mexico,1974,61.18
Mexico,1975,61.88
Mexico,1976,62.47
Mexico,1977,62.99
Mexico,1978,63.43
Mexico,1979,63.86
Mexico,1980,64.28
Mexico,1981,64.72
Mexico,1982,65.26
Mexico,1983,65.76
Mexico,1984,66.21
Mexico,1985,66.77
Mexico,1986,67.38
Mexico,1987,67.9
Mexico,1988,68.3
Mexico,1989,68.62
Mexico,1990,69.03
Mexico,1991,69.37
Mexico,1992,69.66
Mexico,1993,69.96
Mexico,1994,70.3
Mexico,1995,70.7
Mexico,1996,71.09
Mexico,1997,71.47
Mexico,1998,71.79
Mexico,1999,72.2
Mexico,2000,72.56
Mexico,2001,72.91
Mexico,2002,73.11
Mexico,2003,73.31
Mexico,2004,73.43
Mexico,2005,73.63
Mexico,2006,73.75
Mexico,2007,73.8
Mexico,2008,73.69
Mexico,2009,73.63
Mexico,2010,73.72
Mexico,2011,73.92
Mexico,2012,74.13
Mexico,2013,74.29
Mexico,2014,74.4
Mexico,2015,74.43
Mexico,2016,74.38
Mexico,2017,74.26
Mexico,2018,74.3
Mexico,2019,74.53
Mexico,2020,70.45
Mexico,2021,69.75
Mexico,2022,73.97
Mexico,2023,75.07
Micronesia (country),1950,48.36
Micronesia (country),1951,48.94
Micronesia (country),1952,49.47
Micronesia (country),1953,50.01
Micronesia (country),1954,50.58
Micronesia (country),1955,51.14
Micronesia (country),1956,51.73
Micronesia (country),1957,52.31
Micronesia (country),1958,52.95
Micronesia (country),1959,53.57
Micronesia (country),1960,54.19
Micronesia (country),1961,54.74
Micronesia (country),1962,55.39
Micronesia (country),1963,56.0
Micronesia (country),1964,56.66
Micronesia (country),1965,57.2
Micronesia (country),1966,57.75
Micronesia (country),1967,58.3
Micronesia (country),1968,58.83
Micronesia (country),1969,59.31
Micronesia (country),1970,59.77
Micronesia (country),1971,60.18
Micronesia (country),1972,60.61
Micronesia (country),1973,60.96
Micronesia (country),1974,61.32
Micronesia (country),1975,61.62
Micronesia (country),1976,61.88
Micronesia (country),1977,62.12
Micronesia (country),1978,62.31
Micronesia (country),1979,62.46
Micronesia (country),1980,62.56
Micronesia (country),1981,62.67
Micronesia (country),1982,62.75
Micronesia (country),1983,62.83
Micronesia (country),1984,62.92
Micronesia (country),1985,63.03
Micronesia (country),1986,63.15
Micronesia (country),1987,63.21
Micronesia (country),1988,63.46
Micronesia (country),1989,63.62
Micronesia (country),1990,63.72
Micronesia (country),1991,63.88
Micronesia (country),1992,64.0
Micronesia (country),1993,64.04
Micronesia (country),1994,64.08
Micronesia (country),1995,64.14
Micronesia (country),1996,64.25
Micronesia (country),1997,64.37
Micronesia (country),1998,64.51
Micronesia (country),1999,64.63
Micronesia (country),2000,64.32
Micronesia (country),2001,64.8
Micronesia (country),2002,63.91
Micronesia (country),2003,64.91
Micronesia (country),2004,64.9
Micronesia (country),2005,64.91
Micronesia (country),2006,64.86
Micronesia (country),2007,64.84
Micronesia (country),2008,64.85
Micronesia (country),2009,64.87
Micronesia (country),2010,64.89
Micronesia (country),2011,64.97
Micronesia (country),2012,65.08
Micronesia (country),2013,65.18
Micronesia (country),2014,65.29
Micronesia (country),2015,65.31
Micronesia (country),2016,65.58
Micronesia (country),2017,65.76
Micronesia (country),2018,65.94
Micronesia (country),2019,66.2
Micronesia (country),2020,65.88
Micronesia (country),2021,66.15
Micronesia (country),2022,66.96
Micronesia (country),2023,67.2
Middle-income countries,1950,43.29
Middle-income countries,1951,43.91
Middle-income countries,1952,44.71
Middle-income countries,1953,45.3
Middle-income countries,1954,46.12
Middle-income countries,1955,46.74
Middle-income countries,1956,47.39
Middle-income countries,1957,47.87
Middle-income countries,1958,48.38
Middle-income countries,1959,45.64
Middle-income countries,1960,43.4
Middle-income countries,1961,46.38
Middle-income countries,1962,50.12
Middle-income countries,1963,50.78
Middle-income countries,1964,51.35
Middle-income countries,1965,51.04
Middle-income countries,1966,51.8
Middle-income countries,1967,52.3
Middle-income countries,1968,53.09
Middle-income countries,1969,53.6
Middle-income countries,1970,53.86
Middle-income countries,1971,53.45
Middle-income countries,1972,55.04
Middle-income countries,1973,55.6
Middle-income countries,1974,56.02
Middle-income countries,1975,56.25
Middle-income countries,1976,56.56
Middle-income countries,1977,57.21
Middle-income countries,1978,57.67
Middle-income countries,1979,58.42
Middle-income countries,1980,58.87
Middle-income countries,1981,59.33
Middle-income countries,1982,59.82
Middle-income countries,1983,60.26
Middle-income countries,1984,60.68
Middle-income countries,1985,61.11
Middle-income countries,1986,61.63
Middle-income countries,1987,62.02
Middle-income countries,1988,62.3
Middle-income countries,1989,62.65
Middle-income countries,1990,62.86
Middle-income countries,1991,63.03
Middle-income countries,1992,63.27
Middle-income countries,1993,63.38
Middle-income countries,1994,63.54
Middle-income countries,1995,63.86
Middle-income countries,1996,64.23
Middle-income countries,1997,64.58
Middle-income countries,1998,64.88
Middle-income countries,1999,65.12
Middle-income countries,2000,65.45
Middle-income countries,2001,65.76
Middle-income countries,2002,66.1
Middle-income countries,2003,66.42
Middle-income countries,2004,66.69
Middle-income countries,2005,67.14
Middle-income countries,2006,67.58
Middle-income countries,2007,68.0
Middle-income countries,2008,68.25
Middle-income countries,2009,68.75
Middle-income countries,2010,69.06
Middle-income countries,2011,69.5
Middle-income countries,2012,69.89
Middle-income countries,2013,70.21
Middle-income countries,2014,70.53
Middle-income countries,2015,70.81
Middle-income countries,2016,71.09
Middle-income countries,2017,71.35
Middle-income countries,2018,71.63
Middle-income countries,2019,71.86
Middle-income countries,2020,71.15
Middle-income countries,2021,69.92
Middle-income countries,2022,72.13
Middle-income countries,2023,72.39
Moldova,1950,54.03
Moldova,1951,54.52
Moldova,1952,55.08
Moldova,1953,55.67
Moldova,1954,56.28
Moldova,1955,56.85
Moldova,1956,57.43
Moldova,1957,58.0
Moldova,1958,58.53
Moldova,1959,59.02
Moldova,1960,59.44
Moldova,1961,59.86
Moldova,1962,60.25
Moldova,1963,60.62
Moldova,1964,60.96
Moldova,1965,61.28
Moldova,1966,61.55
Moldova,1967,61.78
Moldova,1968,61.97
Moldova,1969,62.18
Moldova,1970,62.41
Moldova,1971,62.67
Moldova,1972,62.93
Moldova,1973,63.18
Moldova,1974,63.44
Moldova,1975,63.7
Moldova,1976,63.97
Moldova,1977,64.23
Moldova,1978,64.49
Moldova,1979,64.82
Moldova,1980,65.19
Moldova,1981,65.6
Moldova,1982,65.86
Moldova,1983,66.15
Moldova,1984,66.43
Moldova,1985,66.88
Moldova,1986,67.39
Moldova,1987,67.92
Moldova,1988,68.19
Moldova,1989,68.17
Moldova,1990,67.92
Moldova,1991,67.55
Moldova,1992,66.75
Moldova,1993,66.66
Moldova,1994,66.32
Moldova,1995,66.22
Moldova,1996,66.25
Moldova,1997,66.48
Moldova,1998,66.84
Moldova,1999,67.2
Moldova,2000,67.46
Moldova,2001,67.67
Moldova,2002,67.79
Moldova,2003,67.9
Moldova,2004,68.02
Moldova,2005,68.2
Moldova,2006,68.42
Moldova,2007,68.67
Moldova,2008,69.0
Moldova,2009,69.41
Moldova,2010,69.88
Moldova,2011,70.17
Moldova,2012,70.34
Moldova,2013,70.29
Moldova,2014,70.24
Moldova,2015,70.12
Moldova,2016,70.18
Moldova,2017,70.38
Moldova,2018,70.24
Moldova,2019,70.18
Moldova,2020,69.91
Moldova,2021,68.99
Moldova,2022,71.55
Moldova,2023,71.2
Monaco,1950,68.0
Monaco,1951,68.36
Monaco,1952,68.91
Monaco,1953,69.56
Monaco,1954,70.03
Monaco,1955,70.41
Monaco,1956,70.72
Monaco,1957,70.87
Monaco,1958,71.1
Monaco,1959,71.35
Monaco,1960,71.86
Monaco,1961,72.18
Monaco,1962,72.44
Monaco,1963,72.48
Monaco,1964,72.71
Monaco,1965,72.87
Monaco,1966,73.03
Monaco,1967,73.06
Monaco,1968,73.17
Monaco,1969,73.25
Monaco,1970,73.35
Monaco,1971,73.36
Monaco,1972,73.38
Monaco,1973,73.37
Monaco,1974,73.42
Monaco,1975,73.52
Monaco,1976,73.8
Monaco,1977,74.19
Monaco,1978,74.66
Monaco,1979,74.87
Monaco,1980,74.95
Monaco,1981,74.95
Monaco,1982,75.26
Monaco,1983,75.7
Monaco,1984,76.39
Monaco,1985,77.36
Monaco,1986,78.4
Monaco,1987,79.26
Monaco,1988,79.41
Monaco,1989,79.42
Monaco,1990,79.44
Monaco,1991,79.75
Monaco,1992,80.07
Monaco,1993,80.36
Monaco,1994,80.65
Monaco,1995,80.9
Monaco,1996,81.13
Monaco,1997,81.36
Monaco,1998,81.61
Monaco,1999,81.83
Monaco,2000,82.12
Monaco,2001,82.48
Monaco,2002,83.05
Monaco,2003,83.61
Monaco,2004,84.15
Monaco,2005,84.34
Monaco,2006,84.19
Monaco,2007,83.9
Monaco,2008,83.83
Monaco,2009,84.19
Monaco,2010,84.64
Monaco,2011,85.01
Monaco,2012,85.05
Monaco,2013,85.06
Monaco,2014,85.09
Monaco,2015,85.32
Monaco,2016,85.63
Monaco,2017,85.88
Monaco,2018,86.08
Monaco,2019,86.15
Monaco,2020,86.09
Monaco,2021,85.11
Monaco,2022,85.75
Monaco,2023,86.37
Mongolia,1950,38.6
Mongolia,1951,39.05
Mongolia,1952,39.4
Mongolia,1953,39.77
Mongolia,1954,40.21
Mongolia,1955,40.73
Mongolia,1956,41.35
Mongolia,1957,40.4
Mongolia,1958,42.84
Mongolia,1959,43.68
Mongolia,1960,44.54
Mongolia,1961,45.41
Mongolia,1962,46.27
Mongolia,1963,47.13
Mongolia,1964,47.95
Mongolia,1965,48.72
Mongolia,1966,49.37
Mongolia,1967,50.13
Mongolia,1968,50.78
Mongolia,1969,51.41
Mongolia,1970,51.99
Mongolia,1971,52.56
Mongolia,1972,53.11
Mongolia,1973,53.6
Mongolia,1974,54.02
Mongolia,1975,54.33
Mongolia,1976,54.58
Mongolia,1977,54.77
Mongolia,1978,54.92
Mongolia,1979,55.07
Mongolia,1980,55.22
Mongolia,1981,55.4
Mongolia,1982,55.62
Mongolia,1983,55.87
Mongolia,1984,56.15
Mongolia,1985,56.44
Mongolia,1986,56.76
Mongolia,1987,57.12
Mongolia,1988,57.51
Mongolia,1989,58.13
Mongolia,1990,58.82
Mongolia,1991,59.82
Mongolia,1992,60.44
Mongolia,1993,60.83
Mongolia,1994,60.86
Mongolia,1995,60.89
Mongolia,1996,61.0
Mongolia,1997,61.44
Mongolia,1998,62.12
Mongolia,1999,62.83
Mongolia,2000,63.46
Mongolia,2001,63.81
Mongolia,2002,63.99
Mongolia,2003,64.13
Mongolia,2004,64.34
Mongolia,2005,64.81
Mongolia,2006,65.57
Mongolia,2007,66.47
Mongolia,2008,67.09
Mongolia,2009,67.17
Mongolia,2010,67.1
Mongolia,2011,67.17
Mongolia,2012,67.61
Mongolia,2013,68.21
Mongolia,2014,68.74
Mongolia,2015,69.24
Mongolia,2016,69.74
Mongolia,2017,70.17
Mongolia,2018,70.57
Mongolia,2019,70.66
Mongolia,2020,70.03
Mongolia,2021,68.57
Mongolia,2022,71.5
Mongolia,2023,71.73
Montenegro,1950,58.03
Montenegro,1951,58.55
Montenegro,1952,59.06
Montenegro,1953,59.69
Montenegro,1954,60.78
Montenegro,1955,60.9
Montenegro,1956,62.01
Montenegro,1957,63.0
Montenegro,1958,63.82
Montenegro,1959,64.71
Montenegro,1960,65.68
Montenegro,1961,66.1
Montenegro,1962,66.4
Montenegro,1963,66.78
Montenegro,1964,67.39
Montenegro,1965,68.08
Montenegro,1966,68.62
Montenegro,1967,69.26
Montenegro,1968,69.83
Montenegro,1969,70.15
Montenegro,1970,70.4
Montenegro,1971,70.82
Montenegro,1972,71.25
Montenegro,1973,71.59
Montenegro,1974,71.63
Montenegro,1975,71.92
Montenegro,1976,72.06
Montenegro,1977,71.83
Montenegro,1978,71.92
Montenegro,1979,71.49
Montenegro,1980,72.24
Montenegro,1981,72.13
Montenegro,1982,72.3
Montenegro,1983,72.3
Montenegro,1984,72.29
Montenegro,1985,72.43
Montenegro,1986,72.78
Montenegro,1987,73.18
Montenegro,1988,73.41
Montenegro,1989,73.81
Montenegro,1990,73.88
Montenegro,1991,73.95
Montenegro,1992,73.8
Montenegro,1993,73.87
Montenegro,1994,73.76
Montenegro,1995,73.74
Montenegro,1996,73.61
Montenegro,1997,73.5
Montenegro,1998,73.44
Montenegro,1999,73.29
Montenegro,2000,73.55
Montenegro,2001,73.74
Montenegro,2002,74.13
Montenegro,2003,74.23
Montenegro,2004,74.38
Montenegro,2005,74.43
Montenegro,2006,74.67
Montenegro,2007,74.67
Montenegro,2008,75.0
Montenegro,2009,75.4
Montenegro,2010,75.71
Montenegro,2011,75.96
Montenegro,2012,76.24
Montenegro,2013,76.35
Montenegro,2014,76.47
Montenegro,2015,76.59
Montenegro,2016,76.56
Montenegro,2017,76.59
Montenegro,2018,76.92
Montenegro,2019,76.64
Montenegro,2020,75.85
Montenegro,2021,73.79
Montenegro,2022,75.92
Montenegro,2023,77.09
Montserrat,1950,48.59
Montserrat,1951,49.65
Montserrat,1952,50.69
Montserrat,1953,51.71
Montserrat,1954,52.71
Montserrat,1955,53.67
Montserrat,1956,54.63
Montserrat,1957,55.59
Montserrat,1958,56.58
Montserrat,1959,57.59
Montserrat,1960,58.64
Montserrat,1961,59.48
Montserrat,1962,60.29
Montserrat,1963,61.01
Montserrat,1964,61.67
Montserrat,1965,62.27
Montserrat,1966,62.86
Montserrat,1967,63.45
Montserrat,1968,64.06
Montserrat,1969,64.67
Montserrat,1970,65.29
Montserrat,1971,65.85
Montserrat,1972,66.42
Montserrat,1973,66.95
Montserrat,1974,67.41
Montserrat,1975,67.85
Montserrat,1976,68.22
Montserrat,1977,68.56
Montserrat,1978,68.86
Montserrat,1979,69.11
Montserrat,1980,69.33
Montserrat,1981,69.53
Montserrat,1982,69.71
Montserrat,1983,69.87
Montserrat,1984,70.02
Montserrat,1985,70.16
Montserrat,1986,70.32
Montserrat,1987,70.45
Montserrat,1988,70.61
Montserrat,1989,68.26
Montserrat,1990,70.94
Montserrat,1991,71.14
Montserrat,1992,71.4
Montserrat,1993,71.65
Montserrat,1994,71.91
Montserrat,1995,72.17
Montserrat,1996,72.42
Montserrat,1997,63.22
Montserrat,1998,72.84
Montserrat,1999,72.97
Montserrat,2000,73.15
Montserrat,2001,73.33
Montserrat,2002,73.55
Montserrat,2003,73.79
Montserrat,2004,74.0
Montserrat,2005,74.19
Montserrat,2006,74.34
Montserrat,2007,74.45
Montserrat,2008,74.53
Montserrat,2009,74.62
Montserrat,2010,74.68
Montserrat,2011,74.77
Montserrat,2012,74.85
Montserrat,2013,74.93
Montserrat,2014,75.03
Montserrat,2015,75.13
Montserrat,2016,75.23
Montserrat,2017,75.33
Montserrat,2018,75.46
Montserrat,2019,75.6
Montserrat,2020,75.57
Montserrat,2021,75.9
Montserrat,2022,76.04
Montserrat,2023,76.19
More developed regions,1950,63.05
More developed regions,1951,63.24
More developed regions,1952,64.46
More developed regions,1953,65.1
More developed regions,1954,65.96
More developed regions,1955,66.62
More developed regions,1956,67.39
More developed regions,1957,67.47
More developed regions,1958,68.41
More developed regions,1959,68.64
More developed regions,1960,68.96
More developed regions,1961,69.43
More developed regions,1962,69.41
More developed regions,1963,69.64
More developed regions,1964,70.16
More developed regions,1965,70.19
More developed regions,1966,70.38
More developed regions,1967,70.55
More developed regions,1968,70.4
More developed regions,1969,70.35
More developed regions,1970,70.64
More developed regions,1971,70.92
More developed regions,1972,71.13
More developed regions,1973,71.27
More developed regions,1974,71.53
More developed regions,1975,71.64
More developed regions,1976,71.8
More developed regions,1977,72.07
More developed regions,1978,72.17
More developed regions,1979,72.37
More developed regions,1980,72.4
More developed regions,1981,72.67
More developed regions,1982,73.01
More developed regions,1983,73.05
More developed regions,1984,73.22
More developed regions,1985,73.38
More developed regions,1986,73.85
More developed regions,1987,74.1
More developed regions,1988,74.15
More developed regions,1989,74.29
More developed regions,1990,74.31
More developed regions,1991,74.37
More developed regions,1992,74.23
More developed regions,1993,73.77
More developed regions,1994,73.81
More developed regions,1995,73.93
More developed regions,1996,74.45
More developed regions,1997,74.92
More developed regions,1998,75.15
More developed regions,1999,75.01
More developed regions,2000,75.19
More developed regions,2001,75.38
More developed regions,2002,75.43
More developed regions,2003,75.5
More developed regions,2004,75.95
More developed regions,2005,76.04
More developed regions,2006,76.56
More developed regions,2007,76.89
More developed regions,2008,77.13
More developed regions,2009,77.54
More developed regions,2010,77.69
More developed regions,2011,78.12
More developed regions,2012,78.32
More developed regions,2013,78.57
More developed regions,2014,78.78
More developed regions,2015,78.82
More developed regions,2016,79.08
More developed regions,2017,79.26
More developed regions,2018,79.35
More developed regions,2019,79.54
More developed regions,2020,78.39
More developed regions,2021,77.83
More developed regions,2022,78.88
More developed regions,2023,79.88
Morocco,1950,38.77
Morocco,1951,39.15
Morocco,1952,39.56
Morocco,1953,39.96
Morocco,1954,40.36
Morocco,1955,40.78
Morocco,1956,41.22
Morocco,1957,41.69
Morocco,1958,42.18
Morocco,1959,42.68
Morocco,1960,41.73
Morocco,1961,43.69
Morocco,1962,44.23
Morocco,1963,44.77
Morocco,1964,45.35
Morocco,1965,45.92
Morocco,1966,46.5
Morocco,1967,47.1
Morocco,1968,47.66
Morocco,1969,48.19
Morocco,1970,48.69
Morocco,1971,49.17
Morocco,1972,49.71
Morocco,1973,50.22
Morocco,1974,50.76
Morocco,1975,51.36
Morocco,1976,52.05
Morocco,1977,52.79
Morocco,1978,53.55
Morocco,1979,54.38
Morocco,1980,55.22
Morocco,1981,56.02
Morocco,1982,56.87
Morocco,1983,57.69
Morocco,1984,58.44
Morocco,1985,59.21
Morocco,1986,59.95
Morocco,1987,60.62
Morocco,1988,61.23
Morocco,1989,61.82
Morocco,1990,62.4
Morocco,1991,62.92
Morocco,1992,63.39
Morocco,1993,63.87
Morocco,1994,64.35
Morocco,1995,64.72
Morocco,1996,65.23
Morocco,1997,65.62
Morocco,1998,66.01
Morocco,1999,66.4
Morocco,2000,66.79
Morocco,2001,67.2
Morocco,2002,67.58
Morocco,2003,67.96
Morocco,2004,68.27
Morocco,2005,68.75
Morocco,2006,69.16
Morocco,2007,69.62
Morocco,2008,70.05
Morocco,2009,70.45
Morocco,2010,70.82
Morocco,2011,71.26
Morocco,2012,71.67
Morocco,2013,72.12
Morocco,2014,72.52
Morocco,2015,72.89
Morocco,2016,73.23
Morocco,2017,73.61
Morocco,2018,73.95
Morocco,2019,74.24
Morocco,2020,73.13
Morocco,2021,73.38
Morocco,2022,75.16
Morocco,2023,75.31
Mozambique,1950,37.33
Mozambique,1951,37.74
Mozambique,1952,38.1
Mozambique,1953,38.51
Mozambique,1954,38.87
Mozambique,1955,39.27
Mozambique,1956,39.59
Mozambique,1957,40.06
Mozambique,1958,40.47
Mozambique,1959,40.87
Mozambique,1960,41.2
Mozambique,1961,41.5
Mozambique,1962,41.76
Mozambique,1963,41.96
Mozambique,1964,41.66
Mozambique,1965,41.79
Mozambique,1966,41.84
Mozambique,1967,41.95
Mozambique,1968,42.1
Mozambique,1969,42.27
Mozambique,1970,42.46
Mozambique,1971,42.58
Mozambique,1972,42.52
Mozambique,1973,42.72
Mozambique,1974,43.21
Mozambique,1975,43.82
Mozambique,1976,43.92
Mozambique,1977,43.92
Mozambique,1978,43.96
Mozambique,1979,43.91
Mozambique,1980,43.99
Mozambique,1981,41.64
Mozambique,1982,41.68
Mozambique,1983,41.6
Mozambique,1984,38.9
Mozambique,1985,38.98
Mozambique,1986,40.95
Mozambique,1987,41.0
Mozambique,1988,43.69
Mozambique,1989,43.89
Mozambique,1990,44.34
Mozambique,1991,44.7
Mozambique,1992,45.1
Mozambique,1993,45.67
Mozambique,1994,46.09
Mozambique,1995,46.55
Mozambique,1996,47.12
Mozambique,1997,47.8
Mozambique,1998,48.21
Mozambique,1999,48.84
Mozambique,2000,49.48
Mozambique,2001,50.26
Mozambique,2002,50.88
Mozambique,2003,51.38
Mozambique,2004,51.86
Mozambique,2005,52.32
Mozambique,2006,52.75
Mozambique,2007,53.26
Mozambique,2008,53.8
Mozambique,2009,54.4
Mozambique,2010,55.04
Mozambique,2011,55.73
Mozambique,2012,56.46
Mozambique,2013,57.19
Mozambique,2014,57.96
Mozambique,2015,58.71
Mozambique,2016,59.46
Mozambique,2017,60.15
Mozambique,2018,60.79
Mozambique,2019,61.31
Mozambique,2020,61.39
Mozambique,2021,60.27
Mozambique,2022,63.01
Mozambique,2023,63.61
Myanmar,1950,35.7
Myanmar,1951,36.51
Myanmar,1952,37.73
Myanmar,1953,38.6
Myanmar,1954,39.57
Myanmar,1955,40.44
Myanmar,1956,41.2
Myanmar,1957,42.02
Myanmar,1958,42.78
Myanmar,1959,43.41
Myanmar,1960,44.09
Myanmar,1961,44.6
Myanmar,1962,45.26
Myanmar,1963,45.95
Myanmar,1964,46.65
Myanmar,1965,47.4
Myanmar,1966,48.18
Myanmar,1967,48.86
Myanmar,1968,49.4
Myanmar,1969,50.02
Myanmar,1970,50.47
Myanmar,1971,51.03
Myanmar,1972,51.4
Myanmar,1973,51.76
Myanmar,1974,52.09
Myanmar,1975,52.49
Myanmar,1976,52.91
Myanmar,1977,53.27
Myanmar,1978,53.52
Myanmar,1979,54.03
Myanmar,1980,54.37
Myanmar,1981,54.7
Myanmar,1982,55.03
Myanmar,1983,55.31
Myanmar,1984,55.6
Myanmar,1985,55.82
Myanmar,1986,56.08
Myanmar,1987,56.35
Myanmar,1988,56.57
Myanmar,1989,56.89
Myanmar,1990,57.16
Myanmar,1991,57.4
Myanmar,1992,57.68
Myanmar,1993,58.03
Myanmar,1994,58.33
Myanmar,1995,58.67
Myanmar,1996,59.17
Myanmar,1997,59.52
Myanmar,1998,59.9
Myanmar,1999,60.11
Myanmar,2000,60.36
Myanmar,2001,60.64
Myanmar,2002,60.92
Myanmar,2003,61.2
Myanmar,2004,61.44
Myanmar,2005,61.72
Myanmar,2006,62.03
Myanmar,2007,62.37
Myanmar,2008,56.36
Myanmar,2009,63.1
Myanmar,2010,63.48
Myanmar,2011,63.86
Myanmar,2012,64.25
Myanmar,2013,64.62
Myanmar,2014,64.99
Myanmar,2015,65.29
Myanmar,2016,65.64
Myanmar,2017,65.91
Myanmar,2018,66.23
Myanmar,2019,66.46
Myanmar,2020,66.61
Myanmar,2021,65.55
Myanmar,2022,66.51
Myanmar,2023,66.89
Namibia,1950,41.95
Namibia,1951,42.5
Namibia,1952,43.15
Namibia,1953,43.75
Namibia,1954,44.43
Namibia,1955,45.05
Namibia,1956,45.7
Namibia,1957,46.38
Namibia,1958,47.11
Namibia,1959,47.79
Namibia,1960,48.53
Namibia,1961,49.24
Namibia,1962,49.97
Namibia,1963,50.64
Namibia,1964,51.35
Namibia,1965,52.0
Namibia,1966,52.3
Namibia,1967,52.93
Namibia,1968,53.55
Namibia,1969,54.13
Namibia,1970,54.69
Namibia,1971,55.29
Namibia,1972,55.85
Namibia,1973,56.42
Namibia,1974,56.94
Namibia,1975,57.55
Namibia,1976,58.04
Namibia,1977,58.59
Namibia,1978,59.11
Namibia,1979,59.52
Namibia,1980,56.57
Namibia,1981,56.91
Namibia,1982,57.33
Namibia,1983,57.64
Namibia,1984,58.1
Namibia,1985,58.47
Namibia,1986,58.72
Namibia,1987,59.12
Namibia,1988,59.03
Namibia,1989,60.77
Namibia,1990,61.36
Namibia,1991,60.83
Namibia,1992,60.16
Namibia,1993,59.26
Namibia,1994,58.44
Namibia,1995,57.52
Namibia,1996,56.64
Namibia,1997,55.84
Namibia,1998,54.77
Namibia,1999,53.98
Namibia,2000,52.95
Namibia,2001,51.98
Namibia,2002,51.99
Namibia,2003,51.92
Namibia,2004,52.18
Namibia,2005,52.56
Namibia,2006,53.18
Namibia,2007,54.03
Namibia,2008,54.74
Namibia,2009,55.35
Namibia,2010,56.09
Namibia,2011,56.65
Namibia,2012,57.73
Namibia,2013,58.47
Namibia,2014,59.31
Namibia,2015,60.01
Namibia,2016,60.81
Namibia,2017,61.66
Namibia,2018,62.58
Namibia,2019,63.55
Namibia,2020,64.07
Namibia,2021,60.85
Namibia,2022,64.19
Namibia,2023,67.38
Nauru,1950,56.61
Nauru,1951,56.76
Nauru,1952,56.97
Nauru,1953,57.16
Nauru,1954,57.38
Nauru,1955,57.48
Nauru,1956,57.6
Nauru,1957,57.74
Nauru,1958,57.8
Nauru,1959,57.87
Nauru,1960,57.92
Nauru,1961,58.0
Nauru,1962,58.02
Nauru,1963,58.1
Nauru,1964,58.17
Nauru,1965,58.25
Nauru,1966,58.38
Nauru,1967,58.62
Nauru,1968,58.63
Nauru,1969,58.41
Nauru,1970,58.45
Nauru,1971,58.43
Nauru,1972,58.41
Nauru,1973,58.36
Nauru,1974,58.31
Nauru,1975,58.25
Nauru,1976,58.21
Nauru,1977,58.14
Nauru,1978,58.29
Nauru,1979,58.37
Nauru,1980,58.47
Nauru,1981,58.55
Nauru,1982,58.64
Nauru,1983,58.69
Nauru,1984,58.66
Nauru,1985,58.6
Nauru,1986,58.59
Nauru,1987,58.62
Nauru,1988,58.73
Nauru,1989,58.9
Nauru,1990,59.1
Nauru,1991,59.31
Nauru,1992,59.52
Nauru,1993,59.76
Nauru,1994,59.95
Nauru,1995,60.06
Nauru,1996,60.07
Nauru,1997,59.98
Nauru,1998,59.86
Nauru,1999,59.7
Nauru,2000,59.57
Nauru,2001,59.48
Nauru,2002,59.43
Nauru,2003,59.36
Nauru,2004,59.35
Nauru,2005,59.36
Nauru,2006,59.41
Nauru,2007,59.49
Nauru,2008,59.68
Nauru,2009,59.85
Nauru,2010,60.07
Nauru,2011,60.29
Nauru,2012,60.53
Nauru,2013,60.7
Nauru,2014,60.83
Nauru,2015,60.9
Nauru,2016,61.0
Nauru,2017,61.1
Nauru,2018,61.24
Nauru,2019,61.39
Nauru,2020,61.53
Nauru,2021,61.33
Nauru,2022,61.93
Nauru,2023,62.11
Nepal,1950,37.56
Nepal,1951,37.61
Nepal,1952,37.65
Nepal,1953,37.69
Nepal,1954,37.81
Nepal,1955,37.86
Nepal,1956,37.9
Nepal,1957,38.01
Nepal,1958,38.14
Nepal,1959,38.41
Nepal,1960,38.65
Nepal,1961,38.97
Nepal,1962,39.33
Nepal,1963,39.61
Nepal,1964,40.23
Nepal,1965,40.69
Nepal,1966,41.24
Nepal,1967,41.71
Nepal,1968,42.17
Nepal,1969,42.72
Nepal,1970,43.15
Nepal,1971,43.62
Nepal,1972,44.07
Nepal,1973,44.49
Nepal,1974,44.92
Nepal,1975,45.5
Nepal,1976,45.99
Nepal,1977,46.63
Nepal,1978,47.2
Nepal,1979,47.77
Nepal,1980,48.33
Nepal,1981,48.66
Nepal,1982,49.18
Nepal,1983,49.68
Nepal,1984,50.23
Nepal,1985,50.92
Nepal,1986,51.59
Nepal,1987,52.38
Nepal,1988,53.11
Nepal,1989,54.01
Nepal,1990,54.77
Nepal,1991,55.65
Nepal,1992,56.69
Nepal,1993,57.6
Nepal,1994,58.63
Nepal,1995,59.32
Nepal,1996,60.04
Nepal,1997,60.82
Nepal,1998,61.53
Nepal,1999,62.04
Nepal,2000,62.64
Nepal,2001,63.29
Nepal,2002,63.51
Nepal,2003,64.23
Nepal,2004,64.74
Nepal,2005,65.28
Nepal,2006,65.89
Nepal,2007,66.17
Nepal,2008,66.44
Nepal,2009,66.6
Nepal,2010,66.77
Nepal,2011,67.12
Nepal,2012,67.36
Nepal,2013,67.6
Nepal,2014,67.81
Nepal,2015,67.37
Nepal,2016,68.44
Nepal,2017,68.74
Nepal,2018,69.04
Nepal,2019,69.3
Nepal,2020,69.11
Nepal,2021,68.38
Nepal,2022,70.09
Nepal,2023,70.35
Netherlands,1950,71.44
Netherlands,1951,71.5
Netherlands,1952,72.12
Netherlands,1953,71.7
Netherlands,1954,72.39
Netherlands,1955,72.5
Netherlands,1956,72.53
Netherlands,1957,72.97
Netherlands,1958,73.14
Netherlands,1959,73.19
Netherlands,1960,73.35
Netherlands,1961,73.55
Netherlands,1962,73.22
Netherlands,1963,73.35
Netherlands,1964,73.74
Netherlands,1965,73.61
Netherlands,1966,73.55
Netherlands,1967,73.83
Netherlands,1968,73.64
Netherlands,1969,73.56
Netherlands,1970,73.63
Netherlands,1971,73.87
Netherlands,1972,73.78
Netherlands,1973,74.23
Netherlands,1974,74.61
Netherlands,1975,74.55
Netherlands,1976,74.67
Netherlands,1977,75.27
Netherlands,1978,75.17
Netherlands,1979,75.65
Netherlands,1980,75.77
Netherlands,1981,75.99
Netherlands,1982,76.06
Netherlands,1983,76.26
Netherlands,1984,76.33
Netherlands,1985,76.38
Netherlands,1986,76.35
Netherlands,1987,76.81
Netherlands,1988,77.0
Netherlands,1989,76.84
Netherlands,1990,77.01
Netherlands,1991,77.16
Netherlands,1992,77.36
Netherlands,1993,77.04
Netherlands,1994,77.52
Netherlands,1995,77.55
Netherlands,1996,77.56
Netherlands,1997,77.93
Netherlands,1998,78.0
Netherlands,1999,77.97
Netherlands,2000,78.13
Netherlands,2001,78.34
Netherlands,2002,78.41
Netherlands,2003,78.66
Netherlands,2004,79.24
Netherlands,2005,79.49
Netherlands,2006,79.85
Netherlands,2007,80.26
Netherlands,2008,80.39
Netherlands,2009,80.67
Netherlands,2010,80.83
Netherlands,2011,81.11
Netherlands,2012,81.06
Netherlands,2013,81.3
Netherlands,2014,81.65
Netherlands,2015,81.49
Netherlands,2016,81.55
Netherlands,2017,81.74
Netherlands,2018,81.78
Netherlands,2019,82.05
Netherlands,2020,81.39
Netherlands,2021,81.36
Netherlands,2022,81.91
Netherlands,2023,82.16
New Caledonia,1950,45.1
New Caledonia,1951,45.72
New Caledonia,1952,46.46
New Caledonia,1953,47.17
New Caledonia,1954,47.89
New Caledonia,1955,48.61
New Caledonia,1956,49.37
New Caledonia,1957,50.12
New Caledonia,1958,50.86
New Caledonia,1959,51.58
New Caledonia,1960,52.34
New Caledonia,1961,53.07
New Caledonia,1962,53.8
New Caledonia,1963,54.53
New Caledonia,1964,55.29
New Caledonia,1965,56.07
New Caledonia,1966,56.87
New Caledonia,1967,57.69
New Caledonia,1968,58.5
New Caledonia,1969,59.3
New Caledonia,1970,60.06
New Caledonia,1971,60.78
New Caledonia,1972,61.41
New Caledonia,1973,62.1
New Caledonia,1974,62.69
New Caledonia,1975,63.24
New Caledonia,1976,63.75
New Caledonia,1977,64.24
New Caledonia,1978,64.7
New Caledonia,1979,65.15
New Caledonia,1980,65.6
New Caledonia,1981,65.99
New Caledonia,1982,66.51
New Caledonia,1983,66.97
New Caledonia,1984,67.42
New Caledonia,1985,67.84
New Caledonia,1986,68.24
New Caledonia,1987,68.6
New Caledonia,1988,68.92
New Caledonia,1989,69.22
New Caledonia,1990,69.53
New Caledonia,1991,69.82
New Caledonia,1992,70.14
New Caledonia,1993,70.5
New Caledonia,1994,70.9
New Caledonia,1995,71.31
New Caledonia,1996,71.75
New Caledonia,1997,72.2
New Caledonia,1998,72.68
New Caledonia,1999,73.14
New Caledonia,2000,73.57
New Caledonia,2001,73.96
New Caledonia,2002,74.28
New Caledonia,2003,74.5
New Caledonia,2004,74.71
New Caledonia,2005,74.87
New Caledonia,2006,75.02
New Caledonia,2007,75.18
New Caledonia,2008,75.4
New Caledonia,2009,75.68
New Caledonia,2010,75.99
New Caledonia,2011,76.32
New Caledonia,2012,76.62
New Caledonia,2013,76.87
New Caledonia,2014,77.05
New Caledonia,2015,77.21
New Caledonia,2016,77.36
New Caledonia,2017,77.5
New Caledonia,2018,77.56
New Caledonia,2019,77.26
New Caledonia,2020,77.05
New Caledonia,2021,77.11
New Caledonia,2022,77.7
New Caledonia,2023,78.77
New Zealand,1950,69.25
New Zealand,1951,69.13
New Zealand,1952,69.38
New Zealand,1953,70.21
New Zealand,1954,70.33
New Zealand,1955,70.48
New Zealand,1956,70.72
New Zealand,1957,70.26
New Zealand,1958,70.88
New Zealand,1959,70.77
New Zealand,1960,71.22
New Zealand,1961,70.93
New Zealand,1962,71.2
New Zealand,1963,71.27
New Zealand,1964,71.3
New Zealand,1965,71.22
New Zealand,1966,71.07
New Zealand,1967,71.44
New Zealand,1968,71.09
New Zealand,1969,71.47
New Zealand,1970,71.22
New Zealand,1971,71.72
New Zealand,1972,71.82
New Zealand,1973,71.68
New Zealand,1974,71.94
New Zealand,1975,72.2
New Zealand,1976,72.4
New Zealand,1977,72.13
New Zealand,1978,73.01
New Zealand,1979,73.05
New Zealand,1980,72.86
New Zealand,1981,73.63
New Zealand,1982,73.72
New Zealand,1983,73.83
New Zealand,1984,74.37
New Zealand,1985,73.88
New Zealand,1986,74.12
New Zealand,1987,74.21
New Zealand,1988,74.48
New Zealand,1989,74.89
New Zealand,1990,75.43
New Zealand,1991,76.08
New Zealand,1992,76.19
New Zealand,1993,76.5
New Zealand,1994,76.92
New Zealand,1995,76.79
New Zealand,1996,76.81
New Zealand,1997,77.34
New Zealand,1998,78.17
New Zealand,1999,77.91
New Zealand,2000,78.67
New Zealand,2001,78.66
New Zealand,2002,78.87
New Zealand,2003,79.14
New Zealand,2004,79.35
New Zealand,2005,80.03
New Zealand,2006,80.02
New Zealand,2007,80.12
New Zealand,2008,80.25
New Zealand,2009,80.54
New Zealand,2010,81.05
New Zealand,2011,80.84
New Zealand,2012,81.17
New Zealand,2013,81.61
New Zealand,2014,81.41
New Zealand,2015,81.59
New Zealand,2016,82.0
New Zealand,2017,81.61
New Zealand,2018,81.88
New Zealand,2019,81.83
New Zealand,2020,82.66
New Zealand,2021,82.3
New Zealand,2022,81.01
New Zealand,2023,82.09
Nicaragua,1950,40.63
Nicaragua,1951,40.8
Nicaragua,1952,41.86
Nicaragua,1953,42.45
Nicaragua,1954,43.06
Nicaragua,1955,43.66
Nicaragua,1956,44.28
Nicaragua,1957,44.88
Nicaragua,1958,45.48
Nicaragua,1959,46.06
Nicaragua,1960,46.4
Nicaragua,1961,47.29
Nicaragua,1962,47.98
Nicaragua,1963,48.75
Nicaragua,1964,49.59
Nicaragua,1965,50.65
Nicaragua,1966,51.58
Nicaragua,1967,52.35
Nicaragua,1968,52.87
Nicaragua,1969,53.35
Nicaragua,1970,53.82
Nicaragua,1971,54.22
Nicaragua,1972,47.96
Nicaragua,1973,55.02
Nicaragua,1974,55.4
Nicaragua,1975,55.77
Nicaragua,1976,56.12
Nicaragua,1977,56.13
Nicaragua,1978,53.53
Nicaragua,1979,50.83
Nicaragua,1980,57.95
Nicaragua,1981,58.28
Nicaragua,1982,58.69
Nicaragua,1983,56.85
Nicaragua,1984,56.13
Nicaragua,1985,56.4
Nicaragua,1986,57.56
Nicaragua,1987,57.33
Nicaragua,1988,59.83
Nicaragua,1989,61.88
Nicaragua,1990,62.47
Nicaragua,1991,63.31
Nicaragua,1992,63.67
Nicaragua,1993,64.09
Nicaragua,1994,64.55
Nicaragua,1995,64.87
Nicaragua,1996,65.21
Nicaragua,1997,65.52
Nicaragua,1998,64.11
Nicaragua,1999,65.89
Nicaragua,2000,66.36
Nicaragua,2001,67.03
Nicaragua,2002,67.95
Nicaragua,2003,68.75
Nicaragua,2004,69.51
Nicaragua,2005,70.37
Nicaragua,2006,70.96
Nicaragua,2007,71.2
Nicaragua,2008,71.4
Nicaragua,2009,71.5
Nicaragua,2010,71.76
Nicaragua,2011,72.03
Nicaragua,2012,72.43
Nicaragua,2013,72.55
Nicaragua,2014,72.79
Nicaragua,2015,72.9
Nicaragua,2016,73.18
Nicaragua,2017,73.39
Nicaragua,2018,73.88
Nicaragua,2019,73.76
Nicaragua,2020,70.77
Nicaragua,2021,70.48
Nicaragua,2022,74.46
Nicaragua,2023,74.95
Niger,1950,35.9
Niger,1951,35.9
Niger,1952,35.91
Niger,1953,35.93
Niger,1954,35.95
Niger,1955,35.97
Niger,1956,36.04
Niger,1957,36.08
Niger,1958,36.09
Niger,1959,36.14
Niger,1960,36.19
Niger,1961,36.29
Niger,1962,36.32
Niger,1963,36.44
Niger,1964,36.46
Niger,1965,36.4
Niger,1966,36.33
Niger,1967,36.24
Niger,1968,36.13
Niger,1969,36.0
Niger,1970,35.92
Niger,1971,35.29
Niger,1972,35.81
Niger,1973,35.94
Niger,1974,36.19
Niger,1975,36.57
Niger,1976,37.1
Niger,1977,37.69
Niger,1978,38.27
Niger,1979,38.89
Niger,1980,39.34
Niger,1981,39.64
Niger,1982,39.84
Niger,1983,39.98
Niger,1984,39.99
Niger,1985,40.12
Niger,1986,40.25
Niger,1987,40.47
Niger,1988,40.79
Niger,1989,41.19
Niger,1990,41.73
Niger,1991,42.29
Niger,1992,43.06
Niger,1993,43.84
Niger,1994,44.59
Niger,1995,45.5
Niger,1996,46.31
Niger,1997,47.1
Niger,1998,47.81
Niger,1999,48.48
Niger,2000,49.17
Niger,2001,49.87
Niger,2002,50.64
Niger,2003,51.54
Niger,2004,52.4
Niger,2005,53.32
Niger,2006,54.22
Niger,2007,55.06
Niger,2008,55.85
Niger,2009,56.49
Niger,2010,57.08
Niger,2011,57.6
Niger,2012,57.99
Niger,2013,58.36
Niger,2014,58.69
Niger,2015,58.85
Niger,2016,59.23
Niger,2017,59.52
Niger,2018,59.76
Niger,2019,60.03
Niger,2020,59.89
Niger,2021,59.54
Niger,2022,60.4
Niger,2023,61.18
Nigeria,1950,35.53
Nigeria,1951,35.72
Nigeria,1952,35.88
Nigeria,1953,36.04
Nigeria,1954,36.24
Nigeria,1955,36.34
Nigeria,1956,36.48
Nigeria,1957,36.62
Nigeria,1958,36.83
Nigeria,1959,37.03
Nigeria,1960,37.21
Nigeria,1961,37.43
Nigeria,1962,37.61
Nigeria,1963,37.81
Nigeria,1964,37.98
Nigeria,1965,38.22
Nigeria,1966,38.36
Nigeria,1967,37.5
Nigeria,1968,38.64
Nigeria,1969,38.95
Nigeria,1970,40.01
Nigeria,1971,40.61
Nigeria,1972,41.27
Nigeria,1973,41.83
Nigeria,1974,42.49
Nigeria,1975,43.05
Nigeria,1976,44.19
Nigeria,1977,44.85
Nigeria,1978,45.35
Nigeria,1979,45.74
Nigeria,1980,45.96
Nigeria,1981,46.31
Nigeria,1982,46.44
Nigeria,1983,46.44
Nigeria,1984,46.34
Nigeria,1985,46.19
Nigeria,1986,45.95
Nigeria,1987,45.89
Nigeria,1988,45.83
Nigeria,1989,45.83
Nigeria,1990,45.73
Nigeria,1991,45.48
Nigeria,1992,45.59
Nigeria,1993,45.78
Nigeria,1994,45.75
Nigeria,1995,45.87
Nigeria,1996,45.83
Nigeria,1997,45.96
Nigeria,1998,46.15
Nigeria,1999,46.61
Nigeria,2000,47.14
Nigeria,2001,47.55
Nigeria,2002,48.02
Nigeria,2003,48.62
Nigeria,2004,49.15
Nigeria,2005,49.54
Nigeria,2006,49.88
Nigeria,2007,50.38
Nigeria,2008,50.75
Nigeria,2009,51.08
Nigeria,2010,51.31
Nigeria,2011,51.49
Nigeria,2012,51.69
Nigeria,2013,51.83
Nigeria,2014,51.94
Nigeria,2015,51.94
Nigeria,2016,52.19
Nigeria,2017,52.4
Nigeria,2018,52.67
Nigeria,2019,53.01
Nigeria,2020,53.07
Nigeria,2021,53.46
Nigeria,2022,54.08
Nigeria,2023,54.46
Niue,1950,54.57
Niue,1951,54.95
Niue,1952,55.36
Niue,1953,55.78
Niue,1954,56.2
Niue,1955,56.67
Niue,1956,57.19
Niue,1957,57.72
Niue,1958,58.28
Niue,1959,58.84
Niue,1960,59.38
Niue,1961,59.95
Niue,1962,60.51
Niue,1963,61.03
Niue,1964,61.53
Niue,1965,62.07
Niue,1966,62.56
Niue,1967,63.06
Niue,1968,63.5
Niue,1969,63.98
Niue,1970,64.37
Niue,1971,64.74
Niue,1972,65.06
Niue,1973,65.4
Niue,1974,65.79
Niue,1975,66.12
Niue,1976,66.51
Niue,1977,66.85
Niue,1978,67.14
Niue,1979,67.38
Niue,1980,67.61
Niue,1981,67.82
Niue,1982,67.96
Niue,1983,68.07
Niue,1984,68.08
Niue,1985,68.05
Niue,1986,67.94
Niue,1987,67.78
Niue,1988,67.61
Niue,1989,67.32
Niue,1990,67.06
Niue,1991,66.82
Niue,1992,66.54
Niue,1993,66.41
Niue,1994,66.39
Niue,1995,66.38
Niue,1996,66.39
Niue,1997,66.44
Niue,1998,66.58
Niue,1999,65.64
Niue,2000,66.65
Niue,2001,66.7
Niue,2002,66.69
Niue,2003,66.77
Niue,2004,65.6
Niue,2005,66.98
Niue,2006,67.07
Niue,2007,67.18
Niue,2008,67.25
Niue,2009,67.46
Niue,2010,67.65
Niue,2011,67.83
Niue,2012,68.01
Niue,2013,68.21
Niue,2014,68.42
Niue,2015,68.61
Niue,2016,68.8
Niue,2017,68.98
Niue,2018,69.14
Niue,2019,69.3
Niue,2020,69.47
Niue,2021,69.57
Niue,2022,69.82
Niue,2023,69.98
No income group available,1950,51.07
No income group available,1951,51.92
No income group available,1952,52.62
No income group available,1953,53.33
No income group available,1954,54.03
No income group available,1955,54.7
No income group available,1956,55.42
No income group available,1957,56.13
No income group available,1958,56.85
No income group available,1959,57.58
No income group available,1960,58.27
No income group available,1961,59.0
No income group available,1962,59.55
No income group available,1963,60.37
No income group available,1964,61.03
No income group available,1965,61.76
No income group available,1966,62.74
No income group available,1967,63.38
No income group available,1968,63.73
No income group available,1969,63.66
No income group available,1970,64.62
No income group available,1971,64.98
No income group available,1972,65.36
No income group available,1973,65.56
No income group available,1974,66.05
No income group available,1975,66.4
No income group available,1976,67.05
No income group available,1977,67.49
No income group available,1978,67.84
No income group available,1979,67.86
No income group available,1980,67.81
No income group available,1981,68.38
No income group available,1982,68.67
No income group available,1983,69.23
No income group available,1984,69.37
No income group available,1985,69.67
No income group available,1986,70.25
No income group available,1987,70.4
No income group available,1988,70.54
No income group available,1989,70.58
No income group available,1990,70.81
No income group available,1991,71.03
No income group available,1992,71.04
No income group available,1993,71.25
No income group available,1994,71.16
No income group available,1995,71.6
No income group available,1996,71.8
No income group available,1997,72.43
No income group available,1998,72.33
No income group available,1999,71.98
No income group available,2000,72.28
No income group available,2001,70.94
No income group available,2002,72.72
No income group available,2003,71.97
No income group available,2004,72.66
No income group available,2005,72.98
No income group available,2006,72.89
No income group available,2007,73.26
No income group available,2008,72.51
No income group available,2009,72.72
No income group available,2010,73.02
No income group available,2011,73.03
No income group available,2012,73.03
No income group available,2013,73.02
No income group available,2014,72.79
No income group available,2015,72.96
No income group available,2016,71.98
No income group available,2017,71.89
No income group available,2018,72.62
No income group available,2019,72.75
No income group available,2020,72.36
No income group available,2021,71.55
No income group available,2022,72.57
No income group available,2023,72.52
North Korea,1950,14.2
North Korea,1951,17.66
North Korea,1952,32.79
North Korea,1953,40.26
North Korea,1954,50.63
North Korea,1955,51.77
North Korea,1956,52.78
North Korea,1957,53.68
North Korea,1958,54.48
North Korea,1959,55.17
North Korea,1960,55.81
North Korea,1961,56.41
North Korea,1962,57.0
North Korea,1963,57.58
North Korea,1964,58.17
North Korea,1965,58.79
North Korea,1966,59.42
North Korea,1967,60.09
North Korea,1968,60.76
North Korea,1969,61.41
North Korea,1970,62.05
North Korea,1971,62.66
North Korea,1972,63.25
North Korea,1973,63.82
North Korea,1974,64.33
North Korea,1975,64.83
North Korea,1976,65.33
North Korea,1977,65.81
North Korea,1978,66.29
North Korea,1979,66.75
North Korea,1980,67.21
North Korea,1981,67.66
North Korea,1982,68.09
North Korea,1983,68.5
North Korea,1984,68.88
North Korea,1985,69.23
North Korea,1986,69.54
North Korea,1987,69.77
North Korea,1988,70.05
North Korea,1989,70.27
North Korea,1990,70.48
North Korea,1991,70.72
North Korea,1992,71.01
North Korea,1993,70.79
North Korea,1994,70.47
North Korea,1995,60.77
North Korea,1996,60.82
North Korea,1997,60.87
North Korea,1998,60.89
North Korea,1999,60.91
North Korea,2000,60.91
North Korea,2001,60.89
North Korea,2002,60.88
North Korea,2003,69.4
North Korea,2004,69.29
North Korea,2005,69.17
North Korea,2006,69.06
North Korea,2007,69.02
North Korea,2008,69.3
North Korea,2009,69.7
North Korea,2010,70.25
North Korea,2011,70.77
North Korea,2012,71.32
North Korea,2013,71.87
North Korea,2014,72.45
North Korea,2015,72.83
North Korea,2016,72.97
North Korea,2017,73.03
North Korea,2018,73.02
North Korea,2019,72.93
North Korea,2020,72.78
North Korea,2021,73.44
North Korea,2022,73.64
North Korea,2023,73.64
North Macedonia,1950,50.61
North Macedonia,1951,48.52
North Macedonia,1952,52.51
North Macedonia,1953,53.15
North Macedonia,1954,55.68
North Macedonia,1955,55.37
North Macedonia,1956,58.47
North Macedonia,1957,55.74
North Macedonia,1958,60.31
North Macedonia,1959,59.54
North Macedonia,1960,60.5
North Macedonia,1961,61.79
North Macedonia,1962,59.3
North Macedonia,1963,61.39
North Macedonia,1964,61.54
North Macedonia,1965,62.61
North Macedonia,1966,63.52
North Macedonia,1967,63.76
North Macedonia,1968,64.57
North Macedonia,1969,63.99
North Macedonia,1970,64.97
North Macedonia,1971,65.21
North Macedonia,1972,65.64
North Macedonia,1973,67.06
North Macedonia,1974,67.11
North Macedonia,1975,67.25
North Macedonia,1976,67.87
North Macedonia,1977,68.24
North Macedonia,1978,69.05
North Macedonia,1979,69.16
North Macedonia,1980,69.05
North Macedonia,1981,69.43
North Macedonia,1982,69.84
North Macedonia,1983,69.73
North Macedonia,1984,70.19
North Macedonia,1985,70.22
North Macedonia,1986,70.29
North Macedonia,1987,70.42
North Macedonia,1988,70.47
North Macedonia,1989,71.12
North Macedonia,1990,71.34
North Macedonia,1991,71.75
North Macedonia,1992,71.3
North Macedonia,1993,71.73
North Macedonia,1994,71.49
North Macedonia,1995,71.97
North Macedonia,1996,71.85
North Macedonia,1997,71.88
North Macedonia,1998,71.8
North Macedonia,1999,72.31
North Macedonia,2000,72.57
North Macedonia,2001,73.01
North Macedonia,2002,72.71
North Macedonia,2003,73.05
North Macedonia,2004,73.45
North Macedonia,2005,73.61
North Macedonia,2006,73.79
North Macedonia,2007,73.74
North Macedonia,2008,74.44
North Macedonia,2009,74.47
North Macedonia,2010,75.04
North Macedonia,2011,75.14
North Macedonia,2012,75.04
North Macedonia,2013,75.58
North Macedonia,2014,75.63
North Macedonia,2015,75.63
North Macedonia,2016,75.57
North Macedonia,2017,76.15
North Macedonia,2018,76.88
North Macedonia,2019,76.83
North Macedonia,2020,74.47
North Macedonia,2021,73.29
North Macedonia,2022,76.65
North Macedonia,2023,77.39
Northern America,1950,68.06
Northern America,1951,68.18
Northern America,1952,68.38
Northern America,1953,68.72
Northern America,1954,69.52
Northern America,1955,69.58
Northern America,1956,69.65
Northern America,1957,69.44
Northern America,1958,69.74
Northern America,1959,69.95
Northern America,1960,69.91
Northern America,1961,70.33
Northern America,1962,70.2
Northern America,1963,70.04
Northern America,1964,70.31
Northern America,1965,70.37
Northern America,1966,70.34
Northern America,1967,70.65
Northern America,1968,70.37
Northern America,1969,70.63
Northern America,1970,70.89
Northern America,1971,71.25
Northern America,1972,71.32
Northern America,1973,71.54
Northern America,1974,72.06
Northern America,1975,72.62
Northern America,1976,72.94
Northern America,1977,73.31
Northern America,1978,73.5
Northern America,1979,73.92
Northern America,1980,73.85
Northern America,1981,74.24
Northern America,1982,74.58
Northern America,1983,74.69
Northern America,1984,74.83
Northern America,1985,74.8
Northern America,1986,74.89
Northern America,1987,75.04
Northern America,1988,75.02
Northern America,1989,75.3
Northern America,1990,75.57
Northern America,1991,75.72
Northern America,1992,75.98
Northern America,1993,75.77
Northern America,1994,75.95
Northern America,1995,76.06
Northern America,1996,76.38
Northern America,1997,76.69
Northern America,1998,76.85
Northern America,1999,76.88
Northern America,2000,77.04
Northern America,2001,77.16
Northern America,2002,77.24
Northern America,2003,77.39
Northern America,2004,77.78
Northern America,2005,77.78
Northern America,2006,78.06
Northern America,2007,78.29
Northern America,2008,78.38
Northern America,2009,78.73
Northern America,2010,78.93
Northern America,2011,78.98
Northern America,2012,79.1
Northern America,2013,79.11
Northern America,2014,79.17
Northern America,2015,79.04
Northern America,2016,79.02
Northern America,2017,78.97
Northern America,2018,79.11
Northern America,2019,79.25
Northern America,2020,77.46
Northern America,2021,76.92
Northern America,2022,78.31
Northern America,2023,79.64
Northern Mariana Islands,1950,58.21
Northern Mariana Islands,1951,58.54
Northern Mariana Islands,1952,58.83
Northern Mariana Islands,1953,59.15
Northern Mariana Islands,1954,59.46
Northern Mariana Islands,1955,59.77
Northern Mariana Islands,1956,60.07
Northern Mariana Islands,1957,60.39
Northern Mariana Islands,1958,60.73
Northern Mariana Islands,1959,61.05
Northern Mariana Islands,1960,61.39
Northern Mariana Islands,1961,61.67
Northern Mariana Islands,1962,61.97
Northern Mariana Islands,1963,62.31
Northern Mariana Islands,1964,62.59
Northern Mariana Islands,1965,62.96
Northern Mariana Islands,1966,63.33
Northern Mariana Islands,1967,63.71
Northern Mariana Islands,1968,64.08
Northern Mariana Islands,1969,64.47
Northern Mariana Islands,1970,64.83
Northern Mariana Islands,1971,65.2
Northern Mariana Islands,1972,65.56
Northern Mariana Islands,1973,65.99
Northern Mariana Islands,1974,66.43
Northern Mariana Islands,1975,66.85
Northern Mariana Islands,1976,67.28
Northern Mariana Islands,1977,67.65
Northern Mariana Islands,1978,67.9
Northern Mariana Islands,1979,68.12
Northern Mariana Islands,1980,68.3
Northern Mariana Islands,1981,68.48
Northern Mariana Islands,1982,68.69
Northern Mariana Islands,1983,68.86
Northern Mariana Islands,1984,69.06
Northern Mariana Islands,1985,69.23
Northern Mariana Islands,1986,69.36
Northern Mariana Islands,1987,69.48
Northern Mariana Islands,1988,69.61
Northern Mariana Islands,1989,69.78
Northern Mariana Islands,1990,70.04
Northern Mariana Islands,1991,70.36
Northern Mariana Islands,1992,70.76
Northern Mariana Islands,1993,71.16
Northern Mariana Islands,1994,71.53
Northern Mariana Islands,1995,71.94
Northern Mariana Islands,1996,72.44
Northern Mariana Islands,1997,72.95
Northern Mariana Islands,1998,73.57
Northern Mariana Islands,1999,74.26
Northern Mariana Islands,2000,74.9
Northern Mariana Islands,2001,75.42
Northern Mariana Islands,2002,75.93
Northern Mariana Islands,2003,76.51
Northern Mariana Islands,2004,76.79
Northern Mariana Islands,2005,77.31
Northern Mariana Islands,2006,77.69
Northern Mariana Islands,2007,77.86
Northern Mariana Islands,2008,77.94
Northern Mariana Islands,2009,77.9
Northern Mariana Islands,2010,77.8
Northern Mariana Islands,2011,77.69
Northern Mariana Islands,2012,77.57
Northern Mariana Islands,2013,77.45
Northern Mariana Islands,2014,77.38
Northern Mariana Islands,2015,77.36
Northern Mariana Islands,2016,77.39
Northern Mariana Islands,2017,77.47
Northern Mariana Islands,2018,77.51
Northern Mariana Islands,2019,77.84
Northern Mariana Islands,2020,78.03
Northern Mariana Islands,2021,78.16
Northern Mariana Islands,2022,78.53
Northern Mariana Islands,2023,78.81
Norway,1950,71.59
Norway,1951,72.53
Norway,1952,72.65
Norway,1953,73.15
Norway,1954,73.21
Norway,1955,73.43
Norway,1956,73.49
Norway,1957,73.43
Norway,1958,73.42
Norway,1959,73.55
Norway,1960,73.56
Norway,1961,73.56
Norway,1962,73.46
Norway,1963,73.1
Norway,1964,73.61
Norway,1965,73.73
Norway,1966,74.01
Norway,1967,74.07
Norway,1968,73.94
Norway,1969,73.67
Norway,1970,74.07
Norway,1971,74.17
Norway,1972,74.35
Norway,1973,74.44
Norway,1974,74.76
Norway,1975,74.82
Norway,1976,75.05
Norway,1977,75.4
Norway,1978,75.43
Norway,1979,75.42
Norway,1980,75.67
Norway,1981,75.88
Norway,1982,76.02
Norway,1983,76.08
Norway,1984,76.25
Norway,1985,75.93
Norway,1986,76.25
Norway,1987,76.1
Norway,1988,76.27
Norway,1989,76.54
Norway,1990,76.59
Norway,1991,77.04
Norway,1992,77.25
Norway,1993,77.22
Norway,1994,77.77
Norway,1995,77.8
Norway,1996,78.23
Norway,1997,78.24
Norway,1998,78.41
Norway,1999,78.39
Norway,2000,78.69
Norway,2001,78.9
Norway,2002,78.96
Norway,2003,79.53
Norway,2004,79.96
Norway,2005,80.17
Norway,2006,80.44
Norway,2007,80.5
Norway,2008,80.68
Norway,2009,80.87
Norway,2010,81.04
Norway,2011,81.25
Norway,2012,81.45
Norway,2013,81.67
Norway,2014,82.09
Norway,2015,82.27
Norway,2016,82.42
Norway,2017,82.62
Norway,2018,82.76
Norway,2019,82.96
Norway,2020,83.2
Norway,2021,83.17
Norway,2022,82.63
Norway,2023,83.31
Oceania,1950,61.56
Oceania,1951,60.45
Oceania,1952,62.13
Oceania,1953,62.79
Oceania,1954,63.07
Oceania,1955,63.49
Oceania,1956,63.62
Oceania,1957,64.0
Oceania,1958,64.61
Oceania,1959,64.52
Oceania,1960,65.04
Oceania,1961,65.38
Oceania,1962,65.36
Oceania,1963,65.63
Oceania,1964,65.46
Oceania,1965,65.78
Oceania,1966,65.81
Oceania,1967,66.3
Oceania,1968,66.21
Oceania,1969,66.71
Oceania,1970,66.58
Oceania,1971,67.39
Oceania,1972,67.75
Oceania,1973,67.98
Oceania,1974,68.01
Oceania,1975,68.72
Oceania,1976,68.84
Oceania,1977,69.37
Oceania,1978,69.77
Oceania,1979,70.21
Oceania,1980,70.42
Oceania,1981,70.78
Oceania,1982,70.84
Oceania,1983,71.4
Oceania,1984,71.59
Oceania,1985,71.55
Oceania,1986,72.03
Oceania,1987,72.12
Oceania,1988,72.4
Oceania,1989,72.43
Oceania,1990,73.12
Oceania,1991,73.5
Oceania,1992,73.56
Oceania,1993,73.94
Oceania,1994,73.91
Oceania,1995,74.16
Oceania,1996,74.21
Oceania,1997,74.46
Oceania,1998,74.56
Oceania,1999,74.94
Oceania,2000,75.22
Oceania,2001,75.42
Oceania,2002,75.4
Oceania,2003,75.69
Oceania,2004,75.9
Oceania,2005,76.23
Oceania,2006,76.36
Oceania,2007,76.41
Oceania,2008,76.63
Oceania,2009,76.9
Oceania,2010,77.23
Oceania,2011,77.31
Oceania,2012,77.48
Oceania,2013,77.79
Oceania,2014,77.78
Oceania,2015,77.92
Oceania,2016,78.16
Oceania,2017,78.13
Oceania,2018,78.54
Oceania,2019,78.57
Oceania,2020,78.85
Oceania,2021,78.45
Oceania,2022,78.06
Oceania,2023,79.15
Oman,1950,29.3
Oman,1951,29.77
Oman,1952,30.24
Oman,1953,30.72
Oman,1954,31.23
Oman,1955,31.78
Oman,1956,32.37
Oman,1957,32.96
Oman,1958,33.75
Oman,1959,34.55
Oman,1960,35.43
Oman,1961,36.39
Oman,1962,37.41
Oman,1963,38.5
Oman,1964,39.63
Oman,1965,40.79
Oman,1966,41.98
Oman,1967,43.18
Oman,1968,44.39
Oman,1969,45.62
Oman,1970,46.64
Oman,1971,47.87
Oman,1972,48.72
Oman,1973,49.96
Oman,1974,51.23
Oman,1975,52.51
Oman,1976,54.45
Oman,1977,55.52
Oman,1978,57.04
Oman,1979,58.33
Oman,1980,59.6
Oman,1981,60.8
Oman,1982,62.05
Oman,1983,63.19
Oman,1984,64.27
Oman,1985,65.28
Oman,1986,66.17
Oman,1987,66.98
Oman,1988,67.72
Oman,1989,68.39
Oman,1990,69.01
Oman,1991,69.58
Oman,1992,70.11
Oman,1993,70.61
Oman,1994,71.07
Oman,1995,71.56
Oman,1996,72.02
Oman,1997,72.46
Oman,1998,72.88
Oman,1999,73.28
Oman,2000,73.64
Oman,2001,73.98
Oman,2002,74.28
Oman,2003,74.52
Oman,2004,74.82
Oman,2005,75.07
Oman,2006,75.35
Oman,2007,75.6
Oman,2008,76.12
Oman,2009,76.63
Oman,2010,77.18
Oman,2011,77.74
Oman,2012,78.19
Oman,2013,78.63
Oman,2014,79.03
Oman,2015,79.35
Oman,2016,79.58
Oman,2017,79.75
Oman,2018,79.86
Oman,2019,79.95
Oman,2020,77.76
Oman,2021,75.97
Oman,2022,77.91
Oman,2023,80.03
Pakistan,1950,34.25
Pakistan,1951,35.38
Pakistan,1952,36.5
Pakistan,1953,37.6
Pakistan,1954,38.6
Pakistan,1955,39.61
Pakistan,1956,40.62
Pakistan,1957,41.55
Pakistan,1958,42.46
Pakistan,1959,43.33
Pakistan,1960,44.1
Pakistan,1961,44.96
Pakistan,1962,45.85
Pakistan,1963,46.76
Pakistan,1964,47.83
Pakistan,1965,48.5
Pakistan,1966,49.8
Pakistan,1967,50.76
Pakistan,1968,51.62
Pakistan,1969,52.32
Pakistan,1970,52.94
Pakistan,1971,49.0
Pakistan,1972,53.82
Pakistan,1973,54.09
Pakistan,1974,54.27
Pakistan,1975,54.72
Pakistan,1976,55.07
Pakistan,1977,55.48
Pakistan,1978,56.07
Pakistan,1979,56.61
Pakistan,1980,57.2
Pakistan,1981,57.76
Pakistan,1982,58.29
Pakistan,1983,58.66
Pakistan,1984,58.92
Pakistan,1985,59.08
Pakistan,1986,59.17
Pakistan,1987,59.22
Pakistan,1988,59.36
Pakistan,1989,59.53
Pakistan,1990,59.73
Pakistan,1991,59.86
Pakistan,1992,59.98
Pakistan,1993,60.08
Pakistan,1994,60.2
Pakistan,1995,60.27
Pakistan,1996,60.47
Pakistan,1997,60.62
Pakistan,1998,61.13
Pakistan,1999,61.54
Pakistan,2000,61.9
Pakistan,2001,62.24
Pakistan,2002,62.56
Pakistan,2003,62.83
Pakistan,2004,63.1
Pakistan,2005,62.42
Pakistan,2006,63.62
Pakistan,2007,63.81
Pakistan,2008,64.0
Pakistan,2009,64.21
Pakistan,2010,64.38
Pakistan,2011,64.66
Pakistan,2012,64.88
Pakistan,2013,65.13
Pakistan,2014,65.37
Pakistan,2015,65.64
Pakistan,2016,65.94
Pakistan,2017,66.22
Pakistan,2018,66.48
Pakistan,2019,66.73
Pakistan,2020,65.7
Pakistan,2021,65.77
Pakistan,2022,67.42
Pakistan,2023,67.65
Palau,1950,52.67
Palau,1951,52.87
Palau,1952,53.07
Palau,1953,53.27
Palau,1954,53.48
Palau,1955,53.7
Palau,1956,53.92
Palau,1957,54.14
Palau,1958,54.36
Palau,1959,54.59
Palau,1960,54.85
Palau,1961,55.09
Palau,1962,55.38
Palau,1963,55.57
Palau,1964,55.79
Palau,1965,55.94
Palau,1966,56.21
Palau,1967,56.54
Palau,1968,56.89
Palau,1969,57.25
Palau,1970,57.67
Palau,1971,58.11
Palau,1972,58.56
Palau,1973,59.02
Palau,1974,59.49
Palau,1975,60.0
Palau,1976,60.47
Palau,1977,60.9
Palau,1978,61.29
Palau,1979,61.62
Palau,1980,61.91
Palau,1981,62.14
Palau,1982,62.33
Palau,1983,62.48
Palau,1984,62.64
Palau,1985,62.72
Palau,1986,62.75
Palau,1987,62.77
Palau,1988,62.78
Palau,1989,62.78
Palau,1990,62.79
Palau,1991,62.85
Palau,1992,62.93
Palau,1993,62.98
Palau,1994,63.1
Palau,1995,63.26
Palau,1996,63.46
Palau,1997,63.71
Palau,1998,63.95
Palau,1999,64.23
Palau,2000,64.5
Palau,2001,64.8
Palau,2002,65.08
Palau,2003,65.45
Palau,2004,65.82
Palau,2005,66.22
Palau,2006,66.63
Palau,2007,67.11
Palau,2008,67.56
Palau,2009,67.99
Palau,2010,68.35
Palau,2011,68.64
Palau,2012,68.86
Palau,2013,68.98
Palau,2014,69.06
Palau,2015,69.07
Palau,2016,69.05
Palau,2017,69.02
Palau,2018,68.99
Palau,2019,68.98
Palau,2020,68.69
Palau,2021,68.56
Palau,2022,68.92
Palau,2023,69.27
Palestine,1950,45.75
Palestine,1951,46.03
Palestine,1952,46.3
Palestine,1953,46.58
Palestine,1954,46.89
Palestine,1955,47.21
Palestine,1956,47.57
Palestine,1957,47.96
Palestine,1958,48.37
Palestine,1959,48.81
Palestine,1960,49.3
Palestine,1961,49.82
Palestine,1962,50.37
Palestine,1963,50.96
Palestine,1964,51.55
Palestine,1965,52.17
Palestine,1966,52.8
Palestine,1967,50.94
Palestine,1968,54.09
Palestine,1969,54.73
Palestine,1970,55.36
Palestine,1971,56.0
Palestine,1972,56.67
Palestine,1973,57.62
Palestine,1974,57.95
Palestine,1975,58.66
Palestine,1976,59.39
Palestine,1977,60.08
Palestine,1978,60.77
Palestine,1979,61.5
Palestine,1980,62.19
Palestine,1981,62.84
Palestine,1982,63.47
Palestine,1983,64.13
Palestine,1984,64.73
Palestine,1985,65.26
Palestine,1986,65.74
Palestine,1987,66.29
Palestine,1988,66.71
Palestine,1989,67.14
Palestine,1990,67.8
Palestine,1991,68.22
Palestine,1992,68.48
Palestine,1993,68.76
Palestine,1994,69.33
Palestine,1995,69.58
Palestine,1996,69.98
Palestine,1997,70.33
Palestine,1998,70.56
Palestine,1999,70.79
Palestine,2000,70.3
Palestine,2001,69.75
Palestine,2002,70.88
Palestine,2003,70.97
Palestine,2004,71.09
Palestine,2005,72.0
Palestine,2006,71.83
Palestine,2007,72.06
Palestine,2008,72.2
Palestine,2009,72.31
Palestine,2010,73.3
Palestine,2011,73.56
Palestine,2012,73.72
Palestine,2013,74.14
Palestine,2014,72.78
Palestine,2015,74.58
Palestine,2016,74.92
Palestine,2017,75.22
Palestine,2018,75.38
Palestine,2019,75.81
Palestine,2020,75.0
Palestine,2021,73.89
Palestine,2022,76.66
Palestine,2023,65.17
Panama,1950,55.4
Panama,1951,55.88
Panama,1952,56.36
Panama,1953,56.83
Panama,1954,57.23
Panama,1955,57.48
Panama,1956,57.88
Panama,1957,58.28
Panama,1958,58.95
Panama,1959,59.57
Panama,1960,60.28
Panama,1961,60.91
Panama,1962,61.43
Panama,1963,61.81
Panama,1964,62.1
Panama,1965,62.34
Panama,1966,62.63
Panama,1967,62.89
Panama,1968,63.24
Panama,1969,63.66
Panama,1970,64.07
Panama,1971,64.67
Panama,1972,65.18
Panama,1973,65.78
Panama,1974,66.55
Panama,1975,67.24
Panama,1976,67.79
Panama,1977,68.25
Panama,1978,68.69
Panama,1979,69.09
Panama,1980,69.45
Panama,1981,69.79
Panama,1982,69.9
Panama,1983,70.13
Panama,1984,70.4
Panama,1985,70.54
Panama,1986,70.67
Panama,1987,70.81
Panama,1988,70.94
Panama,1989,70.14
Panama,1990,71.27
Panama,1991,71.33
Panama,1992,71.46
Panama,1993,71.8
Panama,1994,71.94
Panama,1995,71.99
Panama,1996,72.2
Panama,1997,72.54
Panama,1998,72.78
Panama,1999,73.12
Panama,2000,73.44
Panama,2001,73.82
Panama,2002,74.19
Panama,2003,74.57
Panama,2004,74.85
Panama,2005,75.16
Panama,2006,75.43
Panama,2007,75.68
Panama,2008,75.94
Panama,2009,76.23
Panama,2010,76.42
Panama,2011,76.66
Panama,2012,76.88
Panama,2013,77.13
Panama,2014,77.36
Panama,2015,77.58
Panama,2016,77.77
Panama,2017,77.9
Panama,2018,78.27
Panama,2019,78.51
Panama,2020,76.33
Panama,2021,77.0
Panama,2022,79.32
Panama,2023,79.59
Papua New Guinea,1950,39.36
Papua New Guinea,1951,35.48
Papua New Guinea,1952,40.68
Papua New Guinea,1953,41.34
Papua New Guinea,1954,41.95
Papua New Guinea,1955,42.62
Papua New Guinea,1956,43.26
Papua New Guinea,1957,43.91
Papua New Guinea,1958,44.56
Papua New Guinea,1959,45.14
Papua New Guinea,1960,45.8
Papua New Guinea,1961,46.42
Papua New Guinea,1962,46.71
Papua New Guinea,1963,47.67
Papua New Guinea,1964,48.29
Papua New Guinea,1965,48.93
Papua New Guinea,1966,49.57
Papua New Guinea,1967,50.25
Papua New Guinea,1968,50.88
Papua New Guinea,1969,51.52
Papua New Guinea,1970,52.14
Papua New Guinea,1971,52.59
Papua New Guinea,1972,53.25
Papua New Guinea,1973,53.85
Papua New Guinea,1974,54.44
Papua New Guinea,1975,54.98
Papua New Guinea,1976,55.53
Papua New Guinea,1977,56.05
Papua New Guinea,1978,56.52
Papua New Guinea,1979,56.97
Papua New Guinea,1980,57.39
Papua New Guinea,1981,57.76
Papua New Guinea,1982,58.07
Papua New Guinea,1983,58.29
Papua New Guinea,1984,58.58
Papua New Guinea,1985,58.8
Papua New Guinea,1986,59.02
Papua New Guinea,1987,59.23
Papua New Guinea,1988,59.38
Papua New Guinea,1989,59.6
Papua New Guinea,1990,59.78
Papua New Guinea,1991,59.94
Papua New Guinea,1992,60.26
Papua New Guinea,1993,60.47
Papua New Guinea,1994,60.73
Papua New Guinea,1995,60.93
Papua New Guinea,1996,61.07
Papua New Guinea,1997,61.27
Papua New Guinea,1998,60.43
Papua New Guinea,1999,61.51
Papua New Guinea,2000,61.61
Papua New Guinea,2001,61.65
Papua New Guinea,2002,61.64
Papua New Guinea,2003,61.74
Papua New Guinea,2004,61.8
Papua New Guinea,2005,61.87
Papua New Guinea,2006,62.02
Papua New Guinea,2007,62.21
Papua New Guinea,2008,62.51
Papua New Guinea,2009,62.77
Papua New Guinea,2010,63.06
Papua New Guinea,2011,63.38
Papua New Guinea,2012,63.64
Papua New Guinea,2013,63.93
Papua New Guinea,2014,64.2
Papua New Guinea,2015,64.47
Papua New Guinea,2016,64.7
Papua New Guinea,2017,64.92
Papua New Guinea,2018,65.11
Papua New Guinea,2019,65.33
Papua New Guinea,2020,65.08
Papua New Guinea,2021,64.36
Papua New Guinea,2022,65.27
Papua New Guinea,2023,66.13
Paraguay,1950,58.05
Paraguay,1951,58.26
Paraguay,1952,58.37
Paraguay,1953,58.49
Paraguay,1954,58.62
Paraguay,1955,58.81
Paraguay,1956,59.01
Paraguay,1957,59.27
Paraguay,1958,59.56
Paraguay,1959,59.88
Paraguay,1960,60.2
Paraguay,1961,60.52
Paraguay,1962,60.82
Paraguay,1963,61.1
Paraguay,1964,61.37
Paraguay,1965,61.61
Paraguay,1966,61.83
Paraguay,1967,62.02
Paraguay,1968,62.21
Paraguay,1969,62.38
Paraguay,1970,62.55
Paraguay,1971,62.73
Paraguay,1972,62.89
Paraguay,1973,63.06
Paraguay,1974,63.23
Paraguay,1975,63.43
Paraguay,1976,63.65
Paraguay,1977,63.86
Paraguay,1978,64.08
Paraguay,1979,64.3
Paraguay,1980,64.55
Paraguay,1981,64.81
Paraguay,1982,65.08
Paraguay,1983,65.29
Paraguay,1984,65.61
Paraguay,1985,65.89
Paraguay,1986,66.17
Paraguay,1987,66.45
Paraguay,1988,66.71
Paraguay,1989,66.92
Paraguay,1990,67.34
Paraguay,1991,67.68
Paraguay,1992,67.96
Paraguay,1993,68.23
Paraguay,1994,68.5
Paraguay,1995,68.78
Paraguay,1996,69.05
Paraguay,1997,69.28
Paraguay,1998,69.51
Paraguay,1999,69.77
Paraguay,2000,70.03
Paraguay,2001,70.28
Paraguay,2002,70.54
Paraguay,2003,70.79
Paraguay,2004,71.05
Paraguay,2005,71.32
Paraguay,2006,71.58
Paraguay,2007,71.82
Paraguay,2008,72.05
Paraguay,2009,72.28
Paraguay,2010,72.55
Paraguay,2011,72.79
Paraguay,2012,73.1
Paraguay,2013,73.29
Paraguay,2014,73.41
Paraguay,2015,73.45
Paraguay,2016,73.49
Paraguay,2017,73.45
Paraguay,2018,73.63
Paraguay,2019,73.67
Paraguay,2020,72.72
Paraguay,2021,68.11
Paraguay,2022,72.32
Paraguay,2023,73.84
Peru,1950,46.03
Peru,1951,46.46
Peru,1952,46.76
Peru,1953,47.1
Peru,1954,47.48
Peru,1955,47.9
Peru,1956,48.38
Peru,1957,48.92
Peru,1958,49.49
Peru,1959,50.04
Peru,1960,50.6
Peru,1961,51.19
Peru,1962,51.53
Peru,1963,52.6
Peru,1964,53.3
Peru,1965,53.87
Peru,1966,54.4
Peru,1967,54.89
Peru,1968,55.38
Peru,1969,55.82
Peru,1970,47.73
Peru,1971,56.49
Peru,1972,56.99
Peru,1973,57.33
Peru,1974,57.77
Peru,1975,58.2
Peru,1976,58.57
Peru,1977,58.9
Peru,1978,59.26
Peru,1979,59.62
Peru,1980,59.98
Peru,1981,60.33
Peru,1982,60.56
Peru,1983,60.76
Peru,1984,61.07
Peru,1985,61.71
Peru,1986,62.15
Peru,1987,62.54
Peru,1988,62.99
Peru,1989,63.4
Peru,1990,63.98
Peru,1991,64.25
Peru,1992,65.03
Peru,1993,65.73
Peru,1994,66.54
Peru,1995,67.22
Peru,1996,67.85
Peru,1997,68.32
Peru,1998,68.72
Peru,1999,69.3
Peru,2000,69.82
Peru,2001,70.32
Peru,2002,70.81
Peru,2003,71.28
Peru,2004,71.45
Peru,2005,71.99
Peru,2006,72.34
Peru,2007,72.75
Peru,2008,72.74
Peru,2009,72.63
Peru,2010,72.89
Peru,2011,73.33
Peru,2012,73.98
Peru,2013,74.59
Peru,2014,75.26
Peru,2015,75.73
Peru,2016,75.95
Peru,2017,75.96
Peru,2018,76.02
Peru,2019,76.27
Peru,2020,73.83
Peru,2021,71.6
Peru,2022,76.83
Peru,2023,77.74
Philippines,1950,53.58
Philippines,1951,54.08
Philippines,1952,54.7
Philippines,1953,55.4
Philippines,1954,55.99
Philippines,1955,56.6
Philippines,1956,57.25
Philippines,1957,57.79
Philippines,1958,58.31
Philippines,1959,58.75
Philippines,1960,59.18
Philippines,1961,59.47
Philippines,1962,59.76
Philippines,1963,60.02
Philippines,1964,60.13
Philippines,1965,60.41
Philippines,1966,60.62
Philippines,1967,60.8
Philippines,1968,60.92
Philippines,1969,60.98
Philippines,1970,60.83
Philippines,1971,61.06
Philippines,1972,60.91
Philippines,1973,60.74
Philippines,1974,60.82
Philippines,1975,60.9
Philippines,1976,60.87
Philippines,1977,61.43
Philippines,1978,61.53
Philippines,1979,61.73
Philippines,1980,61.88
Philippines,1981,61.94
Philippines,1982,62.17
Philippines,1983,62.35
Philippines,1984,62.43
Philippines,1985,62.74
Philippines,1986,62.87
Philippines,1987,63.3
Philippines,1988,63.71
Philippines,1989,64.11
Philippines,1990,64.38
Philippines,1991,64.62
Philippines,1992,65.35
Philippines,1993,65.66
Philippines,1994,66.0
Philippines,1995,66.31
Philippines,1996,66.69
Philippines,1997,66.99
Philippines,1998,67.21
Philippines,1999,67.5
Philippines,2000,67.79
Philippines,2001,67.83
Philippines,2002,67.89
Philippines,2003,68.05
Philippines,2004,68.3
Philippines,2005,68.42
Philippines,2006,68.17
Philippines,2007,68.55
Philippines,2008,68.64
Philippines,2009,68.63
Philippines,2010,68.88
Philippines,2011,69.1
Philippines,2012,69.24
Philippines,2013,69.28
Philippines,2014,69.31
Philippines,2015,69.45
Philippines,2016,69.49
Philippines,2017,69.97
Philippines,2018,69.76
Philippines,2019,69.68
Philippines,2020,70.1
Philippines,2021,66.68
Philippines,2022,69.47
Philippines,2023,69.83
Poland,1950,58.33
Poland,1951,58.86
Poland,1952,59.69
Poland,1953,61.31
Poland,1954,62.28
Poland,1955,63.06
Poland,1956,63.43
Poland,1957,64.44
Poland,1958,64.89
Poland,1959,66.41
Poland,1960,67.08
Poland,1961,67.8
Poland,1962,68.04
Poland,1963,68.32
Poland,1964,68.94
Poland,1965,69.38
Poland,1966,69.66
Poland,1967,69.9
Poland,1968,69.84
Poland,1969,69.84
Poland,1970,69.56
Poland,1971,69.83
Poland,1972,70.14
Poland,1973,70.7
Poland,1974,70.66
Poland,1975,70.63
Poland,1976,70.4
Poland,1977,70.33
Poland,1978,70.38
Poland,1979,70.25
Poland,1980,70.48
Poland,1981,70.61
Poland,1982,70.91
Poland,1983,70.81
Poland,1984,70.6
Poland,1985,70.53
Poland,1986,70.55
Poland,1987,70.77
Poland,1988,70.82
Poland,1989,70.82
Poland,1990,70.61
Poland,1991,70.65
Poland,1992,70.9
Poland,1993,71.34
Poland,1994,71.68
Poland,1995,71.96
Poland,1996,72.25
Poland,1997,72.59
Poland,1998,72.85
Poland,1999,73.22
Poland,2000,73.65
Poland,2001,74.18
Poland,2002,74.52
Poland,2003,74.77
Poland,2004,74.94
Poland,2005,75.13
Poland,2006,75.25
Poland,2007,75.41
Poland,2008,75.58
Poland,2009,75.91
Poland,2010,76.28
Poland,2011,76.57
Poland,2012,76.77
Poland,2013,77.08
Poland,2014,77.31
Poland,2015,77.59
Poland,2016,77.64
Poland,2017,77.72
Poland,2018,77.62
Poland,2019,77.92
Poland,2020,76.6
Poland,2021,75.64
Poland,2022,77.92
Poland,2023,78.63
Portugal,1950,58.48
Portugal,1951,58.75
Portugal,1952,59.76
Portugal,1953,61.08
Portugal,1954,62.2
Portugal,1955,61.41
Portugal,1956,61.17
Portugal,1957,61.39
Portugal,1958,63.72
Portugal,1959,62.92
Portugal,1960,64.15
Portugal,1961,62.8
Portugal,1962,64.32
Portugal,1963,64.93
Portugal,1964,65.13
Portugal,1965,66.09
Portugal,1966,65.61
Portugal,1967,66.46
Portugal,1968,66.82
Portugal,1969,66.39
Portugal,1970,67.05
Portugal,1971,66.85
Portugal,1972,69.16
Portugal,1973,68.6
Portugal,1974,69.12
Portugal,1975,68.84
Portugal,1976,69.1
Portugal,1977,70.34
Portugal,1978,70.8
Portugal,1979,71.61
Portugal,1980,71.66
Portugal,1981,71.89
Portugal,1982,72.7
Portugal,1983,72.65
Portugal,1984,72.93
Portugal,1985,73.22
Portugal,1986,73.65
Portugal,1987,74.06
Portugal,1988,74.09
Portugal,1989,74.67
Portugal,1990,74.3
Portugal,1991,74.24
Portugal,1992,74.87
Portugal,1993,74.76
Portugal,1994,75.73
Portugal,1995,75.55
Portugal,1996,75.48
Portugal,1997,75.92
Portugal,1998,76.12
Portugal,1999,76.32
Portugal,2000,76.83
Portugal,2001,77.15
Portugal,2002,77.37
Portugal,2003,77.58
Portugal,2004,78.43
Portugal,2005,78.32
Portugal,2006,79.09
Portugal,2007,79.31
Portugal,2008,79.6
Portugal,2009,79.83
Portugal,2010,80.11
Portugal,2011,80.58
Portugal,2012,80.55
Portugal,2013,80.9
Portugal,2014,81.31
Portugal,2015,81.32
Portugal,2016,81.36
Portugal,2017,81.66
Portugal,2018,81.59
Portugal,2019,81.96
Portugal,2020,81.37
Portugal,2021,81.4
Portugal,2022,81.19
Portugal,2023,82.36
Puerto Rico,1950,60.37
Puerto Rico,1951,60.26
Puerto Rico,1952,61.79
Puerto Rico,1953,64.47
Puerto Rico,1954,65.6
Puerto Rico,1955,66.27
Puerto Rico,1956,66.37
Puerto Rico,1957,67.11
Puerto Rico,1958,67.24
Puerto Rico,1959,68.07
Puerto Rico,1960,68.63
Puerto Rico,1961,68.53
Puerto Rico,1962,68.86
Puerto Rico,1963,68.73
Puerto Rico,1964,68.24
Puerto Rico,1965,69.29
Puerto Rico,1966,70.22
Puerto Rico,1967,70.7
Puerto Rico,1968,70.57
Puerto Rico,1969,70.51
Puerto Rico,1970,70.35
Puerto Rico,1971,71.08
Puerto Rico,1972,70.81
Puerto Rico,1973,70.95
Puerto Rico,1974,71.32
Puerto Rico,1975,71.96
Puerto Rico,1976,72.08
Puerto Rico,1977,72.4
Puerto Rico,1978,72.53
Puerto Rico,1979,72.72
Puerto Rico,1980,73.1
Puerto Rico,1981,72.98
Puerto Rico,1982,72.95
Puerto Rico,1983,73.37
Puerto Rico,1984,73.43
Puerto Rico,1985,72.63
Puerto Rico,1986,73.27
Puerto Rico,1987,73.4
Puerto Rico,1988,73.15
Puerto Rico,1989,72.48
Puerto Rico,1990,72.83
Puerto Rico,1991,73.88
Puerto Rico,1992,73.39
Puerto Rico,1993,73.31
Puerto Rico,1994,73.62
Puerto Rico,1995,73.57
Puerto Rico,1996,73.99
Puerto Rico,1997,74.67
Puerto Rico,1998,74.56
Puerto Rico,1999,75.28
Puerto Rico,2000,75.51
Puerto Rico,2001,75.97
Puerto Rico,2002,76.82
Puerto Rico,2003,76.94
Puerto Rico,2004,76.91
Puerto Rico,2005,76.7
Puerto Rico,2006,77.56
Puerto Rico,2007,77.66
Puerto Rico,2008,78.11
Puerto Rico,2009,78.38
Puerto Rico,2010,78.72
Puerto Rico,2011,78.77
Puerto Rico,2012,79.26
Puerto Rico,2013,80.32
Puerto Rico,2014,80.04
Puerto Rico,2015,80.68
Puerto Rico,2016,80.35
Puerto Rico,2017,79.07
Puerto Rico,2018,81.09
Puerto Rico,2019,81.44
Puerto Rico,2020,80.01
Puerto Rico,2021,79.77
Puerto Rico,2022,79.43
Puerto Rico,2023,81.69
Qatar,1950,50.76
Qatar,1951,51.46
Qatar,1952,52.14
Qatar,1953,52.83
Qatar,1954,53.51
Qatar,1955,54.21
Qatar,1956,54.91
Qatar,1957,55.61
Qatar,1958,56.33
Qatar,1959,57.05
Qatar,1960,57.77
Qatar,1961,58.5
Qatar,1962,59.23
Qatar,1963,59.96
Qatar,1964,60.7
Qatar,1965,61.44
Qatar,1966,62.17
Qatar,1967,62.88
Qatar,1968,63.58
Qatar,1969,64.25
Qatar,1970,64.89
Qatar,1971,65.49
Qatar,1972,66.07
Qatar,1973,66.63
Qatar,1974,67.17
Qatar,1975,67.68
Qatar,1976,68.17
Qatar,1977,68.64
Qatar,1978,69.08
Qatar,1979,69.51
Qatar,1980,69.92
Qatar,1981,70.31
Qatar,1982,70.7
Qatar,1983,71.09
Qatar,1984,71.46
Qatar,1985,71.83
Qatar,1986,72.18
Qatar,1987,72.52
Qatar,1988,72.84
Qatar,1989,73.13
Qatar,1990,73.4
Qatar,1991,73.65
Qatar,1992,73.88
Qatar,1993,74.07
Qatar,1994,74.24
Qatar,1995,74.4
Qatar,1996,74.56
Qatar,1997,74.71
Qatar,1998,74.87
Qatar,1999,75.05
Qatar,2000,75.25
Qatar,2001,75.49
Qatar,2002,75.77
Qatar,2003,76.1
Qatar,2004,76.48
Qatar,2005,76.91
Qatar,2006,77.32
Qatar,2007,77.74
Qatar,2008,78.26
Qatar,2009,78.84
Qatar,2010,79.44
Qatar,2011,79.99
Qatar,2012,80.5
Qatar,2013,80.97
Qatar,2014,81.4
Qatar,2015,81.78
Qatar,2016,82.15
Qatar,2017,82.46
Qatar,2018,82.71
Qatar,2019,82.95
Qatar,2020,80.41
Qatar,2021,81.08
Qatar,2022,81.86
Qatar,2023,82.37
Reunion,1950,47.56
Reunion,1951,48.65
Reunion,1952,50.11
Reunion,1953,51.46
Reunion,1954,52.99
Reunion,1955,54.09
Reunion,1956,54.88
Reunion,1957,54.9
Reunion,1958,55.29
Reunion,1959,56.18
Reunion,1960,57.66
Reunion,1961,58.76
Reunion,1962,59.39
Reunion,1963,59.84
Reunion,1964,60.31
Reunion,1965,60.97
Reunion,1966,61.43
Reunion,1967,62.09
Reunion,1968,62.4
Reunion,1969,62.85
Reunion,1970,63.2
Reunion,1971,63.73
Reunion,1972,64.25
Reunion,1973,64.77
Reunion,1974,65.35
Reunion,1975,66.02
Reunion,1976,66.7
Reunion,1977,67.41
Reunion,1978,68.11
Reunion,1979,68.82
Reunion,1980,69.37
Reunion,1981,70.23
Reunion,1982,70.96
Reunion,1983,71.57
Reunion,1984,72.18
Reunion,1985,72.58
Reunion,1986,73.01
Reunion,1987,73.25
Reunion,1988,73.62
Reunion,1989,73.86
Reunion,1990,74.19
Reunion,1991,74.47
Reunion,1992,74.79
Reunion,1993,75.04
Reunion,1994,75.41
Reunion,1995,75.71
Reunion,1996,76.03
Reunion,1997,76.34
Reunion,1998,76.62
Reunion,1999,76.84
Reunion,2000,77.01
Reunion,2001,77.14
Reunion,2002,77.35
Reunion,2003,77.56
Reunion,2004,77.75
Reunion,2005,77.95
Reunion,2006,78.34
Reunion,2007,78.93
Reunion,2008,79.5
Reunion,2009,80.03
Reunion,2010,80.47
Reunion,2011,80.97
Reunion,2012,81.35
Reunion,2013,81.62
Reunion,2014,81.78
Reunion,2015,81.91
Reunion,2016,82.03
Reunion,2017,82.13
Reunion,2018,82.2
Reunion,2019,82.32
Reunion,2020,82.58
Reunion,2021,81.5
Reunion,2022,81.5
Reunion,2023,83.55
Romania,1950,60.51
Romania,1951,61.16
Romania,1952,61.83
Romania,1953,62.47
Romania,1954,62.95
Romania,1955,63.25
Romania,1956,63.63
Romania,1957,63.99
Romania,1958,64.41
Romania,1959,64.93
Romania,1960,65.61
Romania,1961,66.42
Romania,1962,67.21
Romania,1963,67.81
Romania,1964,68.35
Romania,1965,68.39
Romania,1966,68.23
Romania,1967,68.08
Romania,1968,67.95
Romania,1969,67.24
Romania,1970,67.93
Romania,1971,68.41
Romania,1972,68.98
Romania,1973,68.7
Romania,1974,69.52
Romania,1975,69.6
Romania,1976,69.9
Romania,1977,69.47
Romania,1978,69.78
Romania,1979,69.46
Romania,1980,69.25
Romania,1981,69.51
Romania,1982,69.8
Romania,1983,69.82
Romania,1984,69.91
Romania,1985,69.41
Romania,1986,69.72
Romania,1987,69.05
Romania,1988,69.39
Romania,1989,69.55
Romania,1990,69.84
Romania,1991,70.05
Romania,1992,69.51
Romania,1993,69.51
Romania,1994,69.33
Romania,1995,69.32
Romania,1996,68.82
Romania,1997,69.09
Romania,1998,69.89
Romania,1999,70.58
Romania,2000,71.16
Romania,2001,71.12
Romania,2002,70.83
Romania,2003,70.82
Romania,2004,71.1
Romania,2005,71.58
Romania,2006,72.17
Romania,2007,72.79
Romania,2008,73.22
Romania,2009,73.46
Romania,2010,73.58
Romania,2011,74.29
Romania,2012,74.31
Romania,2013,74.92
Romania,2014,74.77
Romania,2015,74.74
Romania,2016,75.02
Romania,2017,75.02
Romania,2018,75.1
Romania,2019,75.33
Romania,2020,74.05
Romania,2021,72.74
Romania,2022,75.26
Romania,2023,75.94
Russia,1950,55.47
Russia,1951,55.27
Russia,1952,57.59
Russia,1953,58.78
Russia,1954,59.92
Russia,1955,62.06
Russia,1956,66.5
Russia,1957,66.05
Russia,1958,67.69
Russia,1959,67.38
Russia,1960,68.31
Russia,1961,68.56
Russia,1962,68.48
Russia,1963,69.06
Russia,1964,69.5
Russia,1965,69.28
Russia,1966,69.36
Russia,1967,69.18
Russia,1968,69.06
Russia,1969,68.63
Russia,1970,68.71
Russia,1971,68.92
Russia,1972,68.85
Russia,1973,68.95
Russia,1974,68.73
Russia,1975,68.26
Russia,1976,68.1
Russia,1977,67.87
Russia,1978,67.81
Russia,1979,67.57
Russia,1980,67.48
Russia,1981,67.62
Russia,1982,68.14
Russia,1983,68.03
Russia,1984,67.57
Russia,1985,68.3
Russia,1986,70.02
Russia,1987,70.06
Russia,1988,69.86
Russia,1989,69.69
Russia,1990,69.28
Russia,1991,69.0
Russia,1992,67.84
Russia,1993,65.04
Russia,1994,63.82
Russia,1995,63.99
Russia,1996,65.45
Russia,1997,66.59
Russia,1998,66.92
Russia,1999,65.6
Russia,2000,65.0
Russia,2001,65.02
Russia,2002,64.73
Russia,2003,64.72
Russia,2004,65.15
Russia,2005,65.22
Russia,2006,66.55
Russia,2007,67.47
Russia,2008,67.86
Russia,2009,68.66
Russia,2010,68.15
Russia,2011,69.73
Russia,2012,70.12
Russia,2013,70.64
Russia,2014,70.8
Russia,2015,71.34
Russia,2016,71.91
Russia,2017,72.84
Russia,2018,72.94
Russia,2019,73.07
Russia,2020,71.17
Russia,2021,69.81
Russia,2022,72.52
Russia,2023,73.15
Rwanda,1950,43.18
Rwanda,1951,43.47
Rwanda,1952,43.77
Rwanda,1953,44.09
Rwanda,1954,44.43
Rwanda,1955,44.79
Rwanda,1956,45.18
Rwanda,1957,45.61
Rwanda,1958,46.05
Rwanda,1959,46.55
Rwanda,1960,47.02
Rwanda,1961,47.46
Rwanda,1962,47.8
Rwanda,1963,44.0
Rwanda,1964,48.13
Rwanda,1965,48.2
Rwanda,1966,48.08
Rwanda,1967,47.99
Rwanda,1968,47.73
Rwanda,1969,47.44
Rwanda,1970,47.12
Rwanda,1971,46.76
Rwanda,1972,46.34
Rwanda,1973,45.94
Rwanda,1974,45.57
Rwanda,1975,45.32
Rwanda,1976,45.31
Rwanda,1977,45.58
Rwanda,1978,46.17
Rwanda,1979,47.09
Rwanda,1980,48.12
Rwanda,1981,49.22
Rwanda,1982,50.19
Rwanda,1983,50.94
Rwanda,1984,51.44
Rwanda,1985,51.7
Rwanda,1986,51.71
Rwanda,1987,51.47
Rwanda,1988,50.91
Rwanda,1989,49.48
Rwanda,1990,47.76
Rwanda,1991,46.24
Rwanda,1992,44.4
Rwanda,1993,42.94
Rwanda,1994,12.16
Rwanda,1995,41.52
Rwanda,1996,42.49
Rwanda,1997,41.98
Rwanda,1998,43.1
Rwanda,1999,45.75
Rwanda,2000,47.8
Rwanda,2001,49.49
Rwanda,2002,51.26
Rwanda,2003,53.53
Rwanda,2004,55.52
Rwanda,2005,56.97
Rwanda,2006,58.34
Rwanda,2007,59.5
Rwanda,2008,60.64
Rwanda,2009,61.81
Rwanda,2010,62.8
Rwanda,2011,63.48
Rwanda,2012,64.19
Rwanda,2013,64.65
Rwanda,2014,65.09
Rwanda,2015,65.42
Rwanda,2016,65.73
Rwanda,2017,66.14
Rwanda,2018,66.35
Rwanda,2019,66.69
Rwanda,2020,66.95
Rwanda,2021,66.85
Rwanda,2022,67.53
Rwanda,2023,67.79
Saint Barthelemy,1950,53.97
Saint Barthelemy,1951,55.03
Saint Barthelemy,1952,56.59
Saint Barthelemy,1953,57.57
Saint Barthelemy,1954,58.21
Saint Barthelemy,1955,58.52
Saint Barthelemy,1956,58.99
Saint Barthelemy,1957,59.33
Saint Barthelemy,1958,59.61
Saint Barthelemy,1959,59.89
Saint Barthelemy,1960,60.12
Saint Barthelemy,1961,60.56
Saint Barthelemy,1962,61.02
Saint Barthelemy,1963,61.06
Saint Barthelemy,1964,61.54
Saint Barthelemy,1965,61.99
Saint Barthelemy,1966,62.12
Saint Barthelemy,1967,62.53
Saint Barthelemy,1968,63.68
Saint Barthelemy,1969,64.5
Saint Barthelemy,1970,65.28
Saint Barthelemy,1971,66.16
Saint Barthelemy,1972,66.87
Saint Barthelemy,1973,67.41
Saint Barthelemy,1974,68.14
Saint Barthelemy,1975,68.93
Saint Barthelemy,1976,69.69
Saint Barthelemy,1977,70.42
Saint Barthelemy,1978,71.12
Saint Barthelemy,1979,71.7
Saint Barthelemy,1980,72.36
Saint Barthelemy,1981,72.87
Saint Barthelemy,1982,73.33
Saint Barthelemy,1983,73.52
Saint Barthelemy,1984,73.83
Saint Barthelemy,1985,74.01
Saint Barthelemy,1986,74.34
Saint Barthelemy,1987,74.67
Saint Barthelemy,1988,75.01
Saint Barthelemy,1989,75.34
Saint Barthelemy,1990,75.71
Saint Barthelemy,1991,76.17
Saint Barthelemy,1992,76.62
Saint Barthelemy,1993,77.09
Saint Barthelemy,1994,77.46
Saint Barthelemy,1995,77.78
Saint Barthelemy,1996,78.06
Saint Barthelemy,1997,78.39
Saint Barthelemy,1998,78.73
Saint Barthelemy,1999,79.07
Saint Barthelemy,2000,79.34
Saint Barthelemy,2001,79.62
Saint Barthelemy,2002,79.9
Saint Barthelemy,2003,80.18
Saint Barthelemy,2004,80.5
Saint Barthelemy,2005,80.82
Saint Barthelemy,2006,81.13
Saint Barthelemy,2007,81.42
Saint Barthelemy,2008,81.66
Saint Barthelemy,2009,81.76
Saint Barthelemy,2010,81.88
Saint Barthelemy,2011,82.07
Saint Barthelemy,2012,82.32
Saint Barthelemy,2013,82.48
Saint Barthelemy,2014,82.79
Saint Barthelemy,2015,82.97
Saint Barthelemy,2016,83.15
Saint Barthelemy,2017,81.76
Saint Barthelemy,2018,83.6
Saint Barthelemy,2019,83.82
Saint Barthelemy,2020,84.07
Saint Barthelemy,2021,84.19
Saint Barthelemy,2022,84.28
Saint Barthelemy,2023,84.29
Saint Helena,1950,66.01
Saint Helena,1951,66.23
Saint Helena,1952,66.43
Saint Helena,1953,66.69
Saint Helena,1954,67.04
Saint Helena,1955,67.22
Saint Helena,1956,67.38
Saint Helena,1957,67.5
Saint Helena,1958,67.63
Saint Helena,1959,67.69
Saint Helena,1960,67.73
Saint Helena,1961,67.74
Saint Helena,1962,67.86
Saint Helena,1963,67.94
Saint Helena,1964,68.05
Saint Helena,1965,68.24
Saint Helena,1966,68.4
Saint Helena,1967,68.43
Saint Helena,1968,68.48
Saint Helena,1969,68.61
Saint Helena,1970,68.6
Saint Helena,1971,68.67
Saint Helena,1972,68.78
Saint Helena,1973,68.9
Saint Helena,1974,68.97
Saint Helena,1975,69.14
Saint Helena,1976,69.27
Saint Helena,1977,69.4
Saint Helena,1978,69.53
Saint Helena,1979,69.72
Saint Helena,1980,69.86
Saint Helena,1981,70.06
Saint Helena,1982,70.29
Saint Helena,1983,70.43
Saint Helena,1984,70.57
Saint Helena,1985,70.74
Saint Helena,1986,70.89
Saint Helena,1987,71.01
Saint Helena,1988,71.18
Saint Helena,1989,71.34
Saint Helena,1990,71.54
Saint Helena,1991,71.63
Saint Helena,1992,72.12
Saint Helena,1993,72.25
Saint Helena,1994,72.59
Saint Helena,1995,73.2
Saint Helena,1996,73.68
Saint Helena,1997,74.36
Saint Helena,1998,75.33
Saint Helena,1999,76.04
Saint Helena,2000,75.75
Saint Helena,2001,76.06
Saint Helena,2002,75.83
Saint Helena,2003,76.37
Saint Helena,2004,77.13
Saint Helena,2005,77.17
Saint Helena,2006,76.82
Saint Helena,2007,75.73
Saint Helena,2008,75.79
Saint Helena,2009,76.13
Saint Helena,2010,76.51
Saint Helena,2011,76.56
Saint Helena,2012,76.23
Saint Helena,2013,76.24
Saint Helena,2014,75.57
Saint Helena,2015,75.2
Saint Helena,2016,75.81
Saint Helena,2017,76.34
Saint Helena,2018,76.4
Saint Helena,2019,76.68
Saint Helena,2020,76.89
Saint Helena,2021,76.77
Saint Helena,2022,76.74
Saint Helena,2023,76.79
Saint Kitts and Nevis,1950,54.78
Saint Kitts and Nevis,1951,55.23
Saint Kitts and Nevis,1952,55.66
Saint Kitts and Nevis,1953,56.04
Saint Kitts and Nevis,1954,56.27
Saint Kitts and Nevis,1955,56.37
Saint Kitts and Nevis,1956,56.39
Saint Kitts and Nevis,1957,56.38
Saint Kitts and Nevis,1958,56.41
Saint Kitts and Nevis,1959,56.55
Saint Kitts and Nevis,1960,56.84
Saint Kitts and Nevis,1961,57.34
Saint Kitts and Nevis,1962,57.84
Saint Kitts and Nevis,1963,58.43
Saint Kitts and Nevis,1964,59.04
Saint Kitts and Nevis,1965,59.6
Saint Kitts and Nevis,1966,60.08
Saint Kitts and Nevis,1967,60.45
Saint Kitts and Nevis,1968,60.78
Saint Kitts and Nevis,1969,61.08
Saint Kitts and Nevis,1970,61.37
Saint Kitts and Nevis,1971,61.74
Saint Kitts and Nevis,1972,62.14
Saint Kitts and Nevis,1973,62.52
Saint Kitts and Nevis,1974,62.89
Saint Kitts and Nevis,1975,63.19
Saint Kitts and Nevis,1976,63.49
Saint Kitts and Nevis,1977,63.73
Saint Kitts and Nevis,1978,64.0
Saint Kitts and Nevis,1979,64.2
Saint Kitts and Nevis,1980,64.38
Saint Kitts and Nevis,1981,64.62
Saint Kitts and Nevis,1982,64.87
Saint Kitts and Nevis,1983,65.12
Saint Kitts and Nevis,1984,65.33
Saint Kitts and Nevis,1985,65.48
Saint Kitts and Nevis,1986,65.55
Saint Kitts and Nevis,1987,65.52
Saint Kitts and Nevis,1988,65.45
Saint Kitts and Nevis,1989,65.45
Saint Kitts and Nevis,1990,65.64
Saint Kitts and Nevis,1991,65.96
Saint Kitts and Nevis,1992,66.34
Saint Kitts and Nevis,1993,66.71
Saint Kitts and Nevis,1994,67.0
Saint Kitts and Nevis,1995,67.23
Saint Kitts and Nevis,1996,67.49
Saint Kitts and Nevis,1997,67.81
Saint Kitts and Nevis,1998,67.89
Saint Kitts and Nevis,1999,68.73
Saint Kitts and Nevis,2000,69.25
Saint Kitts and Nevis,2001,69.77
Saint Kitts and Nevis,2002,70.19
Saint Kitts and Nevis,2003,70.61
Saint Kitts and Nevis,2004,70.92
Saint Kitts and Nevis,2005,71.15
Saint Kitts and Nevis,2006,71.36
Saint Kitts and Nevis,2007,71.44
Saint Kitts and Nevis,2008,71.48
Saint Kitts and Nevis,2009,71.49
Saint Kitts and Nevis,2010,71.45
Saint Kitts and Nevis,2011,71.4
Saint Kitts and Nevis,2012,71.36
Saint Kitts and Nevis,2013,71.29
Saint Kitts and Nevis,2014,71.23
Saint Kitts and Nevis,2015,71.21
Saint Kitts and Nevis,2016,71.23
Saint Kitts and Nevis,2017,71.28
Saint Kitts and Nevis,2018,71.34
Saint Kitts and Nevis,2019,71.54
Saint Kitts and Nevis,2020,71.18
Saint Kitts and Nevis,2021,69.27
Saint Kitts and Nevis,2022,70.31
Saint Kitts and Nevis,2023,72.14
Saint Lucia,1950,48.29
Saint Lucia,1951,49.82
Saint Lucia,1952,52.43
Saint Lucia,1953,53.22
Saint Lucia,1954,54.53
Saint Lucia,1955,55.41
Saint Lucia,1956,55.89
Saint Lucia,1957,55.88
Saint Lucia,1958,56.56
Saint Lucia,1959,57.32
Saint Lucia,1960,57.86
Saint Lucia,1961,59.1
Saint Lucia,1962,59.88
Saint Lucia,1963,60.54
Saint Lucia,1964,61.34
Saint Lucia,1965,61.92
Saint Lucia,1966,62.53
Saint Lucia,1967,63.16
Saint Lucia,1968,63.75
Saint Lucia,1969,64.03
Saint Lucia,1970,64.29
Saint Lucia,1971,64.49
Saint Lucia,1972,64.64
Saint Lucia,1973,64.57
Saint Lucia,1974,65.42
Saint Lucia,1975,65.91
Saint Lucia,1976,66.2
Saint Lucia,1977,66.96
Saint Lucia,1978,67.38
Saint Lucia,1979,67.36
Saint Lucia,1980,67.8
Saint Lucia,1981,68.69
Saint Lucia,1982,68.98
Saint Lucia,1983,69.99
Saint Lucia,1984,70.52
Saint Lucia,1985,70.31
Saint Lucia,1986,70.23
Saint Lucia,1987,69.67
Saint Lucia,1988,69.74
Saint Lucia,1989,70.03
Saint Lucia,1990,70.01
Saint Lucia,1991,70.31
Saint Lucia,1992,70.73
Saint Lucia,1993,71.05
Saint Lucia,1994,71.08
Saint Lucia,1995,71.17
Saint Lucia,1996,70.96
Saint Lucia,1997,70.78
Saint Lucia,1998,70.68
Saint Lucia,1999,70.69
Saint Lucia,2000,70.78
Saint Lucia,2001,71.37
Saint Lucia,2002,71.71
Saint Lucia,2003,72.19
Saint Lucia,2004,72.45
Saint Lucia,2005,72.54
Saint Lucia,2006,72.79
Saint Lucia,2007,72.86
Saint Lucia,2008,72.96
Saint Lucia,2009,72.95
Saint Lucia,2010,72.77
Saint Lucia,2011,72.96
Saint Lucia,2012,72.86
Saint Lucia,2013,72.69
Saint Lucia,2014,72.68
Saint Lucia,2015,72.93
Saint Lucia,2016,72.55
Saint Lucia,2017,72.52
Saint Lucia,2018,72.65
Saint Lucia,2019,72.25
Saint Lucia,2020,72.31
Saint Lucia,2021,69.12
Saint Lucia,2022,72.67
Saint Lucia,2023,72.7
Saint Martin (French part),1950,65.12
Saint Martin (French part),1951,65.35
Saint Martin (French part),1952,65.36
Saint Martin (French part),1953,65.62
Saint Martin (French part),1954,65.89
Saint Martin (French part),1955,66.21
Saint Martin (French part),1956,66.51
Saint Martin (French part),1957,66.81
Saint Martin (French part),1958,67.1
Saint Martin (French part),1959,67.37
Saint Martin (French part),1960,67.65
Saint Martin (French part),1961,67.91
Saint Martin (French part),1962,68.19
Saint Martin (French part),1963,68.49
Saint Martin (French part),1964,68.76
Saint Martin (French part),1965,69.03
Saint Martin (French part),1966,69.4
Saint Martin (French part),1967,69.78
Saint Martin (French part),1968,70.15
Saint Martin (French part),1969,70.56
Saint Martin (French part),1970,70.98
Saint Martin (French part),1971,71.3
Saint Martin (French part),1972,71.57
Saint Martin (French part),1973,71.78
Saint Martin (French part),1974,71.93
Saint Martin (French part),1975,72.05
Saint Martin (French part),1976,72.12
Saint Martin (French part),1977,72.17
Saint Martin (French part),1978,72.24
Saint Martin (French part),1979,72.3
Saint Martin (French part),1980,72.35
Saint Martin (French part),1981,72.38
Saint Martin (French part),1982,72.42
Saint Martin (French part),1983,72.55
Saint Martin (French part),1984,72.73
Saint Martin (French part),1985,72.94
Saint Martin (French part),1986,73.2
Saint Martin (French part),1987,73.52
Saint Martin (French part),1988,73.86
Saint Martin (French part),1989,74.2
Saint Martin (French part),1990,74.56
Saint Martin (French part),1991,74.93
Saint Martin (French part),1992,75.15
Saint Martin (French part),1993,75.35
Saint Martin (French part),1994,75.53
Saint Martin (French part),1995,75.71
Saint Martin (French part),1996,75.89
Saint Martin (French part),1997,76.1
Saint Martin (French part),1998,76.34
Saint Martin (French part),1999,76.57
Saint Martin (French part),2000,76.79
Saint Martin (French part),2001,77.01
Saint Martin (French part),2002,77.22
Saint Martin (French part),2003,77.42
Saint Martin (French part),2004,77.61
Saint Martin (French part),2005,77.8
Saint Martin (French part),2006,77.99
Saint Martin (French part),2007,78.16
Saint Martin (French part),2008,78.33
Saint Martin (French part),2009,78.51
Saint Martin (French part),2010,78.75
Saint Martin (French part),2011,79.02
Saint Martin (French part),2012,79.3
Saint Martin (French part),2013,79.53
Saint Martin (French part),2014,79.73
Saint Martin (French part),2015,79.83
Saint Martin (French part),2016,79.89
Saint Martin (French part),2017,78.76
Saint Martin (French part),2018,80.03
Saint Martin (French part),2019,80.08
Saint Martin (French part),2020,80.08
Saint Martin (French part),2021,80.21
Saint Martin (French part),2022,80.24
Saint Martin (French part),2023,80.22
Saint Pierre and Miquelon,1950,62.94
Saint Pierre and Miquelon,1951,63.3
Saint Pierre and Miquelon,1952,63.62
Saint Pierre and Miquelon,1953,63.95
Saint Pierre and Miquelon,1954,64.32
Saint Pierre and Miquelon,1955,64.67
Saint Pierre and Miquelon,1956,65.0
Saint Pierre and Miquelon,1957,65.3
Saint Pierre and Miquelon,1958,65.64
Saint Pierre and Miquelon,1959,65.94
Saint Pierre and Miquelon,1960,66.26
Saint Pierre and Miquelon,1961,66.45
Saint Pierre and Miquelon,1962,66.65
Saint Pierre and Miquelon,1963,66.78
Saint Pierre and Miquelon,1964,66.85
Saint Pierre and Miquelon,1965,66.86
Saint Pierre and Miquelon,1966,66.88
Saint Pierre and Miquelon,1967,66.9
Saint Pierre and Miquelon,1968,66.99
Saint Pierre and Miquelon,1969,67.2
Saint Pierre and Miquelon,1970,67.5
Saint Pierre and Miquelon,1971,67.89
Saint Pierre and Miquelon,1972,68.34
Saint Pierre and Miquelon,1973,68.82
Saint Pierre and Miquelon,1974,69.22
Saint Pierre and Miquelon,1975,69.52
Saint Pierre and Miquelon,1976,69.71
Saint Pierre and Miquelon,1977,69.83
Saint Pierre and Miquelon,1978,69.92
Saint Pierre and Miquelon,1979,70.04
Saint Pierre and Miquelon,1980,70.18
Saint Pierre and Miquelon,1981,70.42
Saint Pierre and Miquelon,1982,70.71
Saint Pierre and Miquelon,1983,71.11
Saint Pierre and Miquelon,1984,71.47
Saint Pierre and Miquelon,1985,71.78
Saint Pierre and Miquelon,1986,72.13
Saint Pierre and Miquelon,1987,72.45
Saint Pierre and Miquelon,1988,72.75
Saint Pierre and Miquelon,1989,72.97
Saint Pierre and Miquelon,1990,73.16
Saint Pierre and Miquelon,1991,73.34
Saint Pierre and Miquelon,1992,73.4
Saint Pierre and Miquelon,1993,73.52
Saint Pierre and Miquelon,1994,73.66
Saint Pierre and Miquelon,1995,73.8
Saint Pierre and Miquelon,1996,73.97
Saint Pierre and Miquelon,1997,74.18
Saint Pierre and Miquelon,1998,74.4
Saint Pierre and Miquelon,1999,74.65
Saint Pierre and Miquelon,2000,74.88
Saint Pierre and Miquelon,2001,75.11
Saint Pierre and Miquelon,2002,75.33
Saint Pierre and Miquelon,2003,75.5
Saint Pierre and Miquelon,2004,75.68
Saint Pierre and Miquelon,2005,75.8
Saint Pierre and Miquelon,2006,75.92
Saint Pierre and Miquelon,2007,76.05
Saint Pierre and Miquelon,2008,76.18
Saint Pierre and Miquelon,2009,76.27
Saint Pierre and Miquelon,2010,76.35
Saint Pierre and Miquelon,2011,76.41
Saint Pierre and Miquelon,2012,76.46
Saint Pierre and Miquelon,2013,76.48
Saint Pierre and Miquelon,2014,76.47
Saint Pierre and Miquelon,2015,76.48
Saint Pierre and Miquelon,2016,76.51
Saint Pierre and Miquelon,2017,76.55
Saint Pierre and Miquelon,2018,76.59
Saint Pierre and Miquelon,2019,76.61
Saint Pierre and Miquelon,2020,76.62
Saint Pierre and Miquelon,2021,76.67
Saint Pierre and Miquelon,2022,76.7
Saint Pierre and Miquelon,2023,76.76
Saint Vincent and the Grenadines,1950,46.9
Saint Vincent and the Grenadines,1951,48.58
Saint Vincent and the Grenadines,1952,49.52
Saint Vincent and the Grenadines,1953,51.1
Saint Vincent and the Grenadines,1954,52.73
Saint Vincent and the Grenadines,1955,54.26
Saint Vincent and the Grenadines,1956,54.94
Saint Vincent and the Grenadines,1957,55.91
Saint Vincent and the Grenadines,1958,57.07
Saint Vincent and the Grenadines,1959,57.77
Saint Vincent and the Grenadines,1960,58.57
Saint Vincent and the Grenadines,1961,59.27
Saint Vincent and the Grenadines,1962,59.92
Saint Vincent and the Grenadines,1963,60.52
Saint Vincent and the Grenadines,1964,61.07
Saint Vincent and the Grenadines,1965,61.61
Saint Vincent and the Grenadines,1966,62.1
Saint Vincent and the Grenadines,1967,62.54
Saint Vincent and the Grenadines,1968,63.06
Saint Vincent and the Grenadines,1969,63.53
Saint Vincent and the Grenadines,1970,64.03
Saint Vincent and the Grenadines,1971,64.43
Saint Vincent and the Grenadines,1972,64.75
Saint Vincent and the Grenadines,1973,65.1
Saint Vincent and the Grenadines,1974,65.42
Saint Vincent and the Grenadines,1975,65.87
Saint Vincent and the Grenadines,1976,66.47
Saint Vincent and the Grenadines,1977,66.88
Saint Vincent and the Grenadines,1978,67.27
Saint Vincent and the Grenadines,1979,69.34
Saint Vincent and the Grenadines,1980,67.98
Saint Vincent and the Grenadines,1981,68.29
Saint Vincent and the Grenadines,1982,68.58
Saint Vincent and the Grenadines,1983,68.8
Saint Vincent and the Grenadines,1984,69.24
Saint Vincent and the Grenadines,1985,69.77
Saint Vincent and the Grenadines,1986,70.1
Saint Vincent and the Grenadines,1987,70.43
Saint Vincent and the Grenadines,1988,70.61
Saint Vincent and the Grenadines,1989,70.65
Saint Vincent and the Grenadines,1990,70.65
Saint Vincent and the Grenadines,1991,70.64
Saint Vincent and the Grenadines,1992,70.74
Saint Vincent and the Grenadines,1993,70.62
Saint Vincent and the Grenadines,1994,70.6
Saint Vincent and the Grenadines,1995,70.57
Saint Vincent and the Grenadines,1996,70.47
Saint Vincent and the Grenadines,1997,70.38
Saint Vincent and the Grenadines,1998,70.26
Saint Vincent and the Grenadines,1999,70.31
Saint Vincent and the Grenadines,2000,70.35
Saint Vincent and the Grenadines,2001,70.38
Saint Vincent and the Grenadines,2002,70.66
Saint Vincent and the Grenadines,2003,70.43
Saint Vincent and the Grenadines,2004,70.45
Saint Vincent and the Grenadines,2005,70.45
Saint Vincent and the Grenadines,2006,70.43
Saint Vincent and the Grenadines,2007,70.45
Saint Vincent and the Grenadines,2008,70.61
Saint Vincent and the Grenadines,2009,70.71
Saint Vincent and the Grenadines,2010,70.66
Saint Vincent and the Grenadines,2011,70.61
Saint Vincent and the Grenadines,2012,70.54
Saint Vincent and the Grenadines,2013,70.09
Saint Vincent and the Grenadines,2014,70.35
Saint Vincent and the Grenadines,2015,70.46
Saint Vincent and the Grenadines,2016,70.7
Saint Vincent and the Grenadines,2017,71.01
Saint Vincent and the Grenadines,2018,71.02
Saint Vincent and the Grenadines,2019,70.99
Saint Vincent and the Grenadines,2020,69.61
Saint Vincent and the Grenadines,2021,69.13
Saint Vincent and the Grenadines,2022,71.19
Saint Vincent and the Grenadines,2023,71.23
Samoa,1950,49.2
Samoa,1951,49.8
Samoa,1952,50.38
Samoa,1953,51.0
Samoa,1954,51.6
Samoa,1955,52.21
Samoa,1956,52.83
Samoa,1957,53.36
Samoa,1958,53.96
Samoa,1959,54.57
Samoa,1960,55.15
Samoa,1961,55.74
Samoa,1962,56.32
Samoa,1963,56.86
Samoa,1964,54.04
Samoa,1965,57.89
Samoa,1966,58.22
Samoa,1967,58.88
Samoa,1968,59.38
Samoa,1969,59.88
Samoa,1970,60.39
Samoa,1971,60.88
Samoa,1972,61.36
Samoa,1973,61.86
Samoa,1974,62.34
Samoa,1975,62.84
Samoa,1976,63.3
Samoa,1977,63.74
Samoa,1978,64.13
Samoa,1979,64.54
Samoa,1980,64.96
Samoa,1981,65.3
Samoa,1982,65.65
Samoa,1983,65.99
Samoa,1984,66.28
Samoa,1985,66.56
Samoa,1986,66.82
Samoa,1987,67.05
Samoa,1988,67.33
Samoa,1989,67.61
Samoa,1990,67.81
Samoa,1991,68.04
Samoa,1992,68.53
Samoa,1993,68.82
Samoa,1994,69.16
Samoa,1995,69.47
Samoa,1996,69.77
Samoa,1997,70.04
Samoa,1998,70.31
Samoa,1999,70.56
Samoa,2000,70.79
Samoa,2001,71.03
Samoa,2002,71.23
Samoa,2003,71.44
Samoa,2004,71.51
Samoa,2005,71.49
Samoa,2006,71.62
Samoa,2007,71.6
Samoa,2008,71.53
Samoa,2009,69.49
Samoa,2010,71.45
Samoa,2011,71.39
Samoa,2012,71.16
Samoa,2013,71.23
Samoa,2014,71.14
Samoa,2015,71.06
Samoa,2016,71.0
Samoa,2017,70.99
Samoa,2018,71.05
Samoa,2019,70.27
Samoa,2020,70.73
Samoa,2021,71.1
Samoa,2022,71.55
Samoa,2023,71.7
San Marino,1950,71.59
San Marino,1951,71.71
San Marino,1952,71.89
San Marino,1953,72.04
San Marino,1954,72.19
San Marino,1955,72.35
San Marino,1956,72.52
San Marino,1957,72.68
San Marino,1958,72.84
San Marino,1959,73.02
San Marino,1960,73.2
San Marino,1961,73.37
San Marino,1962,73.53
San Marino,1963,73.59
San Marino,1964,73.66
San Marino,1965,73.72
San Marino,1966,73.84
San Marino,1967,73.95
San Marino,1968,74.06
San Marino,1969,74.17
San Marino,1970,74.27
San Marino,1971,74.4
San Marino,1972,74.59
San Marino,1973,74.79
San Marino,1974,75.05
San Marino,1975,75.25
San Marino,1976,75.43
San Marino,1977,75.64
San Marino,1978,75.89
San Marino,1979,76.12
San Marino,1980,76.37
San Marino,1981,76.58
San Marino,1982,76.81
San Marino,1983,77.01
San Marino,1984,77.16
San Marino,1985,77.27
San Marino,1986,77.38
San Marino,1987,77.45
San Marino,1988,77.54
San Marino,1989,77.65
San Marino,1990,77.78
San Marino,1991,77.94
San Marino,1992,78.13
San Marino,1993,78.37
San Marino,1994,78.67
San Marino,1995,79.03
San Marino,1996,79.33
San Marino,1997,79.68
San Marino,1998,79.92
San Marino,1999,80.2
San Marino,2000,80.5
San Marino,2001,80.8
San Marino,2002,81.06
San Marino,2003,81.33
San Marino,2004,81.59
San Marino,2005,81.93
San Marino,2006,82.26
San Marino,2007,82.6
San Marino,2008,82.89
San Marino,2009,83.22
San Marino,2010,83.46
San Marino,2011,83.71
San Marino,2012,83.94
San Marino,2013,84.17
San Marino,2014,84.39
San Marino,2015,84.6
San Marino,2016,84.78
San Marino,2017,84.93
San Marino,2018,85.09
San Marino,2019,85.26
San Marino,2020,82.65
San Marino,2021,83.54
San Marino,2022,85.71
San Marino,2023,85.71
Sao Tome and Principe,1950,39.13
Sao Tome and Principe,1951,39.13
Sao Tome and Principe,1952,39.14
Sao Tome and Principe,1953,39.12
Sao Tome and Principe,1954,39.16
Sao Tome and Principe,1955,39.28
Sao Tome and Principe,1956,39.54
Sao Tome and Principe,1957,40.1
Sao Tome and Principe,1958,40.96
Sao Tome and Principe,1959,42.11
Sao Tome and Principe,1960,43.56
Sao Tome and Principe,1961,45.19
Sao Tome and Principe,1962,46.84
Sao Tome and Principe,1963,48.4
Sao Tome and Principe,1964,49.74
Sao Tome and Principe,1965,51.07
Sao Tome and Principe,1966,52.31
Sao Tome and Principe,1967,53.45
Sao Tome and Principe,1968,54.49
Sao Tome and Principe,1969,55.4
Sao Tome and Principe,1970,56.27
Sao Tome and Principe,1971,56.96
Sao Tome and Principe,1972,57.45
Sao Tome and Principe,1973,57.9
Sao Tome and Principe,1974,58.26
Sao Tome and Principe,1975,58.56
Sao Tome and Principe,1976,58.78
Sao Tome and Principe,1977,58.98
Sao Tome and Principe,1978,59.14
Sao Tome and Principe,1979,59.27
Sao Tome and Principe,1980,59.36
Sao Tome and Principe,1981,59.43
Sao Tome and Principe,1982,59.53
Sao Tome and Principe,1983,59.68
Sao Tome and Principe,1984,59.89
Sao Tome and Principe,1985,60.14
Sao Tome and Principe,1986,57.6
Sao Tome and Principe,1987,60.66
Sao Tome and Principe,1988,60.81
Sao Tome and Principe,1989,59.73
Sao Tome and Principe,1990,60.71
Sao Tome and Principe,1991,60.79
Sao Tome and Principe,1992,60.71
Sao Tome and Principe,1993,60.62
Sao Tome and Principe,1994,60.55
Sao Tome and Principe,1995,60.54
Sao Tome and Principe,1996,60.58
Sao Tome and Principe,1997,60.65
Sao Tome and Principe,1998,60.79
Sao Tome and Principe,1999,60.98
Sao Tome and Principe,2000,61.21
Sao Tome and Principe,2001,61.5
Sao Tome and Principe,2002,61.83
Sao Tome and Principe,2003,62.16
Sao Tome and Principe,2004,62.56
Sao Tome and Principe,2005,62.43
Sao Tome and Principe,2006,63.04
Sao Tome and Principe,2007,63.34
Sao Tome and Principe,2008,63.45
Sao Tome and Principe,2009,63.67
Sao Tome and Principe,2010,63.87
Sao Tome and Principe,2011,64.12
Sao Tome and Principe,2012,64.51
Sao Tome and Principe,2013,64.93
Sao Tome and Principe,2014,65.48
Sao Tome and Principe,2015,66.02
Sao Tome and Principe,2016,66.56
Sao Tome and Principe,2017,67.07
Sao Tome and Principe,2018,67.6
Sao Tome and Principe,2019,68.04
Sao Tome and Principe,2020,67.98
Sao Tome and Principe,2021,68.03
Sao Tome and Principe,2022,69.24
Sao Tome and Principe,2023,69.72
Saudi Arabia,1950,40.02
Saudi Arabia,1951,40.55
Saudi Arabia,1952,41.07
Saudi Arabia,1953,41.58
Saudi Arabia,1954,42.09
Saudi Arabia,1955,42.6
Saudi Arabia,1956,43.13
Saudi Arabia,1957,43.66
Saudi Arabia,1958,44.2
Saudi Arabia,1959,44.75
Saudi Arabia,1960,45.31
Saudi Arabia,1961,45.88
Saudi Arabia,1962,46.47
Saudi Arabia,1963,47.09
Saudi Arabia,1964,47.73
Saudi Arabia,1965,48.44
Saudi Arabia,1966,49.19
Saudi Arabia,1967,49.99
Saudi Arabia,1968,50.86
Saudi Arabia,1969,51.77
Saudi Arabia,1970,52.73
Saudi Arabia,1971,53.73
Saudi Arabia,1972,54.74
Saudi Arabia,1973,55.77
Saudi Arabia,1974,56.78
Saudi Arabia,1975,57.78
Saudi Arabia,1976,58.78
Saudi Arabia,1977,59.75
Saudi Arabia,1978,60.69
Saudi Arabia,1979,61.52
Saudi Arabia,1980,62.44
Saudi Arabia,1981,63.25
Saudi Arabia,1982,64.01
Saudi Arabia,1983,64.72
Saudi Arabia,1984,65.39
Saudi Arabia,1985,66.03
Saudi Arabia,1986,66.65
Saudi Arabia,1987,67.24
Saudi Arabia,1988,67.81
Saudi Arabia,1989,68.36
Saudi Arabia,1990,68.87
Saudi Arabia,1991,69.34
Saudi Arabia,1992,69.8
Saudi Arabia,1993,70.21
Saudi Arabia,1994,70.59
Saudi Arabia,1995,70.94
Saudi Arabia,1996,71.29
Saudi Arabia,1997,71.62
Saudi Arabia,1998,71.96
Saudi Arabia,1999,72.29
Saudi Arabia,2000,72.61
Saudi Arabia,2001,72.95
Saudi Arabia,2002,73.3
Saudi Arabia,2003,73.66
Saudi Arabia,2004,74.03
Saudi Arabia,2005,74.4
Saudi Arabia,2006,74.76
Saudi Arabia,2007,75.07
Saudi Arabia,2008,75.3
Saudi Arabia,2009,75.45
Saudi Arabia,2010,75.62
Saudi Arabia,2011,75.81
Saudi Arabia,2012,76.09
Saudi Arabia,2013,76.52
Saudi Arabia,2014,77.12
Saudi Arabia,2015,77.78
Saudi Arabia,2016,78.35
Saudi Arabia,2017,78.72
Saudi Arabia,2018,78.75
Saudi Arabia,2019,78.31
Saudi Arabia,2020,77.6
Saudi Arabia,2021,77.09
Saudi Arabia,2022,77.31
Saudi Arabia,2023,78.73
Senegal,1950,36.5
Senegal,1951,36.91
Senegal,1952,37.37
Senegal,1953,37.78
Senegal,1954,38.17
Senegal,1955,38.54
Senegal,1956,38.88
Senegal,1957,39.13
Senegal,1958,39.4
Senegal,1959,39.53
Senegal,1960,39.67
Senegal,1961,39.72
Senegal,1962,39.74
Senegal,1963,39.74
Senegal,1964,39.76
Senegal,1965,39.76
Senegal,1966,39.85
Senegal,1967,39.99
Senegal,1968,40.15
Senegal,1969,40.4
Senegal,1970,40.79
Senegal,1971,41.24
Senegal,1972,41.77
Senegal,1973,42.43
Senegal,1974,43.1
Senegal,1975,43.94
Senegal,1976,44.81
Senegal,1977,45.71
Senegal,1978,46.6
Senegal,1979,47.48
Senegal,1980,48.29
Senegal,1981,49.08
Senegal,1982,49.86
Senegal,1983,50.81
Senegal,1984,51.69
Senegal,1985,52.59
Senegal,1986,53.72
Senegal,1987,54.63
Senegal,1988,55.55
Senegal,1989,56.21
Senegal,1990,56.67
Senegal,1991,57.04
Senegal,1992,57.29
Senegal,1993,57.35
Senegal,1994,57.48
Senegal,1995,57.34
Senegal,1996,57.13
Senegal,1997,57.11
Senegal,1998,57.08
Senegal,1999,57.31
Senegal,2000,57.62
Senegal,2001,58.16
Senegal,2002,58.91
Senegal,2003,59.47
Senegal,2004,60.31
Senegal,2005,60.98
Senegal,2006,61.8
Senegal,2007,62.65
Senegal,2008,63.2
Senegal,2009,63.75
Senegal,2010,64.22
Senegal,2011,64.8
Senegal,2012,65.23
Senegal,2013,65.64
Senegal,2014,66.0
Senegal,2015,66.45
Senegal,2016,66.72
Senegal,2017,67.06
Senegal,2018,67.38
Senegal,2019,67.67
Senegal,2020,67.5
Senegal,2021,66.87
Senegal,2022,67.79
Senegal,2023,68.68
Serbia,1950,55.09
Serbia,1951,55.61
Serbia,1952,57.41
Serbia,1953,59.77
Serbia,1954,60.69
Serbia,1955,61.35
Serbia,1956,61.86
Serbia,1957,63.24
Serbia,1958,64.28
Serbia,1959,65.24
Serbia,1960,65.71
Serbia,1961,66.3
Serbia,1962,67.04
Serbia,1963,67.35
Serbia,1964,68.0
Serbia,1965,68.72
Serbia,1966,69.43
Serbia,1967,70.09
Serbia,1968,70.08
Serbia,1969,70.03
Serbia,1970,69.73
Serbia,1971,69.72
Serbia,1972,69.98
Serbia,1973,70.5
Serbia,1974,71.12
Serbia,1975,71.61
Serbia,1976,71.86
Serbia,1977,71.77
Serbia,1978,71.44
Serbia,1979,71.17
Serbia,1980,71.08
Serbia,1981,71.11
Serbia,1982,71.04
Serbia,1983,71.09
Serbia,1984,71.16
Serbia,1985,71.44
Serbia,1986,71.64
Serbia,1987,71.85
Serbia,1988,72.04
Serbia,1989,72.34
Serbia,1990,72.23
Serbia,1991,71.94
Serbia,1992,71.63
Serbia,1993,71.88
Serbia,1994,72.3
Serbia,1995,72.73
Serbia,1996,72.92
Serbia,1997,72.95
Serbia,1998,72.3
Serbia,1999,69.99
Serbia,2000,72.33
Serbia,2001,72.27
Serbia,2002,72.6
Serbia,2003,72.72
Serbia,2004,72.87
Serbia,2005,73.12
Serbia,2006,73.4
Serbia,2007,73.72
Serbia,2008,73.9
Serbia,2009,74.11
Serbia,2010,74.38
Serbia,2011,74.72
Serbia,2012,75.09
Serbia,2013,75.35
Serbia,2014,75.48
Serbia,2015,75.65
Serbia,2016,75.74
Serbia,2017,75.79
Serbia,2018,76.04
Serbia,2019,76.06
Serbia,2020,74.51
Serbia,2021,72.85
Serbia,2022,75.48
Serbia,2023,76.77
Seychelles,1950,57.82
Seychelles,1951,58.04
Seychelles,1952,58.36
Seychelles,1953,58.69
Seychelles,1954,59.0
Seychelles,1955,59.39
Seychelles,1956,59.81
Seychelles,1957,60.17
Seychelles,1958,60.35
Seychelles,1959,60.42
Seychelles,1960,60.49
Seychelles,1961,60.58
Seychelles,1962,60.67
Seychelles,1963,60.91
Seychelles,1964,61.15
Seychelles,1965,61.44
Seychelles,1966,61.68
Seychelles,1967,62.07
Seychelles,1968,62.64
Seychelles,1969,63.27
Seychelles,1970,63.98
Seychelles,1971,64.64
Seychelles,1972,65.35
Seychelles,1973,65.93
Seychelles,1974,66.43
Seychelles,1975,66.85
Seychelles,1976,67.22
Seychelles,1977,67.59
Seychelles,1978,67.93
Seychelles,1979,68.24
Seychelles,1980,68.49
Seychelles,1981,68.73
Seychelles,1982,69.0
Seychelles,1983,69.26
Seychelles,1984,69.47
Seychelles,1985,69.62
Seychelles,1986,69.77
Seychelles,1987,69.89
Seychelles,1988,69.99
Seychelles,1989,70.07
Seychelles,1990,70.17
Seychelles,1991,70.26
Seychelles,1992,70.35
Seychelles,1993,70.41
Seychelles,1994,70.5
Seychelles,1995,70.63
Seychelles,1996,70.8
Seychelles,1997,70.76
Seychelles,1998,71.09
Seychelles,1999,71.21
Seychelles,2000,71.31
Seychelles,2001,71.43
Seychelles,2002,71.55
Seychelles,2003,71.68
Seychelles,2004,71.71
Seychelles,2005,71.92
Seychelles,2006,72.05
Seychelles,2007,72.16
Seychelles,2008,72.32
Seychelles,2009,72.41
Seychelles,2010,72.48
Seychelles,2011,72.51
Seychelles,2012,72.49
Seychelles,2013,72.43
Seychelles,2014,72.35
Seychelles,2015,72.29
Seychelles,2016,72.25
Seychelles,2017,72.23
Seychelles,2018,72.18
Seychelles,2019,72.12
Seychelles,2020,74.09
Seychelles,2021,71.22
Seychelles,2022,71.25
Seychelles,2023,72.86
Sierra Leone,1950,28.94
Sierra Leone,1951,29.29
Sierra Leone,1952,29.74
Sierra Leone,1953,30.13
Sierra Leone,1954,30.52
Sierra Leone,1955,30.93
Sierra Leone,1956,31.32
Sierra Leone,1957,31.77
Sierra Leone,1958,32.14
Sierra Leone,1959,32.56
Sierra Leone,1960,33.09
Sierra Leone,1961,33.63
Sierra Leone,1962,34.16
Sierra Leone,1963,34.7
Sierra Leone,1964,35.3
Sierra Leone,1965,35.93
Sierra Leone,1966,36.64
Sierra Leone,1967,37.28
Sierra Leone,1968,37.76
Sierra Leone,1969,38.23
Sierra Leone,1970,38.62
Sierra Leone,1971,39.1
Sierra Leone,1972,39.5
Sierra Leone,1973,39.96
Sierra Leone,1974,40.41
Sierra Leone,1975,40.99
Sierra Leone,1976,41.43
Sierra Leone,1977,41.83
Sierra Leone,1978,42.19
Sierra Leone,1979,42.53
Sierra Leone,1980,42.84
Sierra Leone,1981,43.09
Sierra Leone,1982,43.3
Sierra Leone,1983,43.45
Sierra Leone,1984,43.56
Sierra Leone,1985,43.56
Sierra Leone,1986,43.5
Sierra Leone,1987,43.75
Sierra Leone,1988,43.77
Sierra Leone,1989,43.74
Sierra Leone,1990,43.72
Sierra Leone,1991,43.29
Sierra Leone,1992,43.45
Sierra Leone,1993,43.43
Sierra Leone,1994,42.81
Sierra Leone,1995,42.58
Sierra Leone,1996,43.53
Sierra Leone,1997,43.65
Sierra Leone,1998,42.71
Sierra Leone,1999,41.96
Sierra Leone,2000,44.83
Sierra Leone,2001,45.45
Sierra Leone,2002,46.17
Sierra Leone,2003,46.78
Sierra Leone,2004,47.49
Sierra Leone,2005,48.31
Sierra Leone,2006,49.55
Sierra Leone,2007,50.02
Sierra Leone,2008,50.69
Sierra Leone,2009,51.31
Sierra Leone,2010,51.93
Sierra Leone,2011,52.59
Sierra Leone,2012,53.16
Sierra Leone,2013,54.05
Sierra Leone,2014,54.28
Sierra Leone,2015,55.45
Sierra Leone,2016,56.94
Sierra Leone,2017,57.76
Sierra Leone,2018,59.06
Sierra Leone,2019,59.59
Sierra Leone,2020,59.69
Sierra Leone,2021,60.26
Sierra Leone,2022,61.27
Sierra Leone,2023,61.79
Singapore,1950,54.09
Singapore,1951,55.26
Singapore,1952,56.43
Singapore,1953,57.47
Singapore,1954,59.42
Singapore,1955,61.21
Singapore,1956,62.62
Singapore,1957,63.39
Singapore,1958,64.03
Singapore,1959,64.79
Singapore,1960,65.3
Singapore,1961,65.69
Singapore,1962,66.09
Singapore,1963,66.49
Singapore,1964,66.71
Singapore,1965,66.94
Singapore,1966,67.24
Singapore,1967,67.33
Singapore,1968,67.66
Singapore,1969,68.08
Singapore,1970,68.5
Singapore,1971,68.8
Singapore,1972,68.96
Singapore,1973,69.36
Singapore,1974,69.71
Singapore,1975,70.23
Singapore,1976,70.57
Singapore,1977,70.88
Singapore,1978,71.16
Singapore,1979,71.36
Singapore,1980,71.53
Singapore,1981,71.75
Singapore,1982,72.01
Singapore,1983,72.41
Singapore,1984,72.6
Singapore,1985,73.12
Singapore,1986,73.56
Singapore,1987,74.04
Singapore,1988,74.05
Singapore,1989,74.33
Singapore,1990,74.6
Singapore,1991,75.06
Singapore,1992,75.33
Singapore,1993,75.53
Singapore,1994,75.63
Singapore,1995,75.72
Singapore,1996,76.05
Singapore,1997,76.39
Singapore,1998,76.85
Singapore,1999,77.27
Singapore,2000,77.75
Singapore,2001,78.27
Singapore,2002,78.74
Singapore,2003,79.18
Singapore,2004,79.66
Singapore,2005,80.27
Singapore,2006,80.64
Singapore,2007,80.88
Singapore,2008,81.1
Singapore,2009,81.43
Singapore,2010,81.65
Singapore,2011,81.94
Singapore,2012,82.21
Singapore,2013,82.47
Singapore,2014,82.61
Singapore,2015,82.75
Singapore,2016,82.9
Singapore,2017,83.09
Singapore,2018,83.38
Singapore,2019,83.66
Singapore,2020,83.66
Singapore,2021,83.48
Singapore,2022,82.92
Singapore,2023,83.74
Sint Maarten (Dutch part),1950,62.43
Sint Maarten (Dutch part),1951,63.13
Sint Maarten (Dutch part),1952,63.08
Sint Maarten (Dutch part),1953,63.69
Sint Maarten (Dutch part),1954,64.13
Sint Maarten (Dutch part),1955,64.75
Sint Maarten (Dutch part),1956,65.16
Sint Maarten (Dutch part),1957,65.48
Sint Maarten (Dutch part),1958,65.77
Sint Maarten (Dutch part),1959,66.05
Sint Maarten (Dutch part),1960,66.35
Sint Maarten (Dutch part),1961,66.68
Sint Maarten (Dutch part),1962,67.05
Sint Maarten (Dutch part),1963,67.47
Sint Maarten (Dutch part),1964,67.78
Sint Maarten (Dutch part),1965,68.05
Sint Maarten (Dutch part),1966,68.51
Sint Maarten (Dutch part),1967,69.02
Sint Maarten (Dutch part),1968,69.55
Sint Maarten (Dutch part),1969,70.21
Sint Maarten (Dutch part),1970,70.86
Sint Maarten (Dutch part),1971,71.31
Sint Maarten (Dutch part),1972,71.73
Sint Maarten (Dutch part),1973,72.06
Sint Maarten (Dutch part),1974,72.24
Sint Maarten (Dutch part),1975,72.31
Sint Maarten (Dutch part),1976,72.28
Sint Maarten (Dutch part),1977,72.13
Sint Maarten (Dutch part),1978,71.97
Sint Maarten (Dutch part),1979,71.84
Sint Maarten (Dutch part),1980,71.79
Sint Maarten (Dutch part),1981,71.86
Sint Maarten (Dutch part),1982,72.01
Sint Maarten (Dutch part),1983,72.15
Sint Maarten (Dutch part),1984,72.28
Sint Maarten (Dutch part),1985,72.39
Sint Maarten (Dutch part),1986,72.44
Sint Maarten (Dutch part),1987,72.44
Sint Maarten (Dutch part),1988,72.46
Sint Maarten (Dutch part),1989,72.44
Sint Maarten (Dutch part),1990,72.41
Sint Maarten (Dutch part),1991,72.38
Sint Maarten (Dutch part),1992,72.4
Sint Maarten (Dutch part),1993,72.46
Sint Maarten (Dutch part),1994,72.6
Sint Maarten (Dutch part),1995,72.85
Sint Maarten (Dutch part),1996,73.19
Sint Maarten (Dutch part),1997,73.55
Sint Maarten (Dutch part),1998,73.9
Sint Maarten (Dutch part),1999,74.22
Sint Maarten (Dutch part),2000,74.41
Sint Maarten (Dutch part),2001,74.52
Sint Maarten (Dutch part),2002,74.58
Sint Maarten (Dutch part),2003,74.59
Sint Maarten (Dutch part),2004,74.62
Sint Maarten (Dutch part),2005,74.68
Sint Maarten (Dutch part),2006,74.78
Sint Maarten (Dutch part),2007,74.81
Sint Maarten (Dutch part),2008,74.85
Sint Maarten (Dutch part),2009,74.8
Sint Maarten (Dutch part),2010,74.82
Sint Maarten (Dutch part),2011,74.87
Sint Maarten (Dutch part),2012,75.13
Sint Maarten (Dutch part),2013,75.39
Sint Maarten (Dutch part),2014,75.73
Sint Maarten (Dutch part),2015,75.9
Sint Maarten (Dutch part),2016,75.95
Sint Maarten (Dutch part),2017,75.46
Sint Maarten (Dutch part),2018,75.69
Sint Maarten (Dutch part),2019,75.68
Sint Maarten (Dutch part),2020,75.0
Sint Maarten (Dutch part),2021,74.5
Sint Maarten (Dutch part),2022,76.18
Sint Maarten (Dutch part),2023,76.37
Slovakia,1950,60.78
Slovakia,1951,61.15
Slovakia,1952,64.3
Slovakia,1953,65.65
Slovakia,1954,66.69
Slovakia,1955,67.85
Slovakia,1956,68.37
Slovakia,1957,67.46
Slovakia,1958,69.36
Slovakia,1959,69.01
Slovakia,1960,70.34
Slovakia,1961,70.79
Slovakia,1962,70.33
Slovakia,1963,70.69
Slovakia,1964,71.08
Slovakia,1965,70.28
Slovakia,1966,70.42
Slovakia,1967,70.97
Slovakia,1968,70.46
Slovakia,1969,69.8
Slovakia,1970,69.72
Slovakia,1971,69.86
Slovakia,1972,70.3
Slovakia,1973,70.03
Slovakia,1974,70.18
Slovakia,1975,70.3
Slovakia,1976,70.47
Slovakia,1977,70.41
Slovakia,1978,70.42
Slovakia,1979,70.74
Slovakia,1980,70.38
Slovakia,1981,70.62
Slovakia,1982,70.76
Slovakia,1983,70.48
Slovakia,1984,70.71
Slovakia,1985,70.72
Slovakia,1986,70.89
Slovakia,1987,71.07
Slovakia,1988,71.13
Slovakia,1989,70.94
Slovakia,1990,70.82
Slovakia,1991,70.92
Slovakia,1992,71.37
Slovakia,1993,71.88
Slovakia,1994,72.33
Slovakia,1995,72.25
Slovakia,1996,72.74
Slovakia,1997,72.69
Slovakia,1998,72.57
Slovakia,1999,72.96
Slovakia,2000,73.14
Slovakia,2001,73.57
Slovakia,2002,73.76
Slovakia,2003,73.82
Slovakia,2004,74.22
Slovakia,2005,74.16
Slovakia,2006,74.42
Slovakia,2007,74.49
Slovakia,2008,74.86
Slovakia,2009,75.22
Slovakia,2010,75.5
Slovakia,2011,76.02
Slovakia,2012,76.18
Slovakia,2013,76.51
Slovakia,2014,76.85
Slovakia,2015,76.65
Slovakia,2016,77.22
Slovakia,2017,77.22
Slovakia,2018,77.26
Slovakia,2019,77.69
Slovakia,2020,76.86
Slovakia,2021,74.59
Slovakia,2022,77.04
Slovakia,2023,78.34
Slovenia,1950,61.82
Slovenia,1951,62.35
Slovenia,1952,63.83
Slovenia,1953,65.32
Slovenia,1954,66.07
Slovenia,1955,66.07
Slovenia,1956,66.5
Slovenia,1957,67.04
Slovenia,1958,67.67
Slovenia,1959,68.15
Slovenia,1960,68.53
Slovenia,1961,68.89
Slovenia,1962,68.85
Slovenia,1963,68.61
Slovenia,1964,68.49
Slovenia,1965,68.7
Slovenia,1966,68.88
Slovenia,1967,68.97
Slovenia,1968,68.61
Slovenia,1969,68.59
Slovenia,1970,69.05
Slovenia,1971,69.72
Slovenia,1972,70.33
Slovenia,1973,70.75
Slovenia,1974,71.04
Slovenia,1975,71.08
Slovenia,1976,71.14
Slovenia,1977,71.27
Slovenia,1978,71.59
Slovenia,1979,71.63
Slovenia,1980,71.82
Slovenia,1981,71.65
Slovenia,1982,71.37
Slovenia,1983,71.19
Slovenia,1984,71.33
Slovenia,1985,71.8
Slovenia,1986,72.09
Slovenia,1987,72.44
Slovenia,1988,72.76
Slovenia,1989,73.29
Slovenia,1990,73.47
Slovenia,1991,73.47
Slovenia,1992,73.42
Slovenia,1993,73.58
Slovenia,1994,73.91
Slovenia,1995,74.42
Slovenia,1996,74.8
Slovenia,1997,74.99
Slovenia,1998,75.14
Slovenia,1999,75.45
Slovenia,2000,75.83
Slovenia,2001,76.18
Slovenia,2002,76.32
Slovenia,2003,76.32
Slovenia,2004,76.93
Slovenia,2005,77.5
Slovenia,2006,77.82
Slovenia,2007,78.29
Slovenia,2008,78.6
Slovenia,2009,79.03
Slovenia,2010,79.3
Slovenia,2011,79.59
Slovenia,2012,79.77
Slovenia,2013,80.09
Slovenia,2014,80.25
Slovenia,2015,80.5
Slovenia,2016,80.51
Slovenia,2017,80.62
Slovenia,2018,80.86
Slovenia,2019,81.01
Slovenia,2020,80.36
Slovenia,2021,80.43
Slovenia,2022,80.79
Slovenia,2023,81.6
Small Island Developing States (SIDS),1950,48.89
Small Island Developing States (SIDS),1951,49.07
Small Island Developing States (SIDS),1952,50.22
Small Island Developing States (SIDS),1953,50.99
Small Island Developing States (SIDS),1954,51.69
Small Island Developing States (SIDS),1955,52.43
Small Island Developing States (SIDS),1956,53.03
Small Island Developing States (SIDS),1957,53.64
Small Island Developing States (SIDS),1958,54.18
Small Island Developing States (SIDS),1959,54.77
Small Island Developing States (SIDS),1960,55.33
Small Island Developing States (SIDS),1961,55.82
Small Island Developing States (SIDS),1962,56.36
Small Island Developing States (SIDS),1963,56.32
Small Island Developing States (SIDS),1964,57.18
Small Island Developing States (SIDS),1965,57.43
Small Island Developing States (SIDS),1966,58.13
Small Island Developing States (SIDS),1967,58.56
Small Island Developing States (SIDS),1968,58.93
Small Island Developing States (SIDS),1969,59.29
Small Island Developing States (SIDS),1970,59.69
Small Island Developing States (SIDS),1971,60.11
Small Island Developing States (SIDS),1972,60.45
Small Island Developing States (SIDS),1973,60.77
Small Island Developing States (SIDS),1974,61.11
Small Island Developing States (SIDS),1975,60.83
Small Island Developing States (SIDS),1976,61.17
Small Island Developing States (SIDS),1977,61.37
Small Island Developing States (SIDS),1978,61.46
Small Island Developing States (SIDS),1979,61.68
Small Island Developing States (SIDS),1980,62.29
Small Island Developing States (SIDS),1981,62.6
Small Island Developing States (SIDS),1982,63.0
Small Island Developing States (SIDS),1983,63.31
Small Island Developing States (SIDS),1984,63.63
Small Island Developing States (SIDS),1985,63.8
Small Island Developing States (SIDS),1986,64.05
Small Island Developing States (SIDS),1987,64.38
Small Island Developing States (SIDS),1988,64.64
Small Island Developing States (SIDS),1989,65.05
Small Island Developing States (SIDS),1990,65.33
Small Island Developing States (SIDS),1991,65.57
Small Island Developing States (SIDS),1992,65.79
Small Island Developing States (SIDS),1993,65.97
Small Island Developing States (SIDS),1994,66.16
Small Island Developing States (SIDS),1995,66.42
Small Island Developing States (SIDS),1996,66.72
Small Island Developing States (SIDS),1997,67.04
Small Island Developing States (SIDS),1998,67.14
Small Island Developing States (SIDS),1999,67.49
Small Island Developing States (SIDS),2000,68.21
Small Island Developing States (SIDS),2001,68.53
Small Island Developing States (SIDS),2002,68.83
Small Island Developing States (SIDS),2003,69.15
Small Island Developing States (SIDS),2004,68.96
Small Island Developing States (SIDS),2005,69.47
Small Island Developing States (SIDS),2006,69.69
Small Island Developing States (SIDS),2007,69.89
Small Island Developing States (SIDS),2008,70.13
Small Island Developing States (SIDS),2009,70.39
Small Island Developing States (SIDS),2010,66.83
Small Island Developing States (SIDS),2011,70.9
Small Island Developing States (SIDS),2012,71.23
Small Island Developing States (SIDS),2013,71.46
Small Island Developing States (SIDS),2014,71.55
Small Island Developing States (SIDS),2015,71.67
Small Island Developing States (SIDS),2016,71.67
Small Island Developing States (SIDS),2017,71.78
Small Island Developing States (SIDS),2018,72.03
Small Island Developing States (SIDS),2019,72.08
Small Island Developing States (SIDS),2020,71.78
Small Island Developing States (SIDS),2021,69.89
Small Island Developing States (SIDS),2022,72.13
Small Island Developing States (SIDS),2023,72.73
Solomon Islands,1950,41.43
Solomon Islands,1951,42.0
Solomon Islands,1952,42.63
Solomon Islands,1953,43.16
Solomon Islands,1954,43.74
Solomon Islands,1955,44.35
Solomon Islands,1956,42.83
Solomon Islands,1957,45.66
Solomon Islands,1958,46.31
Solomon Islands,1959,47.02
Solomon Islands,1960,47.68
Solomon Islands,1961,48.34
Solomon Islands,1962,49.04
Solomon Islands,1963,49.82
Solomon Islands,1964,50.58
Solomon Islands,1965,51.41
Solomon Islands,1966,52.26
Solomon Islands,1967,53.06
Solomon Islands,1968,54.14
Solomon Islands,1969,55.1
Solomon Islands,1970,56.06
Solomon Islands,1971,57.01
Solomon Islands,1972,57.91
Solomon Islands,1973,58.78
Solomon Islands,1974,59.61
Solomon Islands,1975,58.4
Solomon Islands,1976,61.15
Solomon Islands,1977,61.53
Solomon Islands,1978,62.54
Solomon Islands,1979,63.13
Solomon Islands,1980,63.67
Solomon Islands,1981,64.08
Solomon Islands,1982,64.46
Solomon Islands,1983,64.77
Solomon Islands,1984,65.05
Solomon Islands,1985,65.29
Solomon Islands,1986,64.72
Solomon Islands,1987,65.68
Solomon Islands,1988,65.87
Solomon Islands,1989,66.05
Solomon Islands,1990,66.19
Solomon Islands,1991,66.36
Solomon Islands,1992,66.47
Solomon Islands,1993,66.56
Solomon Islands,1994,66.66
Solomon Islands,1995,66.72
Solomon Islands,1996,66.74
Solomon Islands,1997,66.77
Solomon Islands,1998,66.89
Solomon Islands,1999,67.0
Solomon Islands,2000,67.12
Solomon Islands,2001,67.24
Solomon Islands,2002,67.35
Solomon Islands,2003,67.48
Solomon Islands,2004,67.63
Solomon Islands,2005,67.79
Solomon Islands,2006,67.97
Solomon Islands,2007,67.85
Solomon Islands,2008,68.34
Solomon Islands,2009,68.4
Solomon Islands,2010,68.67
Solomon Islands,2011,68.82
Solomon Islands,2012,68.96
Solomon Islands,2013,69.01
Solomon Islands,2014,68.98
Solomon Islands,2015,69.32
Solomon Islands,2016,69.5
Solomon Islands,2017,69.65
Solomon Islands,2018,69.81
Solomon Islands,2019,69.98
Solomon Islands,2020,69.26
Solomon Islands,2021,68.89
Solomon Islands,2022,70.41
Solomon Islands,2023,70.53
Somalia,1950,41.45
Somalia,1951,41.66
Somalia,1952,41.87
Somalia,1953,42.08
Somalia,1954,42.29
Somalia,1955,42.5
Somalia,1956,42.71
Somalia,1957,42.92
Somalia,1958,43.13
Somalia,1959,43.34
Somalia,1960,43.54
Somalia,1961,43.67
Somalia,1962,43.97
Somalia,1963,44.19
Somalia,1964,44.39
Somalia,1965,44.63
Somalia,1966,44.84
Somalia,1967,45.05
Somalia,1968,45.25
Somalia,1969,45.45
Somalia,1970,45.64
Somalia,1971,45.84
Somalia,1972,46.03
Somalia,1973,46.22
Somalia,1974,44.26
Somalia,1975,44.49
Somalia,1976,44.73
Somalia,1977,47.0
Somalia,1978,47.01
Somalia,1979,47.41
Somalia,1980,47.61
Somalia,1981,47.82
Somalia,1982,48.02
Somalia,1983,48.23
Somalia,1984,48.44
Somalia,1985,48.28
Somalia,1986,48.43
Somalia,1987,49.0
Somalia,1988,43.93
Somalia,1989,46.65
Somalia,1990,46.9
Somalia,1991,25.42
Somalia,1992,25.03
Somalia,1993,50.55
Somalia,1994,50.3
Somalia,1995,50.65
Somalia,1996,50.52
Somalia,1997,50.28
Somalia,1998,50.76
Somalia,1999,50.61
Somalia,2000,50.75
Somalia,2001,50.83
Somalia,2002,50.82
Somalia,2003,50.72
Somalia,2004,50.68
Somalia,2005,50.89
Somalia,2006,50.92
Somalia,2007,50.89
Somalia,2008,51.46
Somalia,2009,52.1
Somalia,2010,48.9
Somalia,2011,32.45
Somalia,2012,49.14
Somalia,2013,54.02
Somalia,2014,54.44
Somalia,2015,55.06
Somalia,2016,55.28
Somalia,2017,52.19
Somalia,2018,54.77
Somalia,2019,57.25
Somalia,2020,57.09
Somalia,2021,55.7
Somalia,2022,53.93
Somalia,2023,58.82
South Africa,1950,43.11
South Africa,1951,44.06
South Africa,1952,45.05
South Africa,1953,46.05
South Africa,1954,47.12
South Africa,1955,48.17
South Africa,1956,49.21
South Africa,1957,50.2
South Africa,1958,51.15
South Africa,1959,51.88
South Africa,1960,52.58
South Africa,1961,53.07
South Africa,1962,53.57
South Africa,1963,53.89
South Africa,1964,54.21
South Africa,1965,54.43
South Africa,1966,54.73
South Africa,1967,54.96
South Africa,1968,55.19
South Africa,1969,55.44
South Africa,1970,55.68
South Africa,1971,56.02
South Africa,1972,56.38
South Africa,1973,56.72
South Africa,1974,57.11
South Africa,1975,57.59
South Africa,1976,58.0
South Africa,1977,58.48
South Africa,1978,58.99
South Africa,1979,59.47
South Africa,1980,59.96
South Africa,1981,60.45
South Africa,1982,60.94
South Africa,1983,61.39
South Africa,1984,61.84
South Africa,1985,62.2
South Africa,1986,62.42
South Africa,1987,62.69
South Africa,1988,62.9
South Africa,1989,63.02
South Africa,1990,62.94
South Africa,1991,62.98
South Africa,1992,62.84
South Africa,1993,62.62
South Africa,1994,62.07
South Africa,1995,61.6
South Africa,1996,61.08
South Africa,1997,60.54
South Africa,1998,59.91
South Africa,1999,59.19
South Africa,2000,58.37
South Africa,2001,57.16
South Africa,2002,55.58
South Africa,2003,54.25
South Africa,2004,53.96
South Africa,2005,53.91
South Africa,2006,54.22
South Africa,2007,54.95
South Africa,2008,55.98
South Africa,2009,57.41
South Africa,2010,58.89
South Africa,2011,60.6
South Africa,2012,61.74
South Africa,2013,62.39
South Africa,2014,63.18
South Africa,2015,64.05
South Africa,2016,64.75
South Africa,2017,65.42
South Africa,2018,65.73
South Africa,2019,66.07
South Africa,2020,65.15
South Africa,2021,62.01
South Africa,2022,65.45
South Africa,2023,66.14
South Korea,1950,22.23
South Korea,1951,26.64
South Korea,1952,36.57
South Korea,1953,40.51
South Korea,1954,46.08
South Korea,1955,48.35
South Korea,1956,50.2
South Korea,1957,51.55
South Korea,1958,51.84
South Korea,1959,52.94
South Korea,1960,53.76
South Korea,1961,54.44
South Korea,1962,55.03
South Korea,1963,54.99
South Korea,1964,55.34
South Korea,1965,55.78
South Korea,1966,55.42
South Korea,1967,60.87
South Korea,1968,60.87
South Korea,1969,61.43
South Korea,1970,62.18
South Korea,1971,62.67
South Korea,1972,63.22
South Korea,1973,63.77
South Korea,1974,64.24
South Korea,1975,64.67
South Korea,1976,65.01
South Korea,1977,64.62
South Korea,1978,64.96
South Korea,1979,66.11
South Korea,1980,64.85
South Korea,1981,67.14
South Korea,1982,67.06
South Korea,1983,66.73
South Korea,1984,68.11
South Korea,1985,68.41
South Korea,1986,69.03
South Korea,1987,69.32
South Korea,1988,70.16
South Korea,1989,70.68
South Korea,1990,70.99
South Korea,1991,71.4
South Korea,1992,72.18
South Korea,1993,72.75
South Korea,1994,72.89
South Korea,1995,73.38
South Korea,1996,74.02
South Korea,1997,74.53
South Korea,1998,75.04
South Korea,1999,75.62
South Korea,2000,76.24
South Korea,2001,76.92
South Korea,2002,77.23
South Korea,2003,77.5
South Korea,2004,77.96
South Korea,2005,78.45
South Korea,2006,79.03
South Korea,2007,79.43
South Korea,2008,80.0
South Korea,2009,80.55
South Korea,2010,80.72
South Korea,2011,81.17
South Korea,2012,81.31
South Korea,2013,81.84
South Korea,2014,82.36
South Korea,2015,82.54
South Korea,2016,82.92
South Korea,2017,83.28
South Korea,2018,83.34
South Korea,2019,83.68
South Korea,2020,83.68
South Korea,2021,83.85
South Korea,2022,82.73
South Korea,2023,84.33
South Sudan,1950,30.21
South Sudan,1951,30.63
South Sudan,1952,30.98
South Sudan,1953,31.36
South Sudan,1954,31.7
South Sudan,1955,32.02
South Sudan,1956,31.62
South Sudan,1957,30.89
South Sudan,1958,27.61
South Sudan,1959,27.83
South Sudan,1960,28.05
South Sudan,1961,28.28
South Sudan,1962,28.51
South Sudan,1963,28.25
South Sudan,1964,32.46
South Sudan,1965,28.78
South Sudan,1966,25.63
South Sudan,1967,25.86
South Sudan,1968,26.1
South Sudan,1969,25.4
South Sudan,1970,25.63
South Sudan,1971,30.99
South Sudan,1972,31.29
South Sudan,1973,36.28
South Sudan,1974,36.59
South Sudan,1975,36.87
South Sudan,1976,37.09
South Sudan,1977,37.4
South Sudan,1978,37.59
South Sudan,1979,37.81
South Sudan,1980,38.03
South Sudan,1981,38.31
South Sudan,1982,38.68
South Sudan,1983,34.73
South Sudan,1984,31.79
South Sudan,1985,32.36
South Sudan,1986,32.82
South Sudan,1987,20.72
South Sudan,1988,10.99
South Sudan,1989,28.22
South Sudan,1990,28.63
South Sudan,1991,29.19
South Sudan,1992,21.94
South Sudan,1993,22.26
South Sudan,1994,44.86
South Sudan,1995,31.51
South Sudan,1996,32.12
South Sudan,1997,33.07
South Sudan,1998,19.05
South Sudan,1999,44.54
South Sudan,2000,47.59
South Sudan,2001,48.55
South Sudan,2002,49.39
South Sudan,2003,52.32
South Sudan,2004,53.05
South Sudan,2005,53.96
South Sudan,2006,54.65
South Sudan,2007,55.42
South Sudan,2008,56.28
South Sudan,2009,56.85
South Sudan,2010,57.48
South Sudan,2011,57.67
South Sudan,2012,58.24
South Sudan,2013,58.29
South Sudan,2014,45.62
South Sudan,2015,39.76
South Sudan,2016,36.72
South Sudan,2017,35.35
South Sudan,2018,51.9
South Sudan,2019,58.13
South Sudan,2020,57.65
South Sudan,2021,57.05
South Sudan,2022,57.2
South Sudan,2023,57.62
Spain,1950,61.75
Spain,1951,61.48
Spain,1952,64.83
Spain,1953,65.73
Spain,1954,66.91
Spain,1955,66.68
Spain,1956,66.75
Spain,1957,66.57
Spain,1958,68.78
Spain,1959,68.69
Spain,1960,69.21
Spain,1961,69.57
Spain,1962,69.63
Spain,1963,69.77
Spain,1964,70.49
Spain,1965,70.9
Spain,1966,71.16
Spain,1967,71.35
Spain,1968,71.67
Spain,1969,71.14
Spain,1970,72.15
Spain,1971,71.74
Spain,1972,72.95
Spain,1973,72.73
Spain,1974,73.09
Spain,1975,73.49
Spain,1976,73.81
Spain,1977,74.31
Spain,1978,74.5
Spain,1979,74.99
Spain,1980,75.53
Spain,1981,75.71
Spain,1982,76.32
Spain,1983,76.1
Spain,1984,76.48
Spain,1985,76.41
Spain,1986,76.7
Spain,1987,76.96
Spain,1988,76.95
Spain,1989,77.0
Spain,1990,77.0
Spain,1991,77.13
Spain,1992,77.59
Spain,1993,77.73
Spain,1994,78.11
Spain,1995,78.2
Spain,1996,78.34
Spain,1997,78.85
Spain,1998,78.94
Spain,1999,78.94
Spain,2000,79.41
Spain,2001,79.74
Spain,2002,79.82
Spain,2003,79.75
Spain,2004,80.33
Spain,2005,80.32
Spain,2006,80.96
Spain,2007,80.97
Spain,2008,81.28
Spain,2009,81.63
Spain,2010,82.01
Spain,2011,82.18
Spain,2012,82.19
Spain,2013,82.69
Spain,2014,82.83
Spain,2015,82.61
Spain,2016,83.0
Spain,2017,82.99
Spain,2018,83.1
Spain,2019,83.48
Spain,2020,82.24
Spain,2021,82.95
Spain,2022,82.37
Spain,2023,83.67
Sri Lanka,1950,53.17
Sri Lanka,1951,53.98
Sri Lanka,1952,54.86
Sri Lanka,1953,55.65
Sri Lanka,1954,56.44
Sri Lanka,1955,57.18
Sri Lanka,1956,57.9
Sri Lanka,1957,58.54
Sri Lanka,1958,59.28
Sri Lanka,1959,59.97
Sri Lanka,1960,60.6
Sri Lanka,1961,61.16
Sri Lanka,1962,61.63
Sri Lanka,1963,62.03
Sri Lanka,1964,62.38
Sri Lanka,1965,62.79
Sri Lanka,1966,63.16
Sri Lanka,1967,63.56
Sri Lanka,1968,63.87
Sri Lanka,1969,64.14
Sri Lanka,1970,64.35
Sri Lanka,1971,64.24
Sri Lanka,1972,64.62
Sri Lanka,1973,64.79
Sri Lanka,1974,64.97
Sri Lanka,1975,65.36
Sri Lanka,1976,65.84
Sri Lanka,1977,66.39
Sri Lanka,1978,66.84
Sri Lanka,1979,67.51
Sri Lanka,1980,68.01
Sri Lanka,1981,68.38
Sri Lanka,1982,68.66
Sri Lanka,1983,68.73
Sri Lanka,1984,68.76
Sri Lanka,1985,68.88
Sri Lanka,1986,68.96
Sri Lanka,1987,69.01
Sri Lanka,1988,69.0
Sri Lanka,1989,67.28
Sri Lanka,1990,69.24
Sri Lanka,1991,69.13
Sri Lanka,1992,69.62
Sri Lanka,1993,70.05
Sri Lanka,1994,70.21
Sri Lanka,1995,69.75
Sri Lanka,1996,69.84
Sri Lanka,1997,69.93
Sri Lanka,1998,70.13
Sri Lanka,1999,70.43
Sri Lanka,2000,71.18
Sri Lanka,2001,71.8
Sri Lanka,2002,72.27
Sri Lanka,2003,72.44
Sri Lanka,2004,68.02
Sri Lanka,2005,73.07
Sri Lanka,2006,72.82
Sri Lanka,2007,72.98
Sri Lanka,2008,72.56
Sri Lanka,2009,70.3
Sri Lanka,2010,74.46
Sri Lanka,2011,74.74
Sri Lanka,2012,75.19
Sri Lanka,2013,75.55
Sri Lanka,2014,75.76
Sri Lanka,2015,75.99
Sri Lanka,2016,76.14
Sri Lanka,2017,76.24
Sri Lanka,2018,76.49
Sri Lanka,2019,76.7
Sri Lanka,2020,76.93
Sri Lanka,2021,76.28
Sri Lanka,2022,77.3
Sri Lanka,2023,77.48
Sudan,1950,45.81
Sudan,1951,46.23
Sudan,1952,46.48
Sudan,1953,46.91
Sudan,1954,47.32
Sudan,1955,47.72
Sudan,1956,48.09
Sudan,1957,48.48
Sudan,1958,48.86
Sudan,1959,49.19
Sudan,1960,49.57
Sudan,1961,49.96
Sudan,1962,50.42
Sudan,1963,50.82
Sudan,1964,50.88
Sudan,1965,51.03
Sudan,1966,51.25
Sudan,1967,51.49
Sudan,1968,51.76
Sudan,1969,52.04
Sudan,1970,52.29
Sudan,1971,52.54
Sudan,1972,52.8
Sudan,1973,52.99
Sudan,1974,53.16
Sudan,1975,53.31
Sudan,1976,53.34
Sudan,1977,53.52
Sudan,1978,53.29
Sudan,1979,53.37
Sudan,1980,54.07
Sudan,1981,54.37
Sudan,1982,54.38
Sudan,1983,49.56
Sudan,1984,49.81
Sudan,1985,50.01
Sudan,1986,54.56
Sudan,1987,54.75
Sudan,1988,54.98
Sudan,1989,54.88
Sudan,1990,55.5
Sudan,1991,55.55
Sudan,1992,55.95
Sudan,1993,56.1
Sudan,1994,57.02
Sudan,1995,57.45
Sudan,1996,57.64
Sudan,1997,58.06
Sudan,1998,58.31
Sudan,1999,58.61
Sudan,2000,58.95
Sudan,2001,59.26
Sudan,2002,59.31
Sudan,2003,58.32
Sudan,2004,56.77
Sudan,2005,57.23
Sudan,2006,60.4
Sudan,2007,61.44
Sudan,2008,61.26
Sudan,2009,62.68
Sudan,2010,62.98
Sudan,2011,63.18
Sudan,2012,63.43
Sudan,2013,63.44
Sudan,2014,63.99
Sudan,2015,64.37
Sudan,2016,64.68
Sudan,2017,65.15
Sudan,2018,65.5
Sudan,2019,65.8
Sudan,2020,65.12
Sudan,2021,64.46
Sudan,2022,65.69
Sudan,2023,66.33
Suriname,1950,50.7
Suriname,1951,51.07
Suriname,1952,51.4
Suriname,1953,52.1
Suriname,1954,52.79
Suriname,1955,53.45
Suriname,1956,54.1
Suriname,1957,54.74
Suriname,1958,55.36
Suriname,1959,55.94
Suriname,1960,56.6
Suriname,1961,57.29
Suriname,1962,58.02
Suriname,1963,58.5
Suriname,1964,58.91
Suriname,1965,59.14
Suriname,1966,59.23
Suriname,1967,59.17
Suriname,1968,59.29
Suriname,1969,59.39
Suriname,1970,59.49
Suriname,1971,59.59
Suriname,1972,59.69
Suriname,1973,59.79
Suriname,1974,59.91
Suriname,1975,60.03
Suriname,1976,60.15
Suriname,1977,60.28
Suriname,1978,60.4
Suriname,1979,60.53
Suriname,1980,60.65
Suriname,1981,60.8
Suriname,1982,60.93
Suriname,1983,61.07
Suriname,1984,61.21
Suriname,1985,61.36
Suriname,1986,61.16
Suriname,1987,61.31
Suriname,1988,61.48
Suriname,1989,61.98
Suriname,1990,62.09
Suriname,1991,62.15
Suriname,1992,62.25
Suriname,1993,62.38
Suriname,1994,62.54
Suriname,1995,62.78
Suriname,1996,63.08
Suriname,1997,63.39
Suriname,1998,63.71
Suriname,1999,64.04
Suriname,2000,64.41
Suriname,2001,64.82
Suriname,2002,65.27
Suriname,2003,65.78
Suriname,2004,66.36
Suriname,2005,67.0
Suriname,2006,67.64
Suriname,2007,68.31
Suriname,2008,68.87
Suriname,2009,69.32
Suriname,2010,69.63
Suriname,2011,69.82
Suriname,2012,69.96
Suriname,2013,70.11
Suriname,2014,70.33
Suriname,2015,70.57
Suriname,2016,70.98
Suriname,2017,71.25
Suriname,2018,71.47
Suriname,2019,71.77
Suriname,2020,72.32
Suriname,2021,68.94
Suriname,2022,73.25
Suriname,2023,73.63
Sweden,1950,71.14
Sweden,1951,71.36
Sweden,1952,71.85
Sweden,1953,71.9
Sweden,1954,72.35
Sweden,1955,72.59
Sweden,1956,72.66
Sweden,1957,72.49
Sweden,1958,73.15
Sweden,1959,73.37
Sweden,1960,73.04
Sweden,1961,73.49
Sweden,1962,73.35
Sweden,1963,73.53
Sweden,1964,73.71
Sweden,1965,73.87
Sweden,1966,74.1
Sweden,1967,74.15
Sweden,1968,74.0
Sweden,1969,74.11
Sweden,1970,74.66
Sweden,1971,74.6
Sweden,1972,74.7
Sweden,1973,74.87
Sweden,1974,74.97
Sweden,1975,74.98
Sweden,1976,74.97
Sweden,1977,75.39
Sweden,1978,75.48
Sweden,1979,75.52
Sweden,1980,75.74
Sweden,1981,76.04
Sweden,1982,76.35
Sweden,1983,76.58
Sweden,1984,76.84
Sweden,1985,76.69
Sweden,1986,76.95
Sweden,1987,77.11
Sweden,1988,77.0
Sweden,1989,77.65
Sweden,1990,77.59
Sweden,1991,77.73
Sweden,1992,78.07
Sweden,1993,78.14
Sweden,1994,78.75
Sweden,1995,78.82
Sweden,1996,79.04
Sweden,1997,79.27
Sweden,1998,79.42
Sweden,1999,79.51
Sweden,2000,79.74
Sweden,2001,79.84
Sweden,2002,79.93
Sweden,2003,80.2
Sweden,2004,80.55
Sweden,2005,80.62
Sweden,2006,80.83
Sweden,2007,80.97
Sweden,2008,81.14
Sweden,2009,81.36
Sweden,2010,81.52
Sweden,2011,81.76
Sweden,2012,81.73
Sweden,2013,81.94
Sweden,2014,82.22
Sweden,2015,82.18
Sweden,2016,82.34
Sweden,2017,82.44
Sweden,2018,82.53
Sweden,2019,83.05
Sweden,2020,82.43
Sweden,2021,83.02
Sweden,2022,83.05
Sweden,2023,83.26
Switzerland,1950,68.91
Switzerland,1951,68.69
Switzerland,1952,69.59
Switzerland,1953,69.52
Switzerland,1954,69.98
Switzerland,1955,70.07
Switzerland,1956,70.2
Switzerland,1957,70.54
Switzerland,1958,71.29
Switzerland,1959,71.45
Switzerland,1960,71.41
Switzerland,1961,71.74
Switzerland,1962,71.3
Switzerland,1963,71.29
Switzerland,1964,72.18
Switzerland,1965,72.32
Switzerland,1966,72.45
Switzerland,1967,72.74
Switzerland,1968,72.71
Switzerland,1969,72.72
Switzerland,1970,73.12
Switzerland,1971,73.24
Switzerland,1972,73.76
Switzerland,1973,74.06
Switzerland,1974,74.4
Switzerland,1975,74.79
Switzerland,1976,74.91
Switzerland,1977,75.37
Switzerland,1978,75.31
Switzerland,1979,75.61
Switzerland,1980,75.59
Switzerland,1981,75.82
Switzerland,1982,76.16
Switzerland,1983,76.16
Switzerland,1984,76.76
Switzerland,1985,76.88
Switzerland,1986,77.04
Switzerland,1987,77.33
Switzerland,1988,77.36
Switzerland,1989,77.56
Switzerland,1990,77.39
Switzerland,1991,77.65
Switzerland,1992,77.94
Switzerland,1993,78.23
Switzerland,1994,78.49
Switzerland,1995,78.56
Switzerland,1996,79.05
Switzerland,1997,79.23
Switzerland,1998,79.48
Switzerland,1999,79.72
Switzerland,2000,79.83
Switzerland,2001,80.25
Switzerland,2002,80.44
Switzerland,2003,80.53
Switzerland,2004,81.05
Switzerland,2005,81.24
Switzerland,2006,81.55
Switzerland,2007,81.7
Switzerland,2008,81.97
Switzerland,2009,81.99
Switzerland,2010,82.29
Switzerland,2011,82.57
Switzerland,2012,82.62
Switzerland,2013,82.69
Switzerland,2014,83.08
Switzerland,2015,82.85
Switzerland,2016,83.45
Switzerland,2017,83.41
Switzerland,2018,83.56
Switzerland,2019,83.78
Switzerland,2020,83.06
Switzerland,2021,83.65
Switzerland,2022,83.2
Switzerland,2023,83.95
Syria,1950,42.46
Syria,1951,43.45
Syria,1952,44.34
Syria,1953,45.33
Syria,1954,46.35
Syria,1955,47.4
Syria,1956,48.49
Syria,1957,49.58
Syria,1958,50.67
Syria,1959,51.72
Syria,1960,52.72
Syria,1961,53.65
Syria,1962,54.57
Syria,1963,55.39
Syria,1964,56.17
Syria,1965,56.9
Syria,1966,57.55
Syria,1967,58.04
Syria,1968,59.12
Syria,1969,59.84
Syria,1970,60.61
Syria,1971,61.33
Syria,1972,61.97
Syria,1973,60.83
Syria,1974,63.44
Syria,1975,64.19
Syria,1976,64.84
Syria,1977,65.4
Syria,1978,65.93
Syria,1979,66.24
Syria,1980,66.54
Syria,1981,64.6
Syria,1982,60.84
Syria,1983,67.35
Syria,1984,67.72
Syria,1985,68.05
Syria,1986,68.42
Syria,1987,68.8
Syria,1988,69.17
Syria,1989,69.49
Syria,1990,69.83
Syria,1991,70.08
Syria,1992,70.24
Syria,1993,70.31
Syria,1994,70.3
Syria,1995,70.21
Syria,1996,70.16
Syria,1997,70.16
Syria,1998,70.24
Syria,1999,70.51
Syria,2000,70.86
Syria,2001,71.3
Syria,2002,71.74
Syria,2003,72.19
Syria,2004,72.49
Syria,2005,72.8
Syria,2006,73.04
Syria,2007,73.26
Syria,2008,73.37
Syria,2009,73.5
Syria,2010,73.54
Syria,2011,72.26
Syria,2012,66.21
Syria,2013,65.15
Syria,2014,65.49
Syria,2015,63.27
Syria,2016,65.19
Syria,2017,65.65
Syria,2018,67.37
Syria,2019,70.97
Syria,2020,71.94
Syria,2021,72.42
Syria,2022,72.79
Syria,2023,72.12
Taiwan,1950,56.59
Taiwan,1951,57.19
Taiwan,1952,57.91
Taiwan,1953,58.56
Taiwan,1954,58.93
Taiwan,1955,59.8
Taiwan,1956,60.31
Taiwan,1957,60.95
Taiwan,1958,61.04
Taiwan,1959,61.61
Taiwan,1960,62.54
Taiwan,1961,62.98
Taiwan,1962,63.79
Taiwan,1963,64.47
Taiwan,1964,64.88
Taiwan,1965,65.73
Taiwan,1966,66.09
Taiwan,1967,66.67
Taiwan,1968,66.8
Taiwan,1969,67.72
Taiwan,1970,69.04
Taiwan,1971,69.36
Taiwan,1972,69.63
Taiwan,1973,69.8
Taiwan,1974,70.31
Taiwan,1975,70.88
Taiwan,1976,71.16
Taiwan,1977,71.26
Taiwan,1978,71.73
Taiwan,1979,71.71
Taiwan,1980,71.96
Taiwan,1981,72.02
Taiwan,1982,72.4
Taiwan,1983,72.4
Taiwan,1984,72.99
Taiwan,1985,73.3
Taiwan,1986,73.32
Taiwan,1987,73.61
Taiwan,1988,73.4
Taiwan,1989,73.67
Taiwan,1990,73.94
Taiwan,1991,74.29
Taiwan,1992,74.3
Taiwan,1993,74.56
Taiwan,1994,74.7
Taiwan,1995,74.62
Taiwan,1996,74.92
Taiwan,1997,75.32
Taiwan,1998,75.48
Taiwan,1999,75.62
Taiwan,2000,76.14
Taiwan,2001,76.48
Taiwan,2002,76.87
Taiwan,2003,77.04
Taiwan,2004,77.17
Taiwan,2005,77.13
Taiwan,2006,77.84
Taiwan,2007,78.05
Taiwan,2008,78.3
Taiwan,2009,78.7
Taiwan,2010,79.04
Taiwan,2011,78.88
Taiwan,2012,79.18
Taiwan,2013,79.6
Taiwan,2014,79.47
Taiwan,2015,79.88
Taiwan,2016,79.7
Taiwan,2017,80.06
Taiwan,2018,80.43
Taiwan,2019,80.6
Taiwan,2020,81.11
Taiwan,2021,80.78
Taiwan,2022,80.16
Taiwan,2023,80.56
Tajikistan,1950,49.35
Tajikistan,1951,49.64
Tajikistan,1952,49.93
Tajikistan,1953,50.2
Tajikistan,1954,50.51
Tajikistan,1955,50.82
Tajikistan,1956,51.12
Tajikistan,1957,51.44
Tajikistan,1958,51.79
Tajikistan,1959,52.17
Tajikistan,1960,52.53
Tajikistan,1961,52.94
Tajikistan,1962,53.37
Tajikistan,1963,53.79
Tajikistan,1964,54.22
Tajikistan,1965,54.65
Tajikistan,1966,55.08
Tajikistan,1967,55.5
Tajikistan,1968,55.89
Tajikistan,1969,56.26
Tajikistan,1970,56.59
Tajikistan,1971,56.88
Tajikistan,1972,57.16
Tajikistan,1973,57.42
Tajikistan,1974,57.65
Tajikistan,1975,57.88
Tajikistan,1976,58.08
Tajikistan,1977,58.24
Tajikistan,1978,58.4
Tajikistan,1979,58.52
Tajikistan,1980,58.63
Tajikistan,1981,58.76
Tajikistan,1982,60.16
Tajikistan,1983,60.46
Tajikistan,1984,60.69
Tajikistan,1985,60.97
Tajikistan,1986,61.83
Tajikistan,1987,61.58
Tajikistan,1988,61.84
Tajikistan,1989,61.74
Tajikistan,1990,61.64
Tajikistan,1991,61.68
Tajikistan,1992,57.08
Tajikistan,1993,55.51
Tajikistan,1994,60.09
Tajikistan,1995,61.39
Tajikistan,1996,60.81
Tajikistan,1997,61.93
Tajikistan,1998,62.4
Tajikistan,1999,63.11
Tajikistan,2000,63.54
Tajikistan,2001,64.2
Tajikistan,2002,64.9
Tajikistan,2003,65.87
Tajikistan,2004,66.6
Tajikistan,2005,66.53
Tajikistan,2006,67.0
Tajikistan,2007,67.4
Tajikistan,2008,67.92
Tajikistan,2009,68.25
Tajikistan,2010,68.37
Tajikistan,2011,68.7
Tajikistan,2012,69.13
Tajikistan,2013,69.58
Tajikistan,2014,69.7
Tajikistan,2015,69.66
Tajikistan,2016,69.98
Tajikistan,2017,70.52
Tajikistan,2018,70.74
Tajikistan,2019,70.96
Tajikistan,2020,68.61
Tajikistan,2021,69.59
Tajikistan,2022,71.56
Tajikistan,2023,71.79
Tanzania,1950,41.03
Tanzania,1951,41.18
Tanzania,1952,41.36
Tanzania,1953,41.51
Tanzania,1954,41.66
Tanzania,1955,41.83
Tanzania,1956,41.99
Tanzania,1957,42.14
Tanzania,1958,42.31
Tanzania,1959,42.45
Tanzania,1960,42.6
Tanzania,1961,42.84
Tanzania,1962,43.21
Tanzania,1963,43.62
Tanzania,1964,44.08
Tanzania,1965,44.54
Tanzania,1966,44.94
Tanzania,1967,45.16
Tanzania,1968,45.63
Tanzania,1969,46.04
Tanzania,1970,46.49
Tanzania,1971,46.97
Tanzania,1972,47.44
Tanzania,1973,47.91
Tanzania,1974,48.42
Tanzania,1975,48.92
Tanzania,1976,49.46
Tanzania,1977,49.97
Tanzania,1978,50.35
Tanzania,1979,50.79
Tanzania,1980,51.27
Tanzania,1981,51.7
Tanzania,1982,51.99
Tanzania,1983,52.18
Tanzania,1984,52.15
Tanzania,1985,52.18
Tanzania,1986,52.21
Tanzania,1987,52.18
Tanzania,1988,52.22
Tanzania,1989,52.09
Tanzania,1990,51.98
Tanzania,1991,51.84
Tanzania,1992,51.43
Tanzania,1993,51.22
Tanzania,1994,51.08
Tanzania,1995,51.0
Tanzania,1996,51.13
Tanzania,1997,51.25
Tanzania,1998,51.81
Tanzania,1999,52.4
Tanzania,2000,53.24
Tanzania,2001,54.12
Tanzania,2002,54.94
Tanzania,2003,55.93
Tanzania,2004,56.84
Tanzania,2005,57.68
Tanzania,2006,58.51
Tanzania,2007,59.26
Tanzania,2008,59.9
Tanzania,2009,60.49
Tanzania,2010,61.13
Tanzania,2011,61.62
Tanzania,2012,62.29
Tanzania,2013,62.79
Tanzania,2014,63.36
Tanzania,2015,63.93
Tanzania,2016,64.4
Tanzania,2017,64.96
Tanzania,2018,65.49
Tanzania,2019,66.01
Tanzania,2020,66.77
Tanzania,2021,66.13
Tanzania,2022,66.88
Tanzania,2023,67.0
Thailand,1950,45.19
Thailand,1951,45.92
Thailand,1952,46.5
Thailand,1953,47.07
Thailand,1954,47.62
Thailand,1955,48.13
Thailand,1956,48.64
Thailand,1957,49.13
Thailand,1958,49.55
Thailand,1959,50.13
Thailand,1960,50.61
Thailand,1961,51.06
Thailand,1962,51.44
Thailand,1963,51.99
Thailand,1964,52.54
Thailand,1965,53.13
Thailand,1966,53.73
Thailand,1967,54.32
Thailand,1968,54.98
Thailand,1969,55.7
Thailand,1970,56.47
Thailand,1971,57.1
Thailand,1972,57.75
Thailand,1973,58.32
Thailand,1974,59.03
Thailand,1975,59.71
Thailand,1976,60.37
Thailand,1977,60.91
Thailand,1978,61.27
Thailand,1979,61.7
Thailand,1980,62.19
Thailand,1981,62.86
Thailand,1982,63.6
Thailand,1983,64.5
Thailand,1984,65.55
Thailand,1985,66.54
Thailand,1986,67.31
Thailand,1987,67.83
Thailand,1988,68.19
Thailand,1989,68.56
Thailand,1990,68.92
Thailand,1991,69.13
Thailand,1992,69.35
Thailand,1993,69.57
Thailand,1994,69.66
Thailand,1995,69.76
Thailand,1996,69.94
Thailand,1997,70.36
Thailand,1998,70.7
Thailand,1999,70.98
Thailand,2000,71.21
Thailand,2001,71.52
Thailand,2002,71.77
Thailand,2003,72.1
Thailand,2004,72.1
Thailand,2005,72.89
Thailand,2006,73.34
Thailand,2007,73.78
Thailand,2008,74.22
Thailand,2009,74.67
Thailand,2010,75.01
Thailand,2011,75.3
Thailand,2012,75.59
Thailand,2013,75.96
Thailand,2014,76.28
Thailand,2015,76.56
Thailand,2016,76.77
Thailand,2017,76.99
Thailand,2018,77.19
Thailand,2019,77.2
Thailand,2020,77.33
Thailand,2021,77.61
Thailand,2022,75.29
Thailand,2023,76.41
Togo,1950,41.93
Togo,1951,42.07
Togo,1952,42.2
Togo,1953,42.32
Togo,1954,42.49
Togo,1955,42.66
Togo,1956,42.76
Togo,1957,42.94
Togo,1958,43.13
Togo,1959,43.32
Togo,1960,43.54
Togo,1961,43.75
Togo,1962,44.0
Togo,1963,44.27
Togo,1964,44.6
Togo,1965,44.92
Togo,1966,45.23
Togo,1967,45.62
Togo,1968,46.02
Togo,1969,46.35
Togo,1970,46.78
Togo,1971,47.23
Togo,1972,47.69
Togo,1973,48.14
Togo,1974,48.59
Togo,1975,49.05
Togo,1976,49.51
Togo,1977,50.16
Togo,1978,50.9
Togo,1979,51.52
Togo,1980,52.15
Togo,1981,52.78
Togo,1982,53.27
Togo,1983,53.77
Togo,1984,54.09
Togo,1985,54.36
Togo,1986,54.61
Togo,1987,54.82
Togo,1988,54.9
Togo,1989,54.73
Togo,1990,54.56
Togo,1991,54.26
Togo,1992,54.08
Togo,1993,53.85
Togo,1994,53.71
Togo,1995,53.69
Togo,1996,53.82
Togo,1997,53.85
Togo,1998,53.96
Togo,1999,54.31
Togo,2000,54.58
Togo,2001,54.75
Togo,2002,55.03
Togo,2003,55.3
Togo,2004,55.59
Togo,2005,55.92
Togo,2006,56.14
Togo,2007,56.38
Togo,2008,56.65
Togo,2009,56.93
Togo,2010,57.23
Togo,2011,57.61
Togo,2012,57.94
Togo,2013,58.34
Togo,2014,58.77
Togo,2015,59.22
Togo,2016,59.67
Togo,2017,60.14
Togo,2018,60.6
Togo,2019,61.06
Togo,2020,61.12
Togo,2021,61.33
Togo,2022,62.29
Togo,2023,62.74
Tokelau,1950,54.69
Tokelau,1951,55.06
Tokelau,1952,55.48
Tokelau,1953,55.8
Tokelau,1954,56.21
Tokelau,1955,56.59
Tokelau,1956,56.98
Tokelau,1957,57.38
Tokelau,1958,57.81
Tokelau,1959,58.2
Tokelau,1960,58.6
Tokelau,1961,59.0
Tokelau,1962,59.37
Tokelau,1963,59.76
Tokelau,1964,60.15
Tokelau,1965,60.49
Tokelau,1966,60.89
Tokelau,1967,61.27
Tokelau,1968,61.6
Tokelau,1969,61.96
Tokelau,1970,62.3
Tokelau,1971,62.61
Tokelau,1972,62.82
Tokelau,1973,63.04
Tokelau,1974,63.26
Tokelau,1975,63.47
Tokelau,1976,63.72
Tokelau,1977,64.01
Tokelau,1978,64.36
Tokelau,1979,64.74
Tokelau,1980,65.16
Tokelau,1981,65.62
Tokelau,1982,66.07
Tokelau,1983,66.51
Tokelau,1984,66.91
Tokelau,1985,67.34
Tokelau,1986,67.73
Tokelau,1987,68.14
Tokelau,1988,68.53
Tokelau,1989,68.95
Tokelau,1990,69.38
Tokelau,1991,69.8
Tokelau,1992,70.21
Tokelau,1993,70.59
Tokelau,1994,70.92
Tokelau,1995,71.21
Tokelau,1996,71.47
Tokelau,1997,71.65
Tokelau,1998,71.81
Tokelau,1999,72.0
Tokelau,2000,72.2
Tokelau,2001,72.43
Tokelau,2002,72.65
Tokelau,2003,72.89
Tokelau,2004,73.12
Tokelau,2005,73.34
Tokelau,2006,73.56
Tokelau,2007,73.78
Tokelau,2008,74.02
Tokelau,2009,74.27
Tokelau,2010,74.51
Tokelau,2011,74.76
Tokelau,2012,75.01
Tokelau,2013,75.27
Tokelau,2014,75.47
Tokelau,2015,75.71
Tokelau,2016,75.93
Tokelau,2017,76.06
Tokelau,2018,76.24
Tokelau,2019,76.45
Tokelau,2020,76.62
Tokelau,2021,76.72
Tokelau,2022,76.89
Tokelau,2023,77.05
Tonga,1950,48.38
Tonga,1951,49.79
Tonga,1952,51.16
Tonga,1953,52.45
Tonga,1954,53.56
Tonga,1955,54.66
Tonga,1956,55.66
Tonga,1957,56.51
Tonga,1958,57.21
Tonga,1959,57.77
Tonga,1960,58.31
Tonga,1961,58.76
Tonga,1962,59.3
Tonga,1963,59.77
Tonga,1964,60.25
Tonga,1965,60.72
Tonga,1966,61.21
Tonga,1967,61.69
Tonga,1968,62.16
Tonga,1969,62.7
Tonga,1970,63.18
Tonga,1971,63.61
Tonga,1972,64.06
Tonga,1973,64.39
Tonga,1974,64.82
Tonga,1975,65.12
Tonga,1976,65.42
Tonga,1977,65.62
Tonga,1978,65.85
Tonga,1979,66.04
Tonga,1980,66.19
Tonga,1981,66.36
Tonga,1982,66.33
Tonga,1983,66.65
Tonga,1984,66.81
Tonga,1985,66.93
Tonga,1986,67.06
Tonga,1987,67.19
Tonga,1988,67.32
Tonga,1989,67.45
Tonga,1990,67.54
Tonga,1991,67.75
Tonga,1992,67.93
Tonga,1993,68.16
Tonga,1994,68.37
Tonga,1995,68.59
Tonga,1996,68.8
Tonga,1997,69.01
Tonga,1998,69.22
Tonga,1999,69.43
Tonga,2000,69.63
Tonga,2001,69.8
Tonga,2002,70.03
Tonga,2003,70.23
Tonga,2004,70.43
Tonga,2005,70.56
Tonga,2006,70.71
Tonga,2007,70.89
Tonga,2008,71.04
Tonga,2009,70.95
Tonga,2010,71.32
Tonga,2011,71.44
Tonga,2012,71.55
Tonga,2013,71.65
Tonga,2014,71.72
Tonga,2015,71.85
Tonga,2016,71.95
Tonga,2017,72.07
Tonga,2018,72.17
Tonga,2019,72.29
Tonga,2020,72.38
Tonga,2021,72.13
Tonga,2022,72.64
Tonga,2023,72.89
Trinidad and Tobago,1950,56.98
Trinidad and Tobago,1951,57.33
Trinidad and Tobago,1952,57.68
Trinidad and Tobago,1953,58.25
Trinidad and Tobago,1954,59.08
Trinidad and Tobago,1955,59.72
Trinidad and Tobago,1956,60.34
Trinidad and Tobago,1957,60.75
Trinidad and Tobago,1958,61.42
Trinidad and Tobago,1959,61.89
Trinidad and Tobago,1960,62.5
Trinidad and Tobago,1961,62.97
Trinidad and Tobago,1962,63.43
Trinidad and Tobago,1963,63.63
Trinidad and Tobago,1964,63.98
Trinidad and Tobago,1965,64.2
Trinidad and Tobago,1966,64.32
Trinidad and Tobago,1967,64.47
Trinidad and Tobago,1968,64.63
Trinidad and Tobago,1969,64.75
Trinidad and Tobago,1970,64.87
Trinidad and Tobago,1971,64.93
Trinidad and Tobago,1972,65.18
Trinidad and Tobago,1973,65.41
Trinidad and Tobago,1974,65.51
Trinidad and Tobago,1975,65.65
Trinidad and Tobago,1976,66.03
Trinidad and Tobago,1977,66.17
Trinidad and Tobago,1978,66.2
Trinidad and Tobago,1979,66.42
Trinidad and Tobago,1980,66.51
Trinidad and Tobago,1981,66.46
Trinidad and Tobago,1982,66.38
Trinidad and Tobago,1983,66.44
Trinidad and Tobago,1984,66.56
Trinidad and Tobago,1985,66.75
Trinidad and Tobago,1986,66.9
Trinidad and Tobago,1987,67.13
Trinidad and Tobago,1988,67.38
Trinidad and Tobago,1989,67.52
Trinidad and Tobago,1990,67.59
Trinidad and Tobago,1991,67.78
Trinidad and Tobago,1992,67.78
Trinidad and Tobago,1993,67.82
Trinidad and Tobago,1994,67.84
Trinidad and Tobago,1995,68.0
Trinidad and Tobago,1996,68.04
Trinidad and Tobago,1997,68.14
Trinidad and Tobago,1998,68.33
Trinidad and Tobago,1999,68.51
Trinidad and Tobago,2000,68.63
Trinidad and Tobago,2001,68.87
Trinidad and Tobago,2002,69.23
Trinidad and Tobago,2003,69.45
Trinidad and Tobago,2004,69.88
Trinidad and Tobago,2005,70.18
Trinidad and Tobago,2006,70.44
Trinidad and Tobago,2007,70.8
Trinidad and Tobago,2008,71.12
Trinidad and Tobago,2009,71.4
Trinidad and Tobago,2010,71.81
Trinidad and Tobago,2011,72.23
Trinidad and Tobago,2012,72.51
Trinidad and Tobago,2013,72.79
Trinidad and Tobago,2014,72.9
Trinidad and Tobago,2015,72.88
Trinidad and Tobago,2016,72.93
Trinidad and Tobago,2017,72.98
Trinidad and Tobago,2018,72.66
Trinidad and Tobago,2019,72.84
Trinidad and Tobago,2020,72.64
Trinidad and Tobago,2021,71.11
Trinidad and Tobago,2022,73.33
Trinidad and Tobago,2023,73.49
Tunisia,1950,38.22
Tunisia,1951,38.72
Tunisia,1952,39.31
Tunisia,1953,39.75
Tunisia,1954,40.0
Tunisia,1955,40.76
Tunisia,1956,41.35
Tunisia,1957,42.08
Tunisia,1958,42.7
Tunisia,1959,43.36
Tunisia,1960,44.05
Tunisia,1961,44.26
Tunisia,1962,45.56
Tunisia,1963,46.41
Tunisia,1964,47.27
Tunisia,1965,48.2
Tunisia,1966,49.16
Tunisia,1967,50.16
Tunisia,1968,51.34
Tunisia,1969,52.3
Tunisia,1970,53.79
Tunisia,1971,54.91
Tunisia,1972,56.09
Tunisia,1973,57.12
Tunisia,1974,58.25
Tunisia,1975,59.31
Tunisia,1976,60.31
Tunisia,1977,61.26
Tunisia,1978,62.15
Tunisia,1979,62.93
Tunisia,1980,63.67
Tunisia,1981,64.37
Tunisia,1982,65.01
Tunisia,1983,65.7
Tunisia,1984,66.29
Tunisia,1985,66.88
Tunisia,1986,67.43
Tunisia,1987,68.01
Tunisia,1988,68.46
Tunisia,1989,68.83
Tunisia,1990,69.09
Tunisia,1991,69.4
Tunisia,1992,69.68
Tunisia,1993,69.99
Tunisia,1994,70.36
Tunisia,1995,70.79
Tunisia,1996,71.25
Tunisia,1997,71.67
Tunisia,1998,72.07
Tunisia,1999,72.34
Tunisia,2000,72.6
Tunisia,2001,72.82
Tunisia,2002,73.07
Tunisia,2003,73.3
Tunisia,2004,73.52
Tunisia,2005,73.71
Tunisia,2006,73.89
Tunisia,2007,74.04
Tunisia,2008,74.19
Tunisia,2009,74.32
Tunisia,2010,74.44
Tunisia,2011,74.47
Tunisia,2012,74.6
Tunisia,2013,74.67
Tunisia,2014,74.78
Tunisia,2015,74.87
Tunisia,2016,75.01
Tunisia,2017,75.18
Tunisia,2018,75.37
Tunisia,2019,75.6
Tunisia,2020,75.0
Tunisia,2021,72.89
Tunisia,2022,76.05
Tunisia,2023,76.51
Turkey,1950,47.29
Turkey,1951,47.6
Turkey,1952,48.12
Turkey,1953,48.2
Turkey,1954,48.8
Turkey,1955,49.06
Turkey,1956,49.47
Turkey,1957,49.22
Turkey,1958,49.23
Turkey,1959,50.14
Turkey,1960,50.8
Turkey,1961,51.56
Turkey,1962,52.35
Turkey,1963,53.12
Turkey,1964,53.6
Turkey,1965,54.1
Turkey,1966,54.57
Turkey,1967,55.18
Turkey,1968,55.64
Turkey,1969,56.18
Turkey,1970,56.7
Turkey,1971,57.22
Turkey,1972,57.97
Turkey,1973,58.45
Turkey,1974,59.02
Turkey,1975,59.51
Turkey,1976,60.01
Turkey,1977,60.85
Turkey,1978,61.61
Turkey,1979,62.16
Turkey,1980,62.74
Turkey,1981,63.19
Turkey,1982,63.74
Turkey,1983,64.27
Turkey,1984,64.81
Turkey,1985,65.34
Turkey,1986,65.87
Turkey,1987,66.38
Turkey,1988,66.9
Turkey,1989,67.36
Turkey,1990,67.83
Turkey,1991,68.29
Turkey,1992,68.6
Turkey,1993,69.02
Turkey,1994,69.4
Turkey,1995,69.73
Turkey,1996,70.25
Turkey,1997,70.67
Turkey,1998,71.14
Turkey,1999,70.75
Turkey,2000,71.93
Turkey,2001,72.27
Turkey,2002,72.6
Turkey,2003,72.91
Turkey,2004,73.22
Turkey,2005,73.51
Turkey,2006,73.8
Turkey,2007,74.13
Turkey,2008,74.38
Turkey,2009,74.68
Turkey,2010,74.96
Turkey,2011,74.82
Turkey,2012,75.55
Turkey,2013,76.17
Turkey,2014,76.45
Turkey,2015,76.54
Turkey,2016,76.59
Turkey,2017,77.04
Turkey,2018,77.45
Turkey,2019,77.74
Turkey,2020,76.53
Turkey,2021,75.72
Turkey,2022,77.59
Turkey,2023,77.16
Turkmenistan,1950,48.1
Turkmenistan,1951,48.56
Turkmenistan,1952,48.97
Turkmenistan,1953,49.36
Turkmenistan,1954,49.76
Turkmenistan,1955,50.16
Turkmenistan,1956,50.57
Turkmenistan,1957,50.97
Turkmenistan,1958,51.38
Turkmenistan,1959,51.77
Turkmenistan,1960,52.15
Turkmenistan,1961,52.51
Turkmenistan,1962,52.87
Turkmenistan,1963,53.23
Turkmenistan,1964,53.59
Turkmenistan,1965,53.99
Turkmenistan,1966,54.4
Turkmenistan,1967,54.84
Turkmenistan,1968,55.27
Turkmenistan,1969,55.69
Turkmenistan,1970,56.05
Turkmenistan,1971,56.35
Turkmenistan,1972,56.6
Turkmenistan,1973,56.84
Turkmenistan,1974,57.04
Turkmenistan,1975,57.24
Turkmenistan,1976,57.45
Turkmenistan,1977,57.69
Turkmenistan,1978,58.28
Turkmenistan,1979,59.12
Turkmenistan,1980,60.18
Turkmenistan,1981,60.98
Turkmenistan,1982,61.58
Turkmenistan,1983,61.99
Turkmenistan,1984,62.36
Turkmenistan,1985,62.8
Turkmenistan,1986,63.21
Turkmenistan,1987,63.53
Turkmenistan,1988,63.7
Turkmenistan,1989,63.78
Turkmenistan,1990,63.87
Turkmenistan,1991,63.84
Turkmenistan,1992,63.75
Turkmenistan,1993,63.59
Turkmenistan,1994,63.51
Turkmenistan,1995,63.51
Turkmenistan,1996,63.54
Turkmenistan,1997,63.67
Turkmenistan,1998,63.97
Turkmenistan,1999,64.47
Turkmenistan,2000,64.93
Turkmenistan,2001,65.32
Turkmenistan,2002,65.59
Turkmenistan,2003,65.85
Turkmenistan,2004,66.05
Turkmenistan,2005,66.27
Turkmenistan,2006,66.57
Turkmenistan,2007,67.02
Turkmenistan,2008,67.58
Turkmenistan,2009,68.16
Turkmenistan,2010,68.61
Turkmenistan,2011,68.87
Turkmenistan,2012,68.96
Turkmenistan,2013,68.97
Turkmenistan,2014,69.0
Turkmenistan,2015,69.06
Turkmenistan,2016,69.14
Turkmenistan,2017,69.19
Turkmenistan,2018,69.27
Turkmenistan,2019,69.4
Turkmenistan,2020,68.85
Turkmenistan,2021,69.35
Turkmenistan,2022,69.91
Turkmenistan,2023,70.07
Turks and Caicos Islands,1950,48.57
Turks and Caicos Islands,1951,49.44
Turks and Caicos Islands,1952,50.3
Turks and Caicos Islands,1953,51.13
Turks and Caicos Islands,1954,51.9
Turks and Caicos Islands,1955,52.67
Turks and Caicos Islands,1956,53.33
Turks and Caicos Islands,1957,54.06
Turks and Caicos Islands,1958,54.8
Turks and Caicos Islands,1959,55.56
Turks and Caicos Islands,1960,56.29
Turks and Caicos Islands,1961,57.09
Turks and Caicos Islands,1962,57.74
Turks and Caicos Islands,1963,58.43
Turks and Caicos Islands,1964,59.12
Turks and Caicos Islands,1965,59.81
Turks and Caicos Islands,1966,60.44
Turks and Caicos Islands,1967,61.04
Turks and Caicos Islands,1968,61.59
Turks and Caicos Islands,1969,62.13
Turks and Caicos Islands,1970,62.69
Turks and Caicos Islands,1971,63.26
Turks and Caicos Islands,1972,63.76
Turks and Caicos Islands,1973,64.23
Turks and Caicos Islands,1974,64.73
Turks and Caicos Islands,1975,65.2
Turks and Caicos Islands,1976,65.61
Turks and Caicos Islands,1977,66.03
Turks and Caicos Islands,1978,66.43
Turks and Caicos Islands,1979,66.77
Turks and Caicos Islands,1980,67.11
Turks and Caicos Islands,1981,67.44
Turks and Caicos Islands,1982,67.75
Turks and Caicos Islands,1983,68.07
Turks and Caicos Islands,1984,68.39
Turks and Caicos Islands,1985,68.67
Turks and Caicos Islands,1986,68.99
Turks and Caicos Islands,1987,69.3
Turks and Caicos Islands,1988,69.62
Turks and Caicos Islands,1989,69.92
Turks and Caicos Islands,1990,70.22
Turks and Caicos Islands,1991,70.54
Turks and Caicos Islands,1992,70.89
Turks and Caicos Islands,1993,71.19
Turks and Caicos Islands,1994,71.58
Turks and Caicos Islands,1995,71.95
Turks and Caicos Islands,1996,72.33
Turks and Caicos Islands,1997,72.71
Turks and Caicos Islands,1998,73.11
Turks and Caicos Islands,1999,73.53
Turks and Caicos Islands,2000,73.97
Turks and Caicos Islands,2001,74.41
Turks and Caicos Islands,2002,74.84
Turks and Caicos Islands,2003,75.26
Turks and Caicos Islands,2004,75.63
Turks and Caicos Islands,2005,75.95
Turks and Caicos Islands,2006,76.2
Turks and Caicos Islands,2007,76.43
Turks and Caicos Islands,2008,76.08
Turks and Caicos Islands,2009,76.67
Turks and Caicos Islands,2010,76.78
Turks and Caicos Islands,2011,76.87
Turks and Caicos Islands,2012,76.97
Turks and Caicos Islands,2013,77.1
Turks and Caicos Islands,2014,77.21
Turks and Caicos Islands,2015,77.32
Turks and Caicos Islands,2016,77.44
Turks and Caicos Islands,2017,77.51
Turks and Caicos Islands,2018,77.6
Turks and Caicos Islands,2019,77.69
Turks and Caicos Islands,2020,77.5
Turks and Caicos Islands,2021,77.23
Turks and Caicos Islands,2022,77.92
Turks and Caicos Islands,2023,78.01
Tuvalu,1950,40.01
Tuvalu,1951,40.83
Tuvalu,1952,41.66
Tuvalu,1953,42.45
Tuvalu,1954,43.35
Tuvalu,1955,44.17
Tuvalu,1956,45.02
Tuvalu,1957,45.85
Tuvalu,1958,46.7
Tuvalu,1959,47.5
Tuvalu,1960,48.26
Tuvalu,1961,49.02
Tuvalu,1962,49.78
Tuvalu,1963,50.58
Tuvalu,1964,51.34
Tuvalu,1965,52.09
Tuvalu,1966,52.81
Tuvalu,1967,53.48
Tuvalu,1968,54.07
Tuvalu,1969,54.73
Tuvalu,1970,55.35
Tuvalu,1971,55.97
Tuvalu,1972,54.69
Tuvalu,1973,57.2
Tuvalu,1974,57.69
Tuvalu,1975,58.25
Tuvalu,1976,58.77
Tuvalu,1977,59.2
Tuvalu,1978,59.57
Tuvalu,1979,59.88
Tuvalu,1980,60.22
Tuvalu,1981,60.49
Tuvalu,1982,60.75
Tuvalu,1983,60.94
Tuvalu,1984,61.05
Tuvalu,1985,61.14
Tuvalu,1986,61.21
Tuvalu,1987,61.29
Tuvalu,1988,61.37
Tuvalu,1989,61.51
Tuvalu,1990,61.64
Tuvalu,1991,61.81
Tuvalu,1992,60.29
Tuvalu,1993,62.11
Tuvalu,1994,62.32
Tuvalu,1995,62.5
Tuvalu,1996,62.71
Tuvalu,1997,62.94
Tuvalu,1998,63.16
Tuvalu,1999,63.35
Tuvalu,2000,63.54
Tuvalu,2001,63.71
Tuvalu,2002,63.82
Tuvalu,2003,63.9
Tuvalu,2004,63.99
Tuvalu,2005,64.1
Tuvalu,2006,64.25
Tuvalu,2007,64.4
Tuvalu,2008,64.52
Tuvalu,2009,64.69
Tuvalu,2010,64.83
Tuvalu,2011,64.96
Tuvalu,2012,65.08
Tuvalu,2013,65.17
Tuvalu,2014,65.28
Tuvalu,2015,65.37
Tuvalu,2016,65.51
Tuvalu,2017,65.68
Tuvalu,2018,65.87
Tuvalu,2019,66.11
Tuvalu,2020,66.36
Tuvalu,2021,65.82
Tuvalu,2022,66.85
Tuvalu,2023,67.1
Uganda,1950,39.71
Uganda,1951,40.22
Uganda,1952,40.75
Uganda,1953,41.29
Uganda,1954,41.84
Uganda,1955,42.42
Uganda,1956,43.02
Uganda,1957,43.65
Uganda,1958,44.31
Uganda,1959,44.95
Uganda,1960,45.63
Uganda,1961,46.27
Uganda,1962,46.82
Uganda,1963,47.38
Uganda,1964,47.85
Uganda,1965,48.3
Uganda,1966,48.46
Uganda,1967,49.01
Uganda,1968,49.28
Uganda,1969,49.5
Uganda,1970,49.62
Uganda,1971,47.15
Uganda,1972,47.16
Uganda,1973,46.99
Uganda,1974,46.86
Uganda,1975,46.52
Uganda,1976,46.17
Uganda,1977,45.84
Uganda,1978,45.6
Uganda,1979,45.38
Uganda,1980,43.45
Uganda,1981,43.46
Uganda,1982,43.31
Uganda,1983,43.49
Uganda,1984,43.71
Uganda,1985,45.5
Uganda,1986,45.65
Uganda,1987,47.36
Uganda,1988,47.48
Uganda,1989,47.49
Uganda,1990,47.56
Uganda,1991,47.55
Uganda,1992,47.67
Uganda,1993,47.68
Uganda,1994,47.67
Uganda,1995,47.71
Uganda,1996,47.76
Uganda,1997,48.03
Uganda,1998,48.26
Uganda,1999,48.98
Uganda,2000,49.64
Uganda,2001,50.58
Uganda,2002,51.44
Uganda,2003,52.41
Uganda,2004,53.7
Uganda,2005,54.93
Uganda,2006,56.12
Uganda,2007,57.25
Uganda,2008,58.25
Uganda,2009,59.16
Uganda,2010,59.96
Uganda,2011,60.79
Uganda,2012,61.58
Uganda,2013,62.35
Uganda,2014,63.06
Uganda,2015,63.83
Uganda,2016,64.49
Uganda,2017,65.17
Uganda,2018,65.78
Uganda,2019,66.35
Uganda,2020,66.41
Uganda,2021,66.45
Uganda,2022,67.67
Uganda,2023,68.25
Ukraine,1950,61.17
Ukraine,1951,61.36
Ukraine,1952,62.07
Ukraine,1953,63.02
Ukraine,1954,64.13
Ukraine,1955,65.26
Ukraine,1956,66.26
Ukraine,1957,67.17
Ukraine,1958,67.73
Ukraine,1959,68.69
Ukraine,1960,69.39
Ukraine,1961,70.04
Ukraine,1962,70.4
Ukraine,1963,70.68
Ukraine,1964,70.97
Ukraine,1965,71.14
Ukraine,1966,71.16
Ukraine,1967,71.11
Ukraine,1968,70.97
Ukraine,1969,70.83
Ukraine,1970,70.84
Ukraine,1971,70.87
Ukraine,1972,70.97
Ukraine,1973,70.82
Ukraine,1974,70.63
Ukraine,1975,70.36
Ukraine,1976,70.14
Ukraine,1977,70.01
Ukraine,1978,69.84
Ukraine,1979,69.78
Ukraine,1980,69.76
Ukraine,1981,69.82
Ukraine,1982,69.9
Ukraine,1983,69.95
Ukraine,1984,69.99
Ukraine,1985,70.41
Ukraine,1986,70.83
Ukraine,1987,71.18
Ukraine,1988,71.04
Ukraine,1989,70.84
Ukraine,1990,70.35
Ukraine,1991,69.69
Ukraine,1992,68.95
Ukraine,1993,68.29
Ukraine,1994,67.53
Ukraine,1995,67.11
Ukraine,1996,67.1
Ukraine,1997,67.66
Ukraine,1998,67.99
Ukraine,1999,68.0
Ukraine,2000,67.79
Ukraine,2001,67.68
Ukraine,2002,67.7
Ukraine,2003,67.64
Ukraine,2004,67.47
Ukraine,2005,67.52
Ukraine,2006,67.49
Ukraine,2007,67.71
Ukraine,2008,68.26
Ukraine,2009,69.16
Ukraine,2010,70.19
Ukraine,2011,70.71
Ukraine,2012,71.09
Ukraine,2013,71.47
Ukraine,2014,71.8
Ukraine,2015,72.69
Ukraine,2016,73.39
Ukraine,2017,73.99
Ukraine,2018,73.57
Ukraine,2019,73.92
Ukraine,2020,73.28
Ukraine,2021,71.63
Ukraine,2022,72.66
Ukraine,2023,73.42
United Arab Emirates,1950,42.15
United Arab Emirates,1951,42.89
United Arab Emirates,1952,43.64
United Arab Emirates,1953,44.41
United Arab Emirates,1954,45.21
United Arab Emirates,1955,46.05
United Arab Emirates,1956,46.92
United Arab Emirates,1957,47.83
United Arab Emirates,1958,48.76
United Arab Emirates,1959,49.7
United Arab Emirates,1960,50.65
United Arab Emirates,1961,51.6
United Arab Emirates,1962,52.55
United Arab Emirates,1963,53.51
United Arab Emirates,1964,54.5
United Arab Emirates,1965,55.51
United Arab Emirates,1966,56.57
United Arab Emirates,1967,57.65
United Arab Emirates,1968,58.73
United Arab Emirates,1969,59.76
United Arab Emirates,1970,60.78
United Arab Emirates,1971,61.75
United Arab Emirates,1972,62.68
United Arab Emirates,1973,63.54
United Arab Emirates,1974,64.35
United Arab Emirates,1975,65.11
United Arab Emirates,1976,65.81
United Arab Emirates,1977,66.47
United Arab Emirates,1978,67.08
United Arab Emirates,1979,67.64
United Arab Emirates,1980,68.16
United Arab Emirates,1981,68.62
United Arab Emirates,1982,69.06
United Arab Emirates,1983,69.45
United Arab Emirates,1984,69.8
United Arab Emirates,1985,70.12
United Arab Emirates,1986,70.41
United Arab Emirates,1987,70.62
United Arab Emirates,1988,70.81
United Arab Emirates,1989,70.96
United Arab Emirates,1990,71.07
United Arab Emirates,1991,71.14
United Arab Emirates,1992,71.17
United Arab Emirates,1993,71.16
United Arab Emirates,1994,71.2
United Arab Emirates,1995,71.39
United Arab Emirates,1996,71.82
United Arab Emirates,1997,72.56
United Arab Emirates,1998,73.66
United Arab Emirates,1999,74.98
United Arab Emirates,2000,76.35
United Arab Emirates,2001,77.62
United Arab Emirates,2002,78.72
United Arab Emirates,2003,79.6
United Arab Emirates,2004,80.27
United Arab Emirates,2005,80.78
United Arab Emirates,2006,81.16
United Arab Emirates,2007,81.44
United Arab Emirates,2008,81.59
United Arab Emirates,2009,81.68
United Arab Emirates,2010,81.89
United Arab Emirates,2011,81.9
United Arab Emirates,2012,81.91
United Arab Emirates,2013,81.95
United Arab Emirates,2014,81.99
United Arab Emirates,2015,82.08
United Arab Emirates,2016,82.19
United Arab Emirates,2017,82.39
United Arab Emirates,2018,82.45
United Arab Emirates,2019,82.6
United Arab Emirates,2020,81.94
United Arab Emirates,2021,79.08
United Arab Emirates,2022,80.49
United Arab Emirates,2023,82.91
United Kingdom,1950,68.63
United Kingdom,1951,68.24
United Kingdom,1952,69.53
United Kingdom,1953,69.8
United Kingdom,1954,70.17
United Kingdom,1955,70.13
United Kingdom,1956,70.41
United Kingdom,1957,70.52
United Kingdom,1958,70.7
United Kingdom,1959,70.83
United Kingdom,1960,71.03
United Kingdom,1961,70.79
United Kingdom,1962,70.86
United Kingdom,1963,70.76
United Kingdom,1964,71.54
United Kingdom,1965,71.52
United Kingdom,1966,71.43
United Kingdom,1967,72.07
United Kingdom,1968,71.68
United Kingdom,1969,71.66
United Kingdom,1970,71.88
United Kingdom,1971,72.23
United Kingdom,1972,71.99
United Kingdom,1973,72.18
United Kingdom,1974,72.38
United Kingdom,1975,72.65
United Kingdom,1976,72.63
United Kingdom,1977,73.11
United Kingdom,1978,73.04
United Kingdom,1979,73.16
United Kingdom,1980,73.59
United Kingdom,1981,73.92
United Kingdom,1982,74.04
United Kingdom,1983,74.29
United Kingdom,1984,74.67
United Kingdom,1985,74.54
United Kingdom,1986,74.79
United Kingdom,1987,75.15
United Kingdom,1988,75.26
United Kingdom,1989,75.4
United Kingdom,1990,75.74
United Kingdom,1991,75.91
United Kingdom,1992,76.31
United Kingdom,1993,76.16
United Kingdom,1994,76.72
United Kingdom,1995,76.61
United Kingdom,1996,76.87
United Kingdom,1997,77.14
United Kingdom,1998,77.27
United Kingdom,1999,77.37
United Kingdom,2000,77.85
United Kingdom,2001,78.12
United Kingdom,2002,78.24
United Kingdom,2003,78.33
United Kingdom,2004,78.9
United Kingdom,2005,79.11
United Kingdom,2006,79.35
United Kingdom,2007,79.53
United Kingdom,2008,79.66
United Kingdom,2009,80.16
United Kingdom,2010,80.39
United Kingdom,2011,80.8
United Kingdom,2012,80.86
United Kingdom,2013,80.92
United Kingdom,2014,81.15
United Kingdom,2015,80.92
United Kingdom,2016,81.07
United Kingdom,2017,81.16
United Kingdom,2018,81.12
United Kingdom,2019,81.44
United Kingdom,2020,80.39
United Kingdom,2021,80.71
United Kingdom,2022,81.07
United Kingdom,2023,81.3
United States,1950,68.07
United States,1951,68.17
United States,1952,68.38
United States,1953,68.71
United States,1954,69.5
United States,1955,69.56
United States,1956,69.64
United States,1957,69.42
United States,1958,69.67
United States,1959,69.9
United States,1960,69.83
United States,1961,70.25
United States,1962,70.12
United States,1963,69.94
United States,1964,70.2
United States,1965,70.25
United States,1966,70.21
United States,1967,70.52
United States,1968,70.2
United States,1969,70.48
United States,1970,70.73
United States,1971,71.1
United States,1972,71.18
United States,1973,71.4
United States,1974,71.96
United States,1975,72.54
United States,1976,72.84
United States,1977,73.23
United States,1978,73.41
United States,1979,73.83
United States,1980,73.73
United States,1981,74.12
United States,1982,74.46
United States,1983,74.55
United States,1984,74.67
United States,1985,74.65
United States,1986,74.73
United States,1987,74.86
United States,1988,74.83
United States,1989,75.11
United States,1990,75.37
United States,1991,75.52
United States,1992,75.78
United States,1993,75.57
United States,1994,75.74
United States,1995,75.85
United States,1996,76.17
United States,1997,76.5
United States,1998,76.66
United States,1999,76.67
United States,2000,76.81
United States,2001,76.92
United States,2002,76.99
United States,2003,77.14
United States,2004,77.54
United States,2005,77.53
United States,2006,77.8
United States,2007,78.05
United States,2008,78.13
United States,2009,78.48
United States,2010,78.67
United States,2011,78.7
United States,2012,78.82
United States,2013,78.82
United States,2014,78.88
United States,2015,78.72
United States,2016,78.69
United States,2017,78.65
United States,2018,78.8
United States,2019,78.92
United States,2020,77.01
United States,2021,76.38
United States,2022,77.98
United States,2023,79.3
United States Virgin Islands,1950,59.9
United States Virgin Islands,1951,57.11
United States Virgin Islands,1952,58.88
United States Virgin Islands,1953,61.45
United States Virgin Islands,1954,63.81
United States Virgin Islands,1955,62.94
United States Virgin Islands,1956,60.95
United States Virgin Islands,1957,61.84
United States Virgin Islands,1958,64.57
United States Virgin Islands,1959,61.81
United States Virgin Islands,1960,62.65
United States Virgin Islands,1961,63.23
United States Virgin Islands,1962,62.78
United States Virgin Islands,1963,61.52
United States Virgin Islands,1964,64.22
United States Virgin Islands,1965,64.77
United States Virgin Islands,1966,63.73
United States Virgin Islands,1967,64.45
United States Virgin Islands,1968,65.17
United States Virgin Islands,1969,65.81
United States Virgin Islands,1970,66.43
United States Virgin Islands,1971,67.02
United States Virgin Islands,1972,65.55
United States Virgin Islands,1973,67.04
United States Virgin Islands,1974,67.34
United States Virgin Islands,1975,67.64
United States Virgin Islands,1976,67.85
United States Virgin Islands,1977,68.07
United States Virgin Islands,1978,68.29
United States Virgin Islands,1979,68.51
United States Virgin Islands,1980,68.74
United States Virgin Islands,1981,68.92
United States Virgin Islands,1982,69.13
United States Virgin Islands,1983,69.35
United States Virgin Islands,1984,69.54
United States Virgin Islands,1985,69.68
United States Virgin Islands,1986,69.97
United States Virgin Islands,1987,70.19
United States Virgin Islands,1988,70.4
United States Virgin Islands,1989,70.53
United States Virgin Islands,1990,70.68
United States Virgin Islands,1991,70.81
United States Virgin Islands,1992,70.97
United States Virgin Islands,1993,71.09
United States Virgin Islands,1994,71.24
United States Virgin Islands,1995,71.19
United States Virgin Islands,1996,71.6
United States Virgin Islands,1997,70.91
United States Virgin Islands,1998,71.26
United States Virgin Islands,1999,71.11
United States Virgin Islands,2000,71.8
United States Virgin Islands,2001,72.22
United States Virgin Islands,2002,72.05
United States Virgin Islands,2003,72.01
United States Virgin Islands,2004,71.83
United States Virgin Islands,2005,72.23
United States Virgin Islands,2006,72.48
United States Virgin Islands,2007,72.59
United States Virgin Islands,2008,72.66
United States Virgin Islands,2009,72.92
United States Virgin Islands,2010,73.24
United States Virgin Islands,2011,73.4
United States Virgin Islands,2012,73.7
United States Virgin Islands,2013,73.95
United States Virgin Islands,2014,74.2
United States Virgin Islands,2015,74.31
United States Virgin Islands,2016,74.42
United States Virgin Islands,2017,74.37
United States Virgin Islands,2018,74.68
United States Virgin Islands,2019,74.88
United States Virgin Islands,2020,74.71
United States Virgin Islands,2021,74.61
United States Virgin Islands,2022,75.04
United States Virgin Islands,2023,75.47
Upper-middle-income countries,1950,45.43
Upper-middle-income countries,1951,46.09
Upper-middle-income countries,1952,46.98
Upper-middle-income countries,1953,47.65
Upper-middle-income countries,1954,48.48
Upper-middle-income countries,1955,49.09
Upper-middle-income countries,1956,49.9
Upper-middle-income countries,1957,50.42
Upper-middle-income countries,1958,50.98
Upper-middle-income countries,1959,45.72
Upper-middle-income countries,1960,41.6
Upper-middle-income countries,1961,46.56
Upper-middle-income countries,1962,53.13
Upper-middle-income countries,1963,53.81
Upper-middle-income countries,1964,54.42
Upper-middle-income countries,1965,54.25
Upper-middle-income countries,1966,55.32
Upper-middle-income countries,1967,56.08
Upper-middle-income countries,1968,56.69
Upper-middle-income countries,1969,57.26
Upper-middle-income countries,1970,57.85
Upper-middle-income countries,1971,58.64
Upper-middle-income countries,1972,59.29
Upper-middle-income countries,1973,59.99
Upper-middle-income countries,1974,60.54
Upper-middle-income countries,1975,61.04
Upper-middle-income countries,1976,61.3
Upper-middle-income countries,1977,62.15
Upper-middle-income countries,1978,62.64
Upper-middle-income countries,1979,63.1
Upper-middle-income countries,1980,63.51
Upper-middle-income countries,1981,63.98
Upper-middle-income countries,1982,64.46
Upper-middle-income countries,1983,64.93
Upper-middle-income countries,1984,65.3
Upper-middle-income countries,1985,65.74
Upper-middle-income countries,1986,66.34
Upper-middle-income countries,1987,66.7
Upper-middle-income countries,1988,66.92
Upper-middle-income countries,1989,67.25
Upper-middle-income countries,1990,67.43
Upper-middle-income countries,1991,67.78
Upper-middle-income countries,1992,67.98
Upper-middle-income countries,1993,68.03
Upper-middle-income countries,1994,68.19
Upper-middle-income countries,1995,68.6
Upper-middle-income countries,1996,69.09
Upper-middle-income countries,1997,69.51
Upper-middle-income countries,1998,69.83
Upper-middle-income countries,1999,69.93
Upper-middle-income countries,2000,70.18
Upper-middle-income countries,2001,70.47
Upper-middle-income countries,2002,70.71
Upper-middle-income countries,2003,70.95
Upper-middle-income countries,2004,71.08
Upper-middle-income countries,2005,71.59
Upper-middle-income countries,2006,71.98
Upper-middle-income countries,2007,72.4
Upper-middle-income countries,2008,72.62
Upper-middle-income countries,2009,73.08
Upper-middle-income countries,2010,73.35
Upper-middle-income countries,2011,73.74
Upper-middle-income countries,2012,74.09
Upper-middle-income countries,2013,74.38
Upper-middle-income countries,2014,74.64
Upper-middle-income countries,2015,74.91
Upper-middle-income countries,2016,75.1
Upper-middle-income countries,2017,75.29
Upper-middle-income countries,2018,75.62
Upper-middle-income countries,2019,75.82
Upper-middle-income countries,2020,75.03
Upper-middle-income countries,2021,74.34
Upper-middle-income countries,2022,75.73
Upper-middle-income countries,2023,75.88
Uruguay,1950,65.57
Uruguay,1951,65.84
Uruguay,1952,66.06
Uruguay,1953,66.26
Uruguay,1954,66.48
Uruguay,1955,66.69
Uruguay,1956,66.91
Uruguay,1957,67.12
Uruguay,1958,67.33
Uruguay,1959,67.53
Uruguay,1960,67.68
Uruguay,1961,67.81
Uruguay,1962,67.91
Uruguay,1963,68.02
Uruguay,1964,68.11
Uruguay,1965,68.2
Uruguay,1966,68.3
Uruguay,1967,68.41
Uruguay,1968,68.51
Uruguay,1969,68.58
Uruguay,1970,68.73
Uruguay,1971,68.93
Uruguay,1972,69.17
Uruguay,1973,69.35
Uruguay,1974,69.52
Uruguay,1975,69.71
Uruguay,1976,69.89
Uruguay,1977,70.08
Uruguay,1978,70.26
Uruguay,1979,70.26
Uruguay,1980,70.51
Uruguay,1981,70.95
Uruguay,1982,71.53
Uruguay,1983,71.6
Uruguay,1984,71.71
Uruguay,1985,71.86
Uruguay,1986,72.19
Uruguay,1987,72.2
Uruguay,1988,72.41
Uruguay,1989,72.63
Uruguay,1990,72.99
Uruguay,1991,73.2
Uruguay,1992,73.19
Uruguay,1993,73.15
Uruguay,1994,73.16
Uruguay,1995,73.49
Uruguay,1996,73.81
Uruguay,1997,73.92
Uruguay,1998,74.03
Uruguay,1999,74.29
Uruguay,2000,74.69
Uruguay,2001,74.99
Uruguay,2002,74.98
Uruguay,2003,75.09
Uruguay,2004,75.32
Uruguay,2005,75.83
Uruguay,2006,75.89
Uruguay,2007,76.15
Uruguay,2008,76.27
Uruguay,2009,76.67
Uruguay,2010,76.69
Uruguay,2011,76.61
Uruguay,2012,76.69
Uruguay,2013,76.95
Uruguay,2014,77.19
Uruguay,2015,77.28
Uruguay,2016,77.35
Uruguay,2017,77.62
Uruguay,2018,77.53
Uruguay,2019,77.5
Uruguay,2020,78.38
Uruguay,2021,75.43
Uruguay,2022,76.47
Uruguay,2023,78.14
Uzbekistan,1950,53.34
Uzbekistan,1951,53.66
Uzbekistan,1952,53.96
Uzbekistan,1953,54.26
Uzbekistan,1954,54.56
Uzbekistan,1955,54.87
Uzbekistan,1956,55.19
Uzbekistan,1957,55.51
Uzbekistan,1958,55.85
Uzbekistan,1959,56.19
Uzbekistan,1960,56.54
Uzbekistan,1961,56.87
Uzbekistan,1962,57.22
Uzbekistan,1963,57.56
Uzbekistan,1964,57.92
Uzbekistan,1965,58.28
Uzbekistan,1966,58.63
Uzbekistan,1967,58.99
Uzbekistan,1968,59.35
Uzbekistan,1969,59.72
Uzbekistan,1970,60.07
Uzbekistan,1971,60.42
Uzbekistan,1972,60.75
Uzbekistan,1973,61.06
Uzbekistan,1974,61.35
Uzbekistan,1975,61.63
Uzbekistan,1976,61.9
Uzbekistan,1977,62.17
Uzbekistan,1978,62.44
Uzbekistan,1979,62.71
Uzbekistan,1980,62.98
Uzbekistan,1981,63.22
Uzbekistan,1982,63.46
Uzbekistan,1983,63.75
Uzbekistan,1984,64.11
Uzbekistan,1985,64.57
Uzbekistan,1986,65.03
Uzbekistan,1987,65.49
Uzbekistan,1988,65.76
Uzbekistan,1989,65.84
Uzbekistan,1990,65.77
Uzbekistan,1991,65.53
Uzbekistan,1992,65.24
Uzbekistan,1993,64.92
Uzbekistan,1994,64.68
Uzbekistan,1995,64.67
Uzbekistan,1996,64.78
Uzbekistan,1997,65.03
Uzbekistan,1998,65.17
Uzbekistan,1999,65.31
Uzbekistan,2000,65.46
Uzbekistan,2001,65.85
Uzbekistan,2002,66.38
Uzbekistan,2003,66.85
Uzbekistan,2004,67.2
Uzbekistan,2005,67.48
Uzbekistan,2006,67.91
Uzbekistan,2007,68.48
Uzbekistan,2008,69.03
Uzbekistan,2009,69.52
Uzbekistan,2010,69.84
Uzbekistan,2011,70.14
Uzbekistan,2012,70.41
Uzbekistan,2013,70.69
Uzbekistan,2014,70.97
Uzbekistan,2015,71.33
Uzbekistan,2016,71.58
Uzbekistan,2017,71.74
Uzbekistan,2018,72.0
Uzbekistan,2019,72.09
Uzbekistan,2020,71.46
Uzbekistan,2021,71.68
Uzbekistan,2022,72.15
Uzbekistan,2023,72.39
Vanuatu,1950,43.93
Vanuatu,1951,42.19
Vanuatu,1952,45.28
Vanuatu,1953,45.82
Vanuatu,1954,46.48
Vanuatu,1955,47.1
Vanuatu,1956,47.67
Vanuatu,1957,48.2
Vanuatu,1958,48.75
Vanuatu,1959,49.29
Vanuatu,1960,49.84
Vanuatu,1961,50.38
Vanuatu,1962,50.93
Vanuatu,1963,51.48
Vanuatu,1964,51.97
Vanuatu,1965,52.53
Vanuatu,1966,53.09
Vanuatu,1967,53.67
Vanuatu,1968,54.23
Vanuatu,1969,54.76
Vanuatu,1970,55.31
Vanuatu,1971,55.88
Vanuatu,1972,56.37
Vanuatu,1973,57.0
Vanuatu,1974,57.57
Vanuatu,1975,58.13
Vanuatu,1976,58.66
Vanuatu,1977,59.25
Vanuatu,1978,59.88
Vanuatu,1979,60.89
Vanuatu,1980,61.32
Vanuatu,1981,61.95
Vanuatu,1982,62.54
Vanuatu,1983,63.08
Vanuatu,1984,63.52
Vanuatu,1985,63.93
Vanuatu,1986,64.62
Vanuatu,1987,64.44
Vanuatu,1988,65.7
Vanuatu,1989,66.02
Vanuatu,1990,66.68
Vanuatu,1991,67.11
Vanuatu,1992,67.43
Vanuatu,1993,67.72
Vanuatu,1994,67.98
Vanuatu,1995,68.1
Vanuatu,1996,68.18
Vanuatu,1997,68.31
Vanuatu,1998,68.37
Vanuatu,1999,67.92
Vanuatu,2000,68.59
Vanuatu,2001,68.72
Vanuatu,2002,68.84
Vanuatu,2003,68.93
Vanuatu,2004,68.98
Vanuatu,2005,69.17
Vanuatu,2006,69.13
Vanuatu,2007,69.14
Vanuatu,2008,69.3
Vanuatu,2009,69.42
Vanuatu,2010,69.57
Vanuatu,2011,69.73
Vanuatu,2012,69.9
Vanuatu,2013,69.99
Vanuatu,2014,70.04
Vanuatu,2015,70.16
Vanuatu,2016,70.4
Vanuatu,2017,70.5
Vanuatu,2018,70.63
Vanuatu,2019,70.78
Vanuatu,2020,70.38
Vanuatu,2021,69.95
Vanuatu,2022,71.3
Vanuatu,2023,71.48
Vatican,1950,65.85
Vatican,1951,65.25
Vatican,1952,65.71
Vatican,1953,66.26
Vatican,1954,67.49
Vatican,1955,67.81
Vatican,1956,67.31
Vatican,1957,67.54
Vatican,1958,68.73
Vatican,1959,69.24
Vatican,1960,69.19
Vatican,1961,69.8
Vatican,1962,69.22
Vatican,1963,69.3
Vatican,1964,70.27
Vatican,1965,70.14
Vatican,1966,70.88
Vatican,1967,70.9
Vatican,1968,70.7
Vatican,1969,70.66
Vatican,1970,71.48
Vatican,1971,71.74
Vatican,1972,71.97
Vatican,1973,71.94
Vatican,1974,72.65
Vatican,1975,72.59
Vatican,1976,72.93
Vatican,1977,73.3
Vatican,1978,73.74
Vatican,1979,73.99
Vatican,1980,74.13
Vatican,1981,74.32
Vatican,1982,74.78
Vatican,1983,74.65
Vatican,1984,75.06
Vatican,1985,75.46
Vatican,1986,75.75
Vatican,1987,76.2
Vatican,1988,76.37
Vatican,1989,76.79
Vatican,1990,76.9
Vatican,1991,76.92
Vatican,1992,77.32
Vatican,1993,77.02
Vatican,1994,77.66
Vatican,1995,77.8
Vatican,1996,78.51
Vatican,1997,78.19
Vatican,1998,78.34
Vatican,1999,78.67
Vatican,2000,79.34
Vatican,2001,79.85
Vatican,2002,79.95
Vatican,2003,79.85
Vatican,2004,80.19
Vatican,2005,80.65
Vatican,2006,81.22
Vatican,2007,81.3
Vatican,2008,81.37
Vatican,2009,81.3
Vatican,2010,81.54
Vatican,2011,81.71
Vatican,2012,81.98
Vatican,2013,82.47
Vatican,2014,82.63
Vatican,2015,82.46
Vatican,2016,82.88
Vatican,2017,82.72
Vatican,2018,83.31
Vatican,2019,83.62
Vatican,2020,82.99
Vatican,2021,82.95
Vatican,2022,83.34
Vatican,2023,82.98
Venezuela,1950,51.14
Venezuela,1951,51.99
Venezuela,1952,52.69
Venezuela,1953,53.4
Venezuela,1954,54.1
Venezuela,1955,54.78
Venezuela,1956,55.51
Venezuela,1957,56.22
Venezuela,1958,56.94
Venezuela,1959,57.68
Venezuela,1960,58.38
Venezuela,1961,59.11
Venezuela,1962,59.67
Venezuela,1963,60.5
Venezuela,1964,61.17
Venezuela,1965,61.91
Venezuela,1966,62.89
Venezuela,1967,63.55
Venezuela,1968,63.91
Venezuela,1969,63.84
Venezuela,1970,64.82
Venezuela,1971,65.18
Venezuela,1972,65.55
Venezuela,1973,65.74
Venezuela,1974,66.22
Venezuela,1975,66.69
Venezuela,1976,67.27
Venezuela,1977,67.73
Venezuela,1978,68.11
Venezuela,1979,68.23
Venezuela,1980,68.18
Venezuela,1981,68.7
Venezuela,1982,68.98
Venezuela,1983,69.54
Venezuela,1984,69.67
Venezuela,1985,69.96
Venezuela,1986,70.53
Venezuela,1987,70.67
Venezuela,1988,70.76
Venezuela,1989,70.81
Venezuela,1990,70.96
Venezuela,1991,71.17
Venezuela,1992,71.18
Venezuela,1993,71.38
Venezuela,1994,71.28
Venezuela,1995,71.71
Venezuela,1996,71.92
Venezuela,1997,72.56
Venezuela,1998,72.45
Venezuela,1999,72.09
Venezuela,2000,72.39
Venezuela,2001,71.02
Venezuela,2002,72.82
Venezuela,2003,72.06
Venezuela,2004,72.75
Venezuela,2005,73.08
Venezuela,2006,72.97
Venezuela,2007,73.35
Venezuela,2008,72.58
Venezuela,2009,72.79
Venezuela,2010,73.09
Venezuela,2011,73.09
Venezuela,2012,73.09
Venezuela,2013,73.08
Venezuela,2014,72.84
Venezuela,2015,73.0
Venezuela,2016,72.0
Venezuela,2017,71.9
Venezuela,2018,72.64
Venezuela,2019,72.77
Venezuela,2020,72.37
Venezuela,2021,71.54
Venezuela,2022,72.57
Venezuela,2023,72.51
Vietnam,1950,48.04
Vietnam,1951,48.7
Vietnam,1952,49.38
Vietnam,1953,49.96
Vietnam,1954,52.0
Vietnam,1955,54.83
Vietnam,1956,55.53
Vietnam,1957,56.17
Vietnam,1958,56.8
Vietnam,1959,57.4
Vietnam,1960,58.05
Vietnam,1961,58.46
Vietnam,1962,58.2
Vietnam,1963,56.9
Vietnam,1964,57.47
Vietnam,1965,56.97
Vietnam,1966,56.91
Vietnam,1967,56.74
Vietnam,1968,52.67
Vietnam,1969,54.79
Vietnam,1970,54.93
Vietnam,1971,55.58
Vietnam,1972,51.91
Vietnam,1973,55.68
Vietnam,1974,54.75
Vietnam,1975,61.86
Vietnam,1976,63.67
Vietnam,1977,64.07
Vietnam,1978,64.53
Vietnam,1979,64.99
Vietnam,1980,65.34
Vietnam,1981,65.78
Vietnam,1982,66.21
Vietnam,1983,66.54
Vietnam,1984,66.93
Vietnam,1985,67.19
Vietnam,1986,67.55
Vietnam,1987,68.0
Vietnam,1988,68.58
Vietnam,1989,68.81
Vietnam,1990,69.03
Vietnam,1991,69.3
Vietnam,1992,69.62
Vietnam,1993,69.96
Vietnam,1994,70.38
Vietnam,1995,70.87
Vietnam,1996,71.3
Vietnam,1997,71.67
Vietnam,1998,72.28
Vietnam,1999,72.58
Vietnam,2000,72.75
Vietnam,2001,72.98
Vietnam,2002,73.14
Vietnam,2003,73.24
Vietnam,2004,73.06
Vietnam,2005,73.2
Vietnam,2006,73.29
Vietnam,2007,73.39
Vietnam,2008,73.46
Vietnam,2009,73.53
Vietnam,2010,73.61
Vietnam,2011,73.71
Vietnam,2012,73.76
Vietnam,2013,73.82
Vietnam,2014,73.89
Vietnam,2015,73.96
Vietnam,2016,73.98
Vietnam,2017,74.03
Vietnam,2018,74.1
Vietnam,2019,74.21
Vietnam,2020,75.38
Vietnam,2021,74.14
Vietnam,2022,74.5
Vietnam,2023,74.59
Wallis and Futuna,1950,44.13
Wallis and Futuna,1951,44.25
Wallis and Futuna,1952,44.4
Wallis and Futuna,1953,44.68
Wallis and Futuna,1954,45.01
Wallis and Futuna,1955,45.35
Wallis and Futuna,1956,45.72
Wallis and Futuna,1957,46.1
Wallis and Futuna,1958,46.48
Wallis and Futuna,1959,46.88
Wallis and Futuna,1960,47.29
Wallis and Futuna,1961,47.71
Wallis and Futuna,1962,48.17
Wallis and Futuna,1963,48.64
Wallis and Futuna,1964,49.11
Wallis and Futuna,1965,49.6
Wallis and Futuna,1966,50.05
Wallis and Futuna,1967,50.57
Wallis and Futuna,1968,51.13
Wallis and Futuna,1969,51.71
Wallis and Futuna,1970,52.3
Wallis and Futuna,1971,52.89
Wallis and Futuna,1972,53.5
Wallis and Futuna,1973,54.14
Wallis and Futuna,1974,54.81
Wallis and Futuna,1975,55.49
Wallis and Futuna,1976,56.18
Wallis and Futuna,1977,56.93
Wallis and Futuna,1978,57.7
Wallis and Futuna,1979,58.47
Wallis and Futuna,1980,59.3
Wallis and Futuna,1981,60.14
Wallis and Futuna,1982,60.98
Wallis and Futuna,1983,61.9
Wallis and Futuna,1984,62.9
Wallis and Futuna,1985,63.97
Wallis and Futuna,1986,65.04
Wallis and Futuna,1987,66.48
Wallis and Futuna,1988,67.78
Wallis and Futuna,1989,68.94
Wallis and Futuna,1990,69.92
Wallis and Futuna,1991,70.58
Wallis and Futuna,1992,71.13
Wallis and Futuna,1993,70.59
Wallis and Futuna,1994,72.0
Wallis and Futuna,1995,72.5
Wallis and Futuna,1996,73.13
Wallis and Futuna,1997,73.83
Wallis and Futuna,1998,74.52
Wallis and Futuna,1999,75.02
Wallis and Futuna,2000,75.39
Wallis and Futuna,2001,75.64
Wallis and Futuna,2002,75.72
Wallis and Futuna,2003,75.76
Wallis and Futuna,2004,75.93
Wallis and Futuna,2005,76.14
Wallis and Futuna,2006,76.32
Wallis and Futuna,2007,76.54
Wallis and Futuna,2008,76.72
Wallis and Futuna,2009,76.79
Wallis and Futuna,2010,76.81
Wallis and Futuna,2011,76.93
Wallis and Futuna,2012,77.05
Wallis and Futuna,2013,77.16
Wallis and Futuna,2014,77.29
Wallis and Futuna,2015,77.45
Wallis and Futuna,2016,77.54
Wallis and Futuna,2017,77.63
Wallis and Futuna,2018,77.76
Wallis and Futuna,2019,77.99
Wallis and Futuna,2020,78.16
Wallis and Futuna,2021,77.46
Wallis and Futuna,2022,78.5
Wallis and Futuna,2023,78.63
Western Sahara,1950,34.93
Western Sahara,1951,35.29
Western Sahara,1952,35.65
Western Sahara,1953,36.02
Western Sahara,1954,36.4
Western Sahara,1955,36.78
Western Sahara,1956,37.17
Western Sahara,1957,37.56
Western Sahara,1958,37.94
Western Sahara,1959,38.32
Western Sahara,1960,38.7
Western Sahara,1961,39.07
Western Sahara,1962,39.46
Western Sahara,1963,39.84
Western Sahara,1964,40.21
Western Sahara,1965,40.58
Western Sahara,1966,40.95
Western Sahara,1967,41.35
Western Sahara,1968,41.76
Western Sahara,1969,42.19
Western Sahara,1970,42.66
Western Sahara,1971,42.92
Western Sahara,1972,43.54
Western Sahara,1973,44.21
Western Sahara,1974,44.95
Western Sahara,1975,35.96
Western Sahara,1976,36.26
Western Sahara,1977,38.26
Western Sahara,1978,40.4
Western Sahara,1979,37.55
Western Sahara,1980,39.4
Western Sahara,1981,44.18
Western Sahara,1982,45.22
Western Sahara,1983,46.12
Western Sahara,1984,46.94
Western Sahara,1985,47.76
Western Sahara,1986,48.54
Western Sahara,1987,48.85
Western Sahara,1988,52.09
Western Sahara,1989,51.45
Western Sahara,1990,57.66
Western Sahara,1991,58.19
Western Sahara,1992,58.71
Western Sahara,1993,59.22
Western Sahara,1994,59.74
Western Sahara,1995,60.24
Western Sahara,1996,60.72
Western Sahara,1997,61.21
Western Sahara,1998,61.71
Western Sahara,1999,62.23
Western Sahara,2000,62.73
Western Sahara,2001,63.22
Western Sahara,2002,63.74
Western Sahara,2003,64.23
Western Sahara,2004,64.74
Western Sahara,2005,65.22
Western Sahara,2006,65.67
Western Sahara,2007,66.14
Western Sahara,2008,66.58
Western Sahara,2009,67.06
Western Sahara,2010,67.49
Western Sahara,2011,67.88
Western Sahara,2012,68.24
Western Sahara,2013,68.62
Western Sahara,2014,68.95
Western Sahara,2015,69.28
Western Sahara,2016,69.6
Western Sahara,2017,69.88
Western Sahara,2018,70.14
Western Sahara,2019,70.38
Western Sahara,2020,70.61
Western Sahara,2021,70.89
Western Sahara,2022,71.14
Western Sahara,2023,71.39
World,1950,46.39
World,1951,47.13
World,1952,48.22
World,1953,48.81
World,1954,49.65
World,1955,50.21
World,1956,50.74
World,1957,51.06
World,1958,51.62
World,1959,49.58
World,1960,47.82
World,1961,50.35
World,1962,53.24
World,1963,53.72
World,1964,54.26
World,1965,54.0
World,1966,54.56
World,1967,55.07
World,1968,55.62
World,1969,56.0
World,1970,56.27
World,1971,56.02
World,1972,57.22
World,1973,57.69
World,1974,58.06
World,1975,58.27
World,1976,58.58
World,1977,59.15
World,1978,59.51
World,1979,60.16
World,1980,60.5
World,1981,60.92
World,1982,61.34
World,1983,61.52
World,1984,61.87
World,1985,62.21
World,1986,62.73
World,1987,63.18
World,1988,63.37
World,1989,63.78
World,1990,63.96
World,1991,64.06
World,1992,64.29
World,1993,64.43
World,1994,64.3
World,1995,64.88
World,1996,65.2
World,1997,65.54
World,1998,65.74
World,1999,66.04
World,2000,66.43
World,2001,66.75
World,2002,67.07
World,2003,67.4
World,2004,67.74
World,2005,68.14
World,2006,68.61
World,2007,69.03
World,2008,69.3
World,2009,69.68
World,2010,70.09
World,2011,70.4
World,2012,70.82
World,2013,71.14
World,2014,71.4
World,2015,71.61
World,2016,71.88
World,2017,72.07
World,2018,72.39
World,2019,72.61
World,2020,71.92
World,2021,70.86
World,2022,72.64
World,2023,73.17
Yemen,1950,28.93
Yemen,1951,29.28
Yemen,1952,29.62
Yemen,1953,30.03
Yemen,1954,30.41
Yemen,1955,30.81
Yemen,1956,31.3
Yemen,1957,31.78
Yemen,1958,32.36
Yemen,1959,32.86
Yemen,1960,33.46
Yemen,1961,34.06
Yemen,1962,33.67
Yemen,1963,33.43
Yemen,1964,34.91
Yemen,1965,35.59
Yemen,1966,36.26
Yemen,1967,37.08
Yemen,1968,37.99
Yemen,1969,39.61
Yemen,1970,40.57
Yemen,1971,41.76
Yemen,1972,42.69
Yemen,1973,43.6
Yemen,1974,44.54
Yemen,1975,45.48
Yemen,1976,46.44
Yemen,1977,47.44
Yemen,1978,48.48
Yemen,1979,49.53
Yemen,1980,50.61
Yemen,1981,51.68
Yemen,1982,52.37
Yemen,1983,53.62
Yemen,1984,54.59
Yemen,1985,55.42
Yemen,1986,54.0
Yemen,1987,56.83
Yemen,1988,57.43
Yemen,1989,58.02
Yemen,1990,58.53
Yemen,1991,58.81
Yemen,1992,59.26
Yemen,1993,59.66
Yemen,1994,59.83
Yemen,1995,60.53
Yemen,1996,60.88
Yemen,1997,61.34
Yemen,1998,61.79
Yemen,1999,62.28
Yemen,2000,62.76
Yemen,2001,63.29
Yemen,2002,63.81
Yemen,2003,64.41
Yemen,2004,64.88
Yemen,2005,65.36
Yemen,2006,65.8
Yemen,2007,66.23
Yemen,2008,66.61
Yemen,2009,66.91
Yemen,2010,67.22
Yemen,2011,67.41
Yemen,2012,67.57
Yemen,2013,67.96
Yemen,2014,68.0
Yemen,2015,66.76
Yemen,2016,67.11
Yemen,2017,67.12
Yemen,2018,65.92
Yemen,2019,66.57
Yemen,2020,66.44
Yemen,2021,66.02
Yemen,2022,67.95
Yemen,2023,69.3
Zambia,1950,46.8
Zambia,1951,47.17
Zambia,1952,47.57
Zambia,1953,47.99
Zambia,1954,48.36
Zambia,1955,48.76
Zambia,1956,49.13
Zambia,1957,49.47
Zambia,1958,49.89
Zambia,1959,50.29
Zambia,1960,50.65
Zambia,1961,51.04
Zambia,1962,51.33
Zambia,1963,51.6
Zambia,1964,51.17
Zambia,1965,52.08
Zambia,1966,52.29
Zambia,1967,52.51
Zambia,1968,52.72
Zambia,1969,53.04
Zambia,1970,53.4
Zambia,1971,53.89
Zambia,1972,54.38
Zambia,1973,54.91
Zambia,1974,55.38
Zambia,1975,55.74
Zambia,1976,56.1
Zambia,1977,56.28
Zambia,1978,56.33
Zambia,1979,56.05
Zambia,1980,55.5
Zambia,1981,54.99
Zambia,1982,54.36
Zambia,1983,53.67
Zambia,1984,52.88
Zambia,1985,52.0
Zambia,1986,51.15
Zambia,1987,50.42
Zambia,1988,49.67
Zambia,1989,48.88
Zambia,1990,48.2
Zambia,1991,47.44
Zambia,1992,46.97
Zambia,1993,46.68
Zambia,1994,46.34
Zambia,1995,46.05
Zambia,1996,45.76
Zambia,1997,45.74
Zambia,1998,45.71
Zambia,1999,45.92
Zambia,2000,46.58
Zambia,2001,47.41
Zambia,2002,48.46
Zambia,2003,49.62
Zambia,2004,50.54
Zambia,2005,51.61
Zambia,2006,52.69
Zambia,2007,53.73
Zambia,2008,54.84
Zambia,2009,55.89
Zambia,2010,56.9
Zambia,2011,57.84
Zambia,2012,58.7
Zambia,2013,59.45
Zambia,2014,60.11
Zambia,2015,60.73
Zambia,2016,61.13
Zambia,2017,61.56
Zambia,2018,62.14
Zambia,2019,62.91
Zambia,2020,63.36
Zambia,2021,62.36
Zambia,2022,65.28
Zambia,2023,66.35
Zimbabwe,1950,49.42
Zimbabwe,1951,49.84
Zimbabwe,1952,50.24
Zimbabwe,1953,50.63
Zimbabwe,1954,51.02
Zimbabwe,1955,51.41
Zimbabwe,1956,51.8
Zimbabwe,1957,52.2
Zimbabwe,1958,52.58
Zimbabwe,1959,53.02
Zimbabwe,1960,53.49
Zimbabwe,1961,53.97
Zimbabwe,1962,54.45
Zimbabwe,1963,54.94
Zimbabwe,1964,55.43
Zimbabwe,1965,55.91
Zimbabwe,1966,56.36
Zimbabwe,1967,56.77
Zimbabwe,1968,57.14
Zimbabwe,1969,57.48
Zimbabwe,1970,57.76
Zimbabwe,1971,58.0
Zimbabwe,1972,58.18
Zimbabwe,1973,58.09
Zimbabwe,1974,58.19
Zimbabwe,1975,58.25
Zimbabwe,1976,57.63
Zimbabwe,1977,57.0
Zimbabwe,1978,54.73
Zimbabwe,1979,54.92
Zimbabwe,1980,59.06
Zimbabwe,1981,59.45
Zimbabwe,1982,59.86
Zimbabwe,1983,59.99
Zimbabwe,1984,60.62
Zimbabwe,1985,60.9
Zimbabwe,1986,60.98
Zimbabwe,1987,60.72
Zimbabwe,1988,60.24
Zimbabwe,1989,59.45
Zimbabwe,1990,58.32
Zimbabwe,1991,57.04
Zimbabwe,1992,55.6
Zimbabwe,1993,53.98
Zimbabwe,1994,52.54
Zimbabwe,1995,51.14
Zimbabwe,1996,48.98
Zimbabwe,1997,48.54
Zimbabwe,1998,47.55
Zimbabwe,1999,46.38
Zimbabwe,2000,46.03
Zimbabwe,2001,44.52
Zimbabwe,2002,45.94
Zimbabwe,2003,45.37
Zimbabwe,2004,46.04
Zimbabwe,2005,46.57
Zimbabwe,2006,47.06
Zimbabwe,2007,47.58
Zimbabwe,2008,48.46
Zimbabwe,2009,49.75
Zimbabwe,2010,51.93
Zimbabwe,2011,53.91
Zimbabwe,2012,55.39
Zimbabwe,2013,56.84
Zimbabwe,2014,58.11
Zimbabwe,2015,58.99
Zimbabwe,2016,59.76
Zimbabwe,2017,60.26
Zimbabwe,2018,60.91
Zimbabwe,2019,61.06
Zimbabwe,2020,61.53
Zimbabwe,2021,60.13
Zimbabwe,2022,62.36
Zimbabwe,2023,62.77
